TCGA.2V.A95S.01,0.31820545,0.5562676,0.66568524,0.3765245,1.2016908,0.5328541,1.2907678,1.8663024,1.5186211,1.082963
TCGA.2Y.A9GS.01,0.8582318,0.5545884,1.5256443,0.96430564,1.4270316,1.4108385,0.88293433,1.2102274,0.7973111,0.53552645
TCGA.2Y.A9GT.01,1.3248767,0.51942486,1.20847,0.9503648,1.245241,1.2872524,0.74078256,0.77157885,1.4655354,0.6775634
TCGA.2Y.A9GU.01,1.4287871,1.2243378,0.37640247,0.9479422,0.6567351,1.1164879,0.1292285,1.7238749,0.91461027,1.4065623
TCGA.2Y.A9GV.01,1.4789885,0.5729373,0.88542837,0.91262245,1.0324701,1.4279099,1.0161349,0.95594096,1.236097,0.82902485
TCGA.2Y.A9GW.01,0.38427997,0.9887303,1.3954456,1.23279,1.2304666,1.1581655,0.791349,1.5127585,0.7369672,0.7602198
TCGA.2Y.A9GX.01,0.3928187,1.047224,1.5139757,0.74908763,1.4143897,1.1948076,0.7985192,1.0164934,1.1570821,0.5243487
TCGA.2Y.A9GY.01,0.94253665,0.6268904,1.7954406,1.3865762,1.5805041,0.48150244,0.9637234,1.2595943,0.14804085,0.870003
TCGA.2Y.A9GZ.01,1.69038,0.5438124,0.5143944,1.3141179,0.90163547,0.7845431,0.61541325,0.8948573,1.4813393,0.8324762
TCGA.2Y.A9H0.01,1.3644437,0.7327852,1.0416111,1.0457915,1.2318437,1.4650412,0.66009676,0.635528,0.61459875,1.2634364
TCGA.2Y.A9H1.01,0.3747166,0.7741016,0.6204008,1.8079995,1.2689108,0.29703104,1.6308798,0.9834897,1.2317419,0.34003964
TCGA.2Y.A9H2.01,0.5567252,0.88946056,1.2421184,0.25849125,0.86086386,0.5035041,2.1937208,2.1258202,0.73974234,0.22816475
TCGA.2Y.A9H3.01,1.0323621,1.568728,0.387046,1.1951979,0.9132633,1.1819175,0.8270952,1.4564079,0.53996885,0.8550942
TCGA.2Y.A9H4.01,1.8514936,0.6782696,0.7786425,1.0047135,0.68810755,1.4821975,0.4333598,1.1813062,0.9311637,1.1575215
TCGA.2Y.A9H5.01,0.3947313,1.110657,1.4288663,0.9163187,0.70288044,1.0811261,1.0150028,1.6240345,1.2683887,0.75434184
TCGA.2Y.A9H6.01,0.5940226,1.3587755,0.39224356,0.6121538,1.0344412,0.8328203,0.6731237,1.4785254,1.4154396,1.2012304
TCGA.2Y.A9H7.01,1.846427,0.9318709,0.5308868,0.99650145,0.25642434,0.5910866,1.1301788,1.2002338,0.9233853,1.6593661
TCGA.2Y.A9H8.01,1.4636656,0.7248989,1.3530275,1.3777891,0.8378168,0.9538552,0.92178,0.8914261,0.99298215,0.9064167
TCGA.2Y.A9H9.01,1.4477232,0.9063036,0.35298467,1.1708728,1.4237213,0.91479033,0.4695314,0.97125596,1.1047814,0.83466333
TCGA.2Y.A9HA.01,1.5762775,0.9805427,1.2540389,1.301054,1.1871026,1.0014567,0.77083623,0.5728411,0.53264064,1.0343891
TCGA.2Y.A9HB.01,1.3259383,1.1309947,0.65642315,0.69129205,1.3466787,0.84748757,0.7859736,0.9437788,1.3777947,0.83654106
TCGA.3K.AAZ8.01,1.0317371,1.0417539,0.36502838,1.7089062,1.0523676,0.5729759,0.48445663,1.0153557,1.1890361,0.765307
TCGA.4R.AA8I.01,1.3777571,0.72410756,0.75496376,1.3316714,1.3612684,1.5196959,0.50421804,0.82391995,0.9931296,0.5501023
TCGA.5C.A9VG.01,0.2248148,1.2503716,1.3115362,1.1713777,1.1724403,1.4897788,0.59335476,1.2491158,0.53845453,1.1257377
TCGA.5C.A9VH.01,0.8880552,0.8544654,1.3448436,0.6418669,0.82864773,1.358616,1.0272567,1.6829265,1.0290091,0.81861514
TCGA.5C.AAPD.01,0.16621234,1.1873384,0.38893014,1.0169883,1.2267398,1.330583,0.7261914,1.1234332,0.7193847,1.7813493
TCGA.5R.AA1C.01,1.4959354,1.3169197,0.08659919,1.6495723,1.5165726,0.9209209,0.41951635,0.69174814,0.9193588,0.051965374
TCGA.5R.AA1D.01,0.2828422,1.4199508,0.83755076,1.030836,1.1135608,1.3070081,0.9301779,1.300997,1.0281783,0.7373011
TCGA.5R.AAAM.01,1.0414413,1.0649734,0.91311127,1.2415493,1.2222111,1.4053862,0.975714,0.7724392,0.95047307,0.6006105
TCGA.BC.4072.01,0.34306288,0.09629807,1.5266339,1.059013,1.3057013,1.3230816,1.7118651,0.9932237,0.9534173,0.64910877
TCGA.BC.4073.01,0.9581562,0.6030003,1.1045363,0.7047793,1.6532497,1.2958331,1.104117,1.1855103,0.32111356,1.0037819
TCGA.BC.A10Q.11,1.0322737,0.82835406,1.0600874,0.26318088,0.8528255,1.1300349,0.7859463,0.44667536,2.333972,1.1696482
TCGA.BC.A10Q.01,0.9193082,0.7055447,1.5441496,0.070968576,0.81483746,0.7596108,2.406102,1.7948778,0.4953278,0.24541019
TCGA.BC.A10R.11,0.9442943,1.1822748,0.8787893,0.25371966,1.0135807,0.9618402,0.5807647,0.59512573,2.2505727,1.1203536
TCGA.BC.A10R.01,0.8607933,1.2641594,0.7585476,0.7713635,0.40112287,1.6573234,1.2453102,1.3574065,1.3154931,0.4999011
TCGA.BC.A10S.01,1.3077073,0.5511189,0.72761315,1.1648247,0.96420723,1.6360899,0.88098574,1.3762625,0.9895707,0.709451
TCGA.BC.A10T.11,0.69783044,0.95505136,0.976129,0.4952844,0.69512504,1.3203523,0.81161183,0.3142803,2.370154,1.1933025
TCGA.BC.A10T.01,1.423332,1.6976984,1.3303876,0.49240038,0.8482136,1.6746731,0.304065,0.94843954,1.0564849,0.2646987
TCGA.BC.A10U.11,0.8364549,0.87749064,1.0382727,0.39213115,0.78889996,1.2263644,0.89096844,0.443905,2.2817478,1.1181196
TCGA.BC.A10U.01,1.1364697,0.6992102,0.18420802,0.7727457,1.0943782,1.4039391,1.2031738,1.1407291,0.91855055,1.3276193
TCGA.BC.A10W.11,0.90053916,1.0089891,1.0840349,0.50016797,1.1029347,0.85585034,1.0292292,0.43528318,1.8314352,1.1727134
TCGA.BC.A10W.01,0.6089242,0.6317756,0.417605,1.3171744,1.4655606,1.5074668,1.060088,0.8345697,1.1931938,0.6552098
TCGA.BC.A10X.11,0.8119949,0.97622967,1.020142,0.7403301,0.9215571,1.5551136,0.7687834,0.49012807,1.8675859,0.8776808
TCGA.BC.A10X.01,0.513192,1.1221453,1.0498403,0.8045947,1.0984294,1.5249817,0.97527295,0.6315659,1.5316067,0.78788954
TCGA.BC.A10Y.11,0.37011987,1.0360264,1.2090644,0.5381416,0.8602635,1.4115056,0.74167997,0.53324866,2.219579,1.0101677
TCGA.BC.A10Y.01,1.6252077,0.8599337,0.76058424,1.2179921,0.6761055,1.8274685,0.3307147,1.1612457,0.5100509,1.1779879
TCGA.BC.A10Z.11,0.31198415,0.96863925,1.0356491,0.562573,0.9745631,1.5846146,0.7170572,0.6441779,2.0823524,0.920627
TCGA.BC.A10Z.01,1.7578716,0.44667545,0.908896,0.7333322,1.0810909,1.3586639,1.2913649,0.43975553,0.9322452,1.275953
TCGA.BC.A110.11,0.94063216,0.8067484,1.0575995,0.37561488,0.7620832,1.3350346,0.8103582,0.3540131,2.365487,1.1147822
TCGA.BC.A110.01,0.39274487,1.1983974,1.2533956,0.741075,0.8871632,1.8038132,1.1857051,0.5003666,1.3580583,0.4987947
TCGA.BC.A112.01,0.42081007,0.8708196,1.9224548,0.10208813,0.8381635,0.9380775,1.1423206,2.0314188,1.2927957,0.38155714
TCGA.BC.A216.11,0.5797375,1.1799006,0.8078361,0.8727314,0.91190314,1.4069808,1.0225759,0.21794283,1.9986528,0.779791
TCGA.BC.A216.01,0.88219875,0.44612718,0.97812366,1.037202,0.44155303,2.0849829,0.7889323,0.9551582,1.0541425,1.6674472
TCGA.BC.A217.01,1.1661701,0.1930575,0.43697363,0.9126072,0.998125,1.4640356,0.30694127,1.2111186,0.7830377,2.0923133
TCGA.BC.A3KF.01,1.6784403,0.85543996,1.3284298,0.95094675,0.5944206,0.48262468,0.30261067,1.3307415,1.5938718,0.8626438
TCGA.BC.A3KG.01,1.0997558,1.1903582,1.009714,1.192836,0.58401185,1.3259883,0.48415154,1.0197687,0.6169957,1.65494
TCGA.BC.A5W4.01,2.2774558,0.5854678,0.6772172,0.4216848,0.5237645,1.0948292,1.0235692,0.83322865,0.54348725,2.091994
TCGA.BC.A69H.01,0.6640854,0.2219946,1.7352371,1.4287636,1.1565856,0.3692857,1.6776955,1.230457,0.06954415,1.197012
TCGA.BC.A69I.01,0.64274675,1.5453616,0.8850041,1.5053846,1.053795,0.96982133,0.6924966,0.31778345,0.8451883,1.1364341
TCGA.BC.A8YO.01,1.65144,0.059309274,0.90207237,0.982094,0.86906505,1.2984508,0.76010334,1.2883799,0.7347193,1.5127679
TCGA.BD.A2L6.11,0.67531526,1.441378,1.667949,0.7142838,0.84252447,0.970632,0.6405376,0.9601635,1.281804,1.1356293
TCGA.BD.A2L6.01,1.6508635,0.8215849,1.3544037,1.0248607,0.31578654,1.4879272,0.77861357,1.133263,1.305557,0.82222575
TCGA.BD.A3EP.11,0.97057605,1.3017493,1.2470345,0.4336283,0.97273046,0.69963044,0.5164022,0.70504004,1.9330349,1.2441225
TCGA.BD.A3EP.01,0.898477,1.4307742,1.2589402,1.1653368,1.1066447,1.579707,0.7262914,0.7100659,0.5433225,0.8271355
TCGA.BD.A3ER.01,1.0576034,1.542065,0.985815,0.71915436,1.1878753,0.99212444,0.8649879,1.0362022,1.0961702,0.5716156
TCGA.BW.A5NO.01,1.2167802,0.3423689,0.40528655,1.0809414,1.7320272,0.9142482,1.1860427,0.92063165,0.18575887,1.6290554
TCGA.BW.A5NP.01,0.86515856,0.49109808,1.1634636,1.7238358,0.026801242,0.9615201,1.569047,0.78589034,0.7085661,1.6225559
TCGA.BW.A5NQ.01,1.2713529,0.79472643,0.9374034,0.67370915,1.2652825,1.1483828,1.3679576,0.6701576,0.083751895,1.9650191
TCGA.CC.5258.01,0.7012529,0.16854757,1.5766872,1.7478182,0.6184999,1.0681274,1.1001631,0.7835274,0.4231909,1.5618494
TCGA.CC.5259.01,1.2857697,0.95865375,0.8365091,1.0221813,0.7498585,0.59967005,1.4874247,1.2914383,0.77578443,1.2207035
TCGA.CC.5260.01,0.6278436,1.0014284,1.1800438,0.29049003,0.7970736,1.2000035,2.0566103,1.9027505,0.67728806,0.1538728
TCGA.CC.5261.01,0.6660933,0.83688325,0.8705726,0.8157862,0.4988476,1.8397322,1.7235637,0.9983843,1.1246136,0.97068125
TCGA.CC.5262.01,0.9790391,1.1622013,0.99525344,0.82399243,1.0162532,1.7017858,1.3532271,0.8001006,0.92860824,0.32344335
TCGA.CC.5263.01,0.14858225,0.29199708,1.2015834,1.1388041,0.52004486,1.7390103,1.4671146,1.5600368,0.24016556,1.5441387
TCGA.CC.5264.01,0.74651253,0.831283,0.7836556,1.0026042,1.0457885,1.6102599,0.69910306,1.4856738,0.29611605,1.6732348
TCGA.CC.A123.01,0.012041338,0.4266853,1.3203348,1.6834239,0.7241257,1.1810335,1.3587502,1.1551802,0.79211885,1.3338435
TCGA.CC.A1HT.01,0.63053036,0.99042356,1.4418933,0.8730229,1.0127647,1.4748112,1.9945561,0.9215877,0.4984221,0.0039183926
TCGA.CC.A3M9.01,0.61619467,1.612625,1.1219836,0.10765982,1.3916799,1.4311818,1.6074051,0.8787881,0.00045352287,0.96253866
TCGA.CC.A3MA.01,0.8450355,1.4475123,0.98705655,0.6203924,0.15171333,1.320208,1.7309382,2.0921738,0.5193268,0.048542548
TCGA.CC.A3MB.01,1.2869568,0.8765457,1.6837114,0.88372993,1.0811768,0.61020887,0.98130137,0.901697,1.1989164,1.006945
TCGA.CC.A3MC.01,0.545693,0.70863456,1.266906,0.8384543,1.4556965,1.0320383,1.405832,0.9187244,1.153273,0.7282657
TCGA.CC.A5UC.01,1.2657424,1.2543515,1.2253512,0.5298341,1.0035329,1.1209277,1.5408176,0.5581579,0.5586324,1.4198567
TCGA.CC.A5UD.01,0.24043411,1.1653881,0.8990178,1.9289165,0.55921537,0.3940463,1.7607611,1.1071967,0.20093289,1.0952082
TCGA.CC.A5UE.01,1.5398779,0.10427645,0.5643025,0.88986677,1.2560817,0.55708945,1.9255903,0.5650399,0.57348025,1.6559185
TCGA.CC.A7IE.01,1.0370464,0.88821906,1.4123256,0.93676716,0.9317222,0.9587378,1.0782102,1.2062991,0.74540687,1.3543931
TCGA.CC.A7IF.01,0.5313801,0.89965117,1.2602154,1.6104463,0.82824385,0.9901131,0.8045362,1.4520634,1.1802678,0.759444
TCGA.CC.A7IG.01,0.2003758,0.66314584,1.7696565,1.2531838,0.70388436,0.88660085,1.0520321,1.7364519,0.7834879,0.7919471
TCGA.CC.A7IH.01,0.8130395,2.021391,0.56336546,1.6203694,0.8270453,0.79099745,0.107705444,0.7948672,1.2375914,0.60645044
TCGA.CC.A7II.01,0.20449424,0.94801164,1.3369427,0.7832986,0.58221936,1.5912694,1.023808,1.417167,0.060805846,2.073436
TCGA.CC.A7IJ.01,0.6746524,1.3228697,1.160197,0.9776962,1.3608942,1.359934,1.663164,0.65735227,0.013459916,0.6982381
TCGA.CC.A7IK.01,0.9157428,1.3163562,1.1580883,1.710106,0.8236342,1.1319873,0.71611047,0.35421008,0.38685536,1.281212
TCGA.CC.A7IL.01,1.790177,0.36812136,0.9883954,1.458618,0.97561073,0.88993466,1.0201286,0.58786494,1.1057246,0.695741
TCGA.CC.A8HS.01,0.82878953,0.17547521,1.9478148,1.4171557,0.00017847882,1.265592,1.2065841,1.2162179,1.2860429,0.69848996
TCGA.CC.A8HT.01,1.2307129,0.82283485,1.0780076,1.0174115,1.1137288,1.0368761,1.0374199,1.0377324,0.35819048,1.624202
TCGA.CC.A8HU.01,0.4370574,0.79180837,1.752185,1.6823614,0.65527225,1.1301501,0.6223717,1.3917549,0.5380579,1.18672
TCGA.CC.A8HV.01,1.0494512,0.4468951,1.651711,0.3883936,0.5886798,1.1130447,1.6905404,1.66944,0.8154607,0.9127556
TCGA.CC.A9FS.01,1.2334944,0.7444481,1.5800898,1.5828663,0.8380267,0.54780984,1.3147035,0.48855352,1.1398503,0.79132336
TCGA.CC.A9FU.01,1.1558654,0.38328326,1.2841356,1.241742,0.33936763,1.1484091,1.1701155,1.0212423,0.49813598,1.6709108
TCGA.CC.A9FV.01,0.57236475,1.8814561,1.4195896,0.59598535,0.9687958,2.1406875,0.8835846,0.27169728,0.7654652,0.004753967
TCGA.CC.A9FW.01,2.0280674,0.5795407,0.38502556,0.7466739,1.3204359,0.24771953,0.657728,1.3492918,0.31634358,1.7926949
TCGA.DD.A113.11,0.8505331,0.9452375,0.8861728,0.6475734,0.92530686,1.2865494,0.97968864,0.18604219,2.1281128,0.9434385
TCGA.DD.A113.01,1.1389526,1.3864492,0.4658906,1.0934114,0.7056164,1.2728775,0.6419192,1.4568166,0.71523356,1.2560877
TCGA.DD.A114.11,0.35042563,0.9843415,0.9951601,0.35510775,0.95278794,1.4544201,0.90046304,0.6092801,2.2863402,0.88714236
TCGA.DD.A114.01,0.06890098,1.1900182,0.5374363,0.7252166,0.8970864,1.829753,1.2847843,1.1252512,1.335051,0.7356686
TCGA.DD.A115.01,0.8970099,0.6567217,1.298481,1.0566611,1.3399799,1.7055702,0.7565626,0.26989755,1.2470703,0.76339555
TCGA.DD.A116.11,1.1442194,1.4604703,1.0055724,0.43155724,0.9285938,0.474173,0.5666256,0.842043,1.8244087,1.1336274
TCGA.DD.A116.01,0.36779472,0.991363,1.3070122,1.3686678,1.2207198,1.6008533,0.74270475,0.039098606,1.3507905,0.8247007
TCGA.DD.A118.11,0.75295603,1.1634392,0.53155243,0.7367691,0.76653725,1.1818451,1.0091826,0.25736707,2.2314537,1.0956057
TCGA.DD.A118.01,0.60692614,1.676048,0.030479448,1.0814128,0.22350459,1.2759988,1.4552407,1.485786,1.0133486,1.0460937
TCGA.DD.A119.11,1.0620811,1.2993894,0.7516176,0.33909577,1.0615486,0.90890443,0.74878955,0.4467891,2.011341,1.1187769
TCGA.DD.A119.01,0.75756454,0.96888655,1.2909453,1.0132638,1.1588806,1.3351558,1.4253255,0.7146599,1.059728,0.640584
TCGA.DD.A11A.11,0.72604465,0.9735496,0.95006377,0.41270524,0.8428492,1.3573339,0.96705484,0.6203361,2.0852382,1.1141459
TCGA.DD.A11A.01,1.4853894,0.66332096,0.3641037,1.0589007,0.72708535,1.4697636,0.9236527,1.2447946,1.0731301,0.9986642
TCGA.DD.A11B.11,0.3608423,1.1291164,1.3975307,0.73599297,0.9679117,1.3780892,0.6334655,0.37549502,2.0929163,0.71530575
TCGA.DD.A11B.01,1.5569738,1.6800631,0.40527114,1.292798,0.5838886,0.79814225,0.83323973,0.7183747,1.481854,0.47964117
TCGA.DD.A11C.11,1.064978,1.128916,0.76665854,0.4158051,0.8164177,1.1405964,0.74910784,0.4838641,2.202682,1.1341311
TCGA.DD.A11C.01,1.5981189,0.65764433,0.5336594,0.9606054,0.5516724,1.6156371,0.8725964,0.9755137,1.2413948,1.152865
TCGA.DD.A11D.11,0.93248606,0.693525,0.9939743,0.34822387,0.97387415,1.2833377,1.0178956,0.31298387,2.3070183,0.99055064
TCGA.DD.A11D.01,1.2199943,0.95011985,0.13742273,0.6503496,0.34771553,1.7120749,1.2744833,1.1242168,1.463575,1.0589395
TCGA.DD.A1EA.01,1.4381249,0.14226647,0.0025938035,1.1975493,1.4033502,1.4419869,0.46539816,0.5749918,1.3510565,1.1058892
TCGA.DD.A1EB.11,0.8609925,0.8892553,0.95952135,0.49960542,0.8357175,1.2731459,0.87935954,0.41512507,2.240559,1.0666546
TCGA.DD.A1EB.01,1.0521555,1.0050333,0.97968054,0.995244,1.0561807,1.8658262,0.59591335,0.06901977,1.567488,0.5633083
TCGA.DD.A1EC.11,0.58474207,0.9494496,1.2315112,0.71465445,1.0466411,1.566084,0.5478138,0.38873658,1.9224342,0.98267776
TCGA.DD.A1EC.01,1.0635401,0.6451869,0.104417406,0.61872137,1.044409,1.5457499,1.6355513,1.2877088,1.0384659,0.7335151
TCGA.DD.A1ED.01,0.7452105,1.135492,0.5482422,0.84137046,1.0609277,1.8374405,0.93990874,0.32609686,1.5321362,0.82294935
TCGA.DD.A1EE.11,0.4954866,1.1231729,0.5986511,0.6100602,0.82424325,1.1920621,1.1605167,0.4566304,2.1642914,1.0443971
TCGA.DD.A1EE.01,1.1745592,0.9863009,0.46698335,1.4185835,1.160885,1.3121225,0.6350524,0.87304145,0.92419624,0.7680176
TCGA.DD.A1EF.01,0.9390138,0.17334163,1.2417428,1.4820687,0.3722345,1.4070126,1.1877484,0.9414953,0.8555805,1.4595572
TCGA.DD.A1EG.11,0.88955265,1.4224046,1.4260106,0.55277145,0.9619234,0.6574569,0.24801368,0.87881976,2.0208182,0.9676685
TCGA.DD.A1EG.01,0.5506485,0.8397973,1.6439133,1.1761435,1.3476317,1.3379937,0.80806714,0.8193312,0.8992932,0.8066855
TCGA.DD.A1EH.11,0.6435365,0.95854086,1.0660559,0.53452694,0.88092524,1.1073016,0.83665895,0.3815205,2.3430004,1.107476
TCGA.DD.A1EH.01,1.0312707,0.64401597,0.72346705,0.7898875,0.04869927,1.6197237,2.0553513,1.1173121,0.9172819,1.1126587
TCGA.DD.A1EI.11,0.8968477,1.108625,0.7706564,0.68580484,0.6817227,1.4205695,1.01498,0.5780842,1.9199077,1.0813473
TCGA.DD.A1EI.01,0.61055577,1.065191,1.81071,0.9799812,0.91699964,1.156604,1.2095501,1.1330005,0.9465112,0.6000336
TCGA.DD.A1EJ.11,0.42842326,0.9877051,1.0029756,0.9537597,0.99712676,1.5688413,0.9016684,0.37693566,1.8419491,0.7765656
TCGA.DD.A1EJ.01,1.2840213,0.04245997,1.1345557,0.6884942,1.0312468,1.2664695,0.9656626,1.1768291,0.9214383,1.7085383
TCGA.DD.A1EK.01,1.7701471,0.9258505,0.7610299,0.9076927,0.98150855,1.1020718,0.35338077,1.1583349,1.0909818,1.2330095
TCGA.DD.A1EL.11,0.6560124,1.1789361,0.9810687,0.8563072,0.89973444,1.4794983,0.9792615,0.2759517,1.8785229,0.69578147
TCGA.DD.A1EL.01,0.62296313,0.41560003,1.0089782,1.6116178,1.0634563,1.3196341,1.525646,0.32010567,0.7121446,1.2219797
TCGA.DD.A39V.11,1.1442957,1.3136715,0.9055825,0.19718476,0.98418516,0.8744483,0.4917664,0.82953244,2.0511582,1.097513
TCGA.DD.A39V.01,0.806759,1.0457692,0.41661733,1.3893241,1.6737224,1.5782166,0.6993573,0.32959294,0.57057965,1.0379499
TCGA.DD.A39W.11,1.3948083,1.1979738,1.2981808,0.21447851,0.9454911,0.8468845,0.3070009,0.7923157,1.966473,1.1991422
TCGA.DD.A39W.01,1.4433266,0.7190117,0.9307053,0.92255235,0.664228,1.7526594,0.7109403,0.78854823,1.181627,1.4053856
TCGA.DD.A39X.11,0.8608602,1.1296178,1.3815582,0.2686328,1.0733815,0.64253014,0.2816998,0.5521566,2.3806012,1.2056967
TCGA.DD.A39X.01,0.6969626,1.3493818,0.97086245,1.0133622,0.77749914,0.9459569,1.1625129,0.90334815,1.4011033,0.8739462
TCGA.DD.A39Y.01,1.0280472,0.5929208,1.4002181,0.8237408,1.1456525,0.95869565,0.987329,1.2504005,0.81367844,1.327667
TCGA.DD.A39Z.11,0.8121193,1.1625077,1.5718976,0.7180145,0.8283682,0.56934166,0.4641612,0.73656476,1.950526,1.1192482
TCGA.DD.A39Z.01,1.6294276,0.84543943,0.26862252,0.79923016,0.7207414,1.1405035,1.0205759,1.2739537,1.2972106,1.0752538
TCGA.DD.A3A1.11,0.8368245,1.110417,1.1321288,0.21790737,1.259704,0.83802867,0.6069752,0.6445861,1.9333322,1.2834433
TCGA.DD.A3A1.01,1.8317267,1.0651587,0.69106245,0.3649751,1.523644,0.64870155,0.9052006,0.92790055,0.7716785,1.1567602
TCGA.DD.A3A2.11,1.2824217,1.2565287,1.3577331,0.16487122,0.8937031,0.8801108,0.3006884,0.72898054,1.9519337,1.2776651
TCGA.DD.A3A2.01,2.0521264,1.4490697,1.0963999,0.64157796,1.0926839,0.63955647,0.35322902,0.020166898,1.4820881,0.5319674
TCGA.DD.A3A3.11,0.5918864,0.8085734,1.2417864,0.38131648,0.8909512,1.3921067,0.6433313,0.75451124,2.2021558,1.1561716
TCGA.DD.A3A3.01,0.41057858,0.47750285,0.9524247,1.855216,1.8947166,0.20907693,1.3321708,1.3904073,0.436989,0.43600646
TCGA.DD.A3A4.01,1.1952327,0.33568686,0.48034358,1.2920903,1.4299442,0.8326573,0.88717204,1.2001456,1.504871,0.50261873
TCGA.DD.A3A5.01,1.0982124,0.59334123,1.6099443,1.3111974,1.3418958,0.9970858,0.30377853,0.6740709,1.5924859,0.49893486
TCGA.DD.A3A6.01,0.86521846,2.0350583,1.0460904,0.38977572,0.9067575,2.5033054,0.6906777,0.49535856,0.6913973,0.0008012754
TCGA.DD.A3A7.01,0.9993662,0.60136664,0.77497107,1.3563911,1.2739593,0.69210696,0.5960168,1.694373,0.69654816,1.2475188
TCGA.DD.A3A8.01,1.3844048,1.902131,0.67984945,1.8171655,0.79467416,0.54983085,0.60058683,0.21377379,0.8164314,0.702891
TCGA.DD.A3A9.01,0.6462174,1.2441335,0.84001285,0.7293066,0.94799644,0.5887643,1.7178091,1.7730417,0.48305354,1.0114923
TCGA.DD.A4NA.01,1.3244969,1.1165465,0.5070601,0.049151935,1.218082,0.87172115,1.4326917,1.434122,0.40684372,1.381259
TCGA.DD.A4NB.01,0.5772831,1.514535,1.3154387,0.6689236,1.1781799,1.000713,1.1909112,1.0886363,0.8288734,0.7356502
TCGA.DD.A4ND.01,0.5234645,1.5900762,1.320921,0.9369348,1.1088712,1.0671893,0.9910188,0.8655028,0.50250477,1.3469049
TCGA.DD.A4NE.01,1.3882643,0.53528094,1.1759992,0.92373854,1.0883052,0.803629,0.662999,0.93707407,1.231937,1.4143318
TCGA.DD.A4NF.01,1.3096557,1.779343,0.56759703,1.1912851,0.9663424,0.9206073,0.8210326,0.21137047,0.6387655,1.4476675
TCGA.DD.A4NG.01,1.6267463,0.8845064,0.7402976,0.8471075,1.3669403,1.0000968,1.3178611,1.0849625,0.14629793,0.82312053
TCGA.DD.A4NH.01,0.93389463,0.9603227,1.0190378,0.5297055,1.2821205,0.86174226,1.6488442,1.306298,0.2780115,1.4427171
TCGA.DD.A4NI.01,1.0057324,1.4551258,1.0790768,0.78375167,1.1735098,0.43700576,1.0531464,0.23400742,1.4557889,1.222011
TCGA.DD.A4NL.01,1.4139417,1.8860033,0.78235024,0.609909,0.95158166,1.0330445,1.1647655,0.6495429,0.6240362,1.2343763
TCGA.DD.A4NN.01,0.7304224,1.6362844,1.2406894,1.2385069,0.37582272,0.649204,1.2735438,0.9773099,0.27371806,1.6822884
TCGA.DD.A4NO.01,1.5824121,1.4260402,0.54746467,1.0134957,1.4090732,0.69561803,1.1642232,0.46593922,0.6960425,0.8489444
TCGA.DD.A4NP.01,0.58267546,1.6600342,0.9260076,1.2075752,1.5498477,0.32385775,0.68605655,0.059780315,1.2490227,1.0173024
TCGA.DD.A4NQ.01,1.3629259,0.675471,0.97403914,0.6822426,1.3144567,0.89827144,1.3800247,1.0987349,0.2820761,1.6417373
TCGA.DD.A4NR.01,1.2627324,0.6130871,0.6472201,0.5045565,1.6910325,1.1936666,0.9321568,1.084032,0.51571983,1.4794214
TCGA.DD.A4NS.01,0.472421,1.6047977,1.1616093,0.75711584,0.8459855,1.3375113,1.2530226,0.86035883,0.9432721,0.90310925
TCGA.DD.A4NV.01,1.1177648,1.4007926,1.4537324,1.0596292,1.1638039,0.7660747,0.9606248,0.17338182,1.130831,0.8073826
TCGA.DD.A73A.01,1.574526,1.2109725,0.9779024,0.73022956,0.992726,0.31061384,0.31184024,1.5523286,1.4125832,0.98739874
TCGA.DD.A73B.01,1.6135387,1.0382695,0.82538754,1.341276,0.61090505,0.5414415,0.61422384,1.1504937,1.3822598,0.74771345
TCGA.DD.A73C.01,1.9693767,1.6448157,0.7107127,0.5968419,0.64293003,1.7362777,0.19480802,1.0101825,1.086654,0.56737757
TCGA.DD.A73D.01,1.4291307,0.72124535,0.47179016,2.1600056,0.61474276,0.59065783,0.85845876,0.29130426,1.4622525,0.55382365
TCGA.DD.A73E.01,0.6691058,1.2738861,0.012017979,1.9292175,0.8447668,1.4764055,0.0016225975,0.7127194,0.8426509,1.2399662
TCGA.DD.A73F.01,1.8562981,1.0538573,1.0912874,0.7318015,1.6079706,0.95573056,0.4882306,0.36160532,0.8373057,1.01199
TCGA.DD.A73G.01,0.97839373,1.7075069,0.3218312,1.203303,0.74541354,1.0620521,0.73220795,1.6832895,0.65906066,0.98713356
TCGA.DD.AA3A.01,0.39985603,1.0685986,1.04304,0.0014933705,0.8889339,0.79745793,2.3418298,1.696866,0.5952992,0.6783048
TCGA.DD.AAC8.01,0.4492655,1.112661,0.6236489,2.1675217,1.5730149,0.5959435,0.8486225,0.6615488,0.25577885,0.959736
TCGA.DD.AAC9.01,0.8699592,1.5538439,0.31083843,0.67504936,1.3064271,0.9051024,0.9659226,1.3637916,1.2391034,0.3713625
TCGA.DD.AACA.01,0.5112274,0.77971727,0.9854311,1.664764,1.1418129,0.83653176,0.694772,0.93427265,1.2602402,1.0769387
TCGA.DD.AACA.02,1.1134405,0.4571405,0.4445494,1.1368185,1.1659098,0.3130052,1.2264947,0.9856503,1.2693018,1.4308085
TCGA.DD.AACB.01,0.9428733,0.8931904,1.4560653,1.3093454,1.4603226,0.7370813,0.79140985,0.40416595,0.32715097,1.637552
TCGA.DD.AACC.01,0.03434138,1.105482,1.1983321,0.9754168,1.2902563,0.4311352,1.2865477,0.6912031,1.517453,1.1954116
TCGA.DD.AACD.01,0.37256283,1.4704214,0.85624945,1.5800829,1.3422172,0.4435741,1.1999564,0.4595113,0.79387534,0.95117825
TCGA.DD.AACE.01,1.3358877,1.1246743,1.8666846,1.8380802,0.83423704,0.5977768,0.25537157,0.46866724,0.96515435,0.7413712
TCGA.DD.AACF.01,1.4885218,0.59413356,0.10257819,0.7353591,1.0808998,1.1355312,0.63692844,1.3171892,1.3051972,1.3343978
TCGA.DD.AACG.01,1.5922267,0.43045893,1.5676961,1.3704139,1.1564349,0.33695787,1.1464591,0.8206315,0.6742158,1.0125487
TCGA.DD.AACH.01,0.08989865,0.9124256,0.46663484,1.2279224,1.6258755,0.9406572,1.1886756,1.2427853,0.75803113,1.1404669
TCGA.DD.AACI.01,0.67221886,0.96614444,0.4048114,1.1450328,1.7648029,1.0298028,0.77597845,1.3047062,0.75218,0.61658925
TCGA.DD.AACJ.01,1.0047011,0.040466283,0.38091385,1.997217,2.0158882,0.044811696,0.950118,1.6425605,0.33400983,0.37217438
TCGA.DD.AACK.01,1.6809397,1.0081782,0.8422386,1.2409867,1.7468407,0.4193188,0.401871,1.0424256,0.6077624,0.6019864
TCGA.DD.AACL.01,1.3267796,0.94633514,0.9582265,0.73736525,1.2010916,0.721927,1.7076498,0.49560454,0.13948134,1.8279648
TCGA.DD.AACN.01,1.099027,1.0449835,1.5215579,1.3215549,0.7192638,1.1115369,1.3429307,0.710272,0.9291506,0.7953386
TCGA.DD.AACO.01,1.1382416,1.1062338,0.855485,1.3480799,0.869255,0.766993,0.46756765,1.6740861,0.99783814,0.9122124
TCGA.DD.AACP.01,0.5647831,1.0576284,0.4847003,1.0876312,0.82447207,0.47076815,1.2872385,1.2543981,0.27318412,2.219905
TCGA.DD.AACQ.01,1.775287,0.6979843,1.055084,1.3533478,0.71009964,1.0838894,0.71561503,1.0441906,0.6221506,1.1757708
TCGA.DD.AACS.01,1.6432968,0.6990961,1.1497908,0.93474346,1.2424505,0.6897262,0.64360505,0.74975085,1.1274214,1.0968095
TCGA.DD.AACT.01,1.1896327,1.2735641,0.574913,0.78893715,1.4006072,0.6352824,0.89441526,0.8771227,1.2419649,0.9867588
TCGA.DD.AACU.01,1.1652869,0.6561831,1.4219584,0.7905038,1.3115373,0.57755476,1.2106215,1.0272396,1.0516124,0.9460395
TCGA.DD.AACV.01,2.1138175,0.4740899,1.0497079,1.3633535,0.9709185,1.1198641,0.46113607,0.41951984,0.8151605,0.95528543
TCGA.DD.AACW.01,1.0964346,0.61471415,1.9171852,1.715443,0.50062454,0.18656152,1.0142068,0.47180295,1.2064246,1.0209109
TCGA.DD.AACX.01,1.3066272,0.123469554,0.609545,1.3014209,1.2907906,0.71053696,1.1516755,0.79366714,1.5539916,0.7062746
TCGA.DD.AACY.01,0.71406007,1.6011547,0.35105228,1.3879952,0.8958333,0.39052743,1.0175681,1.3400179,1.3460839,0.7042046
TCGA.DD.AACZ.01,1.4212397,0.9640053,0.950727,1.3310549,1.3118063,0.5403244,0.54123026,1.6164627,0.24461478,1.1057569
TCGA.DD.AAD0.01,0.9807114,0.9191089,0.46330592,2.2577941,1.1026094,0.17416327,0.5956895,0.554979,1.5691013,0.2712175
TCGA.DD.AAD1.01,0.53981405,1.8217238,1.0950714,1.3847549,0.7680946,1.1485641,1.2397987,1.0580704,0.45266587,0.82060564
TCGA.DD.AAD2.01,0.48187956,1.4128209,1.2963324,0.8933672,1.5427876,0.4020959,1.2546128,1.0179315,0.85254854,0.66023046
TCGA.DD.AAD3.01,0.93328005,0.91803527,1.458877,1.1818408,1.2577484,0.6375192,0.84583974,0.7632233,1.1959765,0.9409096
TCGA.DD.AAD5.01,0.37282574,0.9054572,0.7080121,0.86676615,1.5221261,0.48882917,1.6154557,1.6177511,0.40873176,1.1124225
TCGA.DD.AAD6.01,0.66964996,0.049316622,1.1555085,1.9656755,1.6125791,0.24625367,1.3691275,1.0630091,0.47132325,0.48464522
TCGA.DD.AAD8.01,1.605587,0.5117829,0.71583736,0.9181129,1.0912799,1.2995008,0.2510789,1.3597178,1.0429986,1.2134401
TCGA.DD.AADA.01,1.3623002,1.5326378,0.47648862,0.9434385,0.309749,0.7916498,0.9254857,1.6427013,0.84398526,1.2919805
TCGA.DD.AADB.01,1.127669,0.74287736,1.5301659,1.2090425,0.94817466,0.32582188,1.3028928,1.0921509,1.0244379,0.9683569
TCGA.DD.AADC.01,0.50869405,1.5230587,1.4586967,1.0950696,1.016202,0.9089327,1.2061967,1.0008224,0.54596114,1.1612961
TCGA.DD.AADD.01,1.3717734,0.5621655,1.8327769,1.4862041,1.2327945,0.37231544,0.93060887,0.08591333,0.8137654,1.1452224
TCGA.DD.AADF.01,1.8453547,0.7083207,0.6296894,1.2819842,1.2289733,0.44697535,0.41927445,1.0215547,1.1457989,0.79813796
TCGA.DD.AADG.01,1.575524,1.101206,1.3853166,1.5393355,1.4074532,0.8815525,0.44818783,0.036353733,1.0524065,0.4038062
TCGA.DD.AADI.01,0.7619228,1.2183342,1.4532353,0.84290284,0.81780493,0.952591,1.0549557,1.4043064,0.92539346,1.0091602
TCGA.DD.AADJ.01,2.187658,1.2206745,1.2991537,1.1205169,0.5146325,0.6754482,0.9326076,0.7866366,0.48446572,1.1475011
TCGA.DD.AADK.01,0.41558033,1.5722864,1.1347384,1.2967716,1.4614474,0.59512126,1.1642556,1.0759047,0.82529515,0.29472187
TCGA.DD.AADL.01,1.6136937,0.54131925,0.90783143,0.8453098,1.2820985,1.1440068,0.43710756,0.6013714,1.2014531,1.2525113
TCGA.DD.AADM.01,1.3267756,0.9216719,0.4986756,1.0243684,1.4206784,0.97474355,0.8818808,1.0311748,0.69679815,0.99897885
TCGA.DD.AADN.01,0.6777942,0.33308917,0.71117145,1.7268558,0.7921046,0.0049131135,1.3664399,1.6515791,0.5628182,1.4762782
TCGA.DD.AADO.01,1.1690824,1.1916608,0.5539127,1.696241,1.0023674,0.09325621,0.45561513,1.5494922,0.68434954,1.1097412
TCGA.DD.AADP.01,0.80116606,1.0749228,0.9603475,0.9238924,1.1055391,0.7423127,1.3185873,1.0550637,1.1872884,0.8475881
TCGA.DD.AADQ.01,1.4046979,1.2449753,0.0026257792,1.4686416,1.5995245,0.26766545,0.6020667,1.3582255,0.55268383,0.74697775
TCGA.DD.AADR.01,1.7528574,0.42160875,0.65637743,0.98805726,1.4489331,0.76173997,1.0135012,1.3852999,0.65553886,0.8725297
TCGA.DD.AADS.01,2.0164607,1.0489151,0.27093422,0.953089,1.0070331,0.15703747,0.90998644,1.013352,1.4869542,0.59800076
TCGA.DD.AADU.01,0.9444374,0.9007649,0.86523956,1.3708458,1.5654098,0.8503485,0.588243,0.6028229,0.92654926,0.88226044
TCGA.DD.AADV.01,1.4445897,0.80645955,1.3932005,0.8572564,1.3681191,0.8986589,0.764353,0.6280142,1.1374315,0.9639856
TCGA.DD.AADW.01,0.6284706,0.93560106,1.7469797,1.10563,0.7297346,0.8921509,1.2556363,1.4604238,0.6851266,0.8665542
TCGA.DD.AADY.01,0.99159986,1.056644,0.82734585,1.0262921,0.6434787,0.8491948,1.0347563,0.9951045,1.5798904,1.0952245
TCGA.DD.AAE0.01,0.6002853,0.7074964,1.2865051,1.1192935,0.5809745,1.274368,1.7612731,1.4015503,0.7169072,0.83601046
TCGA.DD.AAE1.01,1.7422111,0.29741114,1.2053313,1.6701137,0.42125145,0.35908854,1.2518731,0.84045166,0.4267273,1.3832196
TCGA.DD.AAE2.01,1.6032141,0.4630919,1.1479039,1.2283987,1.077026,0.8511082,0.3962732,1.0888563,1.6221457,0.47468922
TCGA.DD.AAE3.01,1.7061037,1.2909112,0.7262565,0.9406302,1.2070456,1.1346762,0.5486544,0.8245745,1.0510335,0.6287919
TCGA.DD.AAE4.01,1.3146586,0.83484215,1.252221,0.76614505,1.4004136,0.8942259,0.05038046,0.9031036,1.3931397,1.0609003
TCGA.DD.AAE6.01,1.2908337,0.001973708,1.507026,1.3987169,0.5250489,0.8251884,1.4429945,0.038746726,1.3825502,1.2973288
TCGA.DD.AAE7.01,0.92442125,1.6566101,0.71499175,0.5400564,0.95026577,0.56670576,0.6472613,1.3237833,1.5654448,1.0551617
TCGA.DD.AAE9.01,1.1302918,1.611497,0.95584357,1.9439958,1.2600846,0.7504714,0.35877526,0.14978044,0.33818635,0.9182496
TCGA.DD.AAEA.01,1.0950652,1.009756,0.9498689,1.3384233,0.8802411,0.48954636,1.0551176,0.9308354,1.4447961,0.8582525
TCGA.DD.AAEB.01,1.723231,1.5651567,0.6706105,1.6528375,0.9587715,0.9410532,0.26120612,0.5383607,0.9584671,0.38108024
TCGA.DD.AAED.01,1.0341725,0.75998133,0.5522947,1.1920568,0.631523,0.10377122,1.3515928,1.3824593,1.3229746,1.2901008
TCGA.DD.AAEE.01,0.91119844,1.1437463,1.5161853,1.5695356,1.6706951,0.2874491,0.6571738,0.16316003,1.1701949,0.52271223
TCGA.DD.AAEG.01,1.0973561,1.4036222,0.43660042,0.8999765,1.1863898,0.69073105,1.146666,0.8875739,1.3781364,0.8663667
TCGA.DD.AAEH.01,1.0791521,1.2687066,1.1019409,1.5348768,0.7085115,0.39384633,0.9017693,0.65088004,1.5297868,0.66444623
TCGA.DD.AAEI.01,1.6204331,0.70102125,1.2229239,1.1923097,1.204512,0.3655821,0.5732791,1.1442443,0.71690404,1.1688546
TCGA.DD.AAEK.01,0.5950228,1.2602048,1.6891184,1.8278092,1.4057256,0.32897767,1.0886996,0.21037108,1.034989,0.34482944
TCGA.DD.AAVP.01,0.5640465,1.6248528,0.62441814,1.4976661,1.1310582,0.8681766,0.24091382,0.30856377,1.2655125,1.1405835
TCGA.DD.AAVQ.01,1.1101135,1.1155951,0.99473834,1.0520148,0.6982392,1.1463602,1.331534,1.1549877,0.48684338,1.4179171
TCGA.DD.AAVR.01,0.49158347,1.2514511,0.96174663,1.1289734,0.9054489,1.1068251,1.0266302,1.3974633,1.3557326,0.5593089
TCGA.DD.AAVS.01,0.6397472,1.1500171,1.4776182,1.0337514,0.9264934,0.7952859,1.1131885,1.0448097,0.83392763,1.3436263
TCGA.DD.AAVU.01,1.0377603,0.16158973,0.4856022,1.8554333,1.2799709,0.31081086,0.66666305,1.7986007,0.93503743,0.7881172
TCGA.DD.AAVV.01,0.71905243,1.5490829,0.59674823,1.4928882,1.1255031,1.2247087,0.9891777,1.0050901,0.6122229,0.56626993
TCGA.DD.AAVW.01,0.63948345,1.1045809,1.3691462,0.88540965,0.96887594,0.60630107,0.8030346,1.3880309,1.364817,1.0887761
TCGA.DD.AAVX.01,0.9524681,0.8103788,1.2222247,1.7770492,1.6366745,0.22750863,1.0673417,0.71594405,0.90972614,0.15329075
TCGA.DD.AAVY.01,0.891226,1.3463931,0.7735268,2.0048912,0.7111887,0.10438846,0.9227837,0.21539433,1.5039698,0.7316595
TCGA.DD.AAVZ.01,0.90449,0.85140103,1.011296,1.3557923,0.76493466,0.48890772,1.190587,1.2421016,1.4020957,0.91736174
TCGA.DD.AAW0.01,0.3204837,1.4983836,0.79013383,0.9809585,1.0358242,0.69865465,1.1700643,1.0122962,1.3270557,1.0153426
TCGA.DD.AAW1.01,0.43168864,1.4781709,0.7939675,2.511695,1.0881513,0.0020402975,0.61785555,0.32231975,1.0192593,0.56821364
TCGA.DD.AAW2.01,0.65975815,1.5798448,0.8833858,2.0724688,0.5977193,0.44246283,1.0180454,0.19248,1.4117002,0.6160955
TCGA.DD.AAW3.01,0.93225193,1.2871629,1.4654471,1.8706871,0.7977962,0.31748754,0.80363786,0.31287214,1.3522947,0.6494535
TCGA.ED.A459.01,0.9015138,0.8174615,0.8906069,0.9713804,1.3073434,0.6564954,1.3101989,1.2150891,0.23248804,1.8175268
TCGA.ED.A4XI.01,1.0644778,1.2636665,1.0458807,0.16402583,0.92493075,1.0400102,1.6364162,1.0285785,0.76523733,1.2606406
TCGA.ED.A5KG.01,0.49432287,1.2486333,0.35043073,0.8018255,0.85557395,1.2977035,1.9314867,1.0306164,0.56323296,1.5209459
TCGA.ED.A627.01,0.3802724,1.4429224,1.2231894,0.72394955,1.1230857,1.0940787,1.4678192,0.98411965,0.8328064,0.8373594
TCGA.ED.A66X.01,0.07767489,1.2382252,1.6307899,0.7274067,1.2814078,0.5081442,1.2814226,1.4632434,0.55185115,1.1867406
TCGA.ED.A66Y.01,0.23470156,1.1861469,1.2603176,1.4767799,0.0005205642,0.20907749,1.8353189,1.3167754,0.524894,1.4434049
TCGA.ED.A7PX.01,0.69431466,1.4497874,0.87597203,0.47743538,0.9677155,1.0535291,1.215165,1.7350838,0.56492746,1.0601965
TCGA.ED.A7PY.01,1.3091984,1.1824636,1.3017658,1.0395842,0.46616068,0.67190146,0.797196,1.0279077,1.4088484,1.1176096
TCGA.ED.A7PZ.01,1.2443173,0.6827723,1.0454521,0.9121942,1.0871457,1.2934365,0.72198373,1.1549047,0.6122537,1.5490377
TCGA.ED.A7XO.01,1.1734037,0.9296147,1.2696527,0.5373089,1.0472866,1.419866,1.0547221,0.39343178,1.6236811,0.9523806
TCGA.ED.A7XP.01,0.8594821,1.4190145,0.9201863,0.8425445,1.6947625,0.7647889,0.91215503,0.8353346,0.553015,1.1633778
TCGA.ED.A82E.01,0.52967525,1.7404323,0.5898675,0.0003333142,0.9024466,1.090121,2.0128927,1.4497758,0.34879354,0.77572984
TCGA.ED.A8O5.01,1.2718793,0.9990898,1.4446795,0.5781192,0.47478873,1.4773766,0.773686,1.2038232,0.99424046,1.3671229
TCGA.ED.A8O6.01,1.1898718,0.41393557,1.0530405,1.3405024,0.29137117,1.0847554,1.6307898,1.0607706,0.87586594,1.3662633
TCGA.ED.A97K.01,0.11632648,0.5653706,1.343018,0.29771954,1.11009,1.1011772,1.9199635,1.6630377,1.2580045,0.41386548
TCGA.EP.A12J.11,0.37211037,1.0093663,1.0532576,0.34123492,0.8536582,1.5047638,0.82068247,0.651649,2.2979026,0.8733868
TCGA.EP.A12J.01,0.6966469,0.9103605,0.0021986826,1.6224808,0.78477186,1.5459266,0.9992375,0.21280791,1.7907199,0.6157518
TCGA.EP.A26S.11,0.90007645,1.055728,0.77594984,0.6173746,0.6762613,1.3180139,0.9988633,0.56143206,2.042266,1.1166555
TCGA.EP.A26S.01,0.8200648,1.4563044,0.22510849,1.6169382,0.82061744,1.8372985,0.55783063,0.0052678683,1.1591861,0.6498802
TCGA.EP.A2KA.01,0.51536804,0.42070955,0.8890243,0.7943941,2.048775,0.55697376,0.6298076,1.7845868,1.0686305,0.45574158
TCGA.EP.A2KB.01,1.651946,0.8446116,1.3526151,1.2489457,0.74682665,0.4709409,0.7776955,1.1038743,1.3367915,0.6636474
TCGA.EP.A2KC.01,0.6354973,0.85944986,1.5053821,1.7308779,1.3386719,1.1611507,0.83516085,0.51026005,0.894441,0.49634963
TCGA.EP.A3JL.01,0.47855338,1.3048034,1.6454613,1.4450922,1.2760539,1.0500351,0.59522766,0.7860053,0.8800865,0.6739984
TCGA.EP.A3RK.01,0.9493464,1.1782448,0.7802597,1.0700607,1.845162,1.1111631,0.55578494,0.6518927,0.2543684,1.3431758
TCGA.ES.A2HS.01,1.3676704,1.8986533,0.8333354,1.1136011,0.55876404,0.60644436,0.25568673,1.4603393,1.4010581,0.4975427
TCGA.ES.A2HT.11,0.5662587,1.1631767,0.86473465,0.5550544,0.9427807,1.3073331,0.9576398,1.0936147,1.8693649,0.716401
TCGA.ES.A2HT.01,1.0309268,1.2611804,0.8083284,0.4037061,1.4036523,0.86853504,0.9382266,1.0916512,1.4702321,0.50330645
TCGA.FV.A23B.11,0.55060065,1.3813814,0.84544355,0.746272,0.8052817,1.6327239,1.0898902,0.4547385,1.623545,0.8918844
TCGA.FV.A23B.01,1.0325938,0.2838375,0.91492695,1.5230088,1.1619769,1.2587836,1.2667971,0.54145205,0.8350543,1.1064178
TCGA.FV.A2QQ.01,1.4657869,1.3789349,0.7541567,0.9427874,1.1490151,1.0987545,0.85106915,0.9896077,0.6692316,1.0027928
TCGA.FV.A2QR.11,0.33838508,1.3032272,1.1720704,0.6330393,1.3075128,1.0416923,0.796945,0.84177494,1.7807525,0.78858423
TCGA.FV.A2QR.01,1.0506845,0.983159,1.3376102,1.2170151,1.250855,1.3570583,0.08635063,1.349548,0.7796037,0.76622415
TCGA.FV.A3I0.01,0.09332984,1.1289277,1.499947,0.026061852,0.73845303,0.34713,2.3878434,1.9330051,1.0053089,0.13441478
TCGA.FV.A3I1.01,0.6540232,0.87077254,1.757626,1.0001559,1.5763514,0.61412543,0.8715697,1.1659049,1.0014831,0.5074835
TCGA.FV.A495.01,0.7426057,1.268783,1.6333377,0.68063164,1.1970056,0.97391987,1.3448095,0.8596275,0.6762847,0.91222733
TCGA.FV.A496.01,1.2889313,0.8917791,0.41617444,1.3356984,0.9140859,0.6013691,1.0149913,1.5223196,0.81351006,1.0671817
TCGA.FV.A4ZP.01,1.3792582,0.81058896,1.2896131,0.2145421,1.3890764,0.007373604,1.0607412,1.5499861,0.041777037,1.9099294
TCGA.FV.A4ZQ.01,0.87639713,0.9840439,0.5514555,1.1594126,0.8731571,0.3786159,1.8309363,0.40228695,0.6341589,2.0031424
TCGA.G3.A25S.01,1.4917021,0.80354947,0.692849,0.7763437,1.4420148,0.96323913,0.7683609,0.9156559,0.63279974,1.4864669
TCGA.G3.A25T.01,1.181153,1.2543663,1.569053,0.5246247,0.57681495,1.1240444,1.6425084,1.6274893,0.3101954,0.5390675
TCGA.G3.A25U.01,1.8733269,0.58636993,0.3304195,0.91614306,0.48211056,1.4268034,0.98838073,0.93897367,1.727897,0.752586
TCGA.G3.A25V.01,0.67651504,0.9066582,1.198743,0.8416001,1.361037,1.5584006,0.8621195,0.68235266,1.1642005,0.86637074
TCGA.G3.A25X.01,0.3277892,1.0391439,0.824558,0.8257099,1.1707083,1.8910159,1.2192726,1.0161891,0.89090425,0.6504403
TCGA.G3.A25Y.01,0.93441904,1.1496533,0.870795,0.63071185,0.43610007,1.8075181,1.5239079,1.0570921,1.0503777,0.9756047
TCGA.G3.A25Z.01,0.8403475,0.25206402,1.477132,1.0505413,1.5960951,1.240549,0.7763693,1.2391143,1.0647184,0.5119098
TCGA.G3.A3CG.01,1.1087329,1.1497284,1.5699797,1.1166618,1.3591563,0.91276646,0.53754145,0.91127825,1.0339532,0.66194993
TCGA.G3.A3CH.01,0.69567364,1.128701,1.1546913,1.049701,0.7391281,1.164718,1.0695863,0.98514473,1.4781,0.88744694
TCGA.G3.A3CI.01,1.9071316,1.3159323,1.2833062,0.6775447,0.9799071,1.004973,0.63388675,0.47562143,1.3028145,0.7513572
TCGA.G3.A3CJ.01,1.5928528,1.6064823,0.7176837,1.5078614,0.9175927,0.9879031,0.61460006,0.485855,1.1208836,0.26906976
TCGA.G3.A3CK.01,1.2891419,1.2671698,0.36936998,1.0296092,1.4259045,1.0925786,0.3073975,0.9202846,1.1824872,0.6647321
TCGA.G3.A5SI.01,1.3766384,0.9494822,0.60848445,0.9572171,0.6071868,0.53587615,1.2315648,1.2004752,0.57991034,1.8886838
TCGA.G3.A5SJ.01,1.1186863,0.6128615,0.9827096,0.9789511,1.3731861,0.7365767,1.6559752,1.1700662,0.14497083,1.2496154
TCGA.G3.A5SK.01,1.2565933,1.5169649,0.45474356,0.6776353,0.8272045,0.45952153,1.071253,0.59262383,1.3465711,1.6043134
TCGA.G3.A5SL.01,1.105093,2.116732,0.9877737,1.640023,0.93541443,0.44931188,0.91685456,0.30952892,0.6162326,0.73069566
TCGA.G3.A5SM.01,1.0400211,1.3883389,0.9119298,0.81095016,1.4912008,0.9241667,0.8694789,0.7715192,0.72105813,1.0619792
TCGA.G3.A6UC.01,1.9483579,1.0295734,0.02756825,1.1809893,0.8006091,0.9539805,0.087194905,0.9566937,1.8429692,0.4641086
TCGA.G3.A7M5.01,1.7071612,0.6888198,1.3257453,0.8314799,0.91965437,0.9387593,0.6253724,0.48183456,1.29374,1.2818853
TCGA.G3.A7M6.01,0.79141045,1.0929322,1.88745,0.7065003,0.4815591,1.2170262,1.9659226,1.2806405,0.20607674,0.48757288
TCGA.G3.A7M7.01,0.6725235,1.9439621,0.7375353,1.0504904,1.0713032,0.63734967,0.67510563,1.3668981,0.825351,0.95544165
TCGA.G3.A7M8.01,1.9097532,1.3725172,1.3195138,0.7308109,0.8975493,0.99904364,0.6753854,0.6547609,1.1831158,0.51623726
TCGA.G3.A7M9.01,0.5505607,0.5563999,1.3148261,1.1904767,0.86063087,1.5806879,1.1589857,1.2799038,0.3582058,1.5156136
TCGA.G3.AAUZ.01,1.0963987,0.42794698,1.0640831,1.2746934,0.9913836,0.8169812,0.788318,1.4337246,1.3576545,0.5651804
TCGA.G3.AAV0.01,1.3264564,1.0212766,0.8358333,0.8886248,0.5993694,1.0149997,0.60670406,1.0105939,1.7609208,1.0032339
TCGA.G3.AAV1.01,0.97828037,0.6144843,0.74938154,1.62994,1.376403,1.1405326,1.0719295,1.127455,0.8496879,0.2839327
TCGA.G3.AAV2.01,0.8214703,1.3503387,0.28954038,1.4714105,0.988466,1.0645614,0.85641545,0.15382597,1.0153557,1.3310859
TCGA.G3.AAV3.01,0.7902455,1.1923896,0.7820873,1.2026672,1.4441378,1.8058872,0.6287417,0.52894336,0.5654613,1.0396222
TCGA.G3.AAV4.01,1.438898,0.30891618,0.6884544,1.8798985,1.0409735,1.2251813,0.5552264,0.22542101,1.5818518,0.35699424
TCGA.G3.AAV5.01,0.7181391,0.8218951,1.8154817,1.7444725,1.0991883,0.42348072,1.0741003,0.6790194,0.94311905,0.7504377
TCGA.G3.AAV6.01,0.8284885,0.6126356,0.86985266,1.576272,0.20279168,1.4902616,1.2769225,1.2743517,0.4339333,1.5317329
TCGA.G3.AAV7.01,0.5391721,0.3865142,1.0410146,0.78672725,1.0750109,2.0304844,1.4869293,1.0895413,0.41159898,1.1237389
TCGA.GJ.A3OU.01,0.352914,0.918626,1.3954026,0.9352363,1.4616526,1.3618479,1.2018431,1.1264751,0.6287858,0.5469838
TCGA.GJ.A6C0.01,1.348743,0.60415477,0.36394212,0.5927838,1.3549304,1.3422307,1.2852346,0.82577217,0.6667294,1.5260372
TCGA.GJ.A9DB.01,0.75687206,0.84392035,1.5118608,1.2167095,1.7956923,1.4625728,0.48619264,0.7910075,0.60105354,0.26723295
TCGA.HP.A5MZ.01,1.0286117,1.7401597,0.68403363,0.79407233,1.1155895,1.0723481,1.4034092,0.7988141,0.47034702,1.2155333
TCGA.HP.A5N0.01,1.5338395,1.3306512,0.90141773,0.59363866,0.6177597,1.773289,1.0879483,0.59832966,1.0790186,1.0455358
TCGA.K7.A5RF.01,1.2583714,1.6775707,0.8067963,0.21599852,0.80629915,1.2428408,0.95965534,0.7901306,1.15428,1.3746183
TCGA.K7.A5RG.01,1.0904921,0.7389851,0.68170446,0.5197677,1.5228882,0.6865072,1.1780727,1.2919129,0.55750114,1.7523922
TCGA.K7.A6G5.01,0.53175896,1.3991847,1.0950518,1.5310674,1.2129891,0.21791197,1.4079274,0.62920785,1.0927948,0.6112646
TCGA.K7.AAU7.01,0.04209847,0.5616877,1.6779693,0.6572039,1.189652,0.9519237,2.0356312,1.4274838,0.7803486,0.43974563
TCGA.KR.A7K0.01,0.5591779,0.9029313,1.0624024,1.5595049,1.1401839,1.3005297,1.103491,0.698747,1.1889693,0.4875084
TCGA.KR.A7K2.01,1.3476905,0.8880972,0.66004086,1.2041521,0.6245352,1.2684184,0.62628716,1.5582381,0.72182673,1.274995
TCGA.KR.A7K7.01,1.3018372,0.6441958,1.19564,0.9207805,1.5070047,0.52716017,1.1118249,0.5228679,0.33307827,1.7884922
TCGA.KR.A7K8.01,0.79535127,1.1697925,0.9795067,1.1337767,1.483743,1.8762223,0.77139676,0.60433555,0.59416974,0.59982306
TCGA.LG.A6GG.01,2.0123339,0.1288833,0.5513189,0.9069569,1.4186445,1.045944,1.3120533,0.5281904,0.49182484,1.4210185
TCGA.LG.A9QC.01,1.8648539,1.523815,1.1247128,0.9907902,0.8958529,1.0777634,0.710954,0.40324968,1.0958477,0.45074725
TCGA.LG.A9QD.01,0.96607155,0.6321053,0.6658327,1.4003888,1.2510387,0.9639908,1.3547745,1.1414576,1.0061705,0.3549472
TCGA.MI.A75C.01,0.9661524,0.46816716,0.66250247,1.4393485,1.1136658,0.2377189,1.3443615,1.4196156,1.1907487,0.8578853
TCGA.MI.A75E.01,0.34009954,0.8910787,0.9214233,0.75958896,1.298907,1.300854,0.93525004,1.1329231,1.5829196,0.82922584
TCGA.MI.A75G.01,2.178581,0.975257,0.19079952,0.98687714,1.0541362,1.0659785,0.47559327,1.2507111,1.1250752,0.50452083
TCGA.MI.A75H.01,0.77455133,1.4764438,0.6601958,2.0187793,0.6470638,0.8118438,0.72761995,0.55942917,1.3262303,0.54599965
TCGA.MI.A75I.01,1.5406942,1.0842396,1.1918473,1.3767648,1.0123659,1.0571603,0.6319408,0.8106059,0.6609365,0.8105029
TCGA.MR.A520.01,2.371145,1.2664567,0.9171216,0.45528793,0.7621238,0.99596345,1.1288924,0.36964124,1.0751269,1.1145847
TCGA.MR.A8JO.01,0.7737667,1.322661,1.1618191,1.0702261,1.1106399,1.5517975,1.4280145,0.87689334,0.6347083,0.0801345
TCGA.NI.A4U2.01,2.027855,1.4244488,0.62920916,0.26308426,0.8697492,1.2282985,0.97739506,0.68210036,0.8576918,1.2421485
TCGA.NI.A8LF.01,1.3682896,1.0307524,0.9787805,1.1782402,0.8063662,1.0968517,1.4352375,0.5728452,1.2554942,0.5058448
TCGA.O8.A75V.01,0.88665444,0.7393437,0.83999705,1.5411447,1.2341915,0.8495722,1.5087922,1.1584591,0.6875645,0.35715902
TCGA.PD.A5DF.01,1.292132,1.0999881,0.9641644,0.41606477,1.5166937,0.8500087,0.44354984,1.3494346,0.49175823,1.6880912
TCGA.QA.A7B7.01,1.7642156,1.0095173,1.1975436,1.0625178,0.7841758,0.65060496,0.016292574,1.0221642,1.1322951,1.2994643
TCGA.RC.A6M3.01,0.72961956,0.5091908,0.5735998,0.68894136,1.4658513,0.8901707,1.3539566,1.2966866,0.94791466,1.2829027
TCGA.RC.A6M4.01,1.4022086,0.7398857,0.68025607,1.3910177,0.74452585,1.0173879,0.71526754,0.99579805,1.1799399,0.96551675
TCGA.RC.A6M5.01,0.247927,1.5029407,0.7493068,1.0622519,1.1241798,1.2999963,0.98112684,1.24708,1.0294156,0.7822082
TCGA.RC.A6M6.01,0.4174657,0.706219,1.5897814,0.63805455,1.3688245,0.2099185,1.1282674,1.7536933,0.8111048,1.1899003
TCGA.RC.A7S9.01,0.48973194,0.8846742,1.1491691,0.105568424,0.76382154,0.21099804,0.30431414,1.5155063,1.5701033,2.2958994
TCGA.RC.A7SB.01,2.1630354,1.0523754,0.6312865,0.7659923,0.7821753,1.0819445,0.42480955,1.2081866,0.9771693,1.1433446
TCGA.RC.A7SF.01,1.8335147,0.7889518,1.1358641,1.2422786,0.84109765,0.67351234,0.8877586,1.600498,0.6970679,0.37557358
TCGA.RC.A7SH.01,0.22161311,0.7966011,1.582636,0.90491503,0.8883318,1.03271,1.407016,1.5066756,1.1438074,0.7444156
TCGA.RC.A7SK.01,1.667657,0.9925145,1.5935857,0.5108753,1.0900185,0.7424257,1.0698657,0.80892557,1.2100344,0.60981506
TCGA.RG.A7D4.01,0.620276,0.89869726,1.784947,1.6108662,1.1934338,0.6535144,0.8993444,0.7736297,0.38468412,1.3033354
TCGA.T1.A6J8.01,1.2194945,0.9337689,1.2410274,0.8385556,1.2680472,1.1569672,0.7110092,0.9399169,1.1623156,0.51656485
TCGA.UB.A7MA.01,0.24829887,0.8275418,1.6413642,0.58354914,1.572687,1.0592091,1.31321,1.2204964,0.77211565,0.7062135
TCGA.UB.A7MB.01,1.769998,0.705672,1.1156504,1.2469654,0.6737731,1.2189173,0.58989847,1.2190117,0.6821417,1.1321292
TCGA.UB.A7MC.01,0.7936048,1.5430754,1.0417992,1.2147372,0.9887874,0.6368014,0.39059386,1.2256906,0.41520762,1.6508639
TCGA.UB.A7MD.01,1.5551023,1.124856,0.80780274,0.8213377,1.4170958,1.1444484,0.9600456,0.8151439,0.728569,0.93667173
TCGA.UB.A7ME.01,0.5313464,1.0974519,1.2698433,1.0726212,0.6675177,0.9675473,0.9210646,1.2482677,1.3443261,1.1654513
TCGA.UB.A7MF.01,0.64721054,0.6205897,0.37689915,1.4414022,1.4437823,0.677984,1.0280627,1.3065661,0.96628964,0.9318968
TCGA.UB.AA0U.01,0.4291949,0.7914758,1.7335155,1.2809519,1.1571889,0.87240446,1.03167,1.0552338,1.3071575,0.20605901
TCGA.UB.AA0V.01,0.5390445,1.1570165,1.6915344,0.5504032,0.8844094,1.3373686,0.7420761,0.6558431,1.8154255,0.5587241
TCGA.WJ.A86L.01,1.7890428,0.35966685,0.73459053,1.0298239,1.33738,0.84132355,0.8587958,0.9366906,0.70930266,1.3021885
TCGA.WQ.A9G7.01,1.1536208,1.0112989,0.6121833,0.35286996,0.73678124,1.2062511,1.7678756,1.0538946,1.2567602,1.0838909
TCGA.WQ.AB4B.01,1.1398412,1.6588508,0.75041384,1.0830395,1.3543798,1.0253267,0.9712928,0.78334814,0.64068735,0.68445367
TCGA.WX.AA44.01,0.5644192,1.2562976,0.9850267,1.1872896,0.7521919,0.62943774,1.5832707,1.1452808,1.0731342,0.8078184
TCGA.WX.AA46.01,0.70376587,1.2983117,1.3337691,0.51492006,1.164355,0.6756613,0.51398295,0.36654106,2.124327,1.0271769
TCGA.WX.AA47.01,1.3475733,1.0058012,0.2366118,0.5275238,1.3446918,0.4857203,0.77510977,1.9257681,1.3790194,0.4947895
TCGA.XR.A8TC.01,0.37678444,0.054954592,1.6631757,1.8336304,0.52509046,0.9183317,1.173228,0.8536364,1.2095354,1.1219014
TCGA.XR.A8TD.01,1.2983075,1.1810945,1.0781133,1.0076193,1.5368979,1.3271302,0.7035909,0.65455097,0.5194281,0.764234
TCGA.XR.A8TE.01,0.2335667,0.87131375,1.3359637,1.4573444,0.69062775,1.0252016,0.96635777,0.56414497,1.4581348,1.3325622
TCGA.XR.A8TF.01,1.6248318,0.70734245,0.40105596,0.94203585,1.1232065,0.7700339,0.8187998,0.5366192,1.0672824,1.582728
TCGA.XR.A8TG.01,1.0138924,0.89620185,0.9072055,1.1723601,1.2771881,1.5216953,0.540811,1.2877735,0.81674707,0.76571625
TCGA.YA.A8S7.01,0.6409907,1.2629392,1.2217932,1.0798138,1.2249572,1.3317641,1.1441047,0.9508023,0.27767104,0.7904607
TCGA.ZP.A9CV.01,1.0808219,0.7769792,0.77721864,0.7459627,1.2241623,0.95854545,1.1959219,1.2155198,1.372594,0.45733038
TCGA.ZP.A9CY.01,1.1578887,0.87223643,1.1559763,0.81843644,1.06727,1.4098512,1.0446558,0.9229176,1.3992795,0.32227805
TCGA.ZP.A9CZ.01,0.5609259,1.2044237,1.1986601,1.1864178,1.3645748,1.541694,0.37082154,0.9513788,0.59563667,1.141137
TCGA.ZP.A9D0.01,1.0498754,1.3252474,1.0531474,0.8153695,0.66738296,0.96233547,0.30009454,1.4017595,1.2242239,1.3458512
TCGA.ZP.A9D1.01,1.0933247,1.2471957,0.9823739,0.8719908,1.0854589,1.6381414,1.0803275,0.9547012,0.74657035,0.66351396
TCGA.ZP.A9D2.01,0.7213333,1.2569858,0.31729996,0.34904298,1.056938,1.4384328,1.0440769,1.5566256,0.96103317,1.0324483
TCGA.ZP.A9D4.01,0.71230775,0.80621916,0.8372561,2.3864548,1.0067819,0.4986329,0.80738264,0.25743493,1.5167696,0.31953645
TCGA.ZS.A9CD.01,0.83803123,1.1276736,1.3552372,1.1338438,1.0358043,1.3804169,1.3926526,0.83916116,0.7985123,0.3821138
TCGA.ZS.A9CE.01,1.8280938,0.58537674,1.1481311,1.0019822,0.6599828,1.1003038,0.87158984,0.69709194,1.2175883,1.059716
TCGA.ZS.A9CF.01,0.8935014,0.08913891,1.63013,0.9115337,1.4307636,0.8637531,0.0021291685,1.0263561,1.6798432,1.28377
TCGA.ZS.A9CF.02,1.401966,0.420646,1.2177178,1.3427937,0.93686527,1.4829621,0.03349839,0.85884553,1.3434635,1.041108
TCGA.ZS.A9CG.01,1.3701215,1.708217,0.77619654,1.432309,0.8933058,0.80716753,1.1159283,0.042204533,1.1923457,0.45689303
