hsa.let.7a.1,0.5522732,2.3900137,1.9656916,1.4868095,0.67712826,1.9994243,0.37179765,0.327398,0.0056856824,2.3768828
hsa.let.7a.2,0.49044535,2.1294405,1.7792923,1.3327096,0.5919521,1.7877243,0.3350987,0.28492966,0.004163189,2.1698864
hsa.let.7a.3,0.48155364,2.0779102,1.6848153,1.2880658,0.59194314,1.7414812,0.32123193,0.2977606,0.0059544225,2.0688324
hsa.let.7b,1.1685473,1.7417009,1.4359789,1.1174058,0.34665155,2.9029584,0.12425221,0.9619943,0.0068417927,1.1339159
hsa.let.7c,0.22758101,1.0883352,0.29643285,0.78625226,1.983618,0.3148377,0.7173884,1.9990479,1.4934074,0.8299707
hsa.let.7d,1.1064794,1.1048028,1.1871202,1.2632382,1.4276322,0.81103534,0.41960987,1.2001952,1.5246801,0.9819854
hsa.let.7e,0.6834835,1.1968083,1.4652705,0.15737703,1.1277177,1.1486644,0.74270344,0.8832978,1.7369723,1.3277401
hsa.let.7f.1,0.71549594,0.86500376,1.8250067,1.4662889,1.2093426,0.9650089,0.3101692,0.5067967,2.0870354,1.6418009
hsa.let.7f.2,0.4915708,1.3463751,1.0701468,1.0447407,0.9756803,0.4968249,0.9982365,0.6061885,1.2129325,1.2191386
hsa.let.7g,0.8561355,1.4290359,1.0886515,1.5311401,1.8098313,1.133138,0.8749992,0.8577168,1.3681649,1.3047113
hsa.let.7i,0.98985946,1.0042176,0.83706605,1.538497,1.5917411,0.6566331,1.4623097,0.6929462,1.2691817,1.2190179
hsa.mir.1.1,0.5796403,2.4509747,0.24316537,0.94434255,1.6367342,3.3180141,1.1334146,0.8633938,0.6994081,0.9775087
hsa.mir.1.2,0.54999375,2.7064779,0.31888556,1.0095162,0.8917616,3.9974444,1.3604574,0.8335129,1.2813333,0.5754616
hsa.mir.100,2.036227,1.4465523,2.2654104,0.61902314,0.0029525652,0.23509564,0.20867273,1.0716603,1.5274752,4.907207
hsa.mir.101.1,0.31668416,1.8992401,1.0282542,1.6378975,1.0460035,0.3397179,1.8939973,1.1293945,1.7493044,1.5676641
hsa.mir.101.2,0.37915492,1.2742721,0.64206046,1.122928,0.9642827,0.3126752,1.0451686,0.62791246,1.3016301,1.3435227
hsa.mir.103.1,1.932275,0.39806855,1.0792226,1.645262,1.8764621,0.070323534,0.18823189,0.6224836,1.4130005,0.9751993
hsa.mir.103.1.as,1.0000001,1.0,1.0,1.0000001,1.0,1.0000001,1.0,0.9999999,1.0000001,1.0
hsa.mir.103.2,1.2634476,1.1855443,0.887675,1.3680611,1.0300797,0.8372586,1.4851158,1.1904416,0.7160868,0.6893357
hsa.mir.103.2.as,1.0,0.9999999,0.9999999,1.0,1.0,1.0,1.0,1.0,1.0,1.0
hsa.mir.105.1,1.6652366,1.5757581,0.44803104,0.17086124,1.4925622,1.8640214,0.3771176,0.7206523,0.8972186,1.1705253
hsa.mir.105.2,0.7986663,0.80016106,1.8932003,0.017217597,1.5318344,1.1978729,0.90852314,0.7128193,1.2176932,1.2012233
hsa.mir.106a,0.024173122,1.0863965,1.520203,1.5627719,1.3985996,2.5662942,0.94444007,2.1185606,0.6722649,0.3164042
hsa.mir.106b,0.88680154,0.7155612,0.814547,1.3989316,0.51139385,1.180831,0.9849513,1.3231336,1.1353165,0.6605247
hsa.mir.107,0.45348957,0.47931048,0.8852569,2.2301698,1.9037493,1.097547,1.3693769,0.65784353,0.7647237,0.40592614
hsa.mir.10a,1.3494283,2.6591458,0.0137730455,0.0015032191,0.5496446,3.7074492,0.3975407,0.63234365,0.3609644,0.3731037
hsa.mir.10b,2.4047716,0.6393828,0.05104908,0.22279413,2.2605946,0.30227378,1.4873043,1.9036955,0.84463406,3.096735
hsa.mir.1178,0.37699017,1.4292734,1.7252123,1.6463566,1.158398,1.3403598,1.1068977,1.973551,0.67750627,1.710036
hsa.mir.1179,0.24267408,1.1518918,0.5080309,1.2190996,1.7143053,1.9356349,0.99901175,1.7701222,1.5878325,1.1330676
hsa.mir.1180,1.3184904,0.41796026,1.0968891,0.7216558,0.75465304,1.4591669,1.6102946,1.5856673,0.7110697,0.65292853
hsa.mir.1181,1.1419268,1.6558981,0.44413653,1.3564345,0.568018,0.24562916,2.3489943,2.0576234,0.010747373,0.9648167
hsa.mir.1182,1.373859,0.77613515,1.1154064,0.9396379,0.7442056,1.4187241,1.2450427,1.0288135,0.32468387,1.889908
hsa.mir.1183,0.9999999,1.0,1.0000001,0.9999999,1.0,1.0,1.0,1.0000001,0.9999999,1.0
hsa.mir.1184,1.4786712,1.7592769,0.56053895,0.6924151,0.36044723,1.7271163,2.1389458,1.7635494,1.1860001,0.520052
hsa.mir.1185.1,0.030547258,0.2573692,2.411629,0.6382667,1.4946957,0.8427423,1.7202325,0.47476053,0.6164444,1.6291451
hsa.mir.1185.2,0.18646972,0.07501194,2.0098822,0.12870438,1.6970685,0.024851484,2.2836535,0.6822414,1.0939727,2.025119
hsa.mir.1197,0.11271574,0.14215872,2.239609,0.3240322,1.7802465,0.026098855,1.6236781,1.0066688,1.1235621,1.4299774
hsa.mir.1200,0.9999999,1.0,0.9999999,1.0,1.0000001,0.9999999,0.9999999,1.0,1.0,0.9999999
hsa.mir.1201,0.5693403,0.8586127,0.010782684,1.488438,1.6101545,1.7172495,0.659027,1.7575655,1.0812801,0.7427906
hsa.mir.1202,1.0,1.0,1.0,1.0,1.0000001,1.0,1.0,0.9999999,1.0,1.0
hsa.mir.1203,1.0,0.9999999,1.0,1.0,1.0,1.0,1.0,1.0,1.0000001,1.0000001
hsa.mir.1204,1.357247,0.3340332,1.0837867,1.0311477,1.3426347,0.71652764,0.57411695,0.78041124,1.59179,1.3534578
hsa.mir.1205,1.0,1.0000001,1.0,1.0,0.9999999,0.9999999,1.0000001,1.0,1.0,1.0
hsa.mir.1206,1.0000001,1.0000001,1.0,1.0,1.0,1.0,1.0,1.0,1.0,1.0
hsa.mir.1207,0.9999999,0.9999999,1.0,1.0,1.0,1.0,1.0000001,1.0,1.0000001,1.0
hsa.mir.1208,1.0,1.0,1.0,0.9999999,1.0,1.0000001,1.0,1.0,1.0000001,1.0
hsa.mir.122,0.8577494,0.812814,1.994739,0.7274786,0.56898683,2.0513184,1.5105807,1.3727306,0.08474478,1.2909098
hsa.mir.1224,0.8949585,0.88901186,1.0508823,0.57981855,1.1102772,1.0068288,1.2173322,0.80325985,0.9794664,1.2196814
hsa.mir.1225,1.3624581,1.1738099,2.0194376,0.6076496,0.491316,1.4247066,1.0888623,1.7970062,0.894866,1.3683072
hsa.mir.1226,0.94682324,0.108914934,0.29076746,2.226583,1.9247197,0.8532814,0.4479361,1.3763897,1.8923308,0.1782258
hsa.mir.1227,1.745283,1.1392645,0.48999324,1.5936756,1.7360709,0.026512066,0.93126684,2.1890674,1.2121333,0.5902876
hsa.mir.1228,3.2253218,0.99372196,1.2631422,1.1687884,1.3993449,0.62340736,1.0750582,1.1554719,0.8715889,0.016562691
hsa.mir.1229,0.39400366,0.035558984,0.9821095,0.6263983,1.6845584,0.5583952,0.2318781,1.3527122,1.8151671,1.3171973
hsa.mir.1231,1.7601478,0.12753274,1.3470198,1.0438889,0.8815484,1.4551822,2.725648,1.5026621,1.6661868,0.6409296
hsa.mir.1233,0.9999999,1.0,1.0000001,1.0000001,0.9999999,0.9999999,1.0,0.9999999,1.0,1.0
hsa.mir.1234,0.7376766,1.020462,0.3121345,1.4478661,1.583776,1.3672259,0.727276,0.6745159,0.63029927,0.04419437
hsa.mir.1236,0.50724566,1.3427198,0.40297908,1.7425135,2.0799215,1.5198212,0.80575854,1.2742409,0.34138054,0.4357467
hsa.mir.1237,1.514469,0.7465085,1.1395142,1.3509458,0.4916433,1.6202294,1.0598766,1.183005,0.97803354,0.6132305
hsa.mir.1238,0.53394586,0.112165034,1.867497,1.9802256,1.7808074,0.6692447,1.5169258,0.44912907,0.88094264,1.1230431
hsa.mir.124.1,1.41714,2.1912158,0.9693,0.32437265,1.0984037,3.1084,1.6106557,0.712401,0.42670235,1.1467344
hsa.mir.124.2,0.91754484,1.4670542,0.83297116,0.58169353,0.9423857,2.2458446,1.2892585,0.47936502,0.008796111,1.7131649
hsa.mir.124.3,1.0162526,1.0387518,1.2129524,0.8067967,0.21323794,1.7130446,1.4389671,0.37253118,0.7149924,1.0978228
hsa.mir.1243,1.3397632,1.2199061,1.160454,0.9607243,1.1444163,1.7339101,1.1991743,0.32677472,1.0606818,1.426088
hsa.mir.1244,0.1698004,1.8304731,1.5589058,0.7384442,1.2694045,0.6291181,0.61086833,0.5699932,0.03917711,2.8636007
hsa.mir.1245,2.296417,0.52969587,0.54204595,0.031177709,0.92040694,1.5150776,1.0301776,0.14153302,2.4665759,2.2078676
hsa.mir.1246,0.9529285,0.81871855,1.5492465,0.46122617,0.20207977,0.058986288,1.6091179,2.04796,2.7242272,0.19462009
hsa.mir.1247,0.0027558794,0.74457896,1.9411194,1.3487287,0.7621704,1.6480248,0.7672392,1.2560292,1.4284736,1.4254049
hsa.mir.1248,1.296619,0.82861084,0.00085781637,2.0644903,0.48374632,2.0635612,0.95455545,2.3921304,0.83179635,1.3936725
hsa.mir.1249,1.950888,0.40023872,0.8539537,1.4573153,1.1946592,1.263317,0.6951386,1.187175,0.7909807,0.007743667
hsa.mir.1250,1.1765519,0.7541584,1.2002466,0.19823726,0.6261144,1.4629598,0.96299523,1.7663429,0.61041003,1.0005995
hsa.mir.1251,1.0,1.0,0.9999999,1.0,1.0,1.0,1.0,1.0,1.0,1.0000001
hsa.mir.1252,1.2701845,1.054557,1.1689104,0.7777732,0.92970914,0.6102188,0.77930903,1.0141808,1.7327079,1.2740643
hsa.mir.1253,1.0,1.0000001,1.0,1.0,1.0,1.0,1.0,0.9999999,0.9999999,1.0
hsa.mir.1254,0.4913415,0.5433792,2.117146,1.806909,1.5013444,3.482337,0.6447512,0.2080334,1.3628541,0.037320666
hsa.mir.1255a,1.468859,0.16102332,1.8497883,1.223612,1.6664243,0.46007657,0.562596,1.2133285,0.76243407,0.7206824
hsa.mir.1255b.1,0.9999999,0.9999999,1.0,1.0,0.9999999,1.0,0.9999999,1.0,1.0,1.0000001
hsa.mir.1255b.2,1.0,0.9999999,1.0,1.0000001,1.0,1.0,1.0,1.0,1.0,0.9999999
hsa.mir.1256,0.71143436,0.64527386,0.2584787,0.96553606,1.3790102,0.9072666,0.8511521,1.372659,1.507267,0.72091
hsa.mir.1257,1.0545105,1.3320221,0.70867354,0.83493537,1.0395343,1.4088198,0.89173347,0.93642,1.0900886,0.6345074
hsa.mir.1258,1.324276,1.7779684,0.1946449,0.27259424,1.4684657,1.1841903,0.9931512,1.0552188,0.7181817,0.015508352
hsa.mir.1259,0.0031331077,1.2118921,0.3967581,1.7039021,0.00037411586,1.7051576,0.72672343,2.84881,1.4593301,0.9448072
hsa.mir.125a,0.7640657,1.4991186,1.8824761,0.06056948,1.2405689,1.487475,0.9670281,1.3296173,2.3692255,1.5642871
hsa.mir.125b.1,0.10130044,1.6061071,1.362161,0.39053366,0.7744684,0.00022806921,0.3407314,0.9583387,1.8859283,3.3817513
hsa.mir.125b.2,0.08299694,1.0328872,0.5204751,0.77337444,1.8344542,0.07323926,0.87720203,1.9893765,1.6560693,1.3452061
hsa.mir.126,0.6041142,0.79560804,0.5850978,0.5182386,2.0803225,0.60708886,1.4220766,1.6134315,2.4316154,0.0016968502
hsa.mir.1260,0.035280865,1.4103645,0.41612938,0.9153287,0.73869157,0.48504347,1.4424839,1.2199477,1.1509314,0.9958036
hsa.mir.1261,1.0,1.0000001,1.0,1.0,1.0000001,1.0,1.0,1.0,1.0,1.0
hsa.mir.1262,0.52032727,0.8349137,1.3828115,0.03914838,3.3972452,1.3280922,0.9659672,0.053930726,1.6692561,4.3211536
hsa.mir.1263,1.0,1.0,1.0,1.0,1.0,1.0,1.0,1.0,1.0,1.0000001
hsa.mir.1264,1.7925742,0.69986564,1.3740665,0.5524135,0.9251698,1.3664646,0.5855089,0.53695285,0.12630935,1.3358035
hsa.mir.1265,1.0,1.0,1.0,1.0,1.0,1.0,1.0,1.0,1.0,1.0
hsa.mir.1266,0.081404954,1.452724,1.125712,0.63707995,1.1714721,0.50478804,1.4817935,1.3719625,2.150328,1.3658483
hsa.mir.1267,1.0,1.0,1.0,1.0,1.0,1.0,1.0,1.0,1.0,1.0
hsa.mir.1268,1.0,1.0,1.0,1.0,1.0,1.0,1.0,1.0,1.0,1.0
hsa.mir.1269,0.5956506,0.018389398,0.9743989,0.80087656,2.6296654,0.396565,0.993662,1.1769768,1.5458664,1.5400283
hsa.mir.127,0.017950183,0.0035574867,2.3130345,0.2740557,1.7777061,0.2112535,1.8998508,1.003902,1.0374769,1.9008332
hsa.mir.1270,0.6301024,0.19371416,0.73034847,0.61964595,1.321294,0.45556977,1.2439085,1.2579764,1.1402997,0.78519815
hsa.mir.1271,0.6091737,0.7765888,1.443775,0.75716484,0.7449941,1.1570557,0.7785081,1.1601288,1.2102827,0.74556184
hsa.mir.1272,1.0,1.0,1.0,1.0,1.0,1.0,1.0,0.9999999,0.9999999,1.0
hsa.mir.1273,1.0,1.0,1.0,1.0,1.0,1.0,1.0,1.0,1.0000001,1.0
hsa.mir.1274a,1.0,1.0,1.0,1.0,1.0,1.0000001,1.0,1.0,1.0,0.9999999
hsa.mir.1274b,1.7102786,1.0489373,0.2666617,2.017392,0.27186188,1.363336,1.6781422,2.8302507,0.38173455,0.37262556
hsa.mir.1275,0.50482804,2.2772768,0.0007066788,1.8729538,0.0028787076,2.6160285,0.76342523,3.4762378,0.7909691,0.660855
hsa.mir.1276,1.233709,1.6672592,1.565155,2.3026328,0.7146064,0.4040436,0.51438,0.052734215,2.0679934,1.991628
hsa.mir.1277,0.7600168,1.3589019,0.85383534,2.0526152,0.7609291,0.13742715,1.419305,0.033681966,0.7014427,0.67378175
hsa.mir.1278,0.24834527,1.2214711,0.83436275,0.6847386,1.4639407,0.017981298,2.0238934,1.265427,0.48345783,2.067387
hsa.mir.1279,1.0000001,1.0,1.0,1.0,1.0,1.0,1.0,1.0,0.9999999,1.0
hsa.mir.128.1,0.63279617,0.6023116,1.1465706,1.7559308,0.9943434,0.8230274,0.6655185,2.087092,2.1265693,1.6812836
hsa.mir.128.2,0.5394899,0.5144059,0.97022015,1.4738363,0.8112672,0.7204836,0.5628802,1.7746367,1.7916579,1.4175817
hsa.mir.1280,1.6526008,0.9853708,1.3816831,1.1368898,0.21447581,1.4322652,0.73798466,1.2634974,1.5628402,1.209425
hsa.mir.1281,1.0,1.0000001,1.0000001,1.0,1.0,0.9999999,1.0,1.0,1.0,1.0
hsa.mir.1282,1.2343693,1.593423,0.17028737,2.6488292,0.24028386,1.364822,0.13790591,1.2671862,1.432771,3.489982
hsa.mir.1283.1,1.0,0.9999999,1.0000001,1.0000001,0.9999999,1.0,0.9999999,1.0,1.0,1.0000001
hsa.mir.1283.2,0.856336,0.44869685,1.2176942,1.0689441,1.814012,0.86967623,1.0178467,0.8916569,1.4767749,1.2434417
hsa.mir.1284,1.0857049,1.2453834,2.3524258,3.6637957,0.8607888,0.42538255,1.441138,0.9139755,1.6354201,0.07397458
hsa.mir.1285.1,1.7014521,0.7297522,0.040032703,1.4671599,1.090504,2.9208715,0.5733072,2.2092621,0.4959248,0.019547934
hsa.mir.1285.2,1.3083118,1.2344065,0.6587946,0.94050026,0.5885158,1.8125043,0.47005394,1.5439332,1.8332931,0.6739116
hsa.mir.1286,0.21041788,0.15763828,1.4719133,0.86645216,1.1636461,0.9289653,1.3235235,1.0025209,1.4407219,1.4399492
hsa.mir.1287,1.0347289,0.77851707,1.2709453,1.0187918,0.86478114,0.83119094,0.784479,1.2838411,1.4658828,0.9575688
hsa.mir.1288,1.5074075,0.7350376,0.65401286,1.4150498,0.9036016,0.18283336,1.0267859,1.7450368,1.3437569,1.189213
hsa.mir.1289.1,0.5000775,1.0694501,1.5670383,0.58684224,0.5032373,1.2820969,0.48067486,0.97936314,2.399278,2.362062
hsa.mir.1289.2,1.0,1.0,1.0,1.0,1.0,1.0,1.0,1.0,1.0,0.9999999
hsa.mir.129.1,1.5159631,0.5185672,1.4320619,1.0360934,1.4364694,1.3969576,0.7966904,0.38344714,1.561464,2.010034
hsa.mir.129.2,0.33064848,0.62782896,1.3785986,0.018676931,1.6198851,0.44827265,0.10290386,0.5911829,1.6043619,3.5381677
hsa.mir.1290,1.165948,0.72997576,1.136398,0.74325645,1.184228,1.1568217,1.040455,0.8535809,1.7456102,0.80002254
hsa.mir.1291,0.32844865,1.1966087,0.44712758,1.3113031,1.0671726,1.2245545,1.444276,2.1427276,0.53604275,0.57776153
hsa.mir.1292,1.161038,0.023853233,0.04995375,1.0036541,1.9088174,0.92488015,0.7141868,1.1667409,1.7283113,1.1588818
hsa.mir.1293,1.2040824,1.2148032,0.34965125,1.2956437,1.1990931,1.5403522,2.0789475,1.0017872,1.3546627,0.5864298
hsa.mir.1294,0.07602145,0.6405726,2.0886734,1.2964212,2.6127973,1.8623992,1.021927,1.64055,0.17400452,2.0900245
hsa.mir.1295,0.9400904,0.038114294,1.9909297,0.82691675,1.6165102,0.7892559,1.4169083,2.0724332,1.0200884,1.1098422
hsa.mir.1296,1.0895816,1.2758052,0.7265781,1.28395,1.2723329,1.0765804,0.8855366,0.73348606,0.5092963,1.3875824
hsa.mir.1297,1.0,1.0,1.0,1.0,1.0,1.0,1.0,1.0,1.0,1.0
hsa.mir.1298,1.2998255,1.6042851,1.0173888,0.97711325,1.1417332,1.5355427,0.5688983,0.54499274,0.46543744,0.74327105
hsa.mir.1299,1.0301172,1.0008696,0.12077842,1.276235,0.36517733,3.1395357,0.3214604,0.27731955,2.8785496,0.7568232
hsa.mir.1300,1.0926142,1.6502627,0.5177123,0.7559183,1.116732,1.1945997,0.94696015,1.428294,1.3698347,0.5715454
hsa.mir.1301,1.2770857,0.9175783,1.0086336,1.0429645,1.22262,0.789869,0.4358723,0.8901967,1.2457441,0.75632465
hsa.mir.1302.1,1.0,1.0,1.0,1.0,0.9999999,1.0000001,1.0000001,1.0,1.0,1.0
hsa.mir.1302.2,1.0000001,1.0,1.0,1.0000001,1.0,1.0,1.0,1.0,1.0,1.0000001
hsa.mir.1302.3,0.3358234,0.19974163,1.560448,1.0987134,0.8813,2.1924148,1.3154976,0.5672717,1.5245852,1.0738652
hsa.mir.1302.4,1.0000001,1.0,1.0,1.0,1.0,1.0000001,1.0,1.0,1.0,1.0
hsa.mir.1302.5,1.0,1.0,1.0,1.0,1.0,1.0000001,1.0,0.9999999,0.9999999,1.0
hsa.mir.1302.6,1.0,1.0,1.0,1.0,1.0,1.0,1.0,1.0,1.0,1.0
hsa.mir.1302.7,1.0,1.0,1.0,1.0000001,1.0,1.0,1.0,1.0000001,1.0,1.0000001
hsa.mir.1302.8,0.9999999,1.0000001,1.0,1.0,1.0,1.0,1.0000001,1.0,1.0,1.0
hsa.mir.1303,1.2416965,0.58824474,0.8983087,1.0079364,0.98295593,1.101935,0.52952725,0.6101426,0.93985057,1.1774641
hsa.mir.1304,0.7617464,1.585113,0.5492701,0.9450359,1.1257918,2.1537905,1.0934349,0.9590532,1.4299734,0.5583863
hsa.mir.1305,1.0,0.9999999,0.9999999,1.0,1.0,1.0000001,1.0,1.0000001,1.0000001,1.0
hsa.mir.1306,1.2544147,0.9219708,1.3162174,1.1446521,1.0462842,0.8163919,0.5588826,1.0991158,1.1020273,0.6157753
hsa.mir.1307,1.7556417,0.4029111,1.2355303,1.5478063,0.76976126,1.1697531,0.4158769,0.89016134,1.2777908,0.5565848
hsa.mir.1308,1.0134614,0.56690955,0.53091913,1.0391661,1.5013226,0.8970103,0.88408387,1.2662877,1.1057804,0.6858357
hsa.mir.130a,0.4076677,0.99868983,0.8943907,0.97705144,1.4367436,0.7914423,1.3033172,1.3003728,2.284445,1.0214385
hsa.mir.130b,0.8442858,1.1131968,0.9794996,1.5329214,1.2379308,1.0856688,1.2523372,0.8855527,0.9402876,1.0645133
hsa.mir.132,2.4426377,1.0117782,1.1845579,1.8317223,1.0831319,0.13461496,0.79376704,1.1776154,0.60063946,0.74730796
hsa.mir.1321,1.0,1.0000001,1.0000001,1.0,1.0,1.0,0.9999999,1.0,0.9999999,1.0
hsa.mir.1322,0.5948339,0.81293756,0.5498788,1.2223272,0.84566224,1.6372929,0.87667114,1.5289093,0.6543289,0.8609075
hsa.mir.1323,1.0782871,1.459919,0.27707452,0.8816672,0.88691276,2.003402,0.8064269,1.1553152,1.5864323,0.83016014
hsa.mir.1324,1.0,0.9999999,1.0,1.0000001,1.0,0.9999999,1.0,1.0,0.9999999,0.9999999
hsa.mir.133a.1,0.54187745,2.409852,0.047562174,1.1240941,0.4443953,3.6174788,0.489654,2.0776107,1.207709,0.15917134
hsa.mir.133a.2,1.0520846,1.5872449,0.56292015,1.1766748,0.60389274,1.9828774,1.0234605,1.285496,1.3441347,1.1138556
hsa.mir.133b,0.3738058,1.7926676,0.09425424,0.8281633,0.49288782,1.9020172,0.5496401,2.0240285,1.5317929,0.6745056
hsa.mir.134,0.027850768,0.0014189697,2.2511783,0.3428313,1.8045945,0.22834188,1.995687,1.0948315,0.90189356,1.8969841
hsa.mir.135a.1,0.40306047,1.3476002,0.78669685,1.2260226,0.21242082,1.6820998,0.7766655,0.9942106,1.1188039,1.9477477
hsa.mir.135a.2,0.9999999,1.0,1.0,0.9999999,1.0,1.0,1.0,1.0,1.0,1.0
hsa.mir.135b,0.80976653,0.570175,0.9478321,0.80179113,1.5131644,1.4084258,1.3158629,0.6993106,1.026238,0.9957185
hsa.mir.136,0.0032571661,0.18045922,1.8488371,0.41796252,1.5302029,0.18566759,1.7749457,0.74836355,0.85059404,1.7538742
hsa.mir.137,0.93198335,1.0363876,1.523205,0.7834814,0.059507802,1.5899267,0.17708041,1.1970289,1.5807807,1.6475849
hsa.mir.138.1,0.9078355,1.089628,1.3817254,0.68598086,1.0874662,3.5390947,2.978528,0.73172736,0.034369435,2.6385503
hsa.mir.138.2,1.5390625,1.5378178,0.5843654,0.35169983,1.196219,1.8607532,0.97810215,0.20875376,1.0384923,1.4778986
hsa.mir.139,1.6492633,0.60297275,1.0290538,0.82169414,1.6776456,0.53020597,1.2350876,1.2751302,1.2679586,0.735717
hsa.mir.140,1.4469761,0.89735353,0.9882955,1.3611152,0.95591575,0.89130914,0.74258995,0.959763,0.8442746,0.509849
hsa.mir.141,0.5923507,1.2940495,0.01403646,2.1500127,0.79364127,0.7136802,1.4263251,0.6811764,0.075936146,1.104472
hsa.mir.142,0.018620336,0.5885714,0.04994551,2.5699944,1.3086685,0.73230857,1.27034,0.010846556,2.6225426,0.95268506
hsa.mir.143,1.3120168,0.788024,1.1522113,1.2043638,1.2396607,0.75471735,2.0230737,1.186365,0.9452401,1.5522455
hsa.mir.144,0.66707706,0.8577194,1.3556987,1.0906277,1.1894926,1.1375685,1.3968426,1.0743147,0.45215142,1.0263889
hsa.mir.145,1.1017635,0.3806184,0.82328004,0.97007596,1.9570415,0.00028980477,1.3076932,0.72455776,0.8599009,1.8897384
hsa.mir.1468,0.8442319,0.9252872,1.3049337,1.4476371,0.67671216,1.3850989,0.9407742,2.2608612,2.09096,1.6730891
hsa.mir.1469,1.0000001,1.0,0.9999999,1.0,1.0,1.0,1.0,1.0000001,1.0,1.0
hsa.mir.146a,0.23782921,0.8830944,1.0762329,0.9397541,0.89804906,0.5734584,0.57410115,1.1193633,2.1382592,1.2805424
hsa.mir.146b,0.00010216513,1.1878287,1.4459437,0.25198862,1.7192808,1.7480333,0.609687,0.81682813,3.2450159,1.2382389
hsa.mir.147,1.0,1.0,1.0,1.0,1.0,1.0,1.0,1.0,1.0,0.9999999
hsa.mir.1470,1.0,0.9999999,1.0,1.0,1.0,1.0,1.0,1.0,1.0,1.0
hsa.mir.1471,0.9999999,1.0000001,1.0000001,1.0,1.0,1.0,1.0,1.0,1.0,1.0
hsa.mir.147b,1.8168072,1.0405494,0.7234736,2.1025908,1.9851625,0.370453,1.3391271,0.7172692,0.0257765,1.0292649
hsa.mir.148a,1.3614106,0.00017585393,0.63735765,0.6126096,0.97242546,1.3447561,1.2685632,0.58354574,0.37895724,1.7661132
hsa.mir.148b,1.2982763,0.53773725,1.1457958,1.1297772,1.2129407,1.3358654,0.81754255,0.8210368,1.5754836,0.7973166
hsa.mir.149,1.512282,1.2139686,1.2950815,1.0559343,0.60101634,1.805574,1.1937047,0.760736,1.3970335,1.1176057
hsa.mir.150,1.2079611,0.84910774,1.3982533,0.8356098,0.9364773,1.065492,1.0668539,1.1958387,0.92561054,0.7241539
hsa.mir.151,1.1475136,0.8115427,0.89631486,0.6122731,0.8746924,1.2372519,0.8896604,0.80674016,1.0864116,0.4635867
hsa.mir.152,1.8951733,1.0150493,0.6478413,0.9927024,1.137468,1.3146527,1.1152518,0.5243387,0.0003739388,1.1917213
hsa.mir.153.1,0.9026258,1.1089736,1.1945137,1.4753643,1.1101362,1.3304169,1.5043023,0.7190928,1.7545745,1.1799623
hsa.mir.153.2,0.69818324,0.98346245,0.9699234,1.254819,0.9876074,1.1138388,1.3421847,0.68844277,1.5601873,1.1359668
hsa.mir.1537,1.8525643,1.3142109,1.1911259,2.215696,2.4146647,0.70289105,1.7645837,0.008149994,0.89271414,1.484432
hsa.mir.1538,1.5222698,1.0829083,1.2397271,1.4273578,0.11579967,0.47997844,0.26501837,1.2230511,0.21868823,0.48637146
hsa.mir.1539,0.7783029,1.7924873,0.75480634,2.4617891,0.070697054,2.3856993,0.50755775,1.9898751,1.5823689,0.029250182
hsa.mir.154,0.005378965,0.120041884,1.8951782,0.3938528,1.6901023,0.14039254,1.7767538,0.8886792,0.8954568,1.9421548
hsa.mir.155,0.1257354,1.6123121,0.0011635845,0.9734473,1.2689079,1.9846119,1.3240124,0.4314384,1.4370561,1.0435247
hsa.mir.15a,0.8846723,1.2488128,0.7833525,1.7272407,1.9352341,1.4298304,0.79387885,0.0032983434,0.9172164,0.8865446
hsa.mir.15b,0.0013026018,1.5799053,0.0459031,1.6122379,1.2171267,1.8743575,0.53609705,1.2284714,0.7772374,1.2028444
hsa.mir.16.1,0.5927034,1.4949447,0.73875386,1.4329542,1.473138,1.2794831,1.1228683,0.83911115,0.82816017,1.136839
hsa.mir.16.2,0.41377783,1.7415065,0.75204927,1.3107587,0.7772831,2.3689191,0.6943487,0.9433698,0.86501276,1.422238
hsa.mir.17,0.03238723,0.16550687,0.7001138,1.4462017,1.7821808,2.802886,0.020892017,1.1214286,1.145167,0.081895865
hsa.mir.181a.1,0.6720406,1.064936,1.3606124,1.9282072,0.00032601962,0.08545174,0.065097794,2.3602202,2.5714748,2.1083884
hsa.mir.181a.2,0.7956231,0.66041124,0.6600124,1.5521117,0.5375113,0.77178454,0.6941658,1.7466031,1.5690709,1.1019009
hsa.mir.181b.1,1.1345236,1.1237916,1.5873516,2.2837088,4.004383e-05,0.40526128,0.30401537,2.5300071,3.0526268,2.3169749
hsa.mir.181b.2,0.51576084,0.0032629394,0.8750066,2.5541961,0.020024398,0.26662385,0.49490273,1.9806762,2.6735086,1.993255
hsa.mir.181c,0.17253016,0.9485749,0.0063173044,1.7633723,0.019454408,0.0023596317,1.0183352,2.2934558,3.1529772,1.9580427
hsa.mir.181d,0.36687914,0.7812357,0.8609283,1.4736087,0.40833363,1.0751106,0.020359028,2.2146971,3.161856,1.5596249
hsa.mir.182,0.529265,0.36706513,1.28081,1.0593369,1.5758415,0.7324576,1.6180049,1.2628613,0.39907384,0.96109545
hsa.mir.1825,0.9714207,1.3903924,1.0903208,1.6018366,1.4475285,1.8274243,0.42646173,1.1938199,0.67244273,0.627215
hsa.mir.1826,1.568453,0.81864077,0.21747085,1.7536387,0.13411872,1.4631227,1.6943887,2.7065535,0.54318964,0.28691408
hsa.mir.1827,0.9999999,1.0,1.0,1.0,1.0,1.0000001,1.0,1.0,1.0,0.9999999
hsa.mir.183,0.5046209,0.26867715,1.1123083,1.0196913,1.4874845,0.6649791,1.4917213,1.249036,0.37227777,1.0691745
hsa.mir.184,1.535232,0.6376759,0.64669317,0.40598062,1.1456245,1.6963167,1.902696,0.30415124,1.1639194,1.3804662
hsa.mir.185,1.3384125,0.869361,1.4566025,1.3407269,1.4410714,1.3083347,1.1450745,1.0052838,0.99144787,0.903267
hsa.mir.186,0.81450576,0.75307876,1.0822129,0.96520525,1.3133607,0.92033786,0.43902314,0.48395994,1.3268713,0.9605658
hsa.mir.187,1.4854305,0.86123997,1.333396,0.6874899,0.8106581,1.2012529,0.66692483,0.6842376,1.5864557,1.0034163
hsa.mir.188,1.8404044,1.0636598,1.0209392,1.1949972,1.3449633,2.0520873,1.508175,0.4529017,0.85452193,0.65329
hsa.mir.18a,0.32989982,1.4231545,0.35132363,1.6299849,1.8673663,1.5132554,0.8536953,1.1444098,0.0037057367,0.36458692
hsa.mir.18b,0.83566016,1.6854566,1.4214356,1.1073607,0.812637,1.4267393,1.6825719,0.55203336,1.0387157,1.222839
hsa.mir.190,0.015596475,0.75564414,1.0177305,1.5606763,1.4812342,2.0981562,1.4339622,0.15544465,0.526138,1.4733161
hsa.mir.1908,1.0809805,1.2040797,1.1032043,1.6316783,0.87191355,1.1185365,1.2449226,1.2891715,0.535649,0.20268005
hsa.mir.1909,0.02295432,1.127494,0.94244623,0.9471667,1.495253,1.44567,1.1465511,1.5682828,1.0169214,1.4384507
hsa.mir.190b,1.7774236,0.6563972,1.0547991,1.6652493,1.7483591,1.8216417,0.87217677,1.8251144,1.6219132,0.0020640495
hsa.mir.191,1.4011564,1.3482704,0.032643862,3.90542,2.0431542,0.005482472,0.37968194,1.2726235,1.8451896,1.1091793
hsa.mir.1910,2.0716474,1.3414142,0.90209925,1.1757709,0.6546813,2.100431,0.6305882,1.3722334,1.3596337,0.018962318
hsa.mir.1911,1.5307654,1.4465098,0.43441057,0.89550686,1.2088195,1.5938141,0.69026536,0.05542085,1.2055827,1.1032387
hsa.mir.1912,1.285678,1.5310178,1.5586615,0.61008,1.1847264,1.5312865,0.19655423,0.03874034,0.8977543,1.7648673
hsa.mir.1913,1.1106266,1.1806792,0.064098045,1.2963672,2.533435,0.43393034,0.5719181,1.9671761,1.6223849,0.041554898
hsa.mir.1914,1.3762919,1.2060161,0.9814449,1.0319118,0.20669635,0.97973436,0.0673212,0.90883815,0.014692888,1.451077
hsa.mir.1915,1.6994624,1.444666,0.84765923,1.6516845,0.15215433,3.0808656,0.20894015,1.5061171,1.0469934,0.10380903
hsa.mir.192,0.7783048,0.8519335,1.0298378,1.0362939,1.1814463,1.0939662,0.87580186,0.9891386,0.7208064,0.95172065
hsa.mir.193a,2.2078228,0.002498559,2.1025126,0.84710467,0.94567513,0.3968754,1.144029,0.79333985,1.039643,0.8741214
hsa.mir.193b,0.6566046,0.25803298,1.4220363,0.8912304,1.3037375,0.58417344,1.3896114,0.914317,1.5385046,1.5563302
hsa.mir.194.1,0.9915502,0.91988,1.2808086,1.2047253,1.1954272,1.270647,1.0128114,1.0611026,0.9418069,0.99449694
hsa.mir.194.2,0.92315435,0.8955541,1.1845632,1.0852914,1.1560533,1.1873606,0.9722591,0.96122694,0.86901104,0.9616459
hsa.mir.195,0.20027998,0.011451058,1.9405581,1.3589206,1.8090835,0.803796,1.7946457,1.6712668,1.5162915,2.0642595
hsa.mir.196a.1,1.0024029,0.7879909,1.1243383,0.96484244,0.894766,1.3345715,0.65418994,0.45051792,1.281274,1.0489371
hsa.mir.196a.2,1.2281291,1.0855515,1.1416892,1.0559026,1.0576975,1.5691856,0.79727596,0.3833774,1.2560915,1.083914
hsa.mir.196b,0.6807087,1.9914336,0.53774756,0.53460616,0.5647873,2.842005,0.001310211,0.664484,0.66789603,0.9867726
hsa.mir.197,1.6559588,1.1949159,1.3308547,1.2158453,2.2129955,0.9796585,0.47343805,1.126732,1.0620815,1.0214522
hsa.mir.1972,1.0,1.0,0.9999999,0.9999999,1.0,1.0,1.0,1.0,1.0,1.0000001
hsa.mir.1973,1.1875589,0.28997296,1.4224975,0.24976872,0.65222085,1.499226,2.354483,1.3111528,0.023364618,1.2888305
hsa.mir.1974,0.8959716,1.5034387,0.15433624,1.027742,0.06068808,0.027000166,4.446526,3.9513147,0.03129093,0.019230656
hsa.mir.1975,1.2519648,0.5200039,0.94398105,1.2437322,0.91387016,2.1339622,9.6648706e-05,1.9811779,2.2754548,0.7116388
hsa.mir.1976,1.3431041,1.0829718,1.2794033,1.2102878,0.58703244,0.6899837,1.0153066,0.9260903,0.5894198,0.5580271
hsa.mir.1977,0.7733579,1.1982592,0.23978838,0.8775006,0.24639404,0.15833037,3.3201509,2.8717172,0.12064232,0.14529563
hsa.mir.1978,0.5015933,0.9546551,0.018370595,0.92102456,0.00043779454,0.3707575,2.556242,2.535303,0.0029619029,0.1240737
hsa.mir.1979,3.5801363,0.4087178,0.5052424,1.9304351,1.2106726,0.4421216,0.71243125,2.4079936,0.46131864,0.104238786
hsa.mir.198,1.0000001,1.0,1.0,1.0,0.9999999,1.0,1.0,1.0,1.0,1.0000001
hsa.mir.199a.1,1.1979172,0.55386996,0.9402791,0.8737312,1.2706691,0.29677448,1.0385977,1.1837466,1.4264138,1.4041643
hsa.mir.199a.2,1.1979396,0.38330182,0.9108873,0.90988064,1.433421,0.12116718,1.2201746,1.3877864,1.4897386,1.6411651
hsa.mir.199b,1.4876302,0.41270047,1.0025374,1.4298939,1.9369724,3.6109268e-05,1.1087561,1.2446328,1.9669892,1.3793699
hsa.mir.19a,0.28660202,1.4006144,0.7236288,1.8403867,2.3140047,1.9479644,0.4903851,0.00022071459,1.7197212,1.3534644
hsa.mir.19b.1,0.0023575523,1.1641319,1.3434191,1.6807274,1.4799886,2.697167,0.2435459,1.7949955,1.1700346,0.45771378
hsa.mir.19b.2,0.035322335,1.2576369,0.59327215,1.468418,2.1410172,1.6934015,0.00032353526,0.0011278575,1.3683697,1.1202661
hsa.mir.200a,0.6396767,1.3229591,0.5202613,0.7359371,0.5779469,0.4478782,1.318199,1.2070975,1.0160573,1.2556143
hsa.mir.200b,0.71329933,1.2299402,0.34856725,0.5867506,0.5732827,0.7217128,1.41839,1.3300059,1.0743634,1.2363513
hsa.mir.200c,1.2552803,1.691919,1.5433989,1.9352653,1.3589073,0.8121917,0.52703905,1.0177885,0.64565474,1.0107024
hsa.mir.202,1.4699802,1.2302617,0.21549743,1.3255692,1.7842882,0.032615818,2.0296469,0.80270547,1.158853,0.56785756
hsa.mir.203,0.916511,0.5298158,2.1895287,0.35847843,0.31972903,0.62753177,0.8053976,1.1191804,1.6439322,1.75291
hsa.mir.204,1.2813967,0.38242272,0.6179306,0.91714275,1.154839,0.54601145,1.279765,1.1362922,0.78253996,1.9365518
hsa.mir.205,1.450465,2.663576,0.04563335,0.26759803,1.4897699,2.7365658,1.1708744,0.37239024,0.79211825,1.8504317
hsa.mir.2052,1.0,1.0,1.0,1.0,1.0,1.0,1.0,1.0000001,1.0,1.0
hsa.mir.2053,1.0,1.0,1.0,1.0000001,1.0,1.0,1.0,1.0,0.9999999,1.0
hsa.mir.2054,1.0,1.0,1.0,1.0,1.0000001,1.0,1.0,0.9999999,1.0,1.0
hsa.mir.206,1.2804031,0.89762485,0.8167679,1.378377,1.3661782,0.053561907,1.1904923,1.2063999,1.282494,1.7072579
hsa.mir.208a,0.4440062,1.0004603,1.2890227,1.1153694,1.149978,0.5646777,1.4616041,1.1080587,1.4593933,1.3317845
hsa.mir.208b,1.0,1.0,1.0,1.0,1.0000001,1.0,1.0,0.9999999,1.0,1.0
hsa.mir.20a,0.000106779065,0.81752497,0.9380208,0.94044834,2.0920727,2.80668,0.00034689007,1.2042807,1.566147,0.55177397
hsa.mir.20b,0.95486045,0.99242806,1.2829376,1.0820218,1.0907369,1.7420326,1.0120695,0.91115016,1.212415,0.99557763
hsa.mir.21,3.2598147,0.88964915,2.1596522,1.1271951,0.2759694,1.0020264,1.0759164,1.9765708e-05,1.6040157,0.0022516549
hsa.mir.210,1.0829085,1.2111917,0.5938373,0.88236773,0.9679746,1.2236693,0.43396673,0.9185395,0.92788666,1.3368561
hsa.mir.211,1.5986,0.82972324,1.3963168,0.6247965,0.5869967,1.7368804,0.42054725,0.650637,0.76441836,1.1582584
hsa.mir.2110,2.5280988,0.06881689,1.9947283,1.2665368,1.1794583,1.4721433,0.049361583,1.3974631,0.7949156,0.9402163
hsa.mir.2113,1.0,1.0,1.0,1.0,0.9999999,1.0,1.0,0.9999999,1.0,1.0
hsa.mir.212,1.927187,0.53840524,2.0660713,2.1206396,1.4702733,0.3064598,0.25854507,2.964392,0.120932594,0.033074893
hsa.mir.214,1.6004453,0.60483277,0.09643155,0.4487065,1.6275418,0.5658078,1.0430539,1.1967846,0.76018703,1.9693278
hsa.mir.215,1.3950807,1.0718482,1.0953399,1.051814,0.85815316,1.1660578,1.8959352,1.3518423,0.87367094,0.72268
hsa.mir.216a,1.9488755,0.8474063,1.1165265,0.04324539,0.7791939,0.81593394,0.08063529,1.0941325,0.9574258,2.7249908
hsa.mir.216b,1.774804,1.0943186,0.19758238,0.0323008,0.18080573,0.80806667,0.60704887,0.44130546,0.74722505,3.6389496
hsa.mir.217,1.5194359,0.95752674,0.6985834,0.7264219,0.63594913,1.994937,0.29931065,0.2843631,0.94966716,3.8882215
hsa.mir.218.1,1.4776036,0.8171896,0.07727349,0.4357757,1.5331779,1.239979,1.5478529,1.4700637,0.113784276,1.8373073
hsa.mir.218.2,1.2174555,0.40665022,0.80938965,0.709832,1.3455472,0.2385027,1.5546571,0.8475552,0.92314476,1.6949832
hsa.mir.219.1,0.2779561,0.595062,1.0026414,1.6609213,1.6119453,1.1105388,0.83808887,1.0867532,1.2502266,1.4606103
hsa.mir.219.2,1.1788414,0.5457966,0.2387104,2.385766,0.10335658,2.3207643,1.2483637,0.64207834,1.8479415,0.61064106
hsa.mir.22,2.305579,1.0744301,1.7814986,0.643641,1.6063696,0.39667317,1.0100151,1.2521309,0.5131024,0.769365
hsa.mir.220a,0.9999999,1.0,0.9999999,1.0,1.0,1.0,1.0,1.0,1.0,1.0
hsa.mir.220b,1.0,0.9999999,1.0,1.0,1.0,1.0,1.0,1.0,1.0,1.0
hsa.mir.220c,1.0,1.0,1.0000001,1.0,1.0,1.0,1.0000001,0.9999999,1.0,0.9999999
hsa.mir.221,0.33947876,1.6368215,1.0691698,1.5955076,1.0320349,0.21804221,0.3839399,1.1031935,1.5840507,1.0486089
hsa.mir.222,0.47694886,0.8697466,1.1534331,1.4173456,1.0805496,0.78480935,0.43981704,0.7217176,1.5104308,1.0217674
hsa.mir.223,1.4297445,1.4069372,0.23258841,2.1081262,3.1643698,0.9362267,0.0050027543,1.1002792,0.0349562,0.0018929624
hsa.mir.224,0.6074246,0.22047997,1.7305847,0.6968975,1.738878,0.0002369058,1.674094,0.6929315,1.3896629,1.6788428
hsa.mir.23a,2.0495338,1.9965277,1.6041116,1.3157098,1.3240004,1.0545481,0.20725252,1.3269274,1.4589192,0.050092723
hsa.mir.23b,1.2057676,0.90755993,1.4415767,1.3474356,1.1645174,1.2907389,0.7766909,1.5145189,1.6525881,1.0549706
hsa.mir.24.1,0.15432727,1.0472314,1.4198741,1.317723,1.7027987,1.7118406,1.2562491,1.0574384,1.4311212,1.1847538
hsa.mir.24.2,1.8097256,1.9136375,0.9517271,1.600866,2.9739416,0.7824339,0.1319846,0.4025902,0.7173886,0.21353428
hsa.mir.25,1.0052475,0.74954736,1.0786191,1.6207248,0.36054742,1.1204354,1.331536,1.7320192,1.35925,0.78428704
hsa.mir.26a.1,0.95581734,0.9546683,1.1025436,1.0555933,0.91606146,0.88607836,1.4949955,1.1760472,1.5566505,0.774208
hsa.mir.26a.2,0.7513335,1.4696358,1.0701156,0.98243576,1.3008001,0.95317847,1.2149762,0.93970484,1.4022229,1.3581811
hsa.mir.26b,0.7285499,2.0141656,0.5548876,1.1235889,2.3637633,0.4203906,1.1779302,0.0007068786,0.8630449,1.2492971
hsa.mir.27a,1.6707776,1.6989905,0.17782307,1.5210648,1.0067675,1.1709193,0.36696303,1.1525567,0.19741237,0.7406097
hsa.mir.27b,0.61831355,1.4122864,0.67951113,1.4932579,1.1827626,1.0679914,1.3610289,0.6768822,0.9518444,1.3179504
hsa.mir.28,1.1066403,1.2527392,1.2332785,1.0234885,0.55762553,1.1145911,0.54477775,1.3849308,1.1038748,0.5294249
hsa.mir.296,0.7405274,0.6616569,1.0753077,0.7213226,0.6439808,1.6023822,0.7872523,1.0536753,0.40983865,0.9044581
hsa.mir.297,1.0,1.0,0.9999999,1.0,1.0,1.0000001,1.0,1.0000001,1.0,1.0
hsa.mir.298,1.0,0.9999999,1.0,1.0000001,1.0,1.0,1.0,1.0,1.0,1.0
hsa.mir.299,0.12793271,0.0051302314,2.0235198,0.45030347,1.6721952,0.26795062,1.8351871,1.0036075,0.8304319,1.8079576
hsa.mir.29a,0.30223036,1.0903693,0.69744325,0.65757835,1.2973393,0.34931463,1.5404048,0.54501456,0.7577474,1.2942736
hsa.mir.29b.1,1.0431709,0.9786117,0.9195402,1.1148777,1.3719205,1.1766503,1.352576,0.63725734,0.7770326,0.9099977
hsa.mir.29b.2,0.8690408,0.9086516,0.77708215,1.01836,1.384798,1.028036,1.1646988,0.6042517,0.73815435,0.9454601
hsa.mir.29c,0.002059048,1.6206692,0.55755687,1.0593071,1.407273,0.9819561,2.010472,0.45800358,0.79816115,1.2494737
hsa.mir.300,1.0,1.0,1.0000001,1.0000001,0.9999999,1.0000001,1.0000001,1.0,1.0,1.0
hsa.mir.301a,1.4424415,1.5914482,0.7012726,2.8111427,1.8994547,0.6886565,1.2088319,0.48586807,1.4911536,0.76871145
hsa.mir.301b,1.2782999,1.2072908,1.0557338,1.9551766,2.0652337,0.2944065,0.9832621,0.29846352,1.230704,1.6751548
hsa.mir.302a,1.0,1.0000001,1.0,1.0,0.9999999,1.0,1.0000001,1.0,1.0,1.0
hsa.mir.302b,1.0,1.0,1.0,1.0000001,0.9999999,1.0,1.0,1.0,1.0,1.0
hsa.mir.302c,1.0,1.0,1.0,1.0,1.0,1.0,1.0,1.0000001,1.0,1.0
hsa.mir.302d,1.0,1.0000001,1.0,1.0000001,1.0,1.0,0.9999999,1.0,1.0,1.0000001
hsa.mir.302e,1.0000001,1.0,1.0,1.0,1.0,1.0,1.0,1.0,1.0,1.0
hsa.mir.302f,0.9999999,1.0,1.0,1.0,1.0000001,0.9999999,1.0,1.0,1.0,1.0
hsa.mir.30a,1.3660347,1.1207621,0.7649796,1.0805005,1.6540855,0.7985145,0.8996015,0.88114667,0.59752357,1.9905896
hsa.mir.30b,0.46696156,0.98943865,0.80653095,0.8886532,1.2609774,0.8563187,0.46329468,0.75728536,1.3761166,0.9699493
hsa.mir.30c.1,0.8659374,1.5476289,0.26425716,1.9457108,2.800615,0.37027505,0.5031444,0.61516047,0.8850788,2.0440767
hsa.mir.30c.2,1.1090075,1.1381856,1.2543988,1.6312073,2.153468,1.0796347,0.00018518728,0.45094806,2.6123962,1.3986526
hsa.mir.30d,1.1811467,0.34245294,1.1143885,1.0920229,1.0030122,1.0166146,0.06933714,1.916728,2.8510137,0.4794659
hsa.mir.30e,0.53269947,0.47477344,0.35898918,2.278846,1.6928915,1.3357855,0.5307196,0.49322754,2.166589,1.0168034
hsa.mir.31,0.9954877,0.7865554,1.0149275,1.0766582,0.97745055,0.9267387,1.3902868,1.0814371,0.79258215,0.5741161
hsa.mir.32,0.20683438,1.5959347,0.6878305,1.2186702,1.0241754,0.71123165,1.8950113,0.8907671,1.6053394,0.91481024
hsa.mir.320a,0.49512246,1.0954909,0.9298391,1.2481257,1.2462106,1.0213675,0.80947447,0.8234018,2.1060865,0.94675165
hsa.mir.320b.1,1.5812035,0.60649824,1.3935524,0.8876238,0.5846376,1.0966456,0.50430435,1.2772355,1.7846884,1.0050586
hsa.mir.320b.2,0.3966913,1.1028922,0.61415946,0.7649933,0.83928674,1.4216778,0.86110556,1.1184784,1.6329978,1.1376473
hsa.mir.320c.1,0.82355505,1.575743,0.63962054,1.1643565,0.9454699,0.037370164,0.6586539,1.4171655,2.0900793,2.2865121
hsa.mir.320c.2,0.09712045,1.8278418,1.02268,1.2649593,0.87109584,1.4268427,1.2665787,0.8346153,1.6565595,1.6685054
hsa.mir.320d.1,0.21981253,1.207786,0.2724896,0.98591536,0.6520071,1.1833935,0.9009577,1.1818713,1.3842379,1.8960916
hsa.mir.320d.2,0.26954576,1.1111006,0.77200687,0.2559199,0.7209081,0.8978637,0.776806,1.3361292,1.5499735,1.537392
hsa.mir.323,0.0027645384,0.12811287,1.6162858,0.3054548,1.4366624,0.0649922,1.358885,0.84815675,0.7536398,1.5303731
hsa.mir.324,1.1823196,0.5797481,0.47822762,1.7248223,1.4761161,0.5721496,0.6899821,1.0834011,1.0934526,1.1471201
hsa.mir.325,1.0,1.0,1.0,1.0,1.0,1.0,1.0,1.0,0.9999999,1.0000001
hsa.mir.326,1.7089208,1.3778646,1.4433405,1.3214865,0.32537264,1.1648259,1.1478817,1.7342368,1.0131418,0.26123226
hsa.mir.328,0.8222504,0.8830432,1.5690237,1.1994675,1.387758,1.0813218,0.011228814,1.0505921,0.7651052,1.6250153
hsa.mir.329.1,0.08112316,0.29617777,2.6518068,0.42287013,2.2033439,0.23745777,2.1682606,1.1578556,1.3769058,2.3865464
hsa.mir.329.2,0.04418822,0.2884707,2.0863616,0.2470068,1.7093014,0.18629009,1.6226323,0.9698812,0.842782,1.8943566
hsa.mir.330,1.1552019,0.98789567,0.68086517,0.7576002,1.1085787,0.29906285,1.1006469,1.0096494,1.1317357,0.59172493
hsa.mir.331,0.98863995,0.84100485,0.6340148,1.6148895,0.945719,0.4612669,0.86025363,1.1400069,1.4658488,0.76453775
hsa.mir.335,0.8141269,0.6007544,1.2943795,1.5902085,1.6356394,5.8424506e-05,1.3551431,1.6122613,2.7401645,0.6880699
hsa.mir.337,0.012217798,0.17334896,1.7871654,0.3941844,1.4212365,0.18122579,1.5650942,0.7231874,0.77797914,1.4610804
hsa.mir.338,1.1373522,1.2591978,1.4794712,1.1854838,1.8662206,1.6858038,0.9026777,0.3663644,0.55216914,0.19475777
hsa.mir.339,0.883997,1.3484739,0.67687345,1.1246992,0.798918,1.5508239,0.99543303,0.5985442,0.4001901,0.57784635
hsa.mir.33a,1.2377892,2.2544086,0.00058050564,2.7481396,0.6298801,1.1112189,1.6219378,1.1388,0.42462018,0.21241
hsa.mir.33b,1.3138716,0.8159046,0.7484466,1.1896459,0.78273,1.2301055,0.95223933,1.2471312,0.9668322,0.47037426
hsa.mir.340,1.3006836,0.501603,1.1131109,1.6404727,2.0746584,0.12294902,0.41346952,0.4762188,2.2938015,1.3426533
hsa.mir.342,1.2140677,0.9325741,1.2309173,1.1845369,1.1676631,1.1472517,1.0802284,0.99935794,1.134707,0.9857158
hsa.mir.345,0.9929367,0.51095515,0.22228901,1.6731066,1.4245431,0.9237445,1.0839262,1.0159277,0.91213465,1.4196287
hsa.mir.346,0.9745621,0.6646971,1.3333586,1.1071905,0.8247677,0.9469361,0.82936114,0.88233984,1.2629856,1.0938004
hsa.mir.34a,0.4768303,0.9259875,0.88563114,2.1461804,1.0341465,2.1702578,0.39183792,0.38552,0.47827074,1.5220155
hsa.mir.34b,0.21853322,0.46621585,1.0900863,1.2590363,2.425898,1.2526104,0.85811174,0.38633102,1.1042886,1.8479986
hsa.mir.34c,0.55925536,1.1674101,0.98787916,1.1619453,2.7846222,1.7164482,0.95375526,0.010602204,0.9785721,2.6785316
hsa.mir.361,0.0028737416,1.0842202,0.89360386,1.4183878,1.2972398,0.6533494,0.1891735,1.6795288,2.1686237,0.79366463
hsa.mir.362,1.2237445,1.4177636,1.0919679,1.0265583,1.0194982,1.4625415,0.5900828,0.5354473,0.4255744,0.4886981
hsa.mir.363,0.74136907,1.2712358,1.0332887,0.92614394,0.88197833,1.224921,1.2434474,0.70191485,0.9445014,1.0159671
hsa.mir.365.1,1.3787119,0.19304183,1.6087238,1.0646656,1.0557832,0.6695303,1.3109553,0.49947092,1.2840967,1.9209651
hsa.mir.365.2,1.9604483,0.068089396,2.0945652,1.2699145,1.4162741,0.32782337,1.9891825,0.5807718,1.8995734,2.8601158
hsa.mir.367,1.0,0.9999999,1.0,0.9999999,1.0,1.0,1.0,1.0,1.0,1.0000001
hsa.mir.369,0.0067582414,0.3130728,2.0813313,0.4398115,1.6453768,0.30543876,1.755119,0.813901,0.80589426,1.8429353
hsa.mir.370,0.009418951,0.12685698,2.538664,0.39332423,1.9709017,0.30869612,2.042769,1.2193158,1.0397917,2.0765297
hsa.mir.371,1.036756,1.5743911,0.9598724,0.901296,1.3049918,1.6504474,0.61659473,0.88229984,1.062452,0.80019134
hsa.mir.372,0.54369867,1.2373921,1.5505784,0.92143494,1.8654718,1.1524503,1.0976406,0.6196755,0.9912518,1.1277264
hsa.mir.373,0.5261732,1.4522337,1.710221,0.82909966,0.666423,2.5700855,1.2830974,1.0175833,0.43496194,0.121693335
hsa.mir.374a,0.59549326,1.6647571,1.0238849,1.3167883,1.0444503,0.06406992,1.4750086,0.0038376474,1.4390633,1.0340208
hsa.mir.374b,0.25722024,1.3999314,0.946754,0.7151644,1.1223017,0.36408874,0.85661644,0.8462292,1.3351365,1.0278805
hsa.mir.375,1.2066507,1.4372896,9.418053e-05,1.0966716,0.4703043,1.8468101,1.6738673,1.8231516,1.1544547,1.3778313
hsa.mir.376a.1,0.049609605,0.20002124,2.1747925,0.55671,1.8585922,0.09775509,1.8578026,0.90670085,0.72786117,1.8783176
hsa.mir.376a.2,0.1612764,0.3013338,2.1077058,0.6157823,1.8807048,0.023761071,1.8614203,0.84107906,0.7241547,1.8952435
hsa.mir.376b,0.046014585,0.12324539,2.8942485,0.5850227,2.4359846,0.025869397,2.7907557,1.0650989,1.0302645,2.5995347
hsa.mir.376c,0.13299213,0.28340095,2.55168,0.629488,2.1962247,0.036953848,2.3021739,1.0121925,0.8579711,2.493181
hsa.mir.377,0.009612288,0.074760094,2.4878163,0.2786332,2.0118217,0.03005941,2.2181017,1.0619936,0.7792976,2.4195638
hsa.mir.378,2.3242333,0.66253877,0.68351704,2.1214616,1.3728868,1.5680523,0.00027691945,0.88461685,0.8302034,0.23755437
hsa.mir.379,0.00012725103,0.07516537,2.2305977,0.21553908,1.5827756,0.22107989,1.8476139,0.94904953,0.67780375,1.8440624
hsa.mir.380,0.0065298793,0.13091479,2.241762,0.21632811,1.718158,0.19994299,1.6043471,1.0356357,0.91050714,1.8144891
hsa.mir.381,0.0013512028,0.003116794,2.3693445,0.1509976,1.7116101,0.08890974,1.8781922,1.020853,0.684216,1.9280969
hsa.mir.382,0.08457137,0.027029447,2.001722,0.37916481,1.595067,0.26222625,1.7287248,0.87436813,0.81649315,1.7451389
hsa.mir.383,1.2923601,0.78486025,1.1395488,1.1661032,1.0145185,1.3700144,0.61420506,0.7440849,1.5095241,1.1052523
hsa.mir.384,1.0,1.0,1.0,1.0,1.0,1.0,0.9999999,1.0,1.0,1.0
hsa.mir.409,0.11399387,0.20066673,2.072386,0.43747464,1.6693664,0.3255994,1.5896481,0.9002241,0.99327856,1.7293177
hsa.mir.410,0.0051081427,0.20094433,2.3950903,0.26376244,1.7677432,0.009738106,1.6896359,0.940272,0.7125937,1.8433446
hsa.mir.411,0.054475322,0.26844922,2.7122054,0.5544153,2.2358243,0.14554128,2.5146217,1.2052523,1.1361483,2.4249597
hsa.mir.412,0.26520148,0.7180147,4.515208,1.3945919,1.1176913,0.6059398,2.0792925,0.8085523,1.3011538,2.1504068
hsa.mir.421,1.1122831,0.5288529,0.14306447,0.8378629,1.3328009,0.32701603,1.6956077,1.5530481,1.5763369,0.57011014
hsa.mir.422a,1.0,1.0,1.0,0.9999999,1.0000001,1.0000001,1.0,0.9999999,1.0,0.9999999
hsa.mir.423,1.1256974,1.1249491,0.96490365,1.6048614,1.712529,1.2181531,0.25850806,0.7266244,1.6737562,1.1948318
hsa.mir.424,1.5160886,0.8765341,1.2000929,0.9767794,1.6376059,0.00024732112,1.1645007,1.0729873,1.119545,1.8651519
hsa.mir.425,1.3521132,1.2087222,0.032864355,2.29387,1.9076976,0.20510243,1.3407003,0.7727622,0.5227905,0.88292444
hsa.mir.429,0.65630674,1.0994173,0.518148,0.6001442,0.5797739,0.5914124,1.1554269,1.1764551,1.0415261,0.8604397
hsa.mir.431,0.12190128,0.13718696,2.2103474,0.3778066,1.8350685,0.11851144,1.6194341,1.0215119,1.009073,1.8477186
hsa.mir.432,0.06045167,0.1332811,1.8227768,0.373486,1.4034731,0.1584482,1.4484209,0.7785406,0.6777625,1.3697762
hsa.mir.433,0.050236616,0.5137525,2.9579797,0.49429974,2.3296266,0.05969788,1.9605497,1.4316479,1.4201193,2.350016
hsa.mir.448,1.0,1.0,1.0,1.0,0.9999999,1.0,0.9999999,0.9999999,1.0,1.0
hsa.mir.449a,1.6115307,1.7419183,1.0061612,1.0957222,0.8150858,2.2048638,0.58851767,0.9883194,1.8796058,0.586797
hsa.mir.449b,1.5377829,1.8389184,1.77988,1.3461,1.0700358,1.5434178,0.80445915,0.15985213,1.2318255,1.1853467
hsa.mir.450a.1,0.8349939,0.8843172,2.0801642,1.7468432,2.0057287,0.024435626,1.6673054,0.9952516,0.016151214,2.2926142
hsa.mir.450a.2,0.7480721,0.8611046,1.5601131,1.3091965,1.6090525,0.38358533,1.1700283,0.6489927,0.27072388,2.071184
hsa.mir.450b,1.325049,1.0246171,1.5835764,0.97222203,1.6868907,0.01982589,1.1691458,0.7577571,0.95122504,2.0484123
hsa.mir.451,0.6076543,0.80613613,1.3330961,1.060016,1.1239698,1.1555,1.3831954,1.0775921,0.35565448,1.0294877
hsa.mir.452,0.8148221,0.052849766,1.9406092,0.63531655,1.8664684,0.00029735736,1.9832034,0.6809856,1.498668,1.7635527
hsa.mir.453,0.1779315,0.12447723,1.6800911,0.23884106,1.2631152,0.45692042,1.5716317,0.72838205,0.6861948,1.6991171
hsa.mir.454,0.9085383,0.94067514,0.58044976,1.668125,1.6261922,1.1944624,0.54500014,0.15358861,1.6211078,1.0544224
hsa.mir.455,0.9490133,0.89582145,1.3417755,1.1924673,0.89317596,1.3703445,0.95336837,0.6589894,1.458622,1.1949896
hsa.mir.483,1.1480222,1.0828905,0.7917343,0.86498076,1.7106415,0.9779266,1.3897011,1.6180286,0.91784644,1.3454347
hsa.mir.484,1.9022696,0.4178957,1.2864356,2.2975094,2.261349,0.9417146,0.4296349,0.9499628,1.4170862,0.26341206
hsa.mir.485,0.051692914,0.18609415,2.0388813,0.432821,1.8572793,0.1317858,1.8267609,0.91947407,0.95883244,1.9870939
hsa.mir.486,0.6717944,0.85495985,1.4874405,0.99612164,1.1504338,1.0999393,1.6147966,1.3626735,0.25711122,1.2802614
hsa.mir.487a,0.025227176,0.16380553,1.8347728,0.25734973,1.6023402,0.03534738,1.4964057,0.8414922,0.84019214,1.6167892
hsa.mir.487b,0.029893458,0.3644751,2.0744631,0.4263191,1.6639465,0.2420227,1.565494,0.8963269,0.8907194,1.8652194
hsa.mir.488,1.4843372,0.8333396,1.1387308,2.4744384,0.16633125,1.1370783,2.0314758,1.1919168,0.56550074,3.7970684
hsa.mir.489,1.6078887,1.3067316,1.3965559,0.5734218,0.6896136,1.4310681,0.9473335,0.61244047,1.0293268,1.075981
hsa.mir.490,0.98869133,0.83486515,0.78507984,0.67747164,0.73484516,1.2133746,0.744914,0.60205984,0.8481579,0.4773832
hsa.mir.491,0.040762804,0.42674106,0.7858765,0.8450508,2.3730724,0.4826505,1.2975603,0.7437668,1.3994737,1.7422886
hsa.mir.492,1.0,0.9999999,1.0,1.0,1.0,1.0000001,1.0000001,0.9999999,1.0,1.0
hsa.mir.493,0.060388662,0.0794615,1.9970208,0.3875896,1.7240102,0.17238061,1.7554246,0.79353255,0.8880855,1.7938473
hsa.mir.494,0.10515773,0.07046817,2.2214823,0.5561926,1.9991509,0.18224786,1.9233485,0.93824524,0.96042514,2.124928
hsa.mir.495,0.09418014,0.32174763,1.9891384,0.4252485,1.6804032,0.21767178,1.6399248,0.80998033,0.93020105,1.8269526
hsa.mir.496,0.014741795,0.20548396,2.6879327,0.49725747,1.9768535,0.30715922,2.2847533,1.0131092,0.8105946,2.2235312
hsa.mir.497,0.20615266,0.0053439275,1.5626167,1.038317,1.4242214,0.6819416,1.316402,1.3271056,1.2854029,1.5624397
hsa.mir.498,0.9999999,1.0,1.0,1.0,1.0,1.0,1.0,1.0,1.0000001,0.9999999
hsa.mir.499,2.0292025,1.5049325,1.6394972,1.8071405,0.9286885,1.185946,0.28633595,0.014259168,2.5898535,1.0727599
hsa.mir.500,1.5470039,0.9865546,1.0944998,1.0553757,1.141494,1.2592872,0.5553533,0.7320969,0.85425466,0.7243214
hsa.mir.501,2.1277263,1.2703775,1.5018029,1.3200412,1.3879477,1.8698618,0.7655,1.0424126,1.0171223,0.7524228
hsa.mir.502,1.3106302,1.0367467,1.2031394,0.7318638,0.9301255,1.3159428,0.74302953,0.5033962,0.5083325,0.46081677
hsa.mir.503,1.2641836,0.8099967,1.6921712,1.382532,1.7176952,0.9310049,1.0204254,0.77781093,1.0538889,1.8135136
hsa.mir.504,0.5865483,0.34770992,1.478072,0.7673302,1.4189829,0.12201576,1.1638976,1.1052382,1.4102871,1.896873
hsa.mir.505,1.1619456,0.9506271,1.0423409,1.0742977,1.286222,1.1147335,0.527478,0.79855335,1.3568146,0.72932523
hsa.mir.506,1.0976958,0.04552254,1.4808143,0.6383419,1.5670301,0.63324463,1.055325,0.6617834,1.1481829,0.82715946
hsa.mir.507,0.21852206,0.42783138,1.393602,0.9062234,1.8158618,0.4038835,1.4037082,1.0023395,0.24429077,1.3118904
hsa.mir.508,0.036330763,0.32746828,1.4767334,0.33160955,1.5013312,1.6007355,0.5843874,0.1313824,1.2149193,1.3230529
hsa.mir.509.1,0.052137025,0.1230196,1.3812842,0.47143024,1.8023158,0.6064386,0.67745125,1.1336427,1.4391105,1.195369
hsa.mir.509.2,0.012166535,0.26542062,1.64563,0.41837376,2.1987255,0.62529904,0.8579714,1.3509747,1.7363428,1.6831944
hsa.mir.509.3,0.14657196,0.19535811,1.6735033,0.6661159,2.1651044,0.583647,0.9929399,1.4691696,1.6365792,1.4317181
hsa.mir.510,0.86775887,0.06416231,1.732555,0.6783818,1.8809588,0.34455276,1.273883,1.1374854,1.3974416,0.97970235
hsa.mir.511.1,1.2543195,1.1680623,0.3705279,1.1114974,0.99445623,1.5258167,1.1115606,0.6057498,0.955522,0.38753566
hsa.mir.511.2,2.6299913,1.1467382,0.33632272,0.99484044,0.9820673,1.3700023,0.8659287,0.86515945,1.1803712,0.025169436
hsa.mir.512.1,1.6098144,0.60110503,1.23655,1.023737,1.5463376,0.70741093,1.1207954,1.1342657,1.3215772,0.5951381
hsa.mir.512.2,1.0549978,1.4595368,0.6010509,0.6676847,1.6597956,1.8015656,0.6508123,0.69214803,1.0611049,0.9797331
hsa.mir.513a.1,0.43154764,0.24233018,0.92063606,0.4184874,1.5382912,0.23086643,1.0418632,1.0908237,1.9925935,0.97491205
hsa.mir.513a.2,1.4510636,1.2920803,1.5373788,0.4162191,1.4270499,1.4148719,0.57172686,0.35140136,1.0932387,1.8047143
hsa.mir.513b,0.7251628,0.023905182,1.1366881,0.27240664,1.7894495,0.4545182,1.2919772,1.3540671,2.4445305,0.9378763
hsa.mir.513c,1.1805016,0.99908787,1.1690443,0.67130065,1.3622408,1.0872333,0.78643477,0.52458495,1.3780203,1.5435089
hsa.mir.514.1,0.23424517,0.076397195,1.6342579,0.6733887,2.034801,0.31562248,1.3083411,1.3590255,1.581503,1.2790002
hsa.mir.514.2,0.25128913,0.018872356,1.4022108,0.5532739,1.7747577,0.3141097,1.1007715,1.2206727,1.3717588,1.1128008
hsa.mir.514.3,0.29914704,0.01881121,1.3575102,0.5663959,1.6506883,0.20722497,1.0680228,1.1035105,1.2509279,0.9812581
hsa.mir.515.1,1.8051037,1.3916999,0.52717376,1.4826269,1.570066,1.6207774,0.85533106,1.5069915,0.60694164,0.93342596
hsa.mir.515.2,1.0,1.0,1.0,1.0,1.0,1.0,1.0,0.9999999,1.0000001,0.9999999
hsa.mir.516a.1,1.9477123,0.40851375,1.4216524,1.0388726,1.9455158,0.5913113,1.0981812,1.2214969,1.4100987,0.58426327
hsa.mir.516a.2,0.8835952,0.46376863,1.2118566,1.0470866,1.7242533,0.86719584,0.99327284,0.8554568,1.3956946,1.2515627
hsa.mir.516b.1,0.9999999,1.0,0.9999999,1.0,1.0,1.0,0.9999999,1.0000001,1.0000001,1.0
hsa.mir.516b.2,1.6036962,0.5693941,1.2380788,0.9991839,1.5623591,0.6272043,1.136022,1.2191797,1.3205826,0.55340207
hsa.mir.517a,2.0475779,1.0576955,1.5130415,1.0064468,1.6797395,1.1546727,1.0591059,0.7655344,1.650541,1.1671075
hsa.mir.517b,1.7903156,0.91679204,1.3727916,0.9085685,1.4980519,1.049493,0.91244364,0.6880937,1.4775263,1.0199546
hsa.mir.517c,1.6296464,0.6172914,1.2870271,1.0418603,1.548919,0.76796854,1.0658903,1.1519978,1.3451288,0.6000288
hsa.mir.518a.1,1.3232042,0.80700046,0.39001513,0.9098658,2.2467897,0.7369052,0.58083767,1.211268,1.2723857,0.7991376
hsa.mir.518a.2,1.4644983,1.4725904,1.468982,1.0479188,0.98146254,1.9388974,0.94683576,0.50737035,1.3883039,0.9923631
hsa.mir.518b,1.7205583,0.9249573,1.3605083,0.77353644,1.2519183,1.1648927,0.8388717,0.6160059,1.7291722,1.0854422
hsa.mir.518c,1.5881531,0.90317166,0.9270671,0.78160477,1.5782927,0.2907288,1.2618716,0.5803902,1.293876,0.91003
hsa.mir.518d,1.0,1.0000001,1.0,1.0,1.0000001,1.0,1.0,1.0,0.9999999,1.0
hsa.mir.518e,1.4662614,0.92250603,1.1659986,0.775117,1.0834545,0.99109036,0.7293494,0.47884405,1.3091725,1.0366583
hsa.mir.518f,1.6906561,0.6031427,1.3260297,1.0632113,1.681762,0.6545401,1.1731759,1.3072121,1.4323273,0.566641
hsa.mir.519a.1,1.6133775,0.8741708,0.42750603,0.7356126,1.7159644,0.6082927,0.3047902,0.8901238,0.4404385,0.746013
hsa.mir.519a.2,2.1569197,1.1964248,1.684985,1.2241188,1.7484323,1.4068971,1.1880136,0.8960606,1.823726,1.2670507
hsa.mir.519b,1.085463,1.617001,0.56784123,0.59301335,1.7298541,1.926759,0.61479175,0.65660393,1.0848966,1.0352954
hsa.mir.519c,1.0,1.0,1.0,1.0,0.9999999,1.0,1.0,1.0000001,1.0000001,1.0
hsa.mir.519d,1.6356189,1.0791545,1.354671,0.6108229,1.2608713,1.1185194,0.88317996,0.59637064,1.8466427,1.1935865
hsa.mir.519e,1.0,1.0,1.0,1.0,1.0,1.0,1.0,1.0000001,1.0,0.9999999
hsa.mir.520a,1.1196048,0.9108682,1.2172942,0.28240433,0.9739559,0.94922405,1.111397,0.5525004,1.5747877,0.7488543
hsa.mir.520b,1.6178811,1.1936804,1.4306098,0.84039104,1.1829026,1.2965312,0.8611308,0.30940664,1.5367652,1.2591726
hsa.mir.520c,1.0,1.0,1.0,1.0,1.0,1.0,1.0,0.9999999,1.0,1.0
hsa.mir.520d,1.1626531,0.8102355,1.1837586,0.80140746,0.8222531,0.71899533,0.77964497,0.9022851,1.4115967,0.9417243
hsa.mir.520e,1.0,1.0,1.0,1.0000001,1.0000001,1.0000001,1.0,1.0,1.0,1.0
hsa.mir.520f,1.09516,0.9666015,1.3387064,0.9930996,0.20327902,3.0899878,0.8095809,0.72315276,0.355347,1.9635136
hsa.mir.520g,2.1504354,1.0961325,1.6814146,0.8496106,1.5425223,1.4540019,1.0185462,0.7150024,2.213951,1.2967206
hsa.mir.520h,1.7227052,0.9041215,1.3024048,0.6808565,1.2550642,1.1913546,0.7966618,0.48959243,1.7866359,0.9841539
hsa.mir.521.1,1.0,1.0000001,1.0,1.0,1.0000001,1.0,0.9999999,1.0,1.0,1.0
hsa.mir.521.2,1.674936,0.6306688,1.3250728,1.0605016,1.6113418,0.7847575,1.1166406,1.1987566,1.3924685,0.60034
hsa.mir.522,2.1026669,1.9125884,0.33959055,0.6288335,1.9824162,1.3346099,0.51216364,1.2902993,0.7644344,1.1256465
hsa.mir.523,1.5618228,0.9536534,1.3868058,0.6066951,0.7373648,1.273414,0.69815016,0.6749326,1.73857,1.0780574
hsa.mir.524,0.80778843,0.41387618,1.2075841,1.0329373,1.7505748,0.8228307,0.9946188,0.89615846,1.4069787,1.2556224
hsa.mir.525,1.2544951,1.281124,0.98627967,0.66240543,1.3167657,1.9943118,0.8328811,0.39573947,1.0013394,1.0194222
hsa.mir.526a.1,1.0,1.0000001,1.0,0.9999999,1.0,1.0,1.0,0.9999999,1.0,1.0
hsa.mir.526a.2,1.0000001,1.0,1.0000001,0.9999999,0.9999999,1.0,1.0,0.9999999,1.0,1.0
hsa.mir.526b,2.109845,1.6152421,0.29916927,0.37113723,2.1110218,1.3258407,0.461442,0.86928445,0.86512,1.0288892
hsa.mir.527,1.8226277,1.4637575,0.31739646,0.40303087,1.9062065,1.3061386,0.5705194,0.60351515,0.98061866,0.5945844
hsa.mir.532,1.6962657,1.195211,1.4030576,1.0106736,1.2250024,1.6148703,0.7852007,0.8658972,0.77806604,0.5800562
hsa.mir.539,0.049067035,0.24224877,2.36134,0.6245536,1.9808693,0.3782034,1.9769303,1.0382524,1.0498055,2.102707
hsa.mir.541,0.032880414,0.14244421,2.161357,0.22179577,1.5971534,0.32992604,1.6904962,0.7737047,0.8103235,1.6113876
hsa.mir.542,1.466532,0.7638803,1.8023186,1.5665618,1.8079119,0.000107231026,1.3396641,1.1837043,0.7440868,1.9758874
hsa.mir.543,0.018742181,0.155021,1.8801498,0.41843483,1.5325756,0.14258681,1.4921894,0.75087595,0.79391164,1.5118725
hsa.mir.544,0.38903865,0.68461746,1.0582238,0.9160842,1.6507313,0.64177114,1.7555374,0.7271567,1.4492707,2.4265943
hsa.mir.545,0.045621805,1.7830064,0.59182703,1.5114596,1.4939435,0.6282779,1.7882318,1.2418115,2.280935,0.97319955
hsa.mir.548a.1,1.0000001,1.0000001,1.0,1.0000001,0.9999999,1.0000001,0.9999999,0.9999999,1.0000001,1.0
hsa.mir.548a.2,1.0,1.0,1.0,1.0,1.0,1.0,1.0,1.0000001,1.0,1.0000001
hsa.mir.548a.3,0.5167685,0.49050072,0.18404783,0.6477249,2.269197,0.57755643,0.25910106,1.8575058,2.3392303,0.3122857
hsa.mir.548b,1.1429291,0.9874402,0.7112814,1.3047204,0.7902273,1.1398102,1.1026101,1.2749045,0.8146722,0.5217695
hsa.mir.548c,0.9999999,1.0,1.0,1.0000001,1.0,1.0,1.0,1.0,1.0,1.0
hsa.mir.548d.1,0.63795656,0.79249984,0.081081785,0.9630945,1.7947685,1.0987667,1.0421233,0.5429074,0.72348183,1.8891602
hsa.mir.548d.2,1.0779365,1.0227629,0.5685618,1.506456,1.9527233,2.1069455,1.9746342,0.025935581,0.2947917,1.173137
hsa.mir.548e,1.4038575,1.8027474,0.63663894,1.5523139,1.5354228,0.7573681,1.1258222,0.011007351,1.036272,1.3190205
hsa.mir.548f.1,1.0687078,1.2299691,1.0279927,1.467731,0.94684875,1.0341041,1.0780196,1.4461465,0.901357,0.6456693
hsa.mir.548f.2,1.0,1.0,1.0,1.0,1.0,1.0000001,1.0,1.0,1.0,1.0
hsa.mir.548f.3,1.0,1.0,1.0,1.0,1.0,1.0,0.9999999,1.0,1.0,1.0
hsa.mir.548f.4,1.0,1.0,1.0000001,1.0,1.0,1.0,0.9999999,1.0,1.0,1.0
hsa.mir.548f.5,1.0,1.0,1.0,1.0,1.0000001,0.9999999,1.0,0.9999999,1.0,1.0000001
hsa.mir.548g,1.0,1.0,1.0,1.0,1.0,1.0,1.0,1.0,1.0,1.0
hsa.mir.548h.1,1.0,1.0,1.0,1.0,1.0,1.0,1.0000001,1.0000001,1.0,1.0
hsa.mir.548h.2,1.0,1.0000001,1.0,1.0000001,1.0,1.0,0.9999999,1.0,1.0,1.0
hsa.mir.548h.3,1.0000001,1.0,0.9999999,1.0,0.9999999,0.9999999,0.9999999,1.0,1.0,1.0
hsa.mir.548h.4,1.0,1.0000001,1.0,1.0,1.0,0.9999999,1.0000001,1.0,1.0,1.0
hsa.mir.548i.1,1.0000001,1.0000001,1.0,0.9999999,1.0000001,1.0000001,1.0000001,1.0,1.0000001,1.0
hsa.mir.548i.2,1.0,1.0,1.0,0.9999999,1.0,1.0,1.0,1.0,1.0,1.0
hsa.mir.548i.3,1.0,1.0,0.9999999,1.0,1.0,1.0000001,1.0,1.0,1.0,1.0000001
hsa.mir.548i.4,1.0,1.0,1.0000001,1.0,1.0,1.0,1.0,1.0,0.9999999,1.0
hsa.mir.548j,0.795094,0.29671678,1.0854608,1.065453,0.82646054,1.1491175,1.7985594,0.78510576,0.77097255,0.9899508
hsa.mir.548k,1.9683516,0.4764694,0.6598929,1.1336904,1.1350949,1.641048,0.9879657,1.282979,1.8034674,0.24917355
hsa.mir.548l,0.7856212,1.3854874,1.4500252,1.8292878,0.99083096,1.020956,1.8489846,0.0106239095,0.26282334,1.2177932
hsa.mir.548m,1.0,1.0,1.0,0.9999999,1.0,1.0,1.0,1.0,0.9999999,0.9999999
hsa.mir.548n,1.4160401,0.8251947,1.7256122,1.0484439,0.4165103,0.9818794,1.2825581,1.7264085,1.3187099,0.8601899
hsa.mir.548o,0.73860884,3.1091802,1.8316181,1.125183,0.12093408,0.027199088,3.327268,0.5488354,0.64294606,2.848141
hsa.mir.548p,1.2035092,1.3919575,1.5741818,1.5285722,1.778975,0.6141348,1.073217,0.9668405,2.3256905,1.4401989
hsa.mir.549,1.3261188,0.8955056,1.3177599,1.081999,1.098369,1.188715,0.7349689,1.0759535,1.3163977,0.86140174
hsa.mir.550.1,0.003384326,1.3191059,0.97092324,1.8481573,1.7563092,1.8703395,0.66860783,0.5268455,0.57205755,1.9381726
hsa.mir.550.2,0.085760884,2.022385,0.78381455,1.7560817,0.60297835,1.8366642,0.45029268,0.8017339,0.76128674,1.6053528
hsa.mir.551a,0.0021982172,0.60693556,1.5114917,1.4771385,0.69492525,0.73104143,1.8673421,1.3153263,2.2326562,2.4264345
hsa.mir.551b,0.9831796,0.7992528,1.1793243,1.1717148,1.2534574,1.5136012,1.2422855,1.4785526,1.3150489,0.34456718
hsa.mir.552,1.0691254,2.4912937,0.2442788,0.09657552,1.7730097,2.2385278,0.43113065,0.15137622,1.6570836,1.6782906
hsa.mir.553,0.9999999,0.9999999,1.0,1.0,1.0,1.0000001,1.0,1.0,1.0,1.0
hsa.mir.554,1.0,1.0,1.0,1.0,1.0000001,1.0,1.0,1.0,1.0,0.9999999
hsa.mir.555,0.9143623,0.36873433,1.3453994,1.1486706,0.98065674,0.9850643,1.0685978,1.7373298,1.0524483,1.0520742
hsa.mir.556,0.20840663,1.0680892,0.5202881,0.1988721,1.9570662,1.1320157,1.7854291,0.0131361475,0.69522876,1.6942773
hsa.mir.557,1.0,1.0,1.0,1.0,1.0,1.0,1.0,1.0,1.0,1.0
hsa.mir.558,1.0,1.0000001,1.0,0.9999999,1.0,1.0,1.0,1.0,1.0,1.0
hsa.mir.559,1.1142658,0.68596625,0.95010066,0.33166876,1.277479,0.26058486,0.8535396,1.218734,1.6195368,1.9182363
hsa.mir.561,1.2820853,1.8363211,0.31041303,0.3381748,1.6865482,1.9513747,0.23257975,1.9505599,1.3013862,1.6877651
hsa.mir.562,1.0,1.0,1.0,1.0000001,1.0,1.0,0.9999999,1.0,1.0,0.9999999
hsa.mir.563,0.9999999,1.0,0.9999999,0.9999999,1.0,1.0000001,0.9999999,1.0,1.0,1.0
hsa.mir.564,1.4625448,1.7820501,0.99788177,1.1396316,0.0886689,1.7140596,1.5666803,1.6114362,0.8342439,0.04090389
hsa.mir.566,1.0,1.0,0.9999999,0.9999999,1.0,1.0,1.0000001,1.0,1.0,1.0
hsa.mir.567,1.0000001,1.0,1.0,1.0,1.0,0.9999999,1.0000001,1.0000001,1.0,1.0
hsa.mir.568,1.0,1.0,0.9999999,0.9999999,1.0,1.0,1.0,1.0000001,1.0,1.0
hsa.mir.569,1.0,0.9999999,1.0,1.0,1.0,1.0000001,0.9999999,1.0,0.9999999,1.0
hsa.mir.570,0.18841536,1.3907914,0.44327766,1.2928683,1.1209637,0.6620823,1.3020043,1.2914895,0.9110872,1.0490817
hsa.mir.571,1.0,0.9999999,1.0,1.0,1.0,1.0,1.0,1.0,1.0,1.0000001
hsa.mir.572,2.4472198,1.8942904,0.9032788,1.4908563,0.058497492,3.3048666,0.68891394,1.8074974,0.069921486,0.630656
hsa.mir.573,0.97255796,0.24525356,0.74903274,1.8960557,1.4082983,2.1325078,0.84372145,0.5788995,1.4118894,0.55697376
hsa.mir.574,2.613397,0.0013749074,2.6870835,1.4151632,1.3538002,0.61472917,1.6657004,0.6165074,1.1854302,1.4531325
hsa.mir.575,0.9999999,0.9999999,1.0000001,1.0,1.0,1.0,1.0,1.0000001,1.0,1.0
hsa.mir.576,0.6973363,0.8133277,1.6028807,1.2157855,1.1740617,1.5252489,0.4947853,1.229845,1.4813098,0.76076096
hsa.mir.577,1.210638,0.9611719,0.3656216,1.0987546,1.9877046,1.6382655,1.462006,2.3800497,1.6217017,0.5672971
hsa.mir.578,1.0,1.0,0.9999999,1.0,1.0,1.0,1.0000001,1.0,0.9999999,0.9999999
hsa.mir.579,0.5904672,1.1553462,1.095008,1.1749661,1.302811,1.8872328,1.1699637,0.99236786,0.8623399,1.516864
hsa.mir.580,0.5110929,0.51500374,0.90438396,0.7650869,1.0063466,0.23625767,1.4236377,0.9009998,0.85897,1.1689034
hsa.mir.581,1.5681174,1.212752,1.2569201,0.10273129,1.8983921,1.5356894,0.8383303,0.99014926,1.5691113,1.0291688
hsa.mir.582,1.6370271,1.5695584,0.6826291,1.6870698,1.6665573,0.83305705,1.0668423,0.00069292117,3.841206e-05,0.91741776
hsa.mir.583,1.0,1.0,1.0,1.0,1.0,1.0,1.0,0.9999999,1.0,1.0
hsa.mir.584,1.1952362,1.2400254,1.3827913,1.052953,0.8863865,0.8963036,0.7265096,1.5277784,1.8095168,0.0015310785
hsa.mir.585,0.697926,1.0392437,1.2869185,0.8172682,1.7611393,0.2949274,0.7070261,1.176912,0.9784317,1.8318192
hsa.mir.586,1.4593827,1.5732896,0.053654075,1.7449609,1.0884539,2.4477189,0.39916885,1.0660744,0.55977714,1.1989207
hsa.mir.587,1.0,1.0,1.0,1.0,1.0,1.0000001,1.0,1.0,1.0,1.0
hsa.mir.588,1.3688767,0.7318827,1.2931321,0.4237715,0.80428857,2.5530727,1.2532897,0.63713163,1.2880428,0.8293761
hsa.mir.589,1.5198175,0.95881027,0.96858436,1.4470878,0.96358234,1.079643,1.1359075,1.04514,0.73160243,0.6037552
hsa.mir.590,0.7040456,1.1817586,0.11916395,1.9159113,2.1450877,1.4730266,1.0805826,0.01219197,1.0575451,1.1342949
hsa.mir.591,0.8910627,1.182789,0.7505859,1.1145748,0.9799494,0.8075872,1.4766575,1.8125777,0.88759303,0.57504576
hsa.mir.592,1.7778286,1.7516476,1.2748033,0.3767766,1.3651317,0.15200236,0.8135347,1.2959262,1.369216,0.8996856
hsa.mir.593,1.0,1.0000001,1.0,1.0,1.0000001,1.0000001,1.0,0.9999999,1.0,0.9999999
hsa.mir.595,0.9999999,1.0,1.0,1.0,1.0,1.0,1.0,0.9999999,1.0000001,1.0
hsa.mir.596,1.0,1.0,1.0,1.0,1.0000001,1.0,1.0,1.0,1.0000001,1.0
hsa.mir.597,1.2228913,1.1058959,0.56722564,1.745937,1.1253556,1.9480236,0.021912642,0.072163366,1.1016922,1.5596263
hsa.mir.598,0.7047387,1.1400309,0.5820576,0.8818002,1.9275869,1.4529239,0.7762167,1.2475848,0.9439694,1.477646
hsa.mir.599,0.4723384,1.1465235,0.88642126,1.195859,1.8114309,2.0508394,1.052044,1.1864866,1.6261767,0.20817658
hsa.mir.600,1.0015023,1.1935328,0.8449334,1.4549816,0.70113975,1.1345536,0.6004135,0.990677,0.985065,0.46137083
hsa.mir.601,1.0000001,1.0,1.0,1.0,1.0000001,0.9999999,1.0,1.0,1.0000001,1.0
hsa.mir.602,1.2248464,1.1067272,0.91153586,0.8254425,1.0676123,1.5438772,0.5560054,0.7018747,0.98622984,0.5644863
hsa.mir.603,1.0,1.0000001,0.9999999,1.0,1.0,1.0,1.0,1.0,1.0,1.0
hsa.mir.604,1.0,1.0,1.0000001,1.0,1.0000001,1.0,1.0000001,1.0,0.9999999,1.0
hsa.mir.605,1.0273448,1.1189276,1.0702567,0.89327675,1.3089522,1.4699411,1.1705328,0.9379115,1.0555701,1.5418692
hsa.mir.606,1.3884622,1.581701,0.9286429,0.9715306,1.3064525,1.7438686,1.6386449,0.6699147,0.7640798,0.6585553
hsa.mir.607,0.6087563,0.62823975,0.9416942,0.93489075,0.8802732,0.98355347,1.2318257,1.251144,0.82373434,0.9222227
hsa.mir.608,1.0,1.0,1.0,1.0000001,1.0,1.0,0.9999999,1.0,1.0,1.0
hsa.mir.609,1.0,1.0,0.9999999,1.0,1.0,1.0,1.0000001,1.0,1.0,1.0
hsa.mir.610,0.95036554,0.87064457,1.2761399,1.4345027,1.2494928,1.6690719,0.91854066,1.4353747,0.84218544,1.4020941
hsa.mir.611,2.241933,1.2383786,0.05805112,0.4858423,1.1083739,1.7860514,1.1924872,2.4908125,0.3585876,2.1519449
hsa.mir.612,1.6341525,1.4187747,0.5048689,0.8286186,2.7312617,0.40397346,2.6233218,3.050528,0.013101679,0.012910642
hsa.mir.613,1.0,0.9999999,1.0,1.0000001,1.0,1.0,1.0,1.0,1.0,1.0
hsa.mir.614,1.0,1.0,1.0000001,1.0,1.0,1.0,1.0,1.0,0.9999999,0.9999999
hsa.mir.615,0.73226106,1.088519,1.0689828,1.0884893,0.8842354,0.92203885,1.030803,0.63714725,1.4027084,1.0870461
hsa.mir.616,1.7543142,0.41006112,1.4276918,1.1946021,1.7999735,1.1532087,0.15158878,1.0477055,1.2111889,0.8022034
hsa.mir.617,0.6146538,0.73023486,1.2333876,0.635851,1.0924897,0.7425172,1.3857485,0.8243468,1.215186,1.1766969
hsa.mir.618,0.52517366,0.48489726,1.9625621,0.9098842,1.655044,3.0099084,0.020742761,0.46184233,0.03277848,4.402086
hsa.mir.619,1.0,1.0,1.0,1.0000001,1.0,1.0000001,0.9999999,1.0,0.9999999,1.0
hsa.mir.620,0.9999999,1.0,1.0000001,0.9999999,1.0000001,0.9999999,1.0,1.0,0.9999999,1.0
hsa.mir.621,0.21478748,1.1274844,0.11191819,1.6581395,3.8495443,0.6114383,1.2847607,3.7238019,0.16021113,0.7779214
hsa.mir.622,1.0,1.0000001,1.0,1.0,1.0,1.0,1.0,1.0,1.0,1.0
hsa.mir.623,1.3608037,1.3427535,1.1609697,0.3161483,0.9736359,2.354205,0.4571812,0.7846421,0.89080983,0.6808814
hsa.mir.624,0.010279724,1.4478106,1.814047,1.1480508,1.6401623,0.8882344,1.2871817,0.22309382,0.07861681,1.1239306
hsa.mir.625,0.63940996,0.7917683,1.3107258,1.0375527,1.294921,0.7222175,0.42259815,1.4825932,1.2724996,1.0282246
hsa.mir.626,0.64752704,0.87762177,1.6826777,1.3862659,1.1806979,1.1748796,0.8340935,1.25038,1.038679,1.2680949
hsa.mir.627,0.031967156,1.5282383,0.01961936,1.5078784,2.298669,0.6191284,1.2855295,0.09807358,0.5231961,2.2165794
hsa.mir.628,1.2156485,0.86649024,0.83220345,1.4695374,1.7415078,0.61206824,0.8754423,0.5878652,0.5185929,1.0231167
hsa.mir.629,0.96136093,0.983803,1.6286774,1.1100847,0.467537,1.5177433,0.6411079,1.442786,0.8316727,0.6546008
hsa.mir.630,1.0,0.9999999,1.0,1.0,1.0000001,1.0,1.0,1.0000001,1.0000001,1.0
hsa.mir.631,1.0,1.0,1.0,0.9999999,1.0,1.0,1.0,1.0,1.0,1.0
hsa.mir.632,1.574442,0.82300204,0.69107586,1.4421062,0.039774917,1.8182039,1.0234957,2.1646388,0.89328873,0.1913092
hsa.mir.633,1.0,1.0,1.0000001,1.0000001,1.0,1.0000001,0.9999999,1.0,1.0,1.0
hsa.mir.634,1.0,1.0,1.0000001,1.0,0.9999999,1.0,1.0,1.0,1.0,1.0000001
hsa.mir.635,1.0000001,1.0,1.0,0.9999999,1.0,1.0,1.0,1.0,1.0,1.0
hsa.mir.636,0.82374555,0.65438,0.6557095,0.5821887,1.5414878,1.0455585,0.6455574,0.5679648,1.3068539,1.0877284
hsa.mir.637,1.0,1.0,1.0000001,1.0000001,1.0,1.0000001,1.0,0.9999999,1.0,0.9999999
hsa.mir.638,1.4157333,1.8021222,0.5609053,0.5354468,0.5183975,1.4737765,2.0886345,1.7969826,1.0567001,1.0410002
hsa.mir.639,1.9215869,0.22800444,0.03245463,2.4085112,0.052880384,1.65127,0.9976511,3.6426046,0.47914225,2.1180289
hsa.mir.640,0.9800329,0.75394326,1.5326525,1.2269713,1.5555769,1.5930487,0.7040864,1.0832586,1.0973003,1.4512494
hsa.mir.641,0.9882864,0.7262939,1.6172543,1.0642618,0.8519179,1.3101127,0.80582553,1.0118833,1.5617169,1.1733027
hsa.mir.642,1.0467098,0.76617545,1.035216,0.535219,0.9424849,1.9517876,0.621208,1.605349,0.7943965,0.23366407
hsa.mir.643,0.46177167,0.7295839,0.75946045,1.583989,1.3262327,1.5804785,0.57769734,1.0847951,1.4942615,0.543583
hsa.mir.644,0.9364896,2.238806,0.5208578,0.4396343,0.7484986,2.202282,2.3712199,0.225941,0.67153287,2.5131774
hsa.mir.645,0.81605315,0.60853976,1.0664072,1.3522533,1.5604047,0.9089332,0.9659324,1.5859194,0.6905854,1.7620735
hsa.mir.646,1.0,0.9999999,1.0000001,0.9999999,1.0,1.0,1.0,1.0,1.0000001,1.0
hsa.mir.647,0.49801907,1.3535899,0.04761517,0.6642252,1.4605767,2.2092135,0.69507337,0.8495065,1.4559838,2.8652222
hsa.mir.648,1.0,1.0,1.0,0.9999999,1.0,1.0000001,1.0,1.0000001,1.0,1.0
hsa.mir.649,1.0,1.0000001,1.0000001,1.0,1.0,1.0,1.0000001,1.0,1.0,1.0
hsa.mir.650,1.0070388,1.7198188,0.19733828,0.85660917,2.0252814,1.1979445,0.4206325,1.1758066,1.0921576,1.2574171
hsa.mir.651,0.3515506,1.5332352,0.67658705,1.2938226,1.2155597,0.85846907,1.2407422,0.34661362,1.0976069,1.9320956
hsa.mir.652,1.2255445,1.2722137,1.1476526,0.94514287,0.5920603,0.70343137,0.87386024,1.2106831,1.1515687,0.8891942
hsa.mir.653,1.8516984,1.888816,1.8275673,1.2251904,1.5812712,0.25266305,1.5352433,1.5917598,0.08227991,0.9273664
hsa.mir.654,0.0007891522,0.06573639,1.874599,0.28494316,1.4471229,0.19817713,1.4831841,0.85598254,0.6230947,1.610478
hsa.mir.655,0.0767535,0.25742415,2.4021466,0.63433534,1.9068019,0.25637192,2.1402695,0.76491964,0.7347892,2.098418
hsa.mir.656,0.012419364,0.20909901,2.268074,0.42402658,1.8384804,0.051958524,2.015142,0.9148198,0.7469583,2.2410862
hsa.mir.657,1.4252911,1.714699,0.56808174,0.7027612,0.35618165,1.6582559,2.0832694,1.7228867,1.1572449,0.5213715
hsa.mir.658,0.7912986,2.1317408,2.778889,1.23488,0.3734595,1.8374346,0.19223921,0.47444978,0.15825813,1.0309505
hsa.mir.659,1.1452811,0.14864296,1.0156995,0.7484052,0.795245,1.4597195,0.9274692,1.831635,2.5995214,1.2591499
hsa.mir.660,1.2093031,1.0406933,0.57838947,0.98154444,1.2180649,1.1190909,0.7830481,0.5415517,0.67335004,0.7451546
hsa.mir.661,1.0000001,1.0,1.0000001,1.0,1.0,1.0000001,1.0000001,1.0,1.0,1.0
hsa.mir.662,1.0,1.0,1.0,1.0,1.0,1.0,1.0000001,1.0,1.0,0.9999999
hsa.mir.663,1.8372104,1.5085567,0.03543304,1.7102175,0.6961109,1.0071055,1.452886,4.341905,0.886982,0.85974646
hsa.mir.663b,0.68565416,0.97065324,0.0053920313,1.4106594,1.3867221,1.3159709,1.116114,2.3762999,0.98819774,0.95101655
hsa.mir.664,0.63387644,1.1616814,1.6838002,1.2534217,1.7463046,0.8715258,0.0017950713,1.147263,1.6930279,1.9518739
hsa.mir.665,0.6353654,0.011766597,1.8212483,0.76837045,1.6483622,0.18893912,1.6269958,1.0127404,1.576587,1.3866888
hsa.mir.668,0.4749077,0.20693648,2.0155454,0.63200563,1.8278081,0.018267004,1.8381233,0.92018497,1.4757557,1.7008122
hsa.mir.671,1.4289515,0.12585895,1.0350688,2.1395657,0.48338798,1.8318647,0.7088736,1.5686091,0.9958844,1.1453604
hsa.mir.675,1.3650434,0.52741045,1.1084156,0.74295145,0.89382714,1.2234147,0.75275403,0.669275,1.3070834,0.9579666
hsa.mir.7.1,1.1087565,1.0178964,0.89502364,1.198451,0.8844816,0.88943714,1.0357903,0.913356,1.2076001,1.1069986
hsa.mir.7.2,1.6387042,1.0036595,0.34761867,1.6319563,1.2157362,1.4945025,0.2751116,0.017890675,2.1615567,0.8209922
hsa.mir.7.3,0.6704278,1.3570036,0.6756549,1.1645392,1.0076818,0.74595,1.5387176,0.14566502,0.6979451,1.001849
hsa.mir.708,2.0252624,1.2160325,0.1863411,0.011847686,1.1427774,0.0019914599,1.3783993,0.34028074,0.6440029,1.9059889
hsa.mir.720,1.2669965,0.71030974,1.5854353,0.92301995,0.6769414,1.6356566,1.5569323,1.0986655,1.1021125,1.0112782
hsa.mir.744,1.741574,0.79586965,0.58705187,3.0581994,1.5025853,0.39390427,0.00054729567,1.207324,1.8758048,0.9557573
hsa.mir.758,0.0040287683,0.016298331,2.2023923,0.31091875,1.6616925,0.20110317,1.7780844,0.9513067,0.7051288,1.8016336
hsa.mir.760,1.8036116,0.70110804,1.1829025,1.6280363,0.6253757,1.2322983,1.4018517,1.4461522,1.1236597,0.92003256
hsa.mir.765,1.7295282,0.099755034,1.5199004,0.3024788,0.6517843,1.5421742,0.29025388,2.3672364,0.27106628,1.3979431
hsa.mir.766,0.16501445,1.1768405,0.63995314,1.7625508,0.46658802,0.06887845,1.5165687,2.8167892,3.327054,0.0025864167
hsa.mir.767,1.3679311,1.9001005,0.31432402,0.36346287,1.6435603,1.7834659,0.48210916,0.5214156,1.3195786,1.6537911
hsa.mir.769,0.7239818,0.9499511,0.75414234,2.0889177,1.4006741,1.0332028,0.6318005,1.5841978,1.0250859,1.0548248
hsa.mir.770,0.016545074,0.17435585,1.772775,0.20878246,1.6012626,0.35959506,1.3666072,0.93285024,0.7041273,2.1163626
hsa.mir.802,0.6935294,0.65972835,1.0467945,1.2207769,1.1734163,0.9155017,0.6631715,1.1288296,0.7804079,0.931128
hsa.mir.873,1.4349328,1.3986552,1.4183118,1.1285285,1.3792512,1.6032684,1.4388267,0.98660344,1.3766379,0.8546446
hsa.mir.874,0.7917649,1.2186092,0.90254974,1.2519394,1.309558,1.2195333,1.1291472,1.2245338,0.8578363,1.2744694
hsa.mir.875,0.06624271,1.4373031,1.0301895,1.953476,0.5366961,2.883109,0.5804523,1.513124,1.0801764,0.09080824
hsa.mir.876,1.1358842,1.0089554,0.74481905,1.3489327,1.0512925,1.8819091,1.2787297,0.5469659,1.0608141,1.0505962
hsa.mir.877,1.6527708,0.090345785,1.6659014,1.968201,2.143793,0.3521481,1.0286483,0.7121653,0.47447264,1.1725554
hsa.mir.885,1.9690461,1.384513,1.7264897,1.0603878,1.152497,1.6654271,0.54191536,0.83579427,1.3864863,0.99271494
hsa.mir.886,0.84659207,0.85949194,1.0103439,0.50195867,0.8336214,1.9464159,1.7698393,1.1288159,0.038474977,0.95851386
hsa.mir.887,1.370503,1.012906,0.33039457,0.6144241,1.5463848,0.76760274,1.0628263,1.0032648,0.7743807,1.5630852
hsa.mir.888,0.9999999,1.0,1.0,1.0,1.0,1.0,1.0,1.0,1.0,0.9999999
hsa.mir.889,0.0025292158,0.24154846,2.2240102,0.29761252,1.5753611,0.2440607,1.7223969,0.81832546,0.7001627,1.7895784
hsa.mir.890,1.0,1.0,1.0000001,1.0,1.0,0.9999999,1.0,1.0,1.0,1.0000001
hsa.mir.891a,1.3442272,1.446798,1.2061117,0.6032787,1.8989724,0.5688209,0.031469345,1.185407,0.3119564,1.3761337
hsa.mir.891b,1.5503862,1.3922993,0.94540817,0.95268613,1.4499358,1.8223327,0.47412732,0.9014979,1.2440336,0.8557267
hsa.mir.892a,0.9999999,1.0,1.0000001,1.0,0.9999999,1.0000001,1.0,1.0,1.0,1.0
hsa.mir.892b,1.0,1.0,1.0,1.0,1.0,0.9999999,1.0000001,0.9999999,1.0000001,1.0
hsa.mir.9.1,2.1570761,0.28918463,1.0522885,0.93402,0.46002507,2.9398718,0.20382828,1.5754808,0.18919548,0.9787591
hsa.mir.9.2,2.219169,0.30220303,1.0923034,0.9484462,0.4693328,3.0590072,0.2261141,1.6427493,0.19863828,1.0018103
hsa.mir.9.3,2.559801,0.26285732,1.3128468,1.0530704,0.58703196,3.5844817,0.18926664,1.7745261,0.22293882,1.238056
hsa.mir.920,0.9999999,1.0,1.0,1.0,1.0000001,1.0,1.0,1.0,1.0,1.0
hsa.mir.921,1.0,0.9999999,1.0,1.0,1.0,1.0000001,1.0,1.0000001,1.0,1.0
hsa.mir.922,2.5898728,1.312178,0.9725657,2.3506317,1.0451415,0.4941026,0.050569348,0.08525725,0.22719243,0.5002338
hsa.mir.924,1.0,1.0,1.0,1.0,1.0,1.0000001,1.0000001,1.0,1.0,0.9999999
hsa.mir.92a.1,0.07491952,0.74861896,1.9820344,0.83664155,1.1336524,2.1036932,0.23067705,2.0122561,1.1626008,0.347461
hsa.mir.92a.2,0.000102310514,0.6617395,1.8198097,0.7916194,1.012393,1.9645714,0.20424543,2.1903472,0.90760475,0.28220543
hsa.mir.92b,0.007736632,1.1473094,1.5730677,1.0145514,1.4629519,0.61723846,1.1461495,1.2481421,0.51997334,1.464278
hsa.mir.93,1.4388137,0.16707595,0.070030846,2.4818769,1.128003,1.1750256,0.20823473,1.4855965,1.4584252,1.0992875
hsa.mir.933,1.2196717,0.9089855,0.5502902,0.057606243,1.1445693,1.917709,0.79179686,1.3109274,0.78190964,1.3956082
hsa.mir.934,1.1958419,0.31976643,1.7600979,1.0473558,0.9887356,0.6178315,0.8494591,1.3191335,0.8509971,0.6783717
hsa.mir.935,1.2520206,1.8934076,1.1927512,0.0021425344,1.062011,1.8707564,0.6692382,0.94676614,0.98808265,0.437584
hsa.mir.936,1.0,1.0,1.0,1.0,1.0,1.0000001,1.0,1.0,1.0,1.0
hsa.mir.937,2.0124266,0.011671404,0.6839191,0.66373914,0.98113346,0.620357,1.2888055,2.8070621,1.4177088,0.5126424
hsa.mir.938,1.026162,1.1672391,0.70561683,0.9665129,0.4619457,0.0671217,1.681143,1.1597373,1.6593962,0.9738728
hsa.mir.939,1.0240006,0.014530638,0.7834469,1.1064509,0.6910537,2.03311,1.6093236,2.0326455,0.038582325,0.8567309
hsa.mir.940,2.366693,0.062384326,0.11052331,2.5443544,1.0361116,0.43705875,2.4681492,1.6808634,1.1628213,0.42578822
hsa.mir.941.1,1.0,1.0000001,1.0000001,1.0000001,1.0,0.9999999,0.9999999,1.0,0.9999999,1.0
hsa.mir.941.2,1.0000001,1.0000001,0.9999999,0.9999999,1.0,1.0,1.0000001,1.0,1.0000001,1.0
hsa.mir.941.3,1.0,1.0,1.0,1.0000001,1.0000001,1.0000001,1.0,1.0,1.0,1.0
hsa.mir.942,0.92538804,0.013330909,1.1655291,1.4217379,0.7241029,1.9609815,0.79454243,1.8833475,1.1023018,0.13092382
hsa.mir.943,1.5637982,1.3442712,0.43304113,1.6812396,1.264825,1.1017426,1.3016912,1.5072994,0.56982785,0.17363152
hsa.mir.944,1.7204401,1.612299,0.17083013,1.3231561,0.6262704,2.2696517,0.10728134,0.80861795,0.013409282,1.3803645
hsa.mir.95,1.1508044,0.9595009,1.0776148,0.77347744,0.82394063,1.1569209,1.2436774,0.9061161,1.0449319,1.1391358
hsa.mir.96,0.57838947,0.5386106,1.3333267,1.184621,1.6237535,0.8298762,1.6210353,1.3172956,0.50855654,1.0868853
hsa.mir.98,1.4255149,0.84287786,0.800562,2.070737,1.9449164,0.13954216,0.68031764,0.38258246,2.0968258,1.4083407
hsa.mir.99a,0.11949586,1.0816864,0.26493034,0.7458188,1.9609208,0.26282322,0.7367903,2.0101407,1.5089629,0.9017589
hsa.mir.99b,0.6446419,1.0563042,1.3340844,0.0042145858,0.9535445,1.0489779,0.72952867,0.9767622,1.7114457,1.1073924
