TCGA.3C.AAAU.01,1.2063777,0.537128,0.94934493,0.41409034,0.9393129,0.94805837,1.0493972,1.8704588,0.799858,1.2004606
TCGA.3C.AALI.01,0.8653181,0.88613284,0.6784625,1.0513572,1.3722596,0.53113145,1.1012028,1.8711344,0.27723885,1.1892937
TCGA.3C.AALJ.01,0.9529863,0.763816,1.4934274,1.3376758,0.8057911,0.12375885,1.0976639,1.3991562,0.286427,1.4903551
TCGA.3C.AALK.01,0.92740566,1.3965355,0.78497684,1.1434854,1.4196087,0.6208213,1.0326883,1.1155674,0.6718245,1.2853043
TCGA.4H.AAAK.01,0.47514394,1.5860584,0.92780656,1.2137048,1.5564151,0.58877623,0.99918276,0.92098796,0.716554,1.2590594
TCGA.5L.AAT0.01,0.93109256,1.2572887,0.9381275,0.49801117,0.9981765,0.89270353,1.3037696,1.0394136,0.9390371,1.5928959
TCGA.5L.AAT1.01,0.40889537,1.4796538,0.7485871,1.2664379,1.177355,0.721373,1.1219553,1.148356,1.2240623,1.1783394
TCGA.5T.A9QA.01,0.7816074,1.432511,1.490938,1.1383011,0.95006186,0.27659377,1.396155,0.90596676,0.8391687,1.1971349
TCGA.A1.A0SB.01,1.9506041,1.020596,1.1856464,1.106999,0.96791846,0.9092077,0.57817364,0.16614257,1.6653816,0.7231533
TCGA.A1.A0SF.01,0.9425246,0.9903624,0.8047962,0.8174137,0.8144683,1.1767762,1.4671422,0.93281853,0.99380666,1.493079
TCGA.A1.A0SG.01,1.4071702,1.147783,1.0229971,1.238545,0.5181894,0.96385956,1.3602178,0.54193705,1.1145906,1.0938812
TCGA.A1.A0SI.01,0.98408896,1.4531571,0.61728233,1.0317509,1.6604928,0.9416386,0.7395629,1.2789893,0.55852914,1.0726144
TCGA.A1.A0SN.01,0.3654023,0.9154763,0.352366,1.5937192,1.107357,0.9857829,0.8939953,1.801256,0.6727506,1.1470205
TCGA.A1.A0SQ.01,2.1966515,1.3666991,0.9583874,0.92579997,0.95252526,0.03389082,1.2028579,0.6051521,1.2149423,0.49084982
TCGA.A2.A0CK.01,0.41779247,1.5861455,1.470907,1.0723243,0.68318826,0.7120647,1.2712976,0.8681927,1.359707,0.93377626
TCGA.A2.A0CO.01,0.49270335,1.4772878,1.2394408,0.9202202,1.2135203,0.9597451,1.1651567,0.99552774,1.3982408,0.76712483
TCGA.A2.A0CR.01,0.11192218,1.098804,0.6557548,1.0245913,0.82925016,1.3099036,1.5454911,0.9037265,1.9024254,1.1025864
TCGA.A2.A0EP.01,0.37060902,0.92689985,1.196216,1.584491,1.3943491,1.1143513,0.31218687,1.2301725,1.0460107,1.1005464
TCGA.A2.A1FV.01,1.1739619,0.5267793,2.07787,0.17603752,1.2112417,0.39125958,1.3276092,1.07326,0.7564821,1.0698749
TCGA.A2.A1FW.01,1.0831614,1.2623339,1.3601724,1.0202599,0.68299514,0.3579899,1.3160428,1.0905879,1.3019919,0.9657358
TCGA.A2.A1FX.01,0.452114,0.8574741,0.9098114,0.6783862,1.9198192,0.7443079,0.8994357,1.3755101,1.0638825,1.2204334
TCGA.A2.A1FZ.01,1.1954826,1.4191642,0.6792729,1.1748772,1.186815,1.1230502,1.1830822,0.8247426,0.8365744,0.8086101
TCGA.A2.A1G0.01,0.75205314,1.4691535,1.3123994,0.8215163,0.83975255,0.8196879,1.3272921,0.70713764,1.5979227,0.74753606
TCGA.A2.A1G1.01,1.2687473,1.1679579,1.1730974,1.5117261,0.5292298,0.7333615,0.9799963,0.17431,1.743788,1.1497563
TCGA.A2.A1G4.01,1.5683155,1.1467607,1.0922966,0.8719071,0.63477004,0.6913705,1.2226883,0.9256337,1.4707929,0.8196113
TCGA.A2.A1G6.01,0.675075,1.441213,1.0829301,0.934242,0.9800452,1.5689068,1.0638475,0.45558557,1.7426059,0.49692202
TCGA.A2.A259.01,0.9832263,1.0728037,2.1022038,0.5887522,0.007305509,1.6492832,1.5750849,0.21210955,0.7553234,1.0574765
TCGA.A2.A25A.01,0.33969644,0.4655395,2.1809752,0.29962373,0.35513836,0.97018576,1.9237357,0.95260096,0.93103856,1.2060183
TCGA.A2.A25B.01,1.3863,0.6818702,1.148128,1.1994654,0.6882384,1.394199,1.5369625,0.91316444,0.56004524,0.50912505
TCGA.A2.A25C.01,1.8273259,1.0885699,0.6657271,1.053053,0.4309681,1.6022931,1.4110438,0.8648173,0.69615805,0.5011566
TCGA.A2.A25D.01,0.5384192,0.9046129,1.6621935,0.47122797,0.055951755,1.4439123,1.515708,0.7748926,1.1621606,1.6655444
TCGA.A2.A25E.01,1.6610488,0.94486445,0.6529274,1.1488665,0.52481383,1.2457613,1.4973986,1.1140388,0.7049291,0.21014574
TCGA.A2.A25F.01,1.0362246,0.20925052,1.4468887,1.5472658,0.5161287,2.1145024,0.30019784,1.2559018,0.66953266,0.4148049
TCGA.A2.A3KC.01,0.3581441,1.0099804,1.474075,1.1184682,1.6758969,0.32056636,0.8670764,1.4303888,0.8706152,1.1302614
TCGA.A2.A3KD.01,0.3435504,1.6090676,0.9520307,0.9546752,1.5185736,0.4731058,1.0283506,1.2761396,1.4025759,0.8963106
TCGA.A2.A3XS.01,1.0772574,0.16752467,1.4831718,1.7024229,0.8432843,0.88474214,0.4143792,1.2157348,0.9608317,1.2781634
TCGA.A2.A3XT.01,1.2117034,0.58195937,1.5938882,1.7133093,0.8954551,0.45528412,0.06801786,0.91062146,0.88988775,1.531931
TCGA.A2.A3XU.01,1.3087142,1.0453581,1.5200535,1.3664172,1.1972113,0.7932054,0.20610642,0.599805,0.7559521,1.5243074
TCGA.A2.A3XV.01,0.94345224,0.8381832,0.8345087,1.365985,1.8299006,0.2252848,0.7918223,1.1828413,1.3326532,1.0485301
TCGA.A2.A3XW.01,1.097789,0.3043076,1.2836274,1.66833,0.673688,1.3962928,1.0707163,0.00020668613,1.6490506,0.7230652
TCGA.A2.A3XX.01,1.4782301,0.64234,1.6282843,1.4435835,0.9918324,0.8242374,0.4255596,0.98141223,0.84741884,0.83781254
TCGA.A2.A3XY.01,0.44460082,0.81118727,1.5806297,1.4232558,1.024028,1.2306678,0.37627992,1.2271827,0.69141406,1.3332947
TCGA.A2.A3XZ.01,0.12540223,0.8797367,0.5906114,1.923166,0.3322694,0.72481424,1.1740706,1.5373925,0.9908491,1.4747381
TCGA.A2.A3Y0.01,1.5603602,0.4061804,1.2257317,1.4120183,0.70676565,0.46590942,0.84983593,0.69483376,0.9990962,1.5496033
TCGA.A2.A4RW.01,0.5961182,1.1828817,0.7986092,1.2113216,0.5843429,0.9041767,1.6811409,0.81749445,0.00069295225,1.8195037
TCGA.A2.A4RX.01,0.9577137,1.1595296,1.3213899,1.3824494,1.018454,1.1830666,0.47415844,0.37518656,0.2522233,1.9015363
TCGA.A2.A4RY.01,0.32866067,1.1233003,1.1955144,0.42638034,0.9320868,1.2363054,1.0416139,0.77650535,1.2051927,1.9516333
TCGA.A2.A4S0.01,1.8216717,1.6586152,0.68629795,0.22646953,1.5447582,0.16991079,1.1797415,1.2049203,0.5124477,0.5446158
TCGA.A2.A4S1.01,0.46535072,0.78309304,1.3159977,0.96390957,1.2358,1.511579,0.20973153,1.0670867,0.9735098,1.8265337
TCGA.A2.A4S2.01,0.9814411,1.4080102,0.5516643,0.27810177,1.3021438,0.92229944,1.2808006,0.7907906,0.840172,1.781576
TCGA.A2.A4S3.01,0.80521023,0.61471933,0.5540982,1.2092907,1.1655344,1.0702685,1.1865131,1.3721458,0.38404456,1.7429907
TCGA.A7.A13D.01,1.6039222,0.85135156,1.5453358,1.5543534,0.70940787,0.64778054,0.56509286,0.71740115,0.41298276,1.1146876
TCGA.A7.A13E.11,0.6779706,0.9628257,1.616178,0.80388606,1.3285294,1.9762563,0.28402188,0.7120025,1.0131936,0.30889493
TCGA.A7.A13E.01,1.8889376,1.0485728,1.5282208,1.2556264,0.7563516,0.32083336,0.7619283,0.37878647,0.71571845,1.3931248
TCGA.A7.A13F.11,0.8230848,1.0520118,1.5245341,0.43725538,1.0360605,1.9410715,0.54729545,0.6085275,1.5415623,0.48519456
TCGA.A7.A13F.01,0.8016982,0.6642666,1.1827161,1.1047072,1.2146913,0.95182246,0.7960773,1.4325234,1.1591359,1.0222988
TCGA.A7.A13G.11,0.6590464,0.9174207,1.579349,0.5033507,1.0832336,2.8331132,0.106856845,0.39867753,0.744197,0.19873245
TCGA.A7.A13G.01,1.1898427,1.7189015,0.53180844,0.43950754,1.3338716,0.5309321,0.7349841,1.2805645,1.8312604,0.5128769
TCGA.A7.A13H.01,0.2909063,1.4722477,1.0333676,1.5089271,0.99246687,0.5652433,1.403896,0.5010224,1.5803351,1.2215686
TCGA.A7.A26E.01,0.8992653,1.5040362,1.3876317,1.0898423,1.0310218,0.8404906,1.0813107,1.2054137,0.410186,0.6050185
TCGA.A7.A26F.01,1.6023271,0.46135888,0.57271373,1.3643833,1.07233,0.9738126,1.0597833,1.0963053,0.8716453,1.0583314
TCGA.A7.A26G.01,1.1271214,1.1828392,0.5625719,1.2058735,1.084511,1.3058219,0.7231685,1.0474076,1.0734245,1.105003
TCGA.A7.A26H.01,0.6156247,1.5321186,1.0182565,1.0098892,1.1487712,0.8784006,1.2231965,1.0558567,0.60126334,0.97019994
TCGA.A7.A26I.01,1.2942785,0.7403857,0.7472586,1.7764428,1.4857999,0.83937734,1.0951952,0.83242154,0.81661326,0.69201297
TCGA.A7.A26J.01,0.34349316,0.9456434,0.8109555,1.1934525,1.5843619,0.8257381,1.0925789,1.2139578,1.046508,1.2575336
TCGA.A7.A2KD.01,0.44781935,0.8361635,1.4941695,1.780993,0.6740473,0.7308927,0.55663544,1.3440558,0.9914997,1.2354461
TCGA.A7.A3IY.01,0.8323921,1.020898,0.93078357,1.8510413,1.5227338,0.22597419,1.1724459,0.68942285,1.5052958,0.68732786
TCGA.A7.A3IZ.01,0.8785817,1.4964774,1.2905626,0.32641438,1.1096634,0.13161303,1.1089828,1.1105082,1.532807,1.1049982
TCGA.A7.A3J0.01,0.4592708,1.540122,1.7911172,0.26331845,0.24282514,0.24733527,1.0185019,2.9755235,0.24218191,0.0031727876
TCGA.A7.A3J1.01,0.078637935,1.4719082,1.0199518,1.2914715,1.340194,0.46048355,1.2199452,0.95982313,1.5761305,1.1558976
TCGA.A7.A3RF.01,1.1538898,1.0894444,1.1461556,0.43147215,1.1865357,0.4872829,0.7856,2.1070979,0.9214176,0.41776717
TCGA.A7.A425.01,1.0042521,1.0477769,0.7090854,0.5105473,1.1683234,0.93237853,1.33874,0.8659793,0.9057527,1.7737236
TCGA.A7.A426.01,0.17986059,1.299103,0.71764314,0.59250104,1.1446594,1.247288,1.5406922,0.61360544,1.2723049,1.4308804
TCGA.A7.A4SA.01,0.9480063,0.46151334,1.1991684,0.92661387,0.6725908,0.47866777,1.7789181,0.58603066,0.30949774,1.8208547
TCGA.A7.A4SB.01,1.1391143,1.3529333,0.35180077,0.259771,1.1181954,0.8176964,1.4146541,0.48481235,1.5170958,1.6797442
TCGA.A7.A4SC.01,0.2625629,1.6836085,0.3326693,0.5971942,1.2052431,1.0323524,1.2041728,1.072458,1.3116211,1.3470978
TCGA.A7.A4SD.01,1.4915206,0.36326525,0.580194,0.8812869,1.0251057,0.8129137,1.0836248,0.94571364,0.81979257,1.8530052
TCGA.A7.A4SE.01,1.1693507,0.42072713,1.5412735,0.9656235,1.196169,0.9169913,1.1255533,0.48332545,0.26417404,1.7785205
TCGA.A7.A4SF.01,0.92192584,0.7232527,0.24257553,1.2462691,0.28804183,1.0124669,1.2215221,1.8881862,0.00057588925,1.7043923
TCGA.A7.A56D.01,0.082314014,0.8216317,0.77583927,1.7054989,1.7699718,0.23922326,1.0916364,0.8827498,0.683605,1.718441
TCGA.A7.A5ZV.01,1.363531,0.85144186,1.4600426,0.69051445,1.1789016,1.1280863,0.3846447,0.9245568,0.9394028,1.3164309
TCGA.A7.A5ZW.01,0.41025537,1.5016224,1.1948031,0.94428873,1.5631273,0.7375528,0.9545066,0.9304265,0.53356224,1.4862148
TCGA.A7.A5ZX.01,0.17792197,1.3716862,1.1363187,0.4400466,1.1283855,0.92407966,1.3517357,1.017551,0.8399905,1.4975309
TCGA.A7.A6VV.01,1.056912,0.6829334,1.5564951,1.7519755,1.0356439,0.45387143,0.598179,0.66253215,0.7089801,1.4154656
TCGA.A7.A6VW.01,1.317987,0.5219289,0.73993856,1.5515037,0.9306412,0.6862518,0.56759363,0.95493543,0.8454324,1.7294686
TCGA.A7.A6VX.01,0.46139038,1.4754785,1.1273656,0.88621867,1.2004889,0.872659,0.86035585,1.1977279,0.9352109,1.1633466
TCGA.A7.A6VY.01,1.3073066,0.6580622,0.7539704,1.541005,1.6998721,0.28286123,0.40327024,0.34041318,1.2779324,1.7899275
TCGA.AC.A23C.01,1.1114969,1.4884552,0.29606694,1.1136891,1.1636248,1.1801699,1.1045382,1.1025116,1.1068394,0.7160363
TCGA.AC.A23E.01,1.0549304,1.3221515,0.7664622,1.3530163,1.4346911,1.263063,1.1174643,0.7539163,0.68805593,0.61744136
TCGA.AC.A23G.01,0.41896972,1.5039623,1.308354,1.4622785,1.7034459,0.7823621,0.89509666,0.6537596,0.56193936,1.0083045
TCGA.AC.A23H.11,0.8440934,1.2682028,1.6278315,0.34587628,1.0824049,1.9195266,0.66276336,0.45433804,1.0324891,0.6399947
TCGA.AC.A23H.01,0.8818312,0.76887053,0.515155,2.1514192,1.1812804,0.8142209,1.158802,1.2507927,0.86124027,0.5152379
TCGA.AC.A2B8.01,0.8578738,1.4713513,0.84998614,1.21674,1.2766765,0.9651543,1.2000009,0.82652605,1.2309893,0.6698853
TCGA.AC.A2BK.01,0.9411548,0.41731653,1.4369315,1.3402251,0.69154364,0.57555836,0.07360303,1.1354864,1.2933912,2.0878808
TCGA.AC.A2BM.01,0.5063662,0.8830973,1.1898042,1.6179833,0.95813596,0.4072098,1.0564741,1.4915637,1.4369689,0.82986933
TCGA.AC.A2FB.11,0.54565805,1.2639138,1.481717,0.521878,1.1123316,1.7399608,0.54789394,0.61881816,1.6312479,0.71826154
TCGA.AC.A2FB.01,0.41782504,1.1680515,1.1514206,1.137906,0.57314265,1.3904701,1.133404,0.6686879,1.6641839,1.3153276
TCGA.AC.A2FE.01,0.514807,0.8419137,1.4354706,1.1028248,1.0711092,0.68707293,1.1287198,0.953063,1.5870568,1.0327787
TCGA.AC.A2FF.01,0.6871149,1.3161914,1.337727,1.1987323,1.0489025,1.1011425,1.2933345,0.66825974,1.0447451,0.82423556
TCGA.AC.A2FG.01,0.91385394,1.625404,0.9537958,0.36787033,0.9426297,0.99847084,1.1302979,1.2512604,1.3902135,0.5534144
TCGA.AC.A2FK.01,0.6460052,1.0382344,1.737224,0.7686367,0.52121675,1.2309266,1.3556997,0.021000382,1.7613162,1.0464222
TCGA.AC.A2FM.11,1.5494328,1.2511014,2.059228,0.52547836,0.878831,1.9400971,0.29519024,0.40318772,0.30433154,0.30504823
TCGA.AC.A2FM.01,0.82378125,1.1760188,2.2616165,0.59520376,0.32570526,0.76478314,1.6042465,0.4974342,0.8580169,1.0125316
TCGA.AC.A2FO.01,0.62465537,1.2537194,1.7217209,0.8278483,0.22751606,1.0220752,1.8444446,0.46239555,1.4541414,0.876248
TCGA.AC.A2QH.01,0.6174058,0.5669023,1.2405967,1.3781692,1.3035047,1.2495377,0.69275117,1.1453743,1.0199908,1.3358148
TCGA.AC.A2QI.01,0.6592774,1.3753041,1.7985429,0.972297,0.92216295,0.26600295,1.1841164,0.97858816,1.18152,0.79945284
TCGA.AC.A2QJ.01,0.7846521,0.77739275,1.69472,1.9168674,0.9933484,0.88155377,0.20789196,0.5357861,1.0966396,0.69265187
TCGA.AC.A3BB.01,0.39867318,0.82806206,1.7570928,0.9085221,0.8076227,0.88108027,1.3698826,1.0664812,1.3712288,0.78954166
TCGA.AC.A3EH.01,1.3928095,0.7036002,1.2165588,1.3316178,0.9015216,0.8659899,1.1667334,1.1281859,0.64863056,0.8911823
TCGA.AC.A3HN.01,0.10307972,1.2855443,1.0720824,1.2805955,1.8821106,0.3988647,0.8457399,1.24189,1.3257322,0.92861974
TCGA.AC.A3OD.01,0.07871683,1.6323787,0.8890973,1.5575973,0.34133554,0.7203452,1.7446679,0.7187587,1.492861,1.0879704
TCGA.AC.A3QP.01,0.26031783,1.2960441,1.0810956,1.498046,0.9003941,0.9328221,1.0305445,1.1416442,0.9308477,1.1863507
TCGA.AC.A3QQ.01,0.3659492,1.7091432,0.9493189,1.1040212,0.9916107,0.5298804,1.1880746,1.288023,1.4849104,0.5952205
TCGA.AC.A3TM.01,0.31940532,1.0151963,1.3481061,1.5742707,1.2770143,0.47025415,1.0218196,1.2462999,0.7716522,1.0019664
TCGA.AC.A3TN.01,0.7407715,1.4920186,1.1318139,1.3800166,0.9968189,0.23316608,1.0014441,1.203217,1.348631,0.9762804
TCGA.AC.A3W5.01,0.92241657,0.62428653,0.79711175,1.4084437,1.5647737,0.50737983,0.9437628,1.2945346,1.2259041,1.1248602
TCGA.AC.A3W6.01,0.5289851,0.82490253,1.3435339,1.2914824,1.3944566,0.54819304,0.9567303,1.4295496,1.1147738,1.1030778
TCGA.AC.A3W7.01,0.7128484,1.5379719,0.8690955,1.5228812,0.83024037,0.4695822,1.1676764,1.1446306,1.5216866,0.8546863
TCGA.AC.A3YI.01,0.25938126,1.4512914,1.0826187,1.3170202,1.5568128,0.99272424,0.71623003,0.8006291,1.2635535,1.2094634
TCGA.AC.A3YJ.01,0.92365927,1.5026973,0.9348841,0.8321625,0.7180845,0.27380556,1.2301604,1.4683962,1.5200757,0.7847503
TCGA.AC.A4ZE.01,0.930185,1.1272359,1.5102803,0.2533895,0.7698981,0.540084,1.598729,0.9962611,1.6539274,0.94425136
TCGA.AC.A5EH.01,0.8354662,0.9784975,0.78942853,1.2632532,1.8931886,0.67688566,0.7021597,1.5782381,0.26451936,1.0298188
TCGA.AC.A5XS.01,0.959844,1.0816442,0.64665025,0.36793658,1.143616,1.0705265,1.215135,1.1558601,0.9473244,1.735509
TCGA.AC.A5XU.01,1.1083093,0.70382124,0.88431334,0.69125926,1.2223476,0.8774695,1.3173157,1.3402842,0.7094527,1.2070622
TCGA.AC.A62V.01,0.17220078,0.5464708,0.79387826,1.1916853,0.9910345,1.2574891,0.6861464,1.3489507,0.0011147452,2.2371671
TCGA.AC.A62X.01,1.9813775,1.7877413,0.54943365,0.33311945,0.54841304,1.0038179,0.65801007,0.3904054,0.5191233,1.7953928
TCGA.AC.A62Y.01,0.90091455,1.3088493,0.5428308,0.85202646,1.243632,1.031756,1.1850345,1.0719109,1.0296208,1.1804388
TCGA.AC.A6IV.01,0.0029168245,1.7904121,1.0780836,1.6040463,1.7839464,0.6012616,1.137484,0.69201535,0.9594853,0.60170954
TCGA.AC.A6IW.01,0.7266666,0.45971537,1.3638394,1.6646698,0.20108892,0.7623795,0.0005917197,1.4152606,0.96353084,1.9868275
TCGA.AC.A6IX.06,0.61006254,1.4217335,0.5160293,0.9916362,1.0759017,1.011701,1.3202463,0.8774197,1.9687238,0.8706015
TCGA.AC.A6IX.01,0.3717247,0.9718679,1.1248101,1.248935,1.5891979,0.64781713,1.036423,1.2819134,1.2259399,1.0287621
TCGA.AC.A6NO.01,1.0229189,1.2278582,1.2692344,0.8108732,0.8197431,0.58236045,0.91171175,1.2088369,1.1893748,1.3572181
TCGA.AC.A7VB.01,0.9944633,0.19387588,1.0294803,0.9381995,0.76791555,0.6963969,1.217223,1.9458408,0.69334733,1.1450078
TCGA.AC.A7VC.01,0.4932037,0.593003,1.6552408,1.4840122,0.91721064,1.3611914,0.4160917,1.1192839,0.6760027,1.5175749
TCGA.AC.A8OP.01,0.002095796,0.90978795,1.7924862,1.2513119,0.7673792,0.16046958,1.070085,1.836209,0.104562044,1.2801685
TCGA.AC.A8OQ.01,1.0984389,0.6283708,0.71920234,0.9275553,1.2767289,1.6708698,0.121346444,1.2955829,0.8430945,1.4913218
TCGA.AC.A8OR.01,0.9073906,1.4308103,1.0735054,0.7545412,0.22838426,0.371979,0.51472795,2.1117022,0.91121906,1.1286328
TCGA.AC.A8OS.01,0.7523748,0.7504929,0.70442796,0.75424534,1.6844058,1.0214461,0.96876895,1.3695787,1.4400826,0.95064116
TCGA.AO.A12B.01,1.578524,1.5610931,0.4060291,0.27418175,1.7875477,0.41622832,0.9002772,0.9577273,1.6075675,0.5742141
TCGA.AO.A1KO.01,0.9934035,1.2133899,1.0784374,0.7145313,1.1118906,1.4802575,0.83403116,0.5373667,1.9537703,0.6111952
TCGA.AO.A1KP.01,1.124671,1.1512661,0.95543355,0.72310877,0.47971633,1.4345144,1.5391526,0.68002933,1.5022091,0.9718777
TCGA.AO.A1KQ.01,1.2661712,0.65019196,0.92933404,1.4720703,0.96946096,0.8985316,1.1702691,1.4469997,0.5076876,0.8701954
TCGA.AO.A1KR.01,1.6775492,0.87887126,1.1965923,0.89772755,0.9897918,0.96655405,0.6008956,0.9263782,1.1470913,1.087513
TCGA.AO.A1KS.01,1.2132543,0.5694107,1.0956485,1.2018896,0.49997783,1.2328783,1.4986223,1.0613267,1.043535,0.8696148
TCGA.AO.A1KT.01,0.44949585,0.8556701,1.0856783,1.5720758,1.1553355,0.8221281,0.9685998,1.2932564,1.3221217,1.0235182
TCGA.AQ.A0Y5.01,0.65528405,0.9789885,1.1636266,1.3721123,1.7580245,0.7523132,0.9705271,1.2199258,0.11548417,0.99938536
TCGA.AQ.A1H2.01,1.2567657,0.7140672,1.1526012,1.1935982,0.8894462,0.6059312,0.92509574,1.7954084,1.635499,0.0015319467
TCGA.AQ.A1H3.01,1.001512,1.1807779,1.0956637,0.9689618,1.2611755,0.8174766,1.2940542,0.36480495,1.7271518,0.91694313
TCGA.AQ.A54N.01,1.6090745,1.1521331,1.0269406,0.69522774,0.43744707,0.6779208,0.6538354,0.97747093,0.74861676,1.8203378
TCGA.AQ.A54O.01,1.1745964,1.2167591,0.6497764,0.9053525,1.4235512,0.772315,1.130178,1.0905335,0.31602383,1.6168025
TCGA.AQ.A7U7.01,0.18251723,0.80418515,0.59714234,1.0094316,1.7085862,0.86050296,1.1809125,1.3371876,1.2454087,1.3136432
TCGA.AR.A1AI.01,1.7190163,0.91048884,0.38353857,1.0239364,0.60689217,1.1892717,0.56572044,0.8014989,1.2968793,1.5784248
TCGA.AR.A1AJ.01,1.0159099,0.57887906,0.7099049,1.4097672,0.77290124,1.5275036,0.7975716,1.1163357,1.1963388,1.198085
TCGA.AR.A1AK.01,0.42602938,0.82595295,1.0469661,1.4741832,1.408445,0.9901554,1.0627558,1.1598555,1.1055558,1.0784112
TCGA.AR.A1AL.01,0.7956439,1.372976,1.2660246,0.5168815,1.0442696,1.1449555,1.0860784,0.93992966,1.4906693,0.8057847
TCGA.AR.A1AM.01,0.3348027,1.369539,1.1642544,1.3981327,1.2659336,0.6851775,1.04662,1.0970815,1.3047584,1.0297887
TCGA.AR.A1AN.01,0.97006917,1.0822206,1.0982924,0.7856645,1.1065875,1.2008646,1.0099281,1.2122366,1.4574484,0.60519505
TCGA.AR.A1AO.01,0.517397,0.6816549,1.0437295,1.4162823,1.2596854,1.2669305,0.82794416,1.1387255,1.0021914,1.2825134
TCGA.AR.A1AP.01,0.84932137,1.3648399,0.8140539,1.4745915,1.1508381,0.7531169,0.8513067,1.0588133,0.8057818,1.2364193
TCGA.AR.A1AQ.01,2.0401144,0.40840527,0.5629259,1.1451622,0.7549845,0.8783476,0.69740456,0.8824807,1.2160307,1.2887746
TCGA.AR.A1AR.01,1.8149211,0.28206658,0.8904526,1.1108078,0.6954005,0.92625266,1.2563695,0.58642936,1.5377783,1.0726388
TCGA.AR.A1AS.01,1.3511108,1.4700743,0.78831863,1.5990078,1.0960517,0.38601592,0.9995668,0.90679884,1.1381264,0.65502006
TCGA.AR.A1AT.01,0.6947583,1.389624,0.56326634,1.4627312,0.7504714,1.0711,1.2312117,0.9461379,1.5749729,0.8839228
TCGA.AR.A1AU.01,0.6465074,1.1849638,0.929393,1.070595,0.97972405,1.2597001,1.1305431,0.75431436,1.411215,1.1981343
TCGA.AR.A1AV.01,0.9208351,1.4365511,0.6640631,1.1274312,0.55190307,0.891665,1.1215342,1.4357644,1.3729885,0.72423226
TCGA.AR.A1AW.01,1.1572276,0.9694193,0.6009125,1.0406398,0.25866917,0.9993759,1.4394588,0.79004776,1.9784931,1.340956
TCGA.AR.A1AX.01,0.3274208,0.6791692,1.3176233,1.1275392,0.87161577,1.4075946,1.0646397,1.1804495,0.8361533,1.3705803
TCGA.AR.A1AY.01,1.8473417,1.0477184,0.8368467,1.0347736,0.8412398,0.80929536,0.8598211,0.6749174,0.73214734,1.4762695
TCGA.AR.A24H.01,0.8273248,0.21804504,0.11870461,1.1988544,0.36200073,1.9128265,1.77432,1.1344376,1.0460975,0.90400755
TCGA.AR.A24K.01,0.43431693,1.7258908,0.3716801,0.70774835,1.1106843,1.4374465,1.6931148,0.09195965,0.8741672,0.98150086
TCGA.AR.A24L.01,0.45892772,1.2985649,0.7561703,1.7066433,1.2784734,0.934009,1.2277972,0.91287696,0.7961005,0.9455446
TCGA.AR.A24M.01,1.0205843,1.4855952,0.4926987,0.82215536,1.2861191,1.2007285,0.94226253,1.4325135,0.76641935,0.6065103
TCGA.AR.A24N.01,1.2495921,1.336114,0.64595604,1.1286852,0.89935756,1.022802,1.0261952,1.1773877,1.1328745,0.81954885
TCGA.AR.A24O.01,0.97102934,1.3456322,1.0150492,0.75186634,1.3167039,1.0675256,1.131831,1.1328912,1.1163894,0.5508523
TCGA.AR.A24P.01,1.0611478,1.6215591,0.51856244,1.440206,1.316893,0.82769656,1.0582176,0.25512278,1.4519948,0.8902688
TCGA.AR.A24Q.01,1.4609315,0.6519266,1.4648542,1.1508913,1.2022021,0.9672345,0.8029617,0.9883537,1.0091906,0.6119727
TCGA.AR.A24R.01,1.1276581,0.5005573,0.9060736,1.352061,0.57030225,1.1425829,1.3561956,1.3130913,0.96978545,0.9382655
TCGA.AR.A24S.01,0.8626183,0.7225233,0.94958043,1.5345619,0.96569425,1.0107923,1.2107866,1.2578671,0.98434293,1.0148007
TCGA.AR.A24T.01,0.2741084,1.8536063,0.85921186,1.455523,1.3134259,0.7632821,1.5083845,0.5203233,0.5730747,0.97195995
TCGA.AR.A24U.01,1.0171176,0.672639,0.5500218,1.0461973,1.0412447,1.4911065,0.7359193,1.7202238,1.0217448,0.87635297
TCGA.AR.A24V.01,0.42332232,0.9123693,1.105896,1.650037,1.4885945,0.9843634,0.97901565,1.1683103,0.7879011,0.85415107
TCGA.AR.A24W.01,0.84274524,1.5134914,0.8333643,0.88949376,1.0064468,1.2782612,1.3031436,0.6338866,1.8191564,0.41324958
TCGA.AR.A24X.01,1.1022071,1.4023068,0.6717288,1.0170964,1.1954781,1.0675215,1.2786363,0.58816284,1.2536435,1.0320685
TCGA.AR.A24Z.01,1.3663397,0.84230995,0.30203468,1.048127,1.0161124,1.1384168,1.0748576,1.6017319,0.9048112,0.772269
TCGA.AR.A250.01,0.6416902,0.88485354,0.55901057,1.7940797,1.2227231,0.8045677,1.2585224,1.0647599,1.2334415,0.86319023
TCGA.AR.A251.01,1.7194107,0.0133273,0.88574266,1.4041663,1.1332741,1.2033459,0.67647564,0.89844054,1.2452258,0.65429556
TCGA.AR.A252.01,0.8148552,0.7093325,0.5442196,1.1700888,0.64085144,1.3399091,1.5365148,1.157779,1.8244442,0.56327355
TCGA.AR.A254.01,0.77880764,0.7386795,0.91759604,1.727787,0.7892375,1.560326,0.90543956,1.0711125,0.6375063,1.0381746
TCGA.AR.A255.01,0.5246983,0.8394422,0.6130555,1.4300486,1.0491041,1.471415,1.2683562,0.9512691,1.3488847,0.8007763
TCGA.AR.A256.01,1.9810652,0.5979095,0.99506044,1.1216053,0.3249996,0.95405084,0.95422214,1.0425622,0.5202901,1.0557836
TCGA.AR.A2LE.01,0.29119444,1.2295457,2.2523963,0.5021305,0.008846755,0.968666,1.4859709,1.0368801,0.87620705,1.0272263
TCGA.AR.A2LH.01,0.6062019,0.27936548,1.8437496,0.7607835,0.88988626,0.6502494,1.0623705,0.0016593584,2.0650873,1.4928457
TCGA.AR.A2LJ.01,0.42659438,1.3624746,1.3628815,1.1832846,1.089059,0.70675933,1.2825588,0.8061402,1.4586647,0.7972161
TCGA.AR.A2LK.01,0.28893936,1.5103248,2.0152326,1.5927156,0.26998302,0.48651093,1.2384931,0.5934749,0.65286493,1.2734115
TCGA.AR.A2LL.01,0.47002953,1.5374291,1.6093419,1.2686286,0.22110467,0.7790539,1.400957,0.29048392,1.1938391,1.2201779
TCGA.AR.A2LM.01,1.1877536,1.0605307,1.7432468,0.88465667,0.9288946,0.12598409,1.5289292,0.27003464,1.2329385,1.2095742
TCGA.AR.A2LN.01,0.4535162,1.2027329,1.7367872,0.57324046,1.295832,1.003828,0.9060761,0.8250558,1.2111908,0.9451246
TCGA.AR.A2LO.01,0.090254,1.1806319,1.402553,1.4043816,0.8556151,0.6466225,1.2685148,0.3386451,1.3264871,1.7343343
TCGA.AR.A2LQ.01,0.34150022,1.0432681,1.2970352,1.1488993,1.7527009,0.88420963,0.6756797,1.2241437,1.4431497,0.47020838
TCGA.AR.A2LR.01,1.4269177,0.3586707,1.8740633,1.3798143,0.24621786,0.6626439,0.99806845,0.8308081,1.0076838,1.0219878
TCGA.AR.A5QM.01,0.83614725,1.1761614,0.6752785,0.4133744,0.9031372,0.99783313,1.3866926,1.2013236,1.0019922,1.6372296
TCGA.AR.A5QN.01,1.1028687,1.1569083,0.9038953,0.62816423,0.96160746,1.0574002,1.336157,1.060059,0.5964209,1.3927368
TCGA.AR.A5QP.01,0.9720074,1.4508253,0.7660024,0.5091727,1.2111409,1.4469947,0.7693808,0.62893826,0.867253,1.5434679
TCGA.AR.A5QQ.01,0.83843654,0.5528934,0.61518395,1.5366026,1.4332638,0.9684217,0.44498858,0.45129183,1.04886,2.019151
TCGA.B6.A0I1.01,1.129322,0.56690264,1.5784056,1.7550575,1.0849962,0.5731339,0.2317449,0.68493974,0.7230871,1.545434
TCGA.B6.A1KC.01,1.2710692,0.52720636,2.0452497,0.57518625,1.2596678,0.86016434,1.3197623,1.3008112,0.13899563,0.50449884
TCGA.B6.A1KF.01,1.9233829,0.5400193,0.85080355,0.95902026,1.0818073,1.1150308,0.9724945,0.7422759,0.64078206,1.1205614
TCGA.B6.A1KI.01,1.1818743,1.7069049,0.5338436,1.0419976,1.1824851,1.1178808,1.1203951,0.80186224,0.9729841,0.68101746
TCGA.B6.A1KN.01,0.81280726,0.7055102,1.0608963,1.401038,0.86949533,1.1937459,1.2979399,1.0604007,0.8539271,1.1411347
TCGA.B6.A2IU.01,0.15583204,1.390179,1.6111885,0.94712096,0.574865,0.81178695,1.394132,1.0788101,1.5183985,0.8304091
TCGA.B6.A3ZX.01,0.704445,0.6598157,1.2363477,1.318962,0.72548246,1.0193014,0.37297845,1.4714911,1.5591037,1.2224748
TCGA.B6.A400.01,0.874759,0.6593185,1.9411204,1.7511581,0.9999358,0.6403129,0.31180838,0.8007063,0.36606553,1.4004529
TCGA.B6.A401.01,0.69325763,0.7965867,0.9801729,1.7918409,1.3996269,0.4954428,1.0630455,0.84648746,1.2216598,1.0808702
TCGA.B6.A402.01,1.0968693,0.52770174,1.7692479,1.7532759,0.6179053,0.790367,0.36989248,1.1279591,0.58102924,1.2546699
TCGA.B6.A408.01,0.9833332,1.302254,0.18220618,0.077992655,1.3426509,1.2988397,1.4548626,0.58837575,0.9844493,1.6112368
TCGA.B6.A409.01,1.4864352,0.36023495,1.1651647,0.96509594,1.5201918,0.88039136,0.92026496,0.5208991,0.53314114,1.7448307
TCGA.B6.A40B.01,1.3088025,1.3198469,0.8867769,1.5040305,1.3680563,0.42808554,1.2527263,0.45226204,0.99287033,1.1840494
TCGA.B6.A40C.01,0.09256551,1.276166,1.7710637,1.2667657,0.49051282,1.1650149,1.2899392,0.7737255,0.56616974,1.414931
TCGA.BH.A0AU.11,0.9433126,1.207007,1.4932724,0.34289756,0.97005886,1.8146021,0.88228804,0.4959276,1.4955379,0.46355528
TCGA.BH.A0AU.01,0.991315,1.6352035,0.7921793,1.2548065,1.6750708,0.7503385,0.9039975,1.0662876,0.9605475,0.34121865
TCGA.BH.A0AZ.11,0.9236934,1.2054124,1.3638649,0.6073381,1.0421225,1.5697442,0.79042107,0.566695,1.6310794,0.74114907
TCGA.BH.A0AZ.01,0.51056534,1.1349947,0.6243974,1.3582429,1.973398,0.6888977,0.71530324,1.4850415,1.0357654,0.77273023
TCGA.BH.A0B5.01,0.66461295,0.96163243,1.2545451,1.1459749,0.8840707,1.0854477,1.077469,1.6228564,0.5152346,0.69464993
TCGA.BH.A0B6.01,0.7404283,1.1538129,1.3709332,0.7532715,0.91980916,0.8174503,1.2708467,0.9858868,1.6889594,0.8739084
TCGA.BH.A0BF.01,0.71911544,0.75469583,0.4846519,1.7232862,1.2017308,1.0156593,0.8476389,1.1942352,1.1161919,1.231904
TCGA.BH.A0BS.11,0.9441388,1.2431766,1.3646619,0.41059583,1.0103551,1.7942061,0.80466855,0.56545746,1.6713866,0.38634297
TCGA.BH.A0BS.01,1.4500397,1.278793,0.7957129,0.42337316,1.085176,1.046108,0.8168222,1.5851815,1.1376737,0.48022807
TCGA.BH.A0BT.11,0.76906955,1.2492232,1.5127687,0.46741012,1.1675731,1.4288737,0.93050903,0.55786765,1.4546186,0.83349174
TCGA.BH.A0BT.01,1.2612656,1.2555759,0.6582906,0.7939248,1.1372114,1.3491863,1.055367,1.0163132,1.3381068,0.62657374
TCGA.BH.A0BZ.11,0.7518259,1.1204572,1.5404105,0.52264595,1.2030818,1.7124604,0.70478934,0.65183115,1.4203944,0.51668507
TCGA.BH.A0BZ.01,0.85548925,1.246191,1.5059242,0.3603272,1.0667641,1.7660874,0.82762915,0.48514724,1.3656893,0.5977099
TCGA.BH.A0C3.11,0.7749576,1.2217945,1.3709685,0.5436766,1.1806285,1.4903821,0.69742197,0.3520421,1.7927547,0.9172458
TCGA.BH.A0C3.01,0.8377201,1.3751168,0.69632685,1.4369651,0.8902862,1.3613513,1.3373538,0.65771574,1.2768365,0.70217246
TCGA.BH.A0DD.01,1.199791,0.65812975,0.89285254,1.24394,0.7823371,1.1189879,1.1362119,1.3858371,0.5332168,1.1253053
TCGA.BH.A0DG.11,0.78095627,1.2334093,1.4985381,0.41406837,1.0926249,1.6023332,0.9640988,0.46334714,1.4072548,0.79418236
TCGA.BH.A0DG.01,0.71782327,1.2015371,0.91892636,1.5904049,1.0548471,0.8043019,1.3002483,0.9930647,0.81481946,1.0218624
TCGA.BH.A0DI.01,0.71007186,0.8544844,0.85492754,1.4959781,1.4851725,1.0193646,0.895517,1.2941822,0.61088485,1.0906339
TCGA.BH.A0DV.11,0.77520543,1.2506773,1.5102675,0.46578658,0.987845,1.6805458,0.7954682,0.50199646,1.6122684,0.6646428
TCGA.BH.A0DV.01,0.90199536,1.1642874,1.2546868,0.83029866,1.4383991,1.0255129,0.9995087,1.0292298,1.3725413,0.48981482
TCGA.BH.A0E2.01,1.2670407,1.3006144,1.8418812,0.8359605,1.1375138,0.43815494,1.4283006,0.91876245,0.47943074,0.40798324
TCGA.BH.A0H3.01,0.8454365,1.3572683,1.053931,0.8869826,1.3427674,0.9963449,0.9883177,0.877654,1.4744847,0.88517714
TCGA.BH.A0HA.11,0.8213391,1.2384455,1.4173554,0.45900425,0.9681928,1.6926916,0.72045743,0.5137512,1.8486364,0.5378755
TCGA.BH.A0HA.01,1.1742417,1.0913837,0.89506775,1.0420448,0.56823635,1.1024622,1.6197803,0.5393783,1.5221373,0.9977223
TCGA.BH.A0HN.01,1.5236061,1.2719342,0.983655,0.6236016,0.6503482,0.2133765,1.4276518,0.7369833,1.7572299,0.9140982
TCGA.BH.A18V.06,1.0980829,0.8215572,0.94870454,1.3856548,0.6248607,1.1257344,0.39683074,0.6438972,1.1005242,2.0077167
TCGA.BH.A1EN.11,0.69312716,1.0697503,1.3324484,0.9187436,1.1748583,2.0853963,0.480162,0.6319535,1.0473597,0.36019313
TCGA.BH.A1EN.01,2.031811,0.23493685,0.3539441,1.4563011,1.1992983,0.4455793,1.2979121,0.48352543,1.6821579,0.74516505
TCGA.BH.A1EO.11,0.6272494,0.8999994,1.4684715,0.91314286,1.3681306,1.8325298,0.31538635,0.8631479,1.259892,0.39595148
TCGA.BH.A1EO.01,0.6520169,1.6281613,1.3590184,1.5844395,1.1941088,0.55622673,1.4056128,0.12255036,0.7708809,0.88613987
TCGA.BH.A1ES.06,1.1178991,0.68340254,1.2347499,1.3787494,0.3384525,0.57686895,0.6339248,1.8211607,0.81703943,1.3104719
TCGA.BH.A1ES.01,1.8101935,0.59009606,1.5975574,1.4516475,0.7495523,0.4132764,1.3227904,0.72882086,0.7885078,0.5036394
TCGA.BH.A1ET.11,0.5871682,1.2908274,1.5722164,0.44914266,1.1212769,1.8484728,0.6696761,0.3895081,1.4744252,0.58372426
TCGA.BH.A1ET.01,0.8682583,0.6693252,0.8299112,0.746763,1.3754675,1.2172103,1.1400427,1.2636082,1.5500201,0.7085059
TCGA.BH.A1EU.11,0.66959864,1.3262826,1.4362078,0.60420233,1.0713068,1.6187693,0.79723465,0.45616165,1.613403,0.7355505
TCGA.BH.A1EU.01,0.7663206,1.3339007,1.0703396,0.7419373,1.0176609,0.9645027,1.3655607,0.8226425,1.7070715,0.74683833
TCGA.BH.A1EV.11,0.64450145,1.2812085,1.5335777,0.44673416,1.2763498,1.5306258,0.89933956,0.5496947,1.305333,0.6860593
TCGA.BH.A1EV.01,1.0370418,0.83974844,1.0819027,1.206806,0.9547335,1.0047885,0.8989766,1.665322,1.3051685,0.4556561
TCGA.BH.A1EW.11,0.5768425,1.3705987,1.2918563,0.5733874,0.9761425,1.2453684,1.5681546,0.46716404,1.7267183,0.4954075
TCGA.BH.A1EW.01,0.71541196,0.71120167,1.4117992,0.99950695,1.1357718,1.0890903,1.2067705,1.2231121,1.042652,0.9308412
TCGA.BH.A1EX.01,1.67209,1.0311339,0.89684373,1.0716273,0.84648454,0.7042527,1.3453662,0.38231945,1.5055686,1.0330744
TCGA.BH.A1EY.01,1.4845891,0.31172928,0.92234975,1.4974648,1.190926,0.6550123,1.3046228,1.160119,0.70403534,0.7246933
TCGA.BH.A1F0.11,0.33178836,0.9983179,1.4083632,0.66957957,1.2575928,1.8654549,0.37987918,0.73554224,1.7138232,0.59807885
TCGA.BH.A1F0.01,0.9133648,0.61368144,1.0670187,1.089239,1.1051042,1.392961,0.76791674,1.0199418,1.684563,0.783637
TCGA.BH.A1F2.11,0.2706501,1.2483095,1.4818766,0.5325254,0.9413185,2.2201223,0.5507811,0.3200264,1.1616912,1.0130862
TCGA.BH.A1F2.01,0.96544456,0.8147353,1.0741872,1.4077662,1.3652328,1.1392794,1.0026344,1.2618731,0.7967257,0.5217492
TCGA.BH.A1F5.01,1.2862953,1.4009469,0.8206061,1.2396934,0.4774915,0.96333206,1.4720184,0.6349987,1.2190486,1.0627836
TCGA.BH.A1F6.11,0.5792834,1.4257078,1.8872979,0.6484482,1.3571275,1.8452003,0.3758609,0.29332873,0.39820653,0.7948854
TCGA.BH.A1F6.01,1.4513156,0.01507117,0.564025,1.1485057,0.84153724,1.1227542,0.9324423,1.4368318,0.77520454,1.5919398
TCGA.BH.A1F8.11,0.86360556,1.3223425,1.0289682,0.73084664,1.1230664,2.1875615,0.50636643,0.43940824,1.2707436,0.47907737
TCGA.BH.A1F8.01,1.0964667,0.87594116,0.41726646,1.5417964,1.4032485,1.2435496,0.8478799,1.3948096,0.41265753,0.9104056
TCGA.BH.A1FB.11,0.68417794,1.2382829,1.2166408,0.62262285,0.78492314,1.7204367,0.99860847,0.52308464,1.7417468,0.85693514
TCGA.BH.A1FB.01,0.7364456,1.3278339,0.87146735,1.1525576,1.2041333,1.1433996,1.0174663,0.7739062,1.0447979,1.2493918
TCGA.BH.A1FC.11,0.5525412,1.0150167,1.5206541,0.8405505,1.3616719,1.854192,0.5489288,0.602821,0.85558784,0.5834649
TCGA.BH.A1FC.01,1.903234,0.0008551915,0.86324173,1.240306,0.6891638,0.5030115,0.9205331,1.0212091,1.6560482,1.077914
TCGA.BH.A1FD.11,0.3379842,1.1493295,1.7398144,0.87074536,1.0203651,2.685579,0.43783462,0.041432176,0.29126686,0.23581524
TCGA.BH.A1FE.11,0.51273304,1.343245,1.0128682,0.7391161,0.87611157,1.9162235,0.9582417,0.4275348,1.9239005,0.5763605
TCGA.BH.A1FE.06,0.6807096,0.7760099,1.2617043,1.3891456,1.5857582,1.3720434,0.23094638,0.51842237,1.3086772,0.8346456
TCGA.BH.A1FE.01,0.55408454,0.6672757,1.1813885,1.3216114,0.9385985,1.2652514,1.0875995,1.1022885,1.3227197,1.0882028
TCGA.BH.A1FG.11,0.56981283,1.3539634,1.3045739,0.5647917,1.1653367,1.8115911,0.8125736,0.43470764,1.5417813,0.5776518
TCGA.BH.A1FG.01,0.97177106,1.6587723,0.51812387,0.93140054,1.0472791,0.8173337,1.3537682,0.7207653,0.8894054,1.2381363
TCGA.BH.A1FH.11,0.5651114,1.121758,1.8113902,0.3543675,1.2623698,1.9717602,0.6366127,0.361152,0.5324094,1.0396749
TCGA.BH.A1FH.01,0.6588808,1.6928382,0.2688763,1.1890082,1.4330438,1.1392167,1.2436818,0.5484548,1.1591618,0.92712885
TCGA.BH.A1FJ.11,0.98504245,1.1259285,1.6385415,0.39313123,1.0996104,2.1933408,0.6016729,0.34590712,0.4871631,0.73466516
TCGA.BH.A1FJ.01,1.3461547,1.5845767,0.69636065,1.1839663,1.2630405,0.5077069,0.944602,1.0824844,1.1337482,0.60800433
TCGA.BH.A1FL.01,0.99233985,0.9534168,1.3854656,0.21921808,0.63891774,1.225975,1.4730709,0.86438394,1.4333763,1.272963
TCGA.BH.A1FM.11,0.61249477,1.1484655,1.337103,0.37760025,0.90836537,2.3154457,0.9940198,0.21336281,1.2594959,0.6651953
TCGA.BH.A1FM.01,1.0224532,0.72845215,0.86349773,1.6665443,1.1682925,1.0496274,0.981813,1.5065011,0.7129128,0.39741123
TCGA.BH.A1FN.11,0.5281696,1.1990273,1.6426417,0.42512587,1.2522764,1.9992678,0.6505593,0.3239728,0.5774496,1.150209
TCGA.BH.A1FN.01,1.1943202,1.4060173,1.2286212,1.6780195,0.5941996,0.69451684,0.73410314,1.0405446,1.0311373,0.757119
TCGA.BH.A1FR.11,0.64156276,1.2490208,0.94065416,1.0396144,1.4354242,1.7612454,0.56089526,0.71358037,1.2537781,0.5351107
TCGA.BH.A1FR.01,1.5355554,1.4544164,0.9555467,0.7308906,0.9952648,0.6740021,1.4306055,0.85437346,0.8336312,0.6456494
TCGA.BH.A1FU.01,0.73973995,0.6597902,0.89843196,1.2727998,0.9770337,1.3570789,0.9704677,1.1881894,1.1798753,1.1097927
TCGA.BH.A201.01,1.0022955,1.387717,0.7346693,1.2813334,1.3127326,1.1309295,1.093527,0.80804265,1.204394,0.6770235
TCGA.BH.A202.01,0.9197437,0.9638074,0.3879676,1.5433134,1.16621,1.3699332,1.1027813,1.078382,1.1980805,0.59673375
TCGA.BH.A203.11,0.5673031,1.2693393,1.4872237,0.5127694,1.1085486,1.892808,0.6243966,0.41070923,1.3217355,0.8595459
TCGA.BH.A203.01,0.6140505,0.97969985,1.4263601,1.4581366,1.8209279,0.4541277,0.9860383,1.3212659,0.44248798,0.6440981
TCGA.BH.A204.11,0.4110345,1.0179712,1.3189495,0.70269763,1.0011218,3.0373926,0.29315853,0.152181,1.0870202,0.06920332
TCGA.BH.A204.01,1.5497096,0.7285954,1.313568,0.8376656,1.0855168,0.6707771,1.3444073,1.394866,0.68185246,0.3992531
TCGA.BH.A208.11,0.83825594,1.2550142,1.0932178,0.63532,0.9956434,1.7334721,0.82600874,0.53552884,1.8801491,0.72645736
TCGA.BH.A208.01,1.4000016,0.52366185,0.17708893,1.8913245,1.5060146,0.7398998,1.3244132,0.19194026,1.5712348,0.76033527
TCGA.BH.A209.11,0.5515487,1.2087187,1.0924902,1.0433092,1.2965847,2.031144,0.35573182,0.6075362,1.3598732,0.40630516
TCGA.BH.A209.01,1.1559027,0.76845837,0.05819872,1.2349719,0.5530298,2.0576591,0.8212933,0.9302188,1.2929653,1.0806222
TCGA.BH.A28O.01,0.2797355,1.3987292,1.2977324,1.0560521,1.2695576,0.96847034,0.6320677,1.0219125,1.5135176,1.0254433
TCGA.BH.A28Q.01,0.95996654,1.3109049,1.676803,0.5352268,0.99828,0.5370774,1.5052023,0.82237935,0.8078418,1.0874456
TCGA.BH.A2L8.01,0.266775,1.3463838,1.2760873,1.2002527,1.58351,0.32059142,1.1104816,0.7871765,1.4037567,1.1721617
TCGA.BH.A42T.01,0.32314357,0.95244336,0.52678883,1.3405561,1.5300871,0.6100239,0.9322998,1.4683448,0.85843426,1.472743
TCGA.BH.A42U.01,0.33019066,1.1220713,1.1282111,1.0542924,1.4500679,0.8043394,1.2040107,1.0233115,1.4663494,1.0868065
TCGA.BH.A42V.01,0.23668554,1.1877911,1.1882055,0.8447259,1.200741,1.1124736,0.6843313,1.0318716,1.1690552,1.8111986
TCGA.BH.A5IZ.01,1.7019353,0.8270575,0.9350722,0.92430437,0.79179907,0.7163114,0.7290643,0.62214786,0.41974223,2.0641487
TCGA.BH.A5J0.01,0.6833855,1.2032843,0.75583875,0.90397483,1.1665928,0.59111935,1.2278264,1.1530619,0.84534025,1.8062528
TCGA.BH.A6R8.01,1.0794821,1.3159889,0.50184613,1.0194165,1.1402408,0.6193248,1.3706145,0.9252088,0.9803255,1.2984493
TCGA.BH.A6R9.01,0.0037234207,0.99746734,1.5170454,1.467657,1.7080932,0.8066229,0.48560685,1.2778963,0.4280135,1.0459738
TCGA.BH.A8FY.01,1.2616423,1.2989784,1.1813921,0.41344738,0.7870544,0.0013115519,1.3171185,0.93904454,1.8612083,1.056325
TCGA.BH.A8FZ.01,0.266331,1.3323272,0.67677426,0.9622925,1.4345822,0.54149336,1.1172642,0.4326888,1.7998061,1.9284971
TCGA.BH.A8G0.01,0.20721865,1.5149995,1.1425183,1.2313141,1.2232451,1.0555643,1.1095775,0.7598814,0.87137735,1.2272819
TCGA.BH.AB28.01,0.51228124,1.5084273,0.35807562,1.2422571,1.5128464,0.5330175,1.1064886,0.7940007,1.5309696,1.3949037
TCGA.C8.A1HE.01,1.0623038,1.4860443,0.93590134,0.68011534,1.0844811,0.76010305,1.0552684,1.1044406,1.603277,0.74987525
TCGA.C8.A1HF.01,0.8964338,0.9001425,1.2466536,1.3555559,1.251875,0.5516654,0.92259264,1.4687333,1.4390785,0.32050526
TCGA.C8.A1HG.01,1.0982972,0.3858151,1.3818953,1.0740772,1.0497991,0.8122135,0.6771717,2.088321,1.3893865,0.21559311
TCGA.C8.A1HI.01,0.5478708,0.8631432,0.2741023,1.4734666,1.4732774,1.068509,1.3219289,0.5576414,1.7673175,0.93567
TCGA.C8.A1HJ.01,2.3126512,0.23152448,1.1968538,1.1811868,0.5407531,0.47018707,0.5925838,0.30900547,1.4295803,1.394816
TCGA.C8.A1HK.01,1.7386794,0.40276706,0.023085136,1.2818655,0.76355946,0.9367581,1.4613625,1.013184,1.2644261,0.7735106
TCGA.C8.A1HL.01,1.1823983,0.62344116,1.0495569,1.3087077,0.672053,0.46892715,1.4578663,0.99490356,1.1745303,1.1604799
TCGA.C8.A1HM.01,0.79247993,0.95727015,0.81435955,1.3788089,0.46187294,0.6338611,0.9042638,1.9586593,1.428537,0.64069617
TCGA.C8.A1HN.01,0.9965986,0.61471283,1.1940024,0.94956845,0.77564955,1.3342435,1.1850961,1.5367057,0.9847856,0.57334834
TCGA.C8.A1HO.01,1.7226119,0.47716397,1.5238235,0.96804065,0.6553949,0.3155879,1.2208302,1.448158,1.3116838,0.3394806
TCGA.C8.A26V.01,1.0173799,1.1007693,1.257762,0.70664185,0.89909226,0.71634275,1.2568338,1.0684142,1.1001279,1.3631552
TCGA.C8.A26W.01,0.6728893,0.56142247,1.7446094,0.33891496,1.0748804,0.88329154,1.359098,1.2137038,1.0418996,1.2753593
TCGA.C8.A26X.01,0.9048813,0.38636062,0.38663596,0.9355,1.7889184,0.8927762,1.1207352,0.70999044,1.9739571,1.1597953
TCGA.C8.A26Y.01,0.7453289,0.58911747,1.3714157,1.603827,0.73981017,0.5714974,1.6499493,0.7242297,1.0885512,1.0493546
TCGA.C8.A26Z.01,1.4103792,1.4789505,1.2950324,0.51044357,1.2481006,0.77421266,1.5033846,0.6514227,0.25127456,0.77656084
TCGA.C8.A273.01,0.37749806,0.5691938,1.96982,0.9259935,0.72594655,0.8172898,1.8115461,1.0579249,0.30304044,1.190277
TCGA.C8.A274.01,0.44965893,1.1142081,1.5342511,0.7248659,0.3356298,1.1196555,2.0841577,0.4414349,0.93539953,1.1449533
TCGA.C8.A275.01,0.6873114,0.5025021,1.5732524,1.5568831,0.3418514,0.6084504,1.4306713,1.4469982,0.8148721,1.219886
TCGA.C8.A278.01,1.4465618,0.7447325,0.06662462,1.490962,1.2841309,0.94639784,1.0066108,1.0277715,1.2109286,0.886125
TCGA.C8.A27A.01,1.4084643,0.11644674,1.7769834,0.94939095,1.287212,0.61224216,1.348789,1.200434,0.6655114,0.5465777
TCGA.C8.A27B.01,1.2955222,0.5794336,1.2032151,1.2309183,0.5872892,1.0861201,0.38537288,1.5558516,1.0167118,1.1191012
TCGA.C8.A3M7.01,0.7088745,0.65572095,1.2656488,1.0633992,1.0548888,1.0765682,1.1658429,1.3206604,1.6479628,0.62736034
TCGA.C8.A3M8.01,0.10307569,0.89813673,1.6804845,1.6283321,0.71773213,0.6803611,1.2390136,1.2249568,0.49376273,1.1918654
TCGA.C8.A8HP.01,0.66785914,0.024506396,1.0701883,1.5725597,1.6462134,0.33755466,1.0634153,1.0956562,1.6497847,1.1426634
TCGA.C8.A8HQ.01,0.35267806,0.9327921,1.4570814,1.1515503,1.5320493,0.5322572,1.0533154,1.4031817,1.2104744,0.5281002
TCGA.C8.A8HR.01,0.0896463,0.7254739,1.3780364,0.9303722,1.459816,0.95299757,1.0547138,1.1843562,1.3028265,1.269517
TCGA.D8.A1J8.01,1.5361962,0.62393105,0.5901089,1.2618581,1.3977723,0.8307704,1.2555715,0.8531395,0.8228606,1.0534514
TCGA.D8.A1J9.01,1.066991,0.8167982,0.8676146,1.4674791,1.3651437,0.669532,0.99750096,1.5468612,0.833307,0.7006873
TCGA.D8.A1JA.01,1.7802051,0.536134,0.22173716,1.5771042,0.7141556,0.5054971,1.0547518,1.4856144,0.59395903,0.9928722
TCGA.D8.A1JB.01,0.65159994,1.1973054,1.1574422,0.92060816,0.9654859,1.2295507,1.2496073,0.7332923,1.6717876,0.8936782
TCGA.D8.A1JC.01,0.9402829,0.8904358,0.60426474,1.7503428,1.1866925,1.1736605,0.9999394,1.3467474,0.6107082,0.748251
TCGA.D8.A1JD.01,0.48954332,0.8218585,1.154064,1.5003363,1.1206762,0.9229383,1.0202231,1.2622689,1.1680834,1.0394824
TCGA.D8.A1JE.01,0.76930094,1.1770138,1.2791735,1.1671964,1.7416067,0.69273865,0.736125,1.4062788,0.8713332,0.6308663
TCGA.D8.A1JF.01,1.1669734,0.6697308,0.67231166,1.0507631,1.2783432,1.0626032,0.6841565,1.6804308,1.1379942,0.8454062
TCGA.D8.A1JG.01,1.0293537,0.042636614,0.5537952,1.2386239,1.5637164,0.6967561,0.776668,1.7952548,1.650906,0.6431374
TCGA.D8.A1JH.01,0.7724393,1.3796903,1.1655549,1.1585087,1.0392863,1.0614389,1.1447153,0.7000722,1.368273,0.8992355
TCGA.D8.A1JI.01,1.4202292,0.5554956,0.016565764,0.19831611,0.5231408,1.1584135,1.3543807,1.7470623,1.2701489,1.1724815
TCGA.D8.A1JJ.01,1.160896,1.0240606,0.362134,1.4883597,1.4572171,1.1345979,1.0032494,1.3172805,0.73519844,0.41176826
TCGA.D8.A1JK.01,1.5450009,0.38351053,0.2520513,1.3598281,1.6840568,0.86035687,0.64503026,1.0234935,0.8312946,1.2465609
TCGA.D8.A1JL.01,1.2124174,1.1965535,1.3941171,0.8514232,0.79883015,0.91517633,0.51385427,0.5899917,1.2945795,1.5802572
TCGA.D8.A1JN.01,1.1865273,0.83701694,0.00034558412,0.0026701705,1.2786319,1.3694654,0.9629465,1.8290792,1.465021,0.61500615
TCGA.D8.A1JP.01,1.0563856,1.2666879,0.60631716,1.1635486,0.9062851,1.561434,1.0227883,0.93299335,0.7143366,1.0331246
TCGA.D8.A1JS.01,1.7512549,1.3205773,0.69334793,0.6870786,1.256583,0.13751456,1.2444614,0.43730876,2.0581274,0.58092064
TCGA.D8.A1JT.01,1.078914,1.4246036,0.990381,1.585434,0.35039237,0.62159646,1.3315886,1.0294126,1.0913744,0.91618687
TCGA.D8.A1JU.01,0.5260915,1.6119218,0.9027726,1.3647012,1.4358832,1.1324252,1.0252136,0.63252735,1.4698824,0.45715722
TCGA.D8.A1X5.01,1.4151899,0.62022007,0.72134733,1.0881435,0.8297571,1.0425668,1.0876222,1.537781,0.6279617,1.0739526
TCGA.D8.A1X6.01,1.5584857,1.2686353,0.99420494,1.303083,0.25448447,0.8250994,1.3135817,1.011551,1.3485674,0.39335176
TCGA.D8.A1X7.01,1.1751653,1.5104598,0.7670737,1.4965724,1.244964,0.87988025,1.0917424,0.87359214,1.0327926,0.39528534
TCGA.D8.A1X8.01,0.7464149,1.6125995,1.1526169,0.51631415,1.4448602,0.72415215,1.4821336,0.82804364,1.0306352,0.45135346
TCGA.D8.A1X9.01,0.5339685,1.7205735,0.93019325,1.7582239,1.2564431,0.6060992,1.3419062,0.6062811,0.6429801,0.79299647
TCGA.D8.A1XA.01,1.4018227,1.6208657,0.26335043,1.352973,0.7563168,0.8010892,1.0001359,1.1234561,1.1807528,0.70917505
TCGA.D8.A1XB.01,0.7785591,1.6539838,0.37117565,1.5585008,1.6162509,0.9490974,0.98033243,0.80857855,0.7800176,0.92722005
TCGA.D8.A1XC.01,1.4438045,1.8677964,0.5678599,0.37090334,0.9929047,0.46046245,0.8108271,1.9785557,0.755809,0.20563626
TCGA.D8.A1XD.01,1.4224849,1.2585789,0.5277434,1.3654702,0.5266616,1.4400861,0.9344645,1.0555508,0.60125405,1.0491775
TCGA.D8.A1XF.01,2.109436,0.2675426,1.17005,1.2014554,0.59958684,0.5042862,1.1271421,0.61840695,1.2808753,0.9870648
TCGA.D8.A1XG.01,1.137415,1.7210088,0.53828573,1.0488921,1.6369866,0.5412561,0.9297491,1.2261199,0.8973205,0.47526258
TCGA.D8.A1XJ.01,1.0410771,0.9494834,1.4291421,0.8440854,0.8203812,0.7714074,1.4476197,1.3684508,0.09630964,0.8179247
TCGA.D8.A1XK.01,2.2099872,1.4397094,0.44343424,0.9547417,0.0005877914,1.1353102,0.8512969,0.80232227,0.48712066,1.076966
TCGA.D8.A1XL.01,0.7287146,0.58800393,1.2811918,0.49300587,0.06913316,1.6140671,1.451294,1.6280956,0.016126227,1.284865
TCGA.D8.A1XM.01,0.5520115,0.7664736,1.6359516,1.2353657,0.9698749,1.2925588,0.97958666,0.9035286,0.16673449,1.2465765
TCGA.D8.A1XO.01,1.2311265,1.4284496,0.24543107,1.0729982,1.0358917,1.4536976,1.1169815,1.0660707,0.9363657,0.60135996
TCGA.D8.A1XQ.01,1.8958428,1.2456255,0.19769064,1.7342191,0.73572075,0.8906051,0.46342802,0.75438285,1.1787105,0.75927484
TCGA.D8.A1XR.01,1.7198159,1.639897,0.14869165,0.9536276,0.9904973,0.6291478,0.8671385,1.2809935,1.5996579,0.18220504
TCGA.D8.A1XS.01,0.5994915,1.5572605,0.85087323,1.5565811,1.2578106,1.0028952,1.0399702,0.63931555,0.47657263,1.2467991
TCGA.D8.A1XT.01,1.5221621,0.7463707,0.5003243,1.6418831,1.4229807,0.8949169,0.88728076,1.0866218,0.677578,0.6837311
TCGA.D8.A1XU.01,1.076722,0.9466896,0.081938036,0.7957376,1.5862755,1.3532022,1.0322918,1.2521453,1.0466754,0.745547
TCGA.D8.A1XV.01,1.9489117,1.6870958,0.29678094,0.15282765,0.85446614,0.35865957,0.8457178,1.8388122,0.7284247,0.6901048
TCGA.D8.A1XW.01,1.4138134,1.296875,1.1731157,0.68758327,0.85368085,1.3512064,0.09449638,0.86362696,1.4483149,0.9885994
TCGA.D8.A1XY.01,1.0741862,1.5107338,0.66466016,1.4951005,1.4066212,0.9863318,1.1503686,0.83134,0.9865729,0.5134513
TCGA.D8.A1XZ.01,1.4803604,0.56375843,1.0679011,1.0351856,0.7210541,1.2896043,0.7730356,1.4616845,1.0034127,0.73856574
TCGA.D8.A1Y0.01,0.9858441,1.2509488,0.6996951,0.88062745,0.15940766,1.6942824,1.3450596,1.139198,1.1118617,0.77636373
TCGA.D8.A1Y1.01,1.1424457,0.894456,1.0837406,1.2966253,1.1625901,1.2024344,0.90159863,1.5752861,0.47312745,0.3746186
TCGA.D8.A1Y2.01,0.5307837,1.1448876,1.2966181,1.3339858,1.4810985,1.2107896,0.7380733,1.0278667,0.018242162,1.0893118
TCGA.D8.A1Y3.01,1.3172898,0.2578632,0.65744334,0.74867666,0.22630647,1.5851461,1.0843569,1.9928963,0.5212415,1.0845344
TCGA.D8.A27E.01,1.330429,1.4024839,0.9772203,0.6648483,1.0413437,0.49193877,1.5471995,0.39375415,1.6062753,0.8475103
TCGA.D8.A27F.01,1.7186984,0.82885665,1.7526973,0.92058784,0.9136267,0.51101893,0.5938367,0.57498693,1.005795,1.1742326
TCGA.D8.A27G.01,0.40278295,0.81515086,1.6505091,1.2398778,1.2653645,0.76818043,1.3886274,1.1629174,0.45014885,0.7990206
TCGA.D8.A27H.01,0.92937565,1.1676334,1.5501658,0.9190387,1.3762636,0.7857067,0.82185036,1.0474888,0.8824887,0.948345
TCGA.D8.A27I.01,0.27628416,1.1297475,1.8892539,0.40104654,0.62536365,1.1618024,1.6796235,0.4503451,1.2477403,1.171209
TCGA.D8.A27K.01,1.1748315,1.0749269,1.4158839,0.36078674,1.1470398,0.773842,1.4009802,0.6217361,1.4156995,1.1727847
TCGA.D8.A27L.01,0.47171906,1.2894669,1.6848271,0.782637,0.83145577,0.90964055,1.5396459,0.7773136,1.0844408,0.91771805
TCGA.D8.A27M.01,0.77798957,0.6669263,1.4927639,1.1696922,0.9635607,0.8443012,1.1500883,1.317868,1.3149824,0.75820154
TCGA.D8.A27N.01,0.30526033,0.94842356,1.4645076,1.5885488,1.4652894,0.7176963,1.3005824,1.1170331,0.4311778,0.77304935
TCGA.D8.A27P.01,0.8795954,1.3013526,1.2672207,0.60440737,1.529354,0.33879414,1.2073855,0.58980346,1.651357,1.0253291
TCGA.D8.A27R.01,0.81780034,0.55822396,1.7332828,1.1948595,0.45353645,1.1793672,1.6829909,1.010023,0.7551139,0.68080634
TCGA.D8.A27T.01,0.9952329,0.98562217,1.9428443,0.6124009,0.9371609,0.5169627,1.5332851,0.6215433,0.88438535,1.1711951
TCGA.D8.A27V.01,0.94850785,1.5655234,1.0109942,1.1183351,0.9751479,0.9706919,1.0399005,1.2227616,1.0297937,0.51200455
TCGA.D8.A27W.01,0.70600927,0.75324094,1.8280447,0.8884533,1.1733534,0.6571348,1.4525971,1.1610214,0.71229136,0.84743434
TCGA.D8.A3Z5.01,1.0681089,1.1159514,0.77031904,0.14275746,0.87826145,1.315626,1.4070166,0.8925893,1.0665668,1.521453
TCGA.D8.A3Z6.01,0.8403589,0.9902224,1.203541,0.9471517,1.4876553,0.61078155,0.8790981,1.61938,0.87417066,0.79745126
TCGA.D8.A4Z1.01,0.5384014,1.2729352,1.1420906,0.32536733,1.4043602,1.1093737,0.9023566,0.93529564,1.2449461,1.5533895
TCGA.D8.A73U.01,0.058604144,0.859697,0.45152277,1.1798383,1.8321885,0.82222146,0.85399383,1.4984865,1.4068624,1.2818438
TCGA.D8.A73W.01,0.48939493,1.8374372,1.1508144,1.0220567,0.9104008,0.670735,1.3732033,0.97319996,1.081954,0.6211331
TCGA.D8.A73X.01,0.7569031,1.6183597,0.94396514,0.62153137,1.8426603,0.55507886,1.0133262,0.8392916,1.0887352,1.111276
TCGA.E2.A14N.01,1.1348754,0.54592067,1.2433392,1.1293718,0.8837033,1.3729447,0.9480509,0.4089228,1.7065879,0.9912071
TCGA.E2.A14U.01,0.904887,1.204882,1.3858285,0.95038563,0.98711103,1.1007606,1.0332136,0.19732627,1.570157,1.1251523
TCGA.E2.A15I.11,0.6265076,0.9719546,1.3614023,0.61750185,1.0565606,2.3022673,0.21909633,0.7290581,1.6579638,0.028030964
TCGA.E2.A15I.01,0.98738474,1.3011187,0.8910993,0.368501,0.85844487,0.9497543,1.0073283,1.4826702,1.5570654,0.8136746
TCGA.E2.A15J.01,1.2050525,1.344366,1.1960602,0.98613423,0.7981914,0.7475239,0.7001797,1.3584931,1.1088074,0.9345546
TCGA.E2.A15K.11,0.64805,1.2206178,1.4366299,0.5369136,1.2845782,1.6754335,0.6843061,0.54639184,1.4541392,0.67102146
TCGA.E2.A15K.06,1.6118882,1.5154392,0.6303236,0.36184728,0.947037,0.2999193,0.80578053,1.810279,1.3550209,0.4570016
TCGA.E2.A15K.01,0.6862244,0.50396913,0.9785994,1.7432756,0.77608156,1.1078911,1.0925571,1.7182317,0.9704904,0.5692525
TCGA.E2.A1AZ.01,1.351635,0.5111386,1.0752057,1.2974982,0.73266083,1.2801441,0.6949586,1.1014352,0.52383554,1.3634063
TCGA.E2.A1B0.01,0.69318473,0.718225,0.866228,1.441381,1.5963166,0.8595128,0.83152497,1.5148765,0.8982509,0.99515295
TCGA.E2.A1B1.01,0.38072637,1.535443,0.47817278,1.7279668,1.2748101,0.98540074,1.2158735,0.73478067,1.2660178,1.001004
TCGA.E2.A1B4.01,0.9471137,1.3341773,1.144121,0.82356244,1.4381081,0.4632628,1.1606126,0.52394706,1.5825399,1.0313929
TCGA.E2.A1B5.01,0.36367285,0.68297917,0.9352854,1.1905386,0.7525153,1.3058593,1.3624065,1.0441619,1.8432316,1.0313637
TCGA.E2.A1B6.01,0.3830264,0.8521033,1.0595741,1.0521269,0.15360078,1.7212341,0.98789126,0.6634051,2.2346342,1.407265
TCGA.E2.A1BC.11,0.5791802,0.9013272,1.5438552,0.4487309,1.0870398,1.9566731,0.42517182,0.79723763,1.747424,0.30999783
TCGA.E2.A1BC.01,0.75908166,1.3331093,1.0026461,1.1690888,1.4522924,1.0110569,1.0772048,0.851554,1.204901,0.7139392
TCGA.E2.A1BD.01,0.9264531,1.3726678,0.97424746,0.88784564,1.4571749,0.9021411,1.0633944,0.87237346,1.3284477,0.9433603
TCGA.E2.A1IE.01,1.2991433,1.038383,1.3333054,0.50751257,0.9178869,0.8776808,1.3929896,0.69889903,1.2332529,1.1775994
TCGA.E2.A1IF.01,0.9877292,1.4004358,0.88052994,1.3441156,1.1934052,1.3256631,0.822954,0.76454586,0.99416554,0.8387014
TCGA.E2.A1IG.01,1.1718463,0.9215408,1.6910154,1.0149606,1.8918188,0.32149267,1.0561987,1.0579566,0.12733917,0.67916423
TCGA.E2.A1IH.01,0.72937727,1.3100027,1.1959792,0.94699746,1.2943741,0.94980603,1.090774,0.8223475,1.4255812,1.0010539
TCGA.E2.A1II.01,2.1183124,0.84594357,0.2970206,0.69745064,0.0034057177,0.63091654,1.0982201,0.8452722,1.1198483,1.7748144
TCGA.E2.A1IJ.01,0.69868803,1.6078466,0.4618491,1.413855,1.4595346,0.82854176,1.0574721,0.94874275,1.1183748,1.0112895
TCGA.E2.A1IK.01,0.9609508,1.7634281,0.51826173,1.0368757,0.78345907,1.0218089,1.3106645,1.0539091,1.3985668,0.3521435
TCGA.E2.A1IL.01,0.9106127,1.3707469,0.35004294,0.9279304,1.1766301,1.2156888,1.265847,0.6543013,1.5624974,1.0266908
TCGA.E2.A1IN.01,1.0536338,1.5824152,1.0007415,1.2284383,1.067571,0.97854507,1.243716,0.60446316,0.89333296,0.81311303
TCGA.E2.A1IO.01,0.863064,1.3425478,0.6434068,1.5595986,0.7986583,1.3019916,1.2792298,0.70440716,1.2154155,0.8028256
TCGA.E2.A1IU.01,0.91031486,1.5449325,0.39803606,0.9083556,1.3428771,1.0451238,0.98623705,1.0935595,1.265212,0.9637265
TCGA.E2.A1L6.01,1.1794695,1.3341802,0.8038056,0.91387844,1.0392793,1.2929647,1.0145614,1.0603653,0.7766005,0.93036795
TCGA.E2.A1L7.11,0.7873632,1.2240275,0.92922884,0.65001154,1.1443851,1.7374166,0.9572345,0.48106995,1.2534531,1.0316302
TCGA.E2.A1L7.01,1.5887586,0.14904965,1.003257,1.1482227,0.8315163,1.1359961,1.0427452,1.7150892,0.9700972,0.4860034
TCGA.E2.A1L8.01,0.88061374,1.1721318,1.1368515,1.0530384,1.3476857,0.9122953,1.0451041,1.0136796,1.3788574,0.75668377
TCGA.E2.A1L9.01,0.9881993,0.79154843,1.3687949,1.1901305,1.4373165,0.7142548,0.9367112,1.4290991,1.0672791,0.5170004
TCGA.E2.A1LA.01,0.8258688,1.6655484,0.6056715,1.2424655,1.2483224,0.78196687,1.0199027,0.8555825,1.6378865,0.715093
TCGA.E2.A1LB.11,1.1096145,1.3124567,0.9987877,0.6377016,1.0943393,1.6672666,0.7826552,0.5424946,1.6700902,0.64364773
TCGA.E2.A1LB.01,1.297569,1.044111,0.25784704,1.2406098,1.3823781,0.9210016,0.7046747,1.6038128,1.0205926,0.6258083
TCGA.E2.A1LE.01,1.516191,0.13466316,0.45004997,1.168259,1.8422118,0.043525077,0.7327592,0.9317598,2.239727,0.67245
TCGA.E2.A1LG.01,2.3166244,0.38917086,0.6949842,1.6838871,0.49665385,0.49127862,0.2446205,0.1024222,1.6677172,1.2651392
TCGA.E2.A1LH.01,0.7065828,0.51152384,1.2024163,1.497245,1.0039594,0.91304255,0.21056756,1.4394132,1.1431109,1.5103198
TCGA.E2.A1LI.01,1.4743239,0.7969971,0.6365848,1.3064679,0.46670404,1.4995601,0.1983771,1.3108193,1.3114896,0.8373436
TCGA.E2.A1LK.01,1.6262202,0.46958464,1.3787769,1.5135398,0.7668523,0.8484175,1.091055,0.9961409,0.35242683,0.9001861
TCGA.E2.A1LL.01,1.5867773,0.50800097,0.94826365,1.4435068,1.6201121,0.95877516,0.42504853,0.3655053,0.71631324,1.3781762
TCGA.E2.A1LS.11,0.6483509,0.7866582,2.3183217,0.33525506,1.030135,2.3557842,0.022094894,0.53745717,0.031601693,0.87887037
TCGA.E2.A1LS.01,2.697491,1.1852199,0.7243269,0.022656037,0.90027595,1.1399574,0.87698823,0.12065845,1.3816242,0.5436179
TCGA.E2.A2P5.01,0.64435154,0.74799216,1.6840209,1.1846654,0.81564575,0.7407997,1.3683574,1.1659535,1.064993,0.7906008
TCGA.E2.A2P6.01,0.4721465,1.4599231,1.5603642,0.91119623,0.22276182,0.52716094,1.5539407,0.8542494,1.8658086,0.7035351
TCGA.E2.A3DX.01,0.22686557,1.6914785,1.1249336,1.1333457,1.826391,0.7470092,0.4515563,0.9775105,1.2400485,1.0919818
TCGA.E2.A56Z.01,0.52700347,1.0532442,0.46741965,0.0892938,0.65560555,1.3566525,1.0866675,2.3705804,0.7693678,0.86596024
TCGA.E2.A570.01,0.9131928,1.4585459,0.59339267,0.7618,2.0832338,0.6879791,0.8192468,1.0304942,0.456082,1.470906
TCGA.E2.A572.01,0.5863211,0.59582794,1.1236235,0.26926288,1.431258,0.9093892,1.399559,1.1881918,1.0494673,1.5176921
TCGA.E2.A573.01,1.1240113,0.4796951,0.78896457,1.3096939,0.89858925,1.1441915,0.45532104,1.2000349,0.75066245,1.9030185
TCGA.E2.A574.01,1.7846464,0.79577965,0.8214079,0.7239582,0.87353766,0.8768878,0.6528979,0.3294117,0.577252,2.3286452
TCGA.E2.A576.01,0.9042808,0.92468643,1.6331137,0.37244165,0.3625079,0.7588561,2.0221758,0.7015708,0.24582936,1.8236177
TCGA.E2.A9RU.01,1.2929645,1.639045,1.2349887,1.0942727,0.5397353,0.9437763,0.5624121,0.1737222,0.04409509,1.7777936
TCGA.E9.A1N3.01,1.486744,1.1572213,0.014154754,0.5533237,1.1674944,0.8064995,0.8608875,1.9106616,1.321593,0.2329337
TCGA.E9.A1N4.11,0.5571333,1.2327037,1.2144572,0.38496447,0.98878175,1.7732674,0.9065937,0.5707762,1.7554786,0.9409883
TCGA.E9.A1N4.01,0.69079584,1.4727173,0.7624556,0.69874156,1.1298045,1.0169786,0.95044297,1.4688767,0.8798221,0.9893675
TCGA.E9.A1N5.11,1.2179941,1.1368234,0.94238245,0.69165766,1.0016729,1.9815972,0.5045425,0.6012322,1.2987819,0.9925106
TCGA.E9.A1N5.01,0.80014783,1.9124149,0.3754238,1.2986736,0.96759605,0.74576485,1.3928301,0.6144095,0.91306776,0.86401075
TCGA.E9.A1N6.11,0.77116424,1.3982358,1.5958016,0.7988537,1.2547271,1.7887794,0.27519676,0.49464253,0.8811546,0.63075393
TCGA.E9.A1N6.01,1.1749179,0.6176776,0.9701945,1.4010036,1.3782377,1.1122389,0.8116056,1.4681249,0.7601987,0.5193113
TCGA.E9.A1N8.01,2.35826,1.0249207,0.94492793,1.0350337,0.34892833,0.4654487,0.52017546,0.6646616,0.8774904,1.3077275
TCGA.E9.A1N9.01,1.1604292,0.5809013,0.74348533,0.8120091,0.1730483,1.2803594,1.3959211,1.6366068,1.1590257,0.9455114
TCGA.E9.A1NA.11,0.8421415,1.3333068,1.4778631,0.8096254,1.4699241,1.7126774,0.5655364,0.5472249,0.8533983,0.3142658
TCGA.E9.A1NA.01,0.7637568,0.60354745,0.66025126,1.4668413,1.7553405,0.63564277,0.7448916,1.825771,0.6618742,0.9532325
TCGA.E9.A1ND.11,0.9069496,1.3477309,1.6395841,0.95750004,1.2620955,1.8792497,0.22441271,0.5579687,0.6767644,0.3795204
TCGA.E9.A1ND.01,1.3902632,0.6768444,0.46626902,1.735213,0.78647184,0.9942392,0.6326515,1.1171445,0.70794946,1.3515773
TCGA.E9.A1NE.01,0.9750083,0.58223605,0.83441424,1.2870512,0.64745826,1.4288427,1.3517599,1.151681,1.2111694,0.97690916
TCGA.E9.A1NF.11,0.7151373,1.0353448,1.5613273,0.81749725,1.3117508,2.1692579,0.1540006,0.71519536,0.85747623,0.18515967
TCGA.E9.A1NF.01,1.1335071,0.9423269,0.47881764,1.4368411,1.4311532,1.1005753,0.87688565,1.4110986,0.91325206,0.54679734
TCGA.E9.A1NG.11,0.7084452,1.0320494,1.4368483,0.80744797,1.3010795,2.2430182,0.12873046,0.6608282,1.0217981,0.23232426
TCGA.E9.A1NG.01,0.8490137,0.938079,0.7523813,1.6044488,1.295027,1.2328748,0.9729779,1.2889719,0.7653858,0.53395915
TCGA.E9.A1NH.01,1.2227424,0.8053679,0.92204297,1.2305306,1.1772251,0.9819061,0.89611745,1.3986536,0.84201264,0.743436
TCGA.E9.A1NI.01,1.2245574,1.2749262,0.43926618,1.485269,0.9281666,1.0355337,1.1465858,0.9965794,0.77484274,1.1818393
TCGA.E9.A1QZ.01,0.79824764,0.91926044,1.180716,1.0291437,1.1962347,1.3220674,1.2447059,0.9525991,1.3238053,0.42759594
TCGA.E9.A1R0.01,0.9109137,1.2133162,1.9553118,0.63911545,0.7104386,0.92672217,1.7362864,0.5460148,0.75813437,0.7809449
TCGA.E9.A1R2.01,1.2407788,0.73133075,1.0270797,1.1676388,0.86678755,0.9893863,1.1579337,1.671363,0.4948025,0.72824
TCGA.E9.A1R3.01,0.700759,1.7073313,0.8862532,1.371567,1.6585975,0.50224197,1.1145077,0.87762934,0.84647274,0.75540453
TCGA.E9.A1R4.01,0.9273468,0.8321067,0.8458544,1.6138608,0.50781214,1.0099411,1.4442593,1.1648732,1.240399,0.66427165
TCGA.E9.A1R5.01,0.6984384,0.7961206,0.79915583,1.6136811,1.3715247,0.9124812,0.8538325,1.6345773,0.62200135,0.87687963
TCGA.E9.A1R6.01,1.0231202,1.7252305,0.34544706,1.5709257,0.68491644,1.1378856,1.216283,0.61114734,1.0267593,0.8609682
TCGA.E9.A1R7.11,0.8137237,0.9907706,1.566711,0.5892857,1.1363298,2.4540431,0.06495045,0.5823208,0.98873186,0.14551961
TCGA.E9.A1R7.01,1.3343319,0.7292369,0.4987485,0.8253829,1.1578016,1.2622768,1.2431077,1.3923289,1.0301353,0.6460972
TCGA.E9.A1RA.01,0.9304994,1.2119207,0.6795835,1.3068713,0.7655595,1.2806523,1.3262976,0.69485176,1.4019812,1.0634848
TCGA.E9.A1RB.11,1.3698238,0.53862584,1.5405998,0.033793103,1.2433399,1.8384705,0.24552995,1.063942,0.6192068,1.0197015
TCGA.E9.A1RB.01,0.9018918,0.94195026,1.4938409,1.2335448,1.2082453,1.1580421,0.7938673,1.0213178,0.09439465,1.1279159
TCGA.E9.A1RC.11,0.9815687,0.93221813,1.7316879,0.67619646,1.152157,2.361199,0.0068549076,0.6268682,0.6986952,0.12342976
TCGA.E9.A1RC.01,1.5547961,1.9097729,0.3424834,1.4805472,1.3008494,0.80205464,0.89051557,0.9528373,0.7092243,0.20547213
TCGA.E9.A1RD.11,0.30738202,1.2157079,1.7368023,0.7026087,1.603185,2.100068,0.01764349,0.45287088,0.32923627,0.6210767
TCGA.E9.A1RD.01,0.63927346,1.248538,1.3533572,0.8301654,1.0054663,0.86180717,1.757922,0.61174965,0.37128696,1.2786132
TCGA.E9.A1RE.01,1.2571123,0.60480046,1.1136202,1.2359768,0.88430387,1.2026279,1.262812,1.2212603,0.63323045,0.92380184
TCGA.E9.A1RF.11,0.7620039,1.0711255,1.4870813,0.7732679,1.3354793,2.2535388,0.010489979,0.69853663,0.921205,0.0438232
TCGA.E9.A1RF.01,0.9349488,0.77736247,0.75032884,1.8548524,0.9121037,1.1566021,1.1498913,1.283004,0.95075035,0.466154
TCGA.E9.A1RG.01,1.3915969,0.5273446,0.8895157,1.5402448,0.7610923,1.0345249,1.2143768,1.4919366,0.53916186,0.58729815
TCGA.E9.A1RH.11,0.61168826,1.1363084,1.475252,0.77565247,1.2644825,2.181887,0.17741688,0.6378061,1.0578748,0.30843353
TCGA.E9.A1RH.01,1.334444,0.51629674,0.62465435,1.4316471,1.2742277,1.1780924,0.7660525,1.6655939,0.5338581,0.6741921
TCGA.E9.A1RI.11,0.7230629,1.0643322,1.5118343,0.71165293,1.3418938,2.1323264,0.15067182,0.6787393,0.9252361,0.21098967
TCGA.E9.A1RI.01,1.0403836,1.5519191,0.7623365,1.575711,1.2037721,0.94380814,1.144836,0.8024096,1.013588,0.5247318
TCGA.E9.A226.01,0.68459564,1.0729867,1.3031386,1.2949224,1.8642895,0.64437145,1.1516528,1.1520748,0.0019846505,0.7906454
TCGA.E9.A227.01,0.9306364,1.520117,1.0326205,0.9860867,0.78595513,1.0496225,1.2107244,0.98642546,1.2961063,0.6340412
TCGA.E9.A228.01,1.3401572,1.6083361,0.3745924,1.4238153,0.45743707,0.851402,1.5043191,0.8010015,0.74055886,0.8891786
TCGA.E9.A229.01,1.0264571,0.96273595,0.59258837,1.4091554,1.059188,1.351339,0.993088,1.399437,0.75041693,0.5988929
TCGA.E9.A22A.01,0.30526796,0.3897107,1.5458187,1.5229157,1.8522743,0.7546059,0.9753405,1.7483232,0.100698076,0.4984914
TCGA.E9.A22B.01,0.82589775,0.8302084,0.9359878,1.7680043,0.65913016,1.3814492,1.3779073,0.9818254,1.0113128,0.41591427
TCGA.E9.A22D.01,1.2466365,0.84131634,0.31397793,1.3831154,0.47431687,1.0245941,1.3125768,1.3356354,1.0940373,1.0180477
TCGA.E9.A22E.01,0.90699273,1.0031312,0.6288281,1.7426193,1.3555484,1.1506692,0.9959613,1.2090636,0.66672814,0.6664947
TCGA.E9.A22G.01,2.4131947,0.9120981,1.0590858,0.88477325,0.040784106,0.7026648,0.0384392,0.67610943,1.0059626,1.5639853
TCGA.E9.A22H.01,1.6807812,0.6998977,0.62778175,0.7689012,1.0240575,0.9459676,1.1691451,1.5456619,0.99931645,0.51957834
TCGA.E9.A243.01,1.0100447,0.8136386,0.66839653,1.0487005,0.84868884,1.6093264,0.29356703,0.98357964,1.3125024,1.6557624
TCGA.E9.A244.01,1.4176807,0.74090296,1.1217507,1.355721,1.0769937,1.2408015,0.55437034,0.9630007,0.7312503,1.0243247
TCGA.E9.A245.01,1.3087442,1.0996224,1.6272044,0.39097765,1.0238628,0.2745839,1.7539448,0.63588184,0.88277566,0.7923947
TCGA.E9.A247.01,1.7828233,1.3072863,0.28668073,0.7243263,0.8330448,0.9236259,1.3139565,0.9210796,1.2023702,0.8266938
TCGA.E9.A248.01,1.1136633,0.037503414,0.539248,1.5310224,0.948254,1.0177344,1.1218835,1.610893,1.4853582,0.66510695
TCGA.E9.A249.01,1.5632722,1.3349398,0.56912225,0.734819,1.1807697,1.175077,0.92784566,1.0231158,0.9178357,0.9764132
TCGA.E9.A24A.01,0.8126511,1.6865402,0.62103623,1.4781195,0.743384,1.0270245,1.2775129,0.91633517,1.5016496,0.46137622
TCGA.E9.A295.01,0.57347393,1.0876678,1.8261027,0.5849449,0.4047799,0.94540304,1.7997062,0.89718425,1.1378926,0.87325925
TCGA.E9.A2JS.01,0.015554609,0.16334203,1.7922971,1.8207674,0.5576753,1.0940535,1.1277076,1.3820671,0.49783942,1.1961738
TCGA.E9.A2JT.01,0.28353918,0.7492324,1.2741405,0.8627148,1.2207083,0.6653291,1.0137689,1.3968118,1.8925021,0.9929476
TCGA.E9.A3Q9.01,0.8838606,1.742226,0.7801542,0.6545054,0.62839013,0.38286412,1.2318431,1.4769884,1.821012,0.2694501
TCGA.E9.A3QA.01,0.6868882,0.8505872,1.3457952,1.6615009,0.65628535,1.0773115,0.011039951,1.1245058,1.2843727,1.5202416
TCGA.E9.A3X8.01,0.011881739,1.5501382,1.0853312,1.521433,1.3599486,0.62454563,1.01698,0.9804133,1.3966398,0.9267922
TCGA.E9.A54X.01,1.1343262,1.2436297,0.63830507,1.0189561,0.65119964,0.99802065,1.5269266,0.84587204,1.1467761,1.2315214
TCGA.E9.A54Y.01,0.4068851,0.56528294,0.896001,0.7050032,0.873267,0.5789326,1.3732579,1.5232832,1.2369716,1.9290185
TCGA.E9.A5FK.01,0.54607916,1.171599,0.734246,0.29499298,0.6818499,1.1316571,1.5952297,0.8434266,1.2783064,1.8678303
TCGA.E9.A5FL.01,0.6344907,0.42247874,0.81990045,1.2853261,0.8537163,1.6217499,0.6082346,1.3307197,0.41443074,1.9737006
TCGA.E9.A5UO.01,1.3524565,1.5590969,0.47771102,0.3449405,0.21603572,0.49294513,1.6553711,1.0133693,1.4434022,0.9825976
TCGA.E9.A5UP.01,0.32557547,1.5255578,0.38539082,0.2571193,2.1339717,0.707048,0.5753809,1.0201199,0.61588705,2.2954235
TCGA.E9.A6HE.01,1.0179704,1.2327055,0.6598969,0.89770633,0.8875369,0.858088,1.24565,1.0072889,0.77595335,1.6845092
TCGA.EW.A1IW.01,0.54972625,1.0929704,0.8404493,1.6060028,1.2367876,1.1098667,1.0947446,0.96838605,0.69599223,1.1694933
TCGA.EW.A1IX.01,1.0234892,1.3905501,0.82508326,1.3310623,1.2393833,1.1522462,1.0757977,0.8859839,0.86350316,0.72200996
TCGA.EW.A1IY.01,1.062287,1.3823869,0.49186376,1.1209868,0.9738777,1.0112505,1.0565091,1.2804317,1.1390492,0.7474515
TCGA.EW.A1IZ.01,0.9726294,0.6592777,0.11579285,1.1739668,0.64226824,1.4025116,1.1666477,1.2520945,1.4189582,1.403055
TCGA.EW.A1J1.01,1.9350137,1.325627,0.4651648,0.87201387,0.33694622,0.43323123,1.3901314,0.75580245,1.2420999,1.0214238
TCGA.EW.A1J2.01,0.650841,1.2808384,1.1649312,0.98257256,1.1712314,1.0880319,1.2041636,0.7986868,1.4577537,0.8989507
TCGA.EW.A1J3.01,1.0674127,1.3113261,1.3736231,0.8581487,0.73965245,0.8576938,1.2589364,0.87641966,1.3101777,0.8931591
TCGA.EW.A1J5.01,0.52550155,1.1837714,0.921559,0.72585887,0.6611169,1.367348,1.2905623,1.0591973,1.5725394,1.0437222
TCGA.EW.A1J6.01,1.0828062,1.3929355,0.48884207,1.3069942,0.38919792,1.0754377,1.4925504,0.9603582,1.1403418,1.0210528
TCGA.EW.A1OV.01,1.5159477,0.60832846,0.26198068,0.9725423,0.22591509,1.4294308,1.293373,1.3964194,1.2090487,0.98475873
TCGA.EW.A1OW.01,1.0969363,0.6090285,1.6828412,1.4454154,1.1278608,0.69588447,0.49935177,0.7959881,0.5412453,1.5140764
TCGA.EW.A1OX.01,0.8776436,1.8906778,0.5309334,1.2978259,1.0538919,0.18992552,1.5783879,1.0712963,0.4533347,0.34328982
TCGA.EW.A1OY.01,0.48317504,1.5894765,0.47649035,1.6457262,0.80954975,1.0348008,1.2036892,1.0781888,1.2937926,0.85577124
TCGA.EW.A1OZ.01,0.913738,0.8138146,0.4190166,1.8300796,1.3316363,0.8208096,0.8818775,0.85395485,0.75960314,1.3300217
TCGA.EW.A1P0.01,0.98170793,1.76706,0.9775959,0.6148823,0.2934377,1.2186861,0.6625503,2.3833308,0.8647315,0.043081034
TCGA.EW.A1P1.01,0.7106466,1.0010632,1.0288292,1.1915572,1.2871528,1.4451786,0.8990131,0.8809889,1.0087373,0.9075111
TCGA.EW.A1P3.01,0.73236865,1.442122,0.49663493,0.99060374,0.90276474,0.95727414,1.2372537,1.1649009,1.3947737,1.0276425
TCGA.EW.A1P4.01,1.4328344,0.92732775,1.0447744,1.5410875,0.3995066,1.2408994,0.45624372,1.0621798,0.8366544,1.094351
TCGA.EW.A1P5.01,1.0766827,1.6077269,0.14992014,1.6248009,0.8476212,1.0247782,1.279658,0.8189292,1.4177114,0.52727497
TCGA.EW.A1P6.01,1.3783355,1.4669151,0.2398322,1.288596,0.44188365,1.5029175,0.97629005,0.3105348,1.2999623,1.1066597
TCGA.EW.A1P7.01,0.75342274,0.793369,0.9107716,1.4517658,0.752268,1.4924423,0.59143203,1.130992,1.7453666,0.83337295
TCGA.EW.A1P8.01,2.126391,1.1556695,0.8986586,1.0941683,0.3248328,0.7669695,0.9519716,0.76092654,0.8512082,0.9188741
TCGA.EW.A1PA.01,0.9901653,0.6173775,1.0250794,0.8649205,1.0655144,0.6977282,1.1778913,1.4188513,0.6742928,1.5944636
TCGA.EW.A1PB.01,1.4501352,1.338066,0.5759918,1.4169871,0.108424835,1.2016015,0.48618153,0.7569597,1.0162433,1.5544977
TCGA.EW.A1PC.01,0.7406549,0.7454811,1.0147233,1.720255,0.8682778,0.77411807,1.3258833,1.3406785,0.72430307,1.0403398
TCGA.EW.A1PD.01,0.8703213,1.561669,0.7663961,1.6595964,0.76687676,1.1726068,1.4159981,0.50403166,1.0567223,0.64470935
TCGA.EW.A1PE.01,0.98665535,1.5043476,0.6970288,1.0481138,1.5184644,0.8085631,0.803473,1.057347,1.4999763,0.68172103
TCGA.EW.A1PF.01,0.9271565,1.3996491,0.7903865,1.5442598,0.94431883,1.1796961,1.1854404,0.7269689,1.1547258,0.71354437
TCGA.EW.A1PG.01,0.90008587,1.50816,0.5921512,1.3526226,0.9998157,1.1772391,1.3516002,0.38694918,1.5717597,0.7981401
TCGA.EW.A1PH.01,1.3735042,0.41511887,1.1816849,1.1438454,0.8190848,1.2086016,1.044497,0.87041986,0.15847568,1.5505642
TCGA.EW.A2FR.01,0.8713062,0.2629681,1.291732,2.1539962,1.5862421,0.41003826,1.1469431,1.0913618,0.51596093,0.43537667
TCGA.EW.A2FS.01,0.5706244,0.814984,0.65904665,1.3213348,1.1204454,1.2045239,1.2182528,1.1306324,1.3519865,0.963864
TCGA.EW.A2FV.01,0.41501614,0.8727151,1.0090032,1.5314554,0.96312225,1.0272055,1.3303076,1.1322066,1.483356,0.6567186
TCGA.EW.A2FW.01,0.9925989,1.0215325,1.1050425,1.0571073,1.4382869,0.72930056,1.0189853,1.3466077,1.5937595,0.00028491148
TCGA.EW.A3E8.01,0.415182,1.1323618,0.71718496,0.7919394,1.2460828,0.6746711,1.0847479,1.1974926,1.3168868,1.8713713
TCGA.EW.A3U0.01,0.6418386,0.6712573,1.2553598,1.6016688,0.74960285,1.038402,0.13327216,1.229139,1.2764285,1.5716125
TCGA.EW.A423.01,1.40584,1.129082,0.3026862,0.596195,0.730361,0.8703742,1.3982784,1.099523,0.5007693,1.7977074
TCGA.EW.A424.01,0.46460676,1.6925974,0.57191974,0.60863173,1.551852,0.99764514,1.1383677,1.0371141,0.6375322,1.1857817
TCGA.EW.A6S9.01,0.8519377,0.7437939,1.441968,1.655489,1.0906087,0.08694968,1.3878456,0.927169,0.12352061,1.3627642
TCGA.EW.A6SA.01,0.6040199,1.3790619,1.2410715,0.91290486,0.9241445,0.0025858334,1.1747024,1.2490615,1.2184415,1.5739287
TCGA.EW.A6SB.01,1.5069551,1.0648123,0.5201243,0.85683906,0.07401909,0.46904814,0.00026654967,0.66786456,1.8435701,2.4586897
TCGA.EW.A6SC.01,0.79650146,1.2290231,1.4419448,1.0037915,0.9963672,0.6962618,1.4352958,0.74540484,0.47455058,1.5007135
TCGA.EW.A6SD.01,0.023472685,0.7966961,0.77331334,2.3124325,0.119956166,0.3378721,1.3048801,1.8256783,0.0008433638,1.2389879
TCGA.GI.A2C8.01,0.023502236,0.8972195,1.3895404,0.95413834,1.5824172,0.7453423,1.0345309,1.316095,0.67909425,1.4822216
TCGA.GI.A2C9.01,1.5037847,1.2178763,1.463556,1.2883352,0.74737716,0.67678165,0.3221217,0.95741534,0.83237404,1.2009017
TCGA.GM.A2D9.01,0.5299115,1.0102315,1.75978,0.79555416,1.0018665,0.4396339,1.1327758,1.7204052,1.1875806,0.32385904
TCGA.GM.A2DA.01,0.07449471,0.7188154,1.4108976,0.77593493,1.0796324,0.8595913,1.5114177,1.0174402,1.5446703,1.1761554
TCGA.GM.A2DB.01,0.85223883,0.00058382127,1.229274,1.4224308,1.6373072,0.29615483,0.8077082,1.4402965,1.4673436,1.0247939
TCGA.GM.A2DC.01,0.859244,0.7651494,1.8137696,0.9165845,0.866957,0.27745217,1.1051227,1.4990911,1.3515952,0.72313744
TCGA.GM.A2DD.01,0.6289136,0.3846984,1.5323012,1.2311105,0.99211264,0.7681745,1.0302681,0.67878175,1.5248828,1.2853436
TCGA.GM.A2DF.01,0.9132926,0.116737194,1.069928,1.2556262,1.3391793,0.6158456,0.9013193,0.92525303,2.003528,1.1463422
TCGA.GM.A2DH.01,0.45232806,0.16146182,1.7595633,0.7432482,0.7041008,0.8194824,1.0983869,2.072337,1.2314594,0.96170443
TCGA.GM.A2DI.01,0.5490392,1.3549147,1.3005488,1.116335,0.9255409,0.5288502,1.1623284,0.9993496,1.7474828,0.76254165
TCGA.GM.A2DK.01,0.7594374,0.6741037,1.7569575,1.0473037,1.0731443,0.5895572,1.640086,0.40603742,1.2792796,0.7156018
TCGA.GM.A2DL.01,0.3939053,0.6080803,1.3697683,0.8614423,1.3826824,0.78676856,1.4833398,0.5494582,1.5320659,1.1243373
TCGA.GM.A2DM.01,0.4991966,1.4754059,1.1793599,0.00023442908,1.7283976,0.6715219,1.2196485,0.9714503,1.6541125,0.86586064
TCGA.GM.A2DN.01,0.18073429,1.0658022,1.0921209,1.1451712,0.96720517,1.0250093,0.7181508,1.2629108,2.1392493,0.80294317
TCGA.GM.A2DO.01,0.31927818,0.46311602,1.3965195,1.2501284,0.23917907,0.4684387,0.80708104,1.5101861,1.81988,1.749606
TCGA.GM.A3NW.01,0.7942091,1.2457528,1.2678537,0.51305395,1.0155963,0.9025601,0.8788441,0.90420187,1.366744,1.5098923
TCGA.GM.A3NY.01,0.6881753,1.3902339,0.93886334,0.8533246,0.97148764,0.72233295,1.2956188,1.2235072,1.5881838,0.8266162
TCGA.GM.A3XG.01,0.6763044,1.2740812,1.1118926,0.49660653,1.4312136,1.1270349,0.9845514,0.7796618,1.1735238,1.4425135
TCGA.GM.A3XL.01,1.2058829,0.67754894,1.4939394,1.5302662,0.44751227,0.4791264,0.40609008,0.7419613,1.4744842,1.6820785
TCGA.GM.A3XN.01,0.52524114,1.242953,1.5734347,1.3671255,1.2040355,0.748402,0.8935552,0.95788807,0.8183601,1.1136907
TCGA.GM.A4E0.01,0.59870076,0.72737986,0.90731174,0.8666467,1.2100061,1.2061706,1.310753,1.1984572,1.1438333,1.0854276
TCGA.GM.A5PV.01,0.87559146,1.5292504,0.86304635,0.048658397,1.4975466,0.9590046,1.1981114,0.8453236,1.1793789,1.1692561
TCGA.GM.A5PX.01,0.59331703,1.5866381,1.135435,0.98727435,1.6253275,0.6380896,1.1281769,0.78369516,0.825342,1.09499
TCGA.HN.A2NL.01,1.4959565,0.6380139,1.7960818,0.5435173,0.15429085,0.4890868,0.00030195827,1.2185501,1.339089,1.7736719
TCGA.HN.A2OB.01,0.58796465,1.4482456,1.2351763,0.6557228,1.4089217,0.9763729,1.0494924,0.8022564,0.30205134,1.4870099
TCGA.JL.A3YW.01,0.6040055,0.15375066,0.98395354,2.2785733,1.5489715,0.18786359,0.78417647,0.9717275,1.137851,0.9330283
TCGA.JL.A3YX.01,0.2878429,1.2024615,1.4448687,1.3983622,0.8576654,1.2609338,1.1850021,0.46883187,0.7847841,1.4920295
TCGA.LD.A66U.01,0.6656057,1.1670355,0.7371425,0.32079396,1.3518097,0.91171634,1.391964,0.8893051,0.68530244,1.8522295
TCGA.LD.A74U.01,0.4452699,0.8932196,1.1142786,0.7685112,1.8166434,0.7508535,1.0530292,1.2288784,1.2786447,0.99436855
TCGA.LD.A7W5.01,0.5623194,1.2236508,0.92531043,1.23244,0.7129189,0.82258195,1.6612681,0.7709981,1.004165,1.4997307
TCGA.LD.A7W6.01,0.16846076,1.5703806,0.72881585,0.51795524,0.4259175,1.1011266,1.3488091,1.1612998,1.6004822,1.3563861
TCGA.LD.A9QF.01,0.28520066,0.7414043,1.1258482,1.208721,1.6420293,1.1438861,0.3501101,1.3079388,0.9932034,1.5038707
TCGA.LL.A440.01,0.2410663,1.1730928,0.9967101,0.82326216,1.4679471,1.1908318,0.70819193,0.821874,0.9980871,1.9768062
TCGA.LL.A441.01,0.6876589,0.93635434,1.1901083,0.5929709,0.57964194,1.4027636,0.6222593,0.8694242,1.3424331,2.086199
TCGA.LL.A442.01,1.3035641,1.4463726,0.7682896,0.40180022,0.08643665,0.2891196,1.4369214,1.1978133,1.8578814,0.97457516
TCGA.LL.A50Y.01,1.0441471,1.1950364,0.6638475,0.32704422,1.3580372,0.7618252,1.3542188,1.0169489,0.7188355,1.6712732
TCGA.LL.A5YL.01,0.75567764,1.7660605,0.053958002,1.0194637,1.2394952,0.93601745,1.2475264,0.7525689,1.4268867,1.0087305
TCGA.LL.A5YM.01,0.6013375,1.4594266,0.33034497,1.1606852,1.2640638,0.54185003,1.262258,1.0855772,1.1984085,1.428763
TCGA.LL.A5YN.01,0.6264831,0.4860558,0.66158444,1.024136,0.6696223,1.2815101,1.444466,1.2129383,1.1710869,1.7600057
TCGA.LL.A5YO.01,1.1166209,0.40958112,0.51745486,1.3219486,1.0387789,1.1355449,1.0377287,1.5345007,0.6144263,1.5326796
TCGA.LL.A5YP.01,1.1112498,0.5750201,1.0447578,0.9607515,1.0089326,1.3539355,0.38326818,1.3642393,0.32397795,1.5853703
TCGA.LL.A6FP.01,1.4553496,1.4321644,0.00060585764,0.18248394,0.26516512,0.55936855,1.285126,1.8904958,0.8802749,1.065836
TCGA.LL.A6FQ.01,0.9616685,1.1415663,0.2011643,0.1908624,0.70024973,1.5702746,1.4156411,1.1754694,0.7674137,1.5343968
TCGA.LL.A6FR.01,0.86760825,0.5423761,1.2197062,1.2037288,1.8141334,0.7640523,0.4082635,0.80678725,0.27867106,1.8509735
TCGA.LL.A73Y.01,0.7507592,0.93855846,1.2862784,1.5996897,1.0008743,0.8564086,0.3483521,1.3224217,0.94574577,1.1475263
TCGA.LL.A73Z.01,0.6741727,0.7768319,1.5300122,0.91746104,1.3660862,0.8585892,1.200258,1.1046237,0.99083096,0.95001614
TCGA.LL.A740.01,0.5427118,0.83749455,1.2075797,1.3974115,1.3364863,0.6308698,1.0142592,1.4242998,0.5494157,1.1454635
TCGA.LL.A7SZ.01,0.60169446,0.98868823,0.76391566,1.2297755,1.1049582,0.46709085,0.35453707,1.6636052,1.296371,1.5202974
TCGA.LL.A7T0.01,1.093106,1.2546222,1.1436192,1.0722927,0.5499006,0.7027117,0.9523735,0.91712487,0.348588,1.8756253
TCGA.LL.A8F5.01,1.6253687,1.3963286,1.3307128,1.1070874,0.6518701,0.23220114,0.087075055,0.40984178,1.472485,1.5374528
TCGA.LL.A9Q3.01,0.8219538,0.6461218,0.8542589,0.95693266,1.0504326,0.620995,1.3839215,1.7390561,0.33250827,1.2999653
TCGA.LQ.A4E4.01,1.0951878,1.252492,0.5871269,0.42036888,0.8875521,0.75855994,1.331377,1.2666544,1.0205315,1.5344391
TCGA.MS.A51U.01,0.73280853,1.2211633,0.997508,0.6310803,1.2931311,1.3377006,0.8889657,0.8473969,0.9862832,1.4636816
TCGA.OK.A5Q2.01,0.4924385,0.87415665,1.5534583,0.9221478,1.3028283,0.95456505,1.0981508,1.0136129,1.0386165,1.0582736
TCGA.OL.A5D6.01,1.4072337,0.38729978,0.30429703,0.8355509,1.9479432,0.43184108,1.1378015,0.6134742,1.1259693,1.8130963
TCGA.OL.A5D7.01,1.9556223,0.44936204,0.7343975,0.84442544,0.2980762,0.44526014,0.3762178,1.5057216,0.34815192,1.9183637
TCGA.OL.A5D8.01,1.6912001,0.2185589,1.2128413,0.91451466,0.037663773,0.32791063,1.6886902,1.0293478,0.39534935,1.5292882
TCGA.OL.A5DA.01,0.799342,1.3682227,0.72314996,0.34719676,1.1401767,0.9157519,1.3088744,0.86944324,0.9627013,1.793538
TCGA.OL.A5RU.01,0.59840435,1.4929141,0.53231436,0.45244864,1.3765093,0.97998774,1.0208954,1.246681,1.2631576,1.2513591
TCGA.OL.A5RV.01,0.5726861,1.4755733,0.897061,0.92223877,1.5474806,0.77842104,1.084092,1.0020998,1.0901589,1.2426262
TCGA.OL.A5RW.01,1.6824366,0.28593495,0.95735425,1.5036514,0.5634039,0.7390534,0.8049648,0.5276134,1.0890484,1.5707198
TCGA.OL.A5RX.01,1.0086173,1.1213589,1.1523005,0.29933435,1.140677,1.1751496,0.9864537,0.78488034,1.2255086,1.5764503
TCGA.OL.A5RY.01,0.3141201,0.6774633,0.8655183,0.9408987,1.4470259,1.3252304,0.48015478,1.2304661,1.050708,1.9030167
TCGA.OL.A5RZ.01,1.8579186,0.14348628,0.0067249215,1.1165413,0.069643855,0.0015458242,2.1973205,1.505045,0.12732483,0.723021
TCGA.OL.A5S0.01,0.99701613,0.4802281,1.1470253,1.3773453,1.5267235,0.92505944,0.37355736,0.74200976,0.39719412,1.9315939
TCGA.OL.A66H.01,1.3289703,1.5666913,0.73444545,0.38786104,1.3327372,0.6735426,1.3395009,0.7896119,1.0679083,1.029074
TCGA.OL.A66I.01,1.0155952,1.0085005,0.75122356,1.0901445,1.0656108,1.268567,0.36815375,0.57010305,0.6538253,2.3086925
TCGA.OL.A66J.01,0.997745,0.82909685,1.2094669,0.7414192,1.4366469,1.1683269,0.9515376,1.0819409,0.5528414,1.2440975
TCGA.OL.A66K.01,0.8029905,1.6510423,0.4231808,0.5174817,1.4618732,0.91533434,1.0395247,1.1836804,0.8918092,1.2083147
TCGA.OL.A66L.01,0.95203316,1.3735962,0.92888933,0.45473734,1.3343233,0.6385998,1.3377286,0.88391644,1.0762565,1.4067948
TCGA.OL.A66N.01,1.1812186,1.2180046,0.84637576,0.03725488,1.5125282,0.6422128,1.172063,1.094563,1.1170224,1.4725546
TCGA.OL.A66O.01,1.5437393,0.92292553,0.9902581,0.017180657,0.92845315,0.8726554,1.4915552,1.0870787,0.43545854,1.4851693
TCGA.OL.A66P.01,0.6381795,0.55304945,0.4803436,0.8539965,1.4752934,1.3132547,0.46407458,1.505143,0.9007051,1.9456779
TCGA.OL.A6VO.01,1.4384086,0.011023692,1.7825791,1.2214549,0.72905546,0.44628954,0.80004203,0.6945225,0.6385864,1.7376107
TCGA.OL.A6VQ.01,0.613647,1.4864788,0.7245577,0.9410917,1.5341125,0.694402,1.0557582,0.91246307,1.3495878,1.3586161
TCGA.OL.A6VR.01,0.4306713,1.2313677,1.7137624,0.48048723,0.88433766,0.9744299,0.80456984,0.7340993,1.1301765,1.8245082
TCGA.OL.A97C.01,0.91170365,0.7817972,1.2969543,0.91430616,1.2423518,1.5089812,0.63202256,0.94693244,0.82096136,1.3703865
TCGA.PE.A5DC.01,0.57445765,0.443956,1.181583,0.6082098,0.8438301,1.087125,1.2430322,1.3394469,1.0180993,1.7885344
TCGA.PE.A5DD.01,1.2113945,1.0422642,0.42242894,0.44361034,0.7114451,0.9712703,1.4551698,1.1279,0.6667392,1.7202631
TCGA.PE.A5DE.01,1.0343299,1.128399,0.2836059,0.16423476,0.4735297,1.169477,1.2418352,1.6904564,1.160338,1.4883717
TCGA.PL.A8LV.01,1.0597378,0.24697556,0.81004727,1.2349287,0.8376308,0.8907811,0.51835996,0.80891335,1.2212598,2.2904992
TCGA.PL.A8LX.01,0.5940594,1.7484919,0.42619032,0.057023425,2.16329,0.5319549,1.2659367,0.7216559,1.4620832,0.9327094
TCGA.PL.A8LY.01,0.5922634,1.1101542,1.0879318,0.40496776,1.1788667,1.5446364,0.7243496,0.62033725,1.5331144,1.5227498
TCGA.PL.A8LZ.01,0.43587768,0.63359535,1.549689,1.5938743,0.6742495,1.0805446,0.94573414,0.31613973,1.465754,1.2103616
TCGA.S3.A6ZF.01,0.93139637,1.4547938,1.376196,1.1699907,0.5444116,0.75034064,1.4590731,0.90820897,0.6995254,0.9309344
TCGA.S3.A6ZG.01,0.41233024,1.5725921,0.693825,1.3554325,1.2790579,0.23364015,1.0818018,0.9411112,1.5373651,1.2549456
TCGA.S3.A6ZH.01,0.42008194,0.9103605,1.4707551,0.94628567,1.3861618,0.36757037,0.68583703,1.6595763,0.9776186,1.4369475
TCGA.S3.AA0Z.01,1.393707,1.032004,1.2932931,1.5827792,0.9108904,0.646603,0.008183148,0.41660094,1.0502305,1.784835
TCGA.S3.AA10.01,1.2213138,0.5151191,1.0554553,1.601094,0.49628782,0.82420874,0.00057331484,1.2375227,0.8193374,1.9187455
TCGA.S3.AA11.01,0.90473753,1.4473885,1.3345224,0.8265686,1.4047236,0.03866547,1.1321443,1.1489494,0.526077,1.4626188
TCGA.S3.AA12.01,1.4398823,1.5496137,0.29803553,0.69599,0.39273214,0.41002557,1.1375575,1.2991366,1.3546163,1.1438627
TCGA.S3.AA14.01,0.702855,1.1280371,0.7139199,1.2525111,1.8267394,0.41199058,0.80180186,1.0078301,1.093698,1.3806459
TCGA.S3.AA15.01,1.0645046,0.6390968,0.52502316,1.2410238,1.599585,1.2251232,0.15780953,1.136834,1.0231582,1.5909947
TCGA.S3.AA17.01,0.85563356,0.93565583,0.4111351,0.47174215,0.65223116,0.7262987,1.1555107,1.4412471,1.769307,1.8306543
TCGA.UL.AAZ6.01,0.7776081,0.80116874,0.35247958,1.4002856,0.62600124,0.36132616,1.1008142,1.7195646,0.5362692,1.7738137
TCGA.UU.A93S.01,0.7956661,0.9872348,0.46995535,0.9915741,2.0540805,0.42824626,0.53507054,1.6750903,1.0534519,1.1977185
TCGA.V7.A7HQ.01,1.1591332,1.3413138,0.99582237,1.0289886,1.063014,0.5099244,1.3740674,0.58985656,1.270317,1.1473167
TCGA.W8.A86G.01,0.4922955,1.5002207,1.2746172,0.9943194,1.0342133,0.8460214,1.4101266,0.60716915,1.4863362,0.90186524
TCGA.WT.AB41.01,0.7821523,0.38730758,1.1415783,0.87178695,1.4511501,0.9405888,1.024673,1.4144038,0.9879524,1.5806066
TCGA.WT.AB44.01,0.8361519,1.4672753,0.9402369,0.71570325,1.1898305,0.7882706,0.9749832,1.3126265,1.1072404,0.9820814
TCGA.XX.A899.01,0.5035328,1.3046751,1.4567132,0.8294382,1.3818095,0.8648878,0.79435277,0.8940292,1.0619296,1.4203395
TCGA.XX.A89A.01,0.4350171,0.79005235,1.214329,0.7476465,1.5404813,0.87946177,1.1065583,1.3886456,1.3415071,0.92532486
TCGA.Z7.A8R5.01,0.66797715,1.5525472,0.78853446,0.9671529,1.7404121,0.60937613,1.0212699,0.91756964,1.1548755,1.2037721
TCGA.Z7.A8R6.01,0.8152573,0.62448275,1.4367917,1.1688944,0.6309564,0.49473488,1.040607,1.5058408,0.61827904,1.6473694
