TCGA.3N.A9WC.06,0.0027847795,4.203121,21.605406,4.2894504e-14,8.202942,5.2922244,14.084356,24.054281,27.512722,52.082214
TCGA.3N.A9WD.06,3.041015,37.024624,44.805225,5.8390527,18.265816,6.5843368,12.165494,12.25648,18.744965,5.5049243
TCGA.BF.A1PU.01,7.5369515,5.463785,6.540308,3.2590694,25.400452,22.903584,24.56147,19.837652,12.574362,38.23753
TCGA.BF.A1PV.01,0.22303964,4.5801272,3.0067184,4.939536,25.438278,3.4728541,20.826208,8.473874,10.479471,81.48378
TCGA.BF.A1PX.01,39.88561,11.917928,3.2233763,10.751557,66.78239,19.289236,8.429294,0.0036968933,29.144482,12.653301
TCGA.BF.A1PZ.01,0.06708134,1.9248234,2.2280207,14.747224,29.293053,35.928936,3.483529,35.09151,4.892432,44.516487
TCGA.BF.A1Q0.01,0.0068066353,6.1222534,5.607882,3.131328,33.32338,6.953394,11.241277,11.397173,14.317914,65.4988
TCGA.BF.A3DJ.01,18.51769,14.4406395,8.59137,6.1629314,28.608349,7.6031275,24.741829,7.6868496,55.209957,5.9859414
TCGA.BF.A3DL.01,5.0087624,83.46765,8.070213,5.8740775e-06,8.606728,8.754053,23.763031,8.5688305,0.0015328648,5.073445
TCGA.BF.A3DM.01,7.6627555,24.222868,4.2216353,7.138656,12.01573,14.724574,25.621342,11.878381,45.098545,16.979742
TCGA.BF.A3DN.01,3.7068532,52.272545,4.376587,4.001894,12.701241,37.19836,22.18227,2.5501382,34.837803,5.2955832
TCGA.BF.A5EP.01,3.555843,1.7757697,9.464641,7.673309,4.2592897,23.315578,11.344328,25.168272,13.424719,60.199257
TCGA.BF.A5EQ.01,1.8208169,0.0,13.266692,11.00805,21.559135,6.665062,7.88593e-17,29.611036,10.2141075,62.49603
TCGA.BF.A5ER.01,0.0016816263,2.668543,11.096244,5.137944,14.283912,11.276743,0.0,67.44309,7.734182,41.583477
TCGA.BF.A5ES.01,2.0260599,2.1793864,13.095589,4.047317,45.524055,44.34904,5.483692,27.23546,15.169407,14.026762
TCGA.BF.A9VF.01,12.237797,8.796584,12.131634,8.82834,59.026466,10.174402,4.0925517,23.93835,9.778506,10.879588
TCGA.BF.AAOU.01,2.3543785,4.2359605,29.348434,4.33692,37.16223,12.973311,11.268368,10.68965,9.004681,48.521656
TCGA.BF.AAOX.01,20.01766,13.451551,2.9897766,7.052964,25.634481,1.9275388,11.123869,15.588839,13.100392,47.201283
TCGA.BF.AAP0.06,0.05088448,7.238032,37.510002,1.544849,47.773666,16.318926,6.167992,6.1947303,8.450775,44.27428
TCGA.BF.AAP1.01,1.2089409e-07,5.862121,36.537964,27.252926,42.831406,21.91526,0.00017156241,18.674608,5.432821,8.934963
TCGA.BF.AAP2.01,22.322895,4.2338653,9.61741,33.798218,37.739243,23.141415,0.0,33.87233,2.0130546,5.636256
TCGA.BF.AAP4.01,3.5486173e-05,7.2691665,15.334142,19.712683,79.87248,13.944171,1.2999326e-22,1.41357,3.2677681,42.658375
TCGA.BF.AAP6.01,2.184741e-12,5.1465526,23.148699,25.3682,56.77559,21.694206,0.0,5.52091,29.854618,10.470937
TCGA.BF.AAP7.01,4.795598,15.802919,9.266474,14.722956,57.781647,23.535635,3.2837931e-06,7.7590795,10.725718,35.41576
TCGA.BF.AAP8.01,1.4595212,16.947044,13.35385,18.098154,47.475464,18.318195,14.216631,4.768687,20.865068,18.102444
TCGA.D3.A1Q1.06,0.0,0.0,16.19582,31.818731,16.295095,53.402336,0.0,10.912649,60.5947,0.0
TCGA.D3.A1Q3.06,1.5630258e-05,3.0314198,1.1773909,9.416095,51.777996,28.49345,1.0821645e-06,19.03722,35.012802,19.336605
TCGA.D3.A1Q4.06,5.920616e-05,9.328711,15.158587,4.8155274,25.065104,38.197792,23.342648,3.2227052e-27,47.334602,12.942046
TCGA.D3.A1Q5.06,2.7388874e-06,1.3517919e-06,11.080024,9.627813,4.4440365,66.36167,22.429647,2.8434138,48.858124,12.878956
TCGA.D3.A1Q6.06,0.0,0.0,4.148357,1.3988638,53.765778,9.468272,76.854034,0.0,8.53423,30.31571
TCGA.D3.A1Q7.06,0.0007329071,12.564757,18.32225,8.841944,35.987225,34.567806,1.1853608e-17,14.226816,26.901937,22.520273
TCGA.D3.A1Q8.06,0.23989224,8.332074,5.137485,2.1577005,32.06268,44.636654,6.4396043,13.185581,41.23568,19.371098
TCGA.D3.A1Q9.06,0.00057244813,1.8384126,55.202194,13.774107,30.835081,8.118011,1.6761885e-11,21.638096,5.3425484,25.228241
TCGA.D3.A1QA.07,1.0067708e-27,59.625347,7.1319485,10.711233,22.120768,8.7465725,0.0,19.016373,31.959637,8.651538
TCGA.D3.A1QA.06,5.564825,5.1343803,0.5180331,6.9701295,40.021076,23.01701,0.0005681199,20.246937,34.33746,25.871904
TCGA.D3.A1QB.06,2.3483853,2.4208134e-07,16.805439,6.533549,37.040142,26.298502,5.4729736e-14,18.116158,43.266914,22.561096
TCGA.D3.A2J6.06,2.0525708,4.45138,19.690275,11.194039,33.417656,13.675407,2.787417,18.066814,13.338871,50.08097
TCGA.D3.A2J7.06,1.3247799,3.200713,19.96723,0.051395863,51.852966,13.238475,11.767091,4.3689833,8.663731,58.09657
TCGA.D3.A2J8.06,0.029149298,12.914978,8.265728,5.04873,37.073444,14.486973,9.864956,11.140483,8.987188,57.922886
TCGA.D3.A2J9.06,0.0017882079,4.5216374,34.148678,0.11443707,23.753967,9.128389,4.411004,21.51232,13.07561,44.096516
TCGA.D3.A2JA.06,0.04731409,7.1719437,2.9272547,5.494513,24.246567,32.738163,14.509154,7.391521,15.136681,58.2561
TCGA.D3.A2JB.06,0.0030177485,6.845357,37.127403,8.209699,16.13994,22.12698,1.5703528e-14,20.5446,3.2812803,46.526005
TCGA.D3.A2JC.06,0.048327662,2.1142256,22.53211,4.181221,37.94941,20.552015,5.2430377,9.964714,19.028242,50.96446
TCGA.D3.A2JD.06,1.367837,50.39853,9.634017,7.4573293,22.755152,20.87883,12.092604,9.345408,4.2738366,17.559525
TCGA.D3.A2JE.06,9.194273e-31,5.422546,8.6062234e-11,31.88098,5.5226135,23.86596,0.0,43.69803,42.57027,10.285237
TCGA.D3.A2JF.06,5.644096e-05,2.3037188,2.0405314,1.0307807e-11,19.234156,2.3286939,25.88468,53.797897,0.71552014,32.66675
TCGA.D3.A2JG.06,0.0043218336,5.506968,11.280857,13.490163,26.446012,28.293137,3.6748974,23.226894,13.557316,33.564865
TCGA.D3.A2JH.06,0.11616556,8.3217,37.883335,3.6758058,19.346437,28.706959,0.6049021,4.0027075e-13,40.705513,18.369602
TCGA.D3.A2JK.06,5.7232695,23.902786,0.0,6.153436,66.273964,11.559589,24.269186,12.112147,20.315687,7.1310005
TCGA.D3.A2JL.06,7.4247306e-05,2.0545084,20.330658,10.480768,21.9666,25.713034,7.087232e-32,43.351208,1.9407266,33.08359
TCGA.D3.A2JN.06,7.471069e-08,51.257378,18.77706,1.8144236,13.273946,21.322065,17.133612,4.924632e-31,16.9906,33.05192
TCGA.D3.A2JO.06,0.0031418349,29.071745,27.920723,7.5887938,20.241146,10.018088,1.6377067e-12,2.4676332,27.909739,37.508896
TCGA.D3.A2JP.06,0.69632137,13.51694,22.752983,7.403351,28.015003,5.5257173,23.370169,15.08843,29.241919,10.808835
TCGA.D3.A3BZ.06,0.0009372072,54.541965,4.9140205,3.088195e-05,56.4066,8.577926,8.135226,0.0,14.172917,34.67445
TCGA.D3.A3C1.06,5.912839,10.9955635,6.2912803,5.622709,18.278873,18.531088,28.36396,2.658115,15.290924,57.239147
TCGA.D3.A3C3.06,1.26001804e-11,28.510029,9.324098,38.694397,13.866983,14.3586235,12.348093,6.0339346,10.26887,27.416426
TCGA.D3.A3C6.06,1.124209e-17,26.107994,2.934631,36.506474,24.252687,18.361376,7.3400326,6.5592318,45.441364,4.5137267
TCGA.D3.A3C7.06,8.6447795e-07,31.019117,9.04107,6.827417,17.138388,22.57201,23.249502,0.051620156,21.93774,30.840096
TCGA.D3.A3C8.06,1.3245984,8.988808,6.56713,2.7569644,37.077187,3.7370636,14.337448,3.3949487,5.8048487,77.64528
TCGA.D3.A3CB.06,1.0712448,16.088987,7.852338,1.7938488,23.874521,14.43225,7.91902,49.13723,14.132147,23.135712
TCGA.D3.A3CC.06,10.993083,14.087888,8.167099,11.447311,38.41543,27.886595,2.1847937,26.864607,19.04044,15.13956
TCGA.D3.A3CE.06,0.006564462,2.6145182,14.963286,27.811085,4.6794286,24.718412,0.4981561,34.804756,19.102625,36.683147
TCGA.D3.A3CF.06,0.0071473476,12.191174,13.246726,10.51971,75.0447,15.995537,1.6126857e-27,7.787827,8.325424,31.616179
TCGA.D3.A3ML.06,3.6023314,14.889572,6.306306,11.926868,1.9756359,0.0,35.081314,28.623188,27.593859,18.469606
TCGA.D3.A3MO.06,4.5288576e-07,20.804539,7.517853,13.857668,7.974962,30.68433,20.283693,3.6772003,28.857306,32.574947
TCGA.D3.A3MR.06,0.0148329325,46.82229,42.176517,0.0,19.615866,0.2917917,8.095179,3.0033796,11.103603,36.64244
TCGA.D3.A3MU.06,0.0069202473,73.09609,4.629252e-08,1.1787741,17.237246,15.964483,4.9404473,13.354762,8.316067,27.544947
TCGA.D3.A3MV.06,3.1150893e-07,26.76641,0.7489414,15.40857,11.4741745,21.819006,14.856464,14.221855,19.699299,34.9212
TCGA.D3.A51E.06,2.880747,1.2347635,44.077328,15.048287,16.811855,3.607924,12.489112,15.584905,29.856457,10.131178
TCGA.D3.A51F.06,0.5470589,1.4760683,24.19077,1.3897098,22.254097,18.117313,20.823471,11.987671,18.494368,47.976997
TCGA.D3.A51G.06,3.8471682,6.142816e-23,0.031415973,19.728561,4.882242,81.111206,36.276142,0.0001584873,35.31165,10.699004
TCGA.D3.A51H.06,1.34686,13.575719,27.57169,10.555294,14.149271,33.271805,8.597576,5.5008116,13.425564,27.184076
TCGA.D3.A51J.06,3.907068,0.0,62.38175,1.175603,5.704413,19.243313,15.519569,34.081097,14.802399,18.423563
TCGA.D3.A51K.06,5.7247325e-22,0.0,20.255457,27.965076,4.304883,41.69282,0.0,23.759687,54.092113,3.8732834
TCGA.D3.A51N.06,0.0014241565,0.40416184,60.834747,2.568011e-35,21.47278,7.0111895,33.68027,3.3376293,14.955966,33.81668
TCGA.D3.A51R.06,1.233144e-10,0.00041823217,8.111813,39.15537,6.29261,18.216198,2.3261168e-15,17.949947,57.374096,10.168058
TCGA.D3.A51T.06,0.20883673,5.26412e-25,8.439821,18.5947,11.371173,12.452118,19.541748,16.935966,13.229364,58.015316
TCGA.D3.A5GL.06,1.7152606,1.1016039,6.8810997,7.5346045,36.943287,13.207848,4.243532,25.586458,16.991251,47.20502
TCGA.D3.A5GN.06,1.5316085,3.4368558,21.312525,6.5870495,14.534886,46.745037,10.461115,26.320751,14.280871,28.483871
TCGA.D3.A5GS.06,0.5995295,4.3373632,30.817057,4.163249,23.474672,28.255568,13.600452,27.857458,0.0,31.925648
TCGA.D3.A5GT.01,0.00081806094,3.9187286,12.957546,14.00195,10.559726,23.206757,1.3617613,37.657684,18.226028,27.107498
TCGA.D3.A5GU.06,5.624777e-08,1.1038786,1.4409407e-18,23.888271,9.434886,21.673386,0.0,53.842323,11.83154,26.979685
TCGA.D3.A8GB.06,0.83110595,20.491539,22.234509,4.6472425,30.552998,11.714565,7.5930223,17.433802,6.0652184,38.058178
TCGA.D3.A8GC.06,7.4399595,5.3393726,13.82453,6.273426,24.607533,3.3828926,19.590034,18.92459,24.247595,31.716984
TCGA.D3.A8GD.06,0.011073699,11.268532,26.155888,6.896609,19.647947,24.0189,3.8145177,20.940363,4.5155945,37.963707
TCGA.D3.A8GE.06,0.19209117,6.6170664,6.480017e-08,0.0,51.3221,77.62233,17.443333,7.534737,14.765952,13.460714
TCGA.D3.A8GJ.06,0.0019347152,6.287935,23.42632,8.674163,22.512663,24.775496,7.0817995,19.5677,26.621536,32.40964
TCGA.D3.A8GL.06,3.7295187,7.8862004,0.985328,29.4146,22.949116,35.03252,8.123377,17.835241,40.416958,10.600978
TCGA.D3.A8GM.06,0.021151228,10.521011,26.471392,5.1029496,50.046253,19.767702,0.9250224,20.966831,11.040153,25.232756
TCGA.D3.A8GN.06,2.4156308e-27,18.000774,54.593346,4.844329,29.885637,19.697813,1.7901841,13.457403,25.803587,6.700825
TCGA.D3.A8GO.06,2.0111913e-12,9.47546,62.577427,0.0,11.493482,23.883802,16.45491,13.842811,13.014533,27.657703
TCGA.D3.A8GP.06,1.0318091,3.7545295,0.7312281,12.832914,0.0,2.9838505,6.245165,19.418692,8.963799,104.38633
TCGA.D3.A8GQ.06,3.0304344e-12,26.210125,17.051672,16.568336,20.34117,5.2946863,5.037177e-38,11.193701,19.845587,41.260025
TCGA.D3.A8GR.06,0.50768596,12.208606,8.939761,5.8604326,30.55269,9.530998,7.3139873,17.85164,5.556535,53.109894
TCGA.D3.A8GS.06,0.010105746,8.089893,33.96131,5.853525,12.735366,12.206196,0.24641533,24.256283,7.7784996,61.142776
TCGA.D3.A8GV.06,5.8636374,7.217268,5.6564975,24.699203,37.14781,25.438349,11.715512,26.592941,16.860193,6.3076987
TCGA.D9.A148.06,0.012759505,17.614498,33.80147,3.3460925,18.476707,7.31142,7.972218,15.311257,5.2159276,43.81354
TCGA.D9.A149.06,0.3113194,3.9507687,5.602787,5.5253844,34.097805,14.873635,2.295361,23.413376,3.6830983,55.95648
TCGA.D9.A1JW.06,0.088989496,2.835858,9.113526,5.02891e-21,7.255321,5.7063913,3.563804,37.39876,6.29888,70.92872
TCGA.D9.A1JX.06,1.0851967e-06,11.19423,17.84004,9.709338,17.941542,33.12347,11.782619,8.25974,39.070316,18.230242
TCGA.D9.A1X3.06,0.89628154,1.4600015,2.4191635,33.55733,16.790821,22.985838,0.006495639,23.455011,32.152065,26.811281
TCGA.D9.A3Z1.06,0.1217885,5.831249,26.623919,3.6305907,58.454525,8.665611,0.8221869,4.015562,21.596338,40.652298
TCGA.D9.A3Z3.06,0.0110600265,6.715494,42.594967,5.34399,32.195026,14.934866,3.7351818,10.530986,17.948168,31.465008
TCGA.D9.A3Z4.01,4.3269596,0.5429661,16.579426,35.400883,13.63944,24.843712,15.457509,15.073521,28.131147,22.025562
TCGA.D9.A4Z2.01,1.0356075,0.0,50.045532,12.30142,22.020449,29.05935,14.984609,14.764595,17.18832,12.192966
TCGA.D9.A4Z3.01,0.8591588,0.0,12.388763,36.920258,3.1405067,28.576328,2.8200003e-21,10.257732,52.259274,34.9578
TCGA.D9.A4Z5.01,3.6628437,0.0,4.348772,5.976784,0.0,17.939966,15.703953,13.125091,5.8426948,90.94251
TCGA.D9.A4Z6.06,1.6722838,2.2942195,23.736256,25.015434,20.087435,28.08462,9.8899726e-17,29.575632,14.71802,17.540337
TCGA.D9.A6E9.06,0.30278763,3.2181878,11.291933,12.699165,40.76678,29.996752,10.93774,25.477203,1.5360345e-19,23.358484
TCGA.D9.A6EA.06,2.391491,0.0,10.49898,17.0947,18.905241,12.169265,5.9452896,52.806404,28.909868,9.777526
TCGA.D9.A6EC.06,6.245964,1.68573,19.330048,10.83689,40.57696,7.2439437,17.958944,25.950565,28.657495,5.454348
TCGA.DA.A1HV.06,6.216716e-05,21.366545,12.50551,10.159378,15.1356125,11.105974,37.224617,10.42235,6.298574e-38,34.5679
TCGA.DA.A1HW.06,0.43119085,13.688721,20.477985,7.9062552,28.869343,6.9931374,1.3529831,21.004416,11.136354,48.15473
TCGA.DA.A1HY.06,1.1835047e-14,13.404822,10.105246,0.0073500406,20.969643,10.207327,57.354195,3.4854271,16.850342,35.48823
TCGA.DA.A1I0.06,0.0,94.489975,0.0,7.9255805,27.04398,0.0,30.88099,1.1754792e-10,0.8435545,0.0
TCGA.DA.A1I1.06,1.2356929,20.0822,5.164859,1.7549832,12.956131,7.7666435,10.971436,7.787965,12.73561,80.318146
TCGA.DA.A1I2.06,0.39249682,20.86063,6.246517,7.3812146,32.037956,23.15938,6.9973526,12.3638,11.880982,47.830036
TCGA.DA.A1I4.06,1.9771562,37.767918,7.2666554,5.8653517,29.351734,18.616869,5.349776,8.041729,16.334232,32.54828
TCGA.DA.A1I5.06,2.5442104,6.8542657,22.855919,11.182943,23.57307,22.247854,2.9193065,22.137285,14.691566,31.64973
TCGA.DA.A1I7.06,5.7205705e-07,19.355793,11.703424,5.8823295,39.84066,7.736024,24.800594,0.0,9.36627,47.994884
TCGA.DA.A1I8.06,2.1233415e-09,6.0639005,31.880075,4.363696,47.469734,21.409567,14.0080805,5.055635,20.554638,19.314943
TCGA.DA.A1IA.06,5.1620107,2.8783662,17.269833,9.152317,25.997396,3.8137014,17.288445,38.7199,12.219938,17.029078
TCGA.DA.A1IB.06,0.18644251,29.219496,39.542828,3.5423403,24.374924,6.6187186,11.079803,2.298783,4.41262,36.95258
TCGA.DA.A1IC.06,9.090088,18.430294,13.3433695,7.4720554,42.067867,13.830428,8.36457,13.893246,16.7757,18.117998
TCGA.DA.A3F2.06,0.0,181.10703,1.7792605,0.0,0.0,2.1159732,0.0,0.0,0.0,18.965334
TCGA.DA.A3F3.06,2.3501698e-06,5.6231136,9.750469,16.604166,0.0,8.317738,13.69581,20.43796,55.757664,10.322994
TCGA.DA.A3F5.06,4.9391926e-19,33.05563,1.6883346,9.590911,6.199359,6.596143,57.28548,0.0,5.6906424,42.71994
TCGA.DA.A3F8.06,0.55810285,29.143068,5.785272,3.1558182,42.13705,8.345616,14.5188875,18.689716,6.639216,26.894283
TCGA.DA.A95V.06,1.54335,4.9039364,52.019894,2.6680367,48.728577,24.455425,16.643269,7.0491214,0.0,17.299345
TCGA.DA.A95W.06,2.7315145,0.75020164,23.29874,41.271465,4.1532145,14.803264,9.441733,40.304817,22.257345,6.5478373
TCGA.DA.A95X.06,0.00014867685,1.3729178e-05,2.5228596,0.0,37.177963,6.8402133,28.115501,26.389038,14.4798355,46.944447
TCGA.DA.A95Y.06,1.1636497,8.472205,10.833704,13.881093,60.535694,21.085142,6.7982187,12.4476185,9.550826,20.862621
TCGA.DA.A95Z.06,0.23505218,8.295199,4.133801,39.138474,32.57266,5.0411773,15.006453,0.20438507,55.02924,2.8909345
TCGA.DA.A960.01,0.0021362205,14.601105,2.0134843e-11,14.657685,21.671844,38.584236,7.936153,38.96469,0.0,21.316864
TCGA.EB.A1NK.01,21.027721,24.646494,0.02009922,7.6453643,45.956554,12.949234,4.8305397,37.948643,17.922573,4.3819566
TCGA.EB.A24C.01,12.098474,16.496754,2.5193343,15.597508,16.710533,17.219788,6.974045,11.917152,9.355056,58.789474
TCGA.EB.A24D.01,10.83636,1.6629559,21.193607,28.410784,7.263911,3.2513976,12.223304,35.234684,2.3662004,41.463127
TCGA.EB.A299.01,68.94836,34.49497,11.042311,4.267026,14.120866,27.350542,5.93502,5.268169,6.7321663,24.097715
TCGA.EB.A3HV.01,13.885121,4.847163,7.7907724,0.8701962,25.943756,45.311893,15.509639,12.788334,6.283345,50.73307
TCGA.EB.A3XB.01,2.4178936,14.161259,11.2551365,6.4054494,44.35012,10.996812,1.4732517e-07,16.27331,11.415416,46.660152
TCGA.EB.A3XC.01,67.51976,14.678227,17.689297,8.563788,34.796734,13.231369,15.324229,2.86932,13.126503,14.071655
TCGA.EB.A3XD.01,168.20024,37.348904,5.459896,1.2151382e-13,16.863695,9.233707,16.279385,6.7329784e-26,5.549361,1.255686e-15
TCGA.EB.A3XE.01,52.20818,14.606075,7.935655,30.378128,7.6189346,16.084785,7.6207027,10.474096,10.735358,33.97034
TCGA.EB.A3XF.01,44.597195,3.7036908,9.809241,5.273169,36.498566,31.86764,8.618164,4.246914,36.96485,10.9205065
TCGA.EB.A3Y6.01,14.114923,11.297235,9.314921,10.638289,53.971935,10.576592,0.50963837,9.059478,18.511444,27.24656
TCGA.EB.A3Y7.01,14.137572,14.553371,10.401847,0.9256358,79.40419,12.30997,2.9638964e-20,16.610094,11.6089325,16.833525
TCGA.EB.A41A.01,7.185022,3.9626854e-29,3.1216094,17.477472,17.849678,1.537369,0.0025748606,22.858894,47.345974,37.07323
TCGA.EB.A41B.01,0.56584,3.7972615,15.109602,45.289585,10.168891,25.381128,2.991316,16.93269,13.28792,29.939375
TCGA.EB.A42Y.01,0.044672158,6.224517,0.013582736,12.195798,28.645784,19.828596,4.28577,31.90051,25.848177,25.082293
TCGA.EB.A42Z.01,0.44304442,1.4350723,21.369951,4.0510135,26.859156,21.911943,10.298326,21.683847,20.7845,35.160355
TCGA.EB.A430.01,2.1349862,5.053793,36.25763,18.24701,25.391552,1.3908706,4.959068,26.208157,20.327103,15.678288
TCGA.EB.A431.01,2.9915304,3.0560923,43.542374,14.814016,12.512089,7.495342,2.8388991,19.656185,15.900499,23.941725
TCGA.EB.A44N.01,135.79869,11.946685,24.526142,2.7253773,10.610697,19.541365,4.696257,9.262618,19.603016,3.696756e-37
TCGA.EB.A44O.01,40.516655,3.9447315,25.09102,17.385218,23.07261,25.071533,7.2005453,9.311711,24.121113,21.877922
TCGA.EB.A44P.01,8.656693,1.0139798e-06,6.5114007,6.106275,8.808914,57.966667,0.21198642,27.427208,30.51885,16.430883
TCGA.EB.A44Q.06,3.521301e-05,0.8804822,20.048153,4.186404,71.3309,13.974416,2.2381636e-30,20.854158,12.583906,24.000675
TCGA.EB.A44R.06,1.1445581,5.133261e-24,15.676869,36.435207,7.612124,39.41245,1.7065313e-10,17.701921,43.157883,8.241457
TCGA.EB.A4IQ.01,172.8515,2.949684,3.2225883,9.928846e-05,15.427745,18.9577,0.0,11.795213,9.419359,32.949337
TCGA.EB.A4IS.01,1.9311613,2.9572875,17.05361,7.806363,15.722196,17.673605,4.637957,17.473497,16.766737,59.834324
TCGA.EB.A4OY.01,1.2640785e-11,8.654358,3.844611,5.2998775e-34,19.784088,56.20956,0.0,64.14652,9.820875,18.76511
TCGA.EB.A4OZ.01,73.132416,9.36857,2.2126505,1.6267667e-15,18.420818,11.745264,1.3880256e-16,21.550821,8.1289835,67.45644
TCGA.EB.A4P0.01,4.5037675,1.7689604,12.771882,32.754845,10.529972,4.770292,9.781096,36.003662,26.516916,8.467492
TCGA.EB.A4XL.01,66.58316,2.0518354e-26,19.787678,8.983465,5.551773,50.71193,8.94746,16.33927,18.711554,8.483382
TCGA.EB.A51B.01,21.249619,0.0,2.7494159,13.207966,33.169975,18.981346,4.353215e-07,28.925188,19.862461,37.26236
TCGA.EB.A550.01,120.852394,1.8244945,13.543962,3.0918412,10.444246,18.203274,6.523377,13.744048,25.878197,10.93799
TCGA.EB.A551.01,0.04548397,5.3082867,25.760344,3.3439496,33.07265,19.634941,9.504405,11.845923,6.096184,49.85756
TCGA.EB.A57M.01,12.066949,18.97814,14.623428,7.2258306,23.776487,29.508644,2.8312142e-08,25.087793,7.755637,34.278984
TCGA.EB.A5FP.01,62.66379,3.6331217,15.65275,3.9266577,12.210416,12.873289,1.7881222,38.209167,9.220507,28.600908
TCGA.EB.A5KH.06,7.6306314e-08,2.9079037e-14,14.543559,18.64298,6.538888,36.786293,0.019447358,19.850763,28.160448,34.230015
TCGA.EB.A5SG.06,0.14069206,3.2108636,63.170628,7.18321,11.911289,24.431227,2.1577852,17.535498,10.551321,33.798046
TCGA.EB.A5SH.06,6.9449515,2.7721965,4.8042746,17.82685,12.177952,42.929623,3.174406,45.20856,0.0,7.7162642
TCGA.EB.A5UL.06,0.49007314,1.7603041,53.366375,11.102982,24.834621,6.339009,4.810036e-07,21.418095,13.77772,28.463285
TCGA.EB.A5UM.01,50.914055,6.6975444e-05,2.227216,14.977638,9.846153,97.07425,4.9407457e-19,14.810655,0.0,22.200617
TCGA.EB.A5UN.06,0.54442906,3.1727462,18.789461,5.6333547e-27,54.485516,37.828144,3.4218976,10.82581,21.674648,26.394377
TCGA.EB.A5VU.01,128.69283,1.6629542,12.133885,22.729631,22.432505,9.597835,0.0,16.389246,22.83896,6.616266e-11
TCGA.EB.A5VV.06,0.72800225,12.494829,16.098917,11.379151,11.207753,42.37562,9.63994,12.548514,9.587071,11.468291
TCGA.EB.A6L9.06,1.4255228,14.028285,14.302789,5.267038,30.61476,15.118089,7.069294,23.88996,15.714957,28.13189
TCGA.EB.A6QY.01,211.14413,11.636148,8.279377,4.2179427,25.4354,0.0,0.0,1.3582764,14.287702,0.0
TCGA.EB.A6QZ.01,6.325454,7.999852,12.104737,9.293444,11.049549,10.865003,18.549644,44.717068,10.161745,18.299707
TCGA.EB.A6R0.01,2.8659651,1.7578256,11.789768,17.00817,12.449314,5.6794934,0.0,36.763767,44.182224,31.764261
TCGA.EB.A82B.01,0.03649411,8.120228,32.527077,10.267996,18.478546,15.023973,1.5045199,9.843,20.2676,37.483856
TCGA.EB.A82C.01,3.9603431,3.5887916,1.1543468,62.546055,20.29844,14.889981,3.2315793,12.162366,35.876648,7.416789
TCGA.EB.A85I.01,0.0015970764,16.542196,0.7805909,8.864616,49.09104,39.892597,1.1993357e-07,13.019046,15.796145,22.500687
TCGA.EB.A85J.01,8.1783665e-15,10.252068,9.812298,35.57748,35.4256,26.738813,0.0,24.363085,8.594382,15.893655
TCGA.EB.A97M.01,2.5377576,8.469682,4.8262854,16.142365,55.97215,1.3236125,14.53839,17.784895,20.858139,9.771036
TCGA.EE.A17X.06,6.360016,32.8322,5.6533823,11.0251465,30.816797,18.14409,23.761208,8.923189,5.93293,18.567991
TCGA.EE.A17Y.06,1.6901494,7.5746117,19.596966,9.782838,25.265388,16.824755,15.618094,0.0,26.609238,54.433487
TCGA.EE.A17Z.06,8.251763e-11,10.162841,13.849431,33.52278,8.538463,23.390308,2.3789465,25.102661,27.514366,7.0320177
TCGA.EE.A180.06,3.2213814,20.833168,0.5291535,29.62271,21.472591,1.9493294,12.377737,27.80925,8.1612686e-24,32.4019
TCGA.EE.A181.06,0.71165264,1.6854222,14.618391,7.2839823,35.874264,29.822256,2.7465398,20.902727,14.969093,36.616203
TCGA.EE.A182.06,13.889104,5.3168244,0.0,14.910986,123.74791,7.500594,2.05163,0.0,24.646612,6.9387903
TCGA.EE.A183.06,1.2418014,75.820694,0.79424304,3.171584,20.008543,16.078558,17.40703,10.552499,3.076976,2.3196802
TCGA.EE.A184.06,0.061504852,12.674622,6.0138006,27.418026,10.177231,7.808478,14.436326,30.031937,0.0034065365,34.27634
TCGA.EE.A185.06,0.17724556,22.712023,19.954662,18.781471,17.76262,21.89547,6.923115,23.156717,5.8028415e-15,27.60433
TCGA.EE.A20B.06,4.670517e-06,14.562018,8.020141,4.117557,42.70608,41.28348,20.565077,0.0,20.067661,27.060024
TCGA.EE.A20C.06,6.182998,2.9526134,1.9993095,6.5525007,35.643265,54.888836,27.320213,12.573098,4.469345,24.900633
TCGA.EE.A20F.06,0.015242213,23.30956,35.119007,5.3161993,22.280403,10.140669,1.4593296,9.571305,19.31412,35.564224
TCGA.EE.A20H.06,0.0015003993,11.665251,16.140888,32.046165,7.613767,43.54563,10.21125,4.1148067,29.965569,8.221309
TCGA.EE.A20I.06,0.00014599835,23.015232,1.4980251,2.0672936,82.938065,5.8518887,2.5743407e-28,1.7005863,7.057161,56.703114
TCGA.EE.A29A.06,9.162152e-09,29.804361,2.034764e-07,6.8454623,16.294205,26.47045,30.747608,7.116033,17.032927,30.435663
TCGA.EE.A29B.06,1.7648671,2.6729653,0.12398821,66.6399,25.701794,15.600196,9.544941,16.460623,16.711308,10.208582
TCGA.EE.A29C.06,0.8232496,33.88354,7.9401875,4.437043,33.74351,11.656091,3.0727654,8.622162,7.016325,58.02941
TCGA.EE.A29D.06,2.9098632,1.3364033,27.035398,7.927379,25.014374,2.114849,4.856089,13.053306,14.054092,60.10113
TCGA.EE.A29E.06,1.6914661,8.343999,1.1989061,7.1494956,53.84082,0.63333434,8.279097,26.84885,23.541136,26.349024
TCGA.EE.A29G.06,216.23978,25.038767,3.2333415,4.0064085e-09,13.398725,9.3079405,7.2949533,1.3074731,7.3737297,0.0
TCGA.EE.A29H.06,0.6080789,10.24325,6.445556,5.994948,20.065447,11.686131,8.082546,27.721066,15.909301,44.591324
TCGA.EE.A29L.06,2.119342,3.4479504,4.7052608,20.61262,12.177349,27.088013,1.6799948,43.634277,0.0,29.70482
TCGA.EE.A29M.06,0.40188757,4.956546,19.733597,28.497494,30.799212,9.437808,2.0597041e-16,27.846045,13.903241,15.937477
TCGA.EE.A29N.06,0.020579245,22.037973,9.469896,7.3355145,52.654587,15.180728,5.6205206,3.9422941,3.3527718,44.829105
TCGA.EE.A29P.06,2.0628629,2.3160255,20.429594,22.382648,25.994522,10.996898,2.7863593,9.571383,39.13264,35.08062
TCGA.EE.A29Q.06,7.0703354e-05,0.85129166,29.651035,8.712735,28.649204,36.651352,12.535182,9.771011,34.203907,6.4119534
TCGA.EE.A29R.06,0.0019415886,0.56717736,1.1822748e-10,56.93132,8.447397,3.0312536,23.733843,24.425991,44.728115,6.461564
TCGA.EE.A29S.06,2.2631264,9.132084,2.6601717,26.42468,28.407097,16.370901,19.204115,14.296691,22.52214,18.259903
TCGA.EE.A29T.06,2.1941435,4.573643,11.567485,0.0,17.338873,29.871819,16.28217,14.018432,66.2762,9.40979
TCGA.EE.A29V.06,7.4175005,32.133633,12.146013,8.606659,24.62077,13.316523,12.615297,11.403681,9.076706,32.986286
TCGA.EE.A29W.06,1.6080998e-30,17.930305,0.0,8.938721,11.267917,49.696392,59.273216,1.3201952e-11,22.472366,5.24931
TCGA.EE.A29X.06,1.9382278e-09,11.822089,2.4898062,8.9028425,40.188812,5.9386644,1.5122615e-25,59.609325,11.06933,25.554966
TCGA.EE.A2A0.06,0.20010817,10.712881,21.719528,13.139047,61.909786,31.834354,6.673998,1.1865968e-21,23.080107,5.0992
TCGA.EE.A2A1.06,0.4636116,17.641495,6.624523,10.892991,62.373333,18.374693,10.578586,9.264541,27.281504,12.489554
TCGA.EE.A2A2.06,4.719016,0.5224006,8.306079,55.54449,14.170249,35.889385,8.907435,11.570372,25.855122,10.456051
TCGA.EE.A2A5.06,1.9763861,1.1602266,6.3925176,51.138325,14.6956,24.203476,6.6649194,16.468664,54.650795,2.8551455
TCGA.EE.A2A6.06,3.8079762,5.0973163e-06,19.098156,10.421011,30.78879,18.540981,9.498742,19.01133,14.224006,43.617405
TCGA.EE.A2GB.06,8.203125e-10,2.9418418,14.001274,9.337493,63.324585,14.640907,0.0,23.31455,23.642435,7.7603235
TCGA.EE.A2GC.06,1.1748945,0.75283444,34.922436,21.4163,32.459656,0.0,10.527484,19.260206,16.282719,21.398767
TCGA.EE.A2GD.06,1.391937,8.172508,2.3845499,0.0,34.91569,37.655598,6.6464906,1.618279e-23,73.915085,10.410299
TCGA.EE.A2GE.06,4.5171937e-06,7.7790194,36.404808,6.846691,39.48621,34.11461,35.17234,0.0,12.129693,8.527076
TCGA.EE.A2GH.06,0.105833456,7.6825123,56.085125,7.589431,33.09169,19.444723,5.0088797,4.501596e-29,20.887754,24.696316
TCGA.EE.A2GI.06,4.6642113,25.186031,12.649128,21.735,18.748217,21.086996,17.566048,6.510003,28.561758,8.64016
TCGA.EE.A2GJ.06,9.7561206e-05,7.149802,7.7431087,2.4056218,32.39126,12.571928,23.175306,5.788639,19.070856,51.75343
TCGA.EE.A2GK.06,3.2646642,36.76197,4.927262,9.542155,25.201498,12.433323,21.599655,1.0759479e-29,21.89066,6.178939
TCGA.EE.A2GL.06,3.0505257,15.742671,3.5815337,15.577194,17.671959,24.93618,29.887154,0.002200853,45.854027,2.935244
TCGA.EE.A2GM.06,0.00024235471,10.235594,14.865022,28.832838,24.432291,26.760336,3.8780172,29.459478,5.674172e-23,18.014442
TCGA.EE.A2GN.06,0.06909478,14.1213255,14.679592,23.861925,8.178247,46.364243,8.930826,10.340367,38.074615,4.7206087
TCGA.EE.A2GO.06,2.5269355e-09,8.97552,1.008552,6.688415,28.22401,24.040035,63.60795,1.0677125e-37,8.139397,28.291449
TCGA.EE.A2GP.06,1.9062148,19.3173,4.999452,25.296547,26.145348,10.711443,9.439064,4.7354107,37.029137,19.33309
TCGA.EE.A2GR.06,1.7766993,2.9945676,2.5383315,23.271852,9.570942,7.131897,0.0973424,49.87942,1.8597627e-22,38.682606
TCGA.EE.A2GS.06,2.691981e-07,1.9545858e-07,5.0924644,26.088978,0.0,34.877754,2.0416017,17.86548,74.45873,6.8407717
TCGA.EE.A2GT.06,2.6340537,27.285898,1.5292587,16.762623,25.22857,7.9497046,12.100349,10.386434,35.19412,9.016692
TCGA.EE.A2GU.06,0.051123712,25.94645,45.41932,10.110933,13.018959,10.794925,5.3011324e-12,15.16468,14.779076,24.358706
TCGA.EE.A2M5.06,3.5154937e-07,3.346469,0.02916245,16.758825,34.20143,9.081816,29.684956,9.931008,12.727108,53.13733
TCGA.EE.A2M6.06,0.0028953326,4.2058783,2.340431,66.49729,1.1273825,0.0,5.469947,35.867107,12.777019,16.872223
TCGA.EE.A2M7.06,0.0,9.953294,0.0,5.335133,0.0,72.01742,93.58518,0.0,7.1448417,0.0
TCGA.EE.A2M8.06,1.6096733,15.938564,15.363424,0.94538903,22.818316,13.182902,20.639935,12.176529,8.390717,50.70032
TCGA.EE.A2MC.06,0.00038874202,41.800346,15.928866,6.041998,35.36384,12.076661,3.5323672,0.0,10.963711,45.33609
TCGA.EE.A2MD.06,2.9608866e-09,5.0660915,33.91834,11.591869,23.707968,10.589682,0.0,31.948162,20.950352,27.602406
TCGA.EE.A2ME.06,0.11493552,39.041264,15.679935,2.3957114,22.554125,16.147692,3.0040946,15.728603,9.516087,36.49752
TCGA.EE.A2MF.06,0.08734675,12.066493,12.586911,21.288868,30.050177,16.708675,14.070219,25.03967,0.5769077,32.298306
TCGA.EE.A2MG.06,0.28988358,12.432124,3.9049826,10.055206,39.947178,30.827883,4.6202097,11.472548,31.403015,8.136452
TCGA.EE.A2MH.06,2.2536538,11.384925,10.51447,11.637871,49.826332,11.226962,10.502574,0.43021822,49.21082,7.7032914
TCGA.EE.A2MI.06,0.07541008,16.707682,1.3632973,0.0,10.211475,8.222544,55.817043,1.6681219,9.054827,60.527218
TCGA.EE.A2MJ.06,2.9060848,26.641838,21.395836,12.564134,35.518887,8.790577,6.0758185,9.364763,10.646343,22.34625
TCGA.EE.A2MK.06,0.0,0.66927266,6.5140595,14.365539,18.563848,40.65719,60.682323,0.0,19.614164,13.780119
TCGA.EE.A2ML.06,1.1972982,5.8874073,7.2373804e-12,0.0031748582,45.672142,3.0189004,17.314005,29.387901,30.286589,26.786373
TCGA.EE.A2MM.06,0.0014807818,6.8158503,1.0760152e-33,21.634703,5.197922,25.15196,21.469967,45.289486,14.5805435,13.526345
TCGA.EE.A2MN.06,0.00065747474,2.1686676,9.479278,32.21457,21.048891,15.380039,9.955197,21.686249,12.665627,37.873394
TCGA.EE.A2MP.06,4.486146e-09,25.469526,11.279321,8.507898,25.15188,8.080831,31.747658,19.076393,18.581594,12.918912
TCGA.EE.A2MQ.06,12.347377,27.354898,2.3744984,10.302231,43.348904,6.210838,47.965088,0.0576967,15.074102,7.855501e-12
TCGA.EE.A2MR.06,2.0245614,6.656833,1.1163815,8.777632,18.1446,21.413292,18.195919,12.422934,6.830399,60.639877
TCGA.EE.A2MS.06,3.8839877e-18,3.6259162,14.227194,32.230717,16.002192,40.651993,11.187352,10.215907,10.113995,17.716246
TCGA.EE.A2MT.06,2.8591337,13.463668,15.100537,10.086074,30.937872,10.664765,20.993069,4.755844,21.22724,35.151554
TCGA.EE.A2MU.06,1.8707355,11.479027,0.084163606,6.9823294,65.17569,10.983455,15.008448,22.630327,6.8345585,22.931463
TCGA.EE.A3AA.06,0.033630375,41.49385,7.6748757,5.417911,32.087063,6.4796247,14.875797,7.7123246,11.134809,28.447948
TCGA.EE.A3AB.06,0.00020130097,13.872701,14.847624,6.130573,12.84645,19.305052,26.762722,1.5304105,25.000414,46.74672
TCGA.EE.A3AC.06,1.327574e-06,7.565902e-34,4.97355,24.755728,5.8467494e-13,0.0,25.857584,38.213055,14.58539,46.79116
TCGA.EE.A3AD.06,0.025560297,0.001383185,21.119839,13.683996,20.837313,16.884272,0.07956533,33.562504,7.979105,45.09771
TCGA.EE.A3AE.06,4.167698,6.150118,22.657751,2.2342129,15.272739,5.3245997,31.082195,22.21543,6.6941886,34.75795
TCGA.EE.A3AF.06,0.32384616,9.989161,4.104389,15.295675,40.79785,7.2497325,6.611081,13.39632,10.6172085,46.529427
TCGA.EE.A3AG.06,0.0068624625,8.491449,8.301216,15.528532,29.827816,13.598849,21.984186,3.7337167,35.873604,21.108662
TCGA.EE.A3AH.06,0.050122835,4.5167413,21.924187,5.011045,8.791886,39.193905,25.966234,22.230034,17.271942,11.434247
TCGA.EE.A3J3.06,0.026056355,39.969566,7.066395,21.730768,14.474009,11.429135,6.450734,7.956993,27.243034,22.146317
TCGA.EE.A3J4.06,2.7497683,21.769974,3.844595,18.573744,7.9545946,20.562275,31.263334,28.74076,8.672726,10.705434
TCGA.EE.A3J5.06,0.18617643,36.34473,16.283752,6.0357223,13.2594385,21.391436,7.6593423,13.370737,17.488255,27.35714
TCGA.EE.A3J7.06,5.3508825,3.5354621,14.96868,43.41703,18.132448,15.743737,7.859898,14.375704,37.78124,5.620566
TCGA.EE.A3J8.06,4.925058,10.018198,6.871676,28.620287,0.0,26.105864,24.728449,11.2071705,37.81801,1.8473412
TCGA.EE.A3JA.06,1.7087674e-05,4.377297,13.974402,12.101605,12.583284,1.2699856,15.241315,34.958836,32.86986,12.812284
TCGA.EE.A3JB.06,2.3570938e-06,63.408363,2.4944007,6.2625303,17.881857,15.560788,19.207174,1.810506,14.112989,29.43839
TCGA.EE.A3JD.06,0.00111055,39.78371,11.669831,4.810878,18.876543,2.2336242,30.907494,5.127671,5.516252,26.55875
TCGA.EE.A3JE.06,0.033268794,48.81677,21.975578,3.5497527,29.339558,6.737952,6.198952,6.5048976,2.5785027,39.16653
TCGA.EE.A3JH.06,0.018486893,58.85322,22.694176,0.65502375,9.469299,9.412045,8.687998,11.873894,1.5545313,33.11651
TCGA.EE.A3JI.06,7.3687,14.287032,0.43681532,23.954105,12.9468355,18.50668,21.52676,23.993256,2.4017682,23.364399
TCGA.ER.A193.06,0.5586665,31.727053,0.17695457,2.8886535,33.33691,5.6496606,2.7658904,18.861572,5.4230185,67.74981
TCGA.ER.A194.01,1.5543247,2.409289,1.1060001,7.2814856,48.91143,6.3188004,1.5133994,25.081367,0.45606118,66.826294
TCGA.ER.A195.06,8.1118976e-08,54.991375,0.0025343434,10.455042,15.056469,16.229174,11.312527,0.010473408,20.398283,30.296661
TCGA.ER.A196.01,86.3919,10.130365,10.481371,6.0460663,28.81715,5.2306015e-10,6.2418385,10.671205,15.3400955,37.272892
TCGA.ER.A197.06,3.2259675e-05,16.062574,5.2140584,17.283005,64.51542,9.444081,0.0,4.5919867,8.05908,47.135605
TCGA.ER.A198.06,0.10544451,3.217002,1.1495038,22.098097,35.221436,5.557486,1.1870508,36.855362,17.386913,34.119465
TCGA.ER.A199.06,4.4531105e-05,4.350568,0.14692283,23.083149,9.458908,73.47064,0.0,32.97668,0.0,33.078426
TCGA.ER.A19A.06,13.404191,59.282253,1.3045853,0.34580842,20.739534,10.843784,7.348319,1.0155676e-37,7.4507384,57.69266
TCGA.ER.A19B.06,3.8523536e-05,13.247342,53.92748,2.2229722,30.161694,27.242046,34.47018,0.0,7.306423,12.078932
TCGA.ER.A19C.06,1.2417225,10.622642,15.289773,5.0381293,15.819357,7.0672793,10.826613,24.878185,8.970246,51.70229
TCGA.ER.A19D.06,1.9530708e-25,4.3925333,6.1410765e-21,31.090555,1.9144437,73.94008,3.5427876,11.585774,31.941217,9.598705
TCGA.ER.A19E.06,3.070996e-11,16.06401,6.2795744,33.525196,11.483947,62.006527,2.4814663,4.7316307e-24,31.174652,17.780672
TCGA.ER.A19F.06,1.3039815,6.111972,7.754665,16.640787,40.089943,7.317607,10.617676,6.3936024,26.294134,38.76528
TCGA.ER.A19G.06,1.5197854,24.546425,13.537373,5.723935,22.2607,10.171308,11.127238,6.008466,13.012873,50.252174
TCGA.ER.A19H.06,3.2766267e-05,12.718333,8.382452,20.468147,14.399639,34.05043,17.48349,6.2734036,37.793697,7.5407567
TCGA.ER.A19J.06,0.47326,12.108189,16.688702,10.226083,13.477297,7.1517963,13.152574,23.433393,32.132126,30.318438
TCGA.ER.A19K.01,75.50838,5.717041,0.051453803,7.0392876,64.42115,5.1268225,6.313317e-12,7.0570164,9.078846,35.763184
TCGA.ER.A19L.06,5.057601,20.308271,21.023872,14.314117,11.91217,34.404602,46.919033,2.5765452,11.009051,11.931596
TCGA.ER.A19M.06,1.4049009,11.393177,16.11962,17.324203,30.26768,8.115671,6.864296,9.562917,15.289081,49.97482
TCGA.ER.A19N.06,0.001389894,19.077053,2.808265,2.5735414,19.388943,6.4042773,9.812011,53.125374,15.541435,35.956947
TCGA.ER.A19O.06,0.09806188,12.170002,0.0,11.458725,87.63527,6.4077764,14.872827,6.248836,26.355968,12.628795
TCGA.ER.A19P.06,1.5902546e-07,8.212244,27.358797,12.223228,21.94106,15.335455,6.423838,19.177008,17.876062,32.950424
TCGA.ER.A19Q.06,0.011964505,32.264355,7.088138,4.9737554,29.17166,6.5969853,0.98942316,11.804664,33.42366,40.92339
TCGA.ER.A19S.06,0.047254354,9.477465,29.383419,6.786835,23.902298,11.430371,6.8489966,16.22968,4.4788094,51.205296
TCGA.ER.A19T.01,2.316068,6.3523126,15.699006,12.60443,25.646751,18.962711,4.398703,6.5124855,19.251236,48.517902
TCGA.ER.A19W.06,0.18483633,20.403305,5.0135646,11.131736,38.268967,11.907537,0.0037941085,11.4242935,4.458227,61.879402
TCGA.ER.A1A1.06,0.8465157,27.495012,17.066702,11.520016,30.084143,6.3070493,9.4688225,4.2266874,10.161388,26.30709
TCGA.ER.A2NB.01,78.45056,37.314808,2.1057734,3.919475,43.36056,12.972081,0.0,15.158078,14.406268,10.973773
TCGA.ER.A2NC.06,0.0531764,8.66423,0.4072306,4.9893427,8.992767,29.760866,6.7417393,13.270157,20.628517,74.88645
TCGA.ER.A2ND.06,2.0075934,18.48005,8.659547,3.3601124,52.10375,4.091765,14.2485485,13.568043,7.550401,36.264843
TCGA.ER.A2NE.06,2.6382892,2.0262992,10.88029,29.911627,4.017981,53.737663,6.9794474,22.11275,9.295521,15.21653
TCGA.ER.A2NF.06,3.478521,3.59151,32.325237,13.07932,19.57614,7.3083425,15.6926,28.693201,11.799242,8.991557
TCGA.ER.A2NF.01,7.05289,5.3621655,21.79241,16.962605,27.585363,17.230976,10.64682,22.550968,6.2568135,21.348118
TCGA.ER.A2NG.06,3.4524107,6.331625,27.790289,3.9126625,34.380226,15.229304,7.6520877,14.653711,2.3758073,47.344303
TCGA.ER.A2NH.06,0.7837759,23.297089,26.993954,8.110651,20.403046,26.248577,12.52285,6.036862,8.260031,35.709293
TCGA.ER.A3ES.06,4.337214,9.359774,12.984943,22.853456,2.008418e-27,25.291767,24.635328,30.78416,2.7911503,3.4841862
TCGA.ER.A3ET.06,2.6570039,41.50664,3.259697,3.5186577,19.472021,12.171336,13.477885,0.0,10.680722,57.79612
TCGA.ER.A3EV.06,2.1551962,51.622215,25.02474,21.422518,21.053328,14.769681,0.85654736,3.8849077,11.049283,16.08624
TCGA.ER.A3PL.06,0.12996615,6.751496,2.4038296,17.173347,16.548105,4.786984,8.124629,19.53848,5.9687614,57.38546
TCGA.ER.A42H.01,1.5452636,14.206158,6.2836213,29.870579,6.042387,26.225124,6.6506805,27.175886,8.085348,24.430819
TCGA.ER.A42K.06,4.578677e-06,2.9690928,19.24879,3.688932,9.353934,11.698917,56.510292,9.314248,11.164993,41.571476
TCGA.ER.A42L.06,1.8263714,12.0135355,24.86894,5.0928144,43.98381,24.838923,10.058102,8.976639,27.789423,13.570649
TCGA.FR.A2OS.01,3.1363175,9.818725,3.2363262,23.92442,42.378162,10.607554,2.9738142,10.311163,55.88904,9.778016
TCGA.FR.A3R1.01,2.54372e-06,4.3998594,5.0252576,4.317332,26.316225,20.82812,29.9742,9.861818,19.589705,39.02517
TCGA.FR.A3YN.06,1.9065614,1.8342198,19.729652,1.0307415,9.420954,37.75808,10.314871,18.674385,0.0,56.081863
TCGA.FR.A3YO.06,1.018811,29.71632,9.325858,12.003869,39.976868,9.8935,3.8728883,12.710826,16.583035,28.831167
TCGA.FR.A69P.06,4.465517e-07,1.0795239,7.114712,59.89857,5.342974,45.55442,0.0,26.351068,18.18248,8.849642
TCGA.FR.A728.01,0.4009752,4.7665215,0.9385283,0.0,23.178638,0.8629966,13.281672,23.682383,2.7612672,90.67904
TCGA.FR.A7U8.06,0.09308693,8.346397,1.3237667,92.40893,7.2858667,19.400547,6.1033354,15.07509,14.774439,13.191561
TCGA.FR.A7U9.06,2.3307139e-16,16.320227,3.0839236,9.133468,66.523285,13.014541,18.104416,4.3668814,5.3459716,17.743324
TCGA.FR.A7UA.06,0.009153665,2.0491495,45.350693,0.00027162372,45.496128,8.953344,1.7794098,5.4596686,4.674452,65.18633
TCGA.FR.A8YC.06,1.2783346e-05,8.252443,13.13476,16.261421,4.491795,3.9258065,25.191584,19.148958,13.28938,42.108994
TCGA.FR.A8YD.06,3.911608e-20,8.035608,26.408504,16.872768,32.650883,22.387486,0.0,27.702246,18.61529,6.8662505
TCGA.FR.A8YE.06,0.0012522282,10.706801,12.785776,2.1925676,27.262705,19.806126,26.399603,15.705831,10.794118,41.142906
TCGA.FS.A1YW.06,0.0052977176,3.9856517,22.71198,2.956848e-28,6.946804,33.672977,14.045585,38.475124,23.29389,10.517659
TCGA.FS.A1YX.06,1.7690382,0.00060926285,4.10889,7.782623,20.552834,37.330532,8.809858,10.35264,33.37673,50.93612
TCGA.FS.A1YY.06,0.028996762,6.888233,2.4414325,11.212936,73.16457,17.86863,2.6579895,9.969506,28.360003,23.103785
TCGA.FS.A1Z0.06,9.466826e-13,4.933969,4.40616,51.28056,8.457654,31.847107,0.0,30.130613,35.760258,13.752901
TCGA.FS.A1Z3.06,2.864127,3.0362728,5.9501023,50.758022,24.903873,18.642313,4.812216,9.859515,21.943224,21.22377
TCGA.FS.A1Z4.06,0.4681792,17.259352,8.74464,24.090553,10.351814,9.790305,3.1305468,21.504745,16.922516,51.249546
TCGA.FS.A1Z7.06,0.76640606,26.820305,13.210548,2.27167,32.626266,30.95621,3.0621617,14.74681,22.436268,24.006237
TCGA.FS.A1ZA.06,0.00082709594,3.4829588,7.928028,8.783018,13.718161,7.679786,15.439435,23.682653,8.531158,59.782696
TCGA.FS.A1ZB.06,69.58853,34.467022,1.137944,8.15158,43.30986,16.239964,5.5150867,3.7827525,16.693832,12.719375
TCGA.FS.A1ZC.06,1.5392649e-32,19.895027,0.0,26.555723,7.5497184,10.537943,44.607697,16.920452,21.063393,10.800199
TCGA.FS.A1ZD.06,2.7501256,4.1551685,1.7787409,6.807791,3.883611,25.101128,36.595478,19.536798,13.328337,29.878155
TCGA.FS.A1ZE.06,1.1814481,5.8017693,7.0289426,18.699722,15.175413,56.864628,4.329979,20.030373,4.5837765,29.764034
TCGA.FS.A1ZF.06,1.7602316,22.027521,6.8561425,17.287533,20.619951,30.534288,6.601785,8.109637,31.958307,8.693478
TCGA.FS.A1ZG.06,2.797425e-15,1.264744,8.693647e-19,11.898322,62.237602,34.809242,0.0,31.702524,13.757822,11.934793
TCGA.FS.A1ZH.06,5.378928e-06,20.90025,9.662913,13.793966,22.164814,19.229584,0.52611524,17.160257,16.961895,43.943344
TCGA.FS.A1ZJ.06,2.9177804e-20,23.472261,0.0,24.351631,26.845211,25.900629,0.0,23.318825,33.066196,13.793285
TCGA.FS.A1ZK.06,8.576489e-09,0.009940755,6.9047747,3.5824547,34.767128,14.458937,0.0,46.996468,33.45563,23.540257
TCGA.FS.A1ZM.06,0.0007849149,10.482146,8.712445,9.284117,48.756363,12.375162,15.828772,0.0,29.698896,40.890045
TCGA.FS.A1ZN.01,22.554377,0.91696316,4.5347314,0.4031279,25.871868,42.811687,8.283109,10.872147,55.403667,5.9621773
TCGA.FS.A1ZP.06,0.0,7.7070637,9.627515,25.591862,1.1194493,16.409512,6.7129827,17.631035,52.9538,8.062135
TCGA.FS.A1ZQ.06,0.2900624,27.4808,18.384197,3.5593944,18.10632,7.6427917,10.932593,8.915988,25.684107,37.259945
TCGA.FS.A1ZR.06,13.222268,63.752052,15.4055395,7.477557,14.334244,2.002186,7.501401,15.685352,14.329296,10.486806
TCGA.FS.A1ZS.06,2.589375e-33,0.0,1.4794062e-29,5.9594526,19.489674,24.742218,74.310196,0.0,15.290322,38.591164
TCGA.FS.A1ZT.06,2.7902543e-21,57.87427,15.3227415,25.476627,13.565451,6.505057e-23,0.0,10.568602,13.574753,29.739754
TCGA.FS.A1ZU.06,0.0,0.0,0.0,39.042927,0.06680327,21.375532,0.0,25.500992,99.12344,1.4634533
TCGA.FS.A1ZW.06,0.0,1.7732596,72.6577,32.957672,14.012956,0.0,3.6314313,19.670095,18.456078,0.0
TCGA.FS.A1ZY.06,1.7634482,0.640967,3.5307982,31.486357,0.0,92.542496,2.3714938,11.405999,36.407883,3.9760249
TCGA.FS.A1ZZ.06,0.0015199644,2.1043768,33.46638,5.6624584,21.570168,0.0,7.5491586,13.929243,18.131563,44.862137
TCGA.FS.A4F0.06,4.6153584,1.3455372,0.0,12.386611,11.835193,43.01001,0.82452524,32.01112,31.927576,18.327242
TCGA.FS.A4F4.06,2.1607041,2.6118371,2.40506,5.859337,17.273512,35.47856,10.096264,17.644825,18.2178,40.448948
TCGA.FS.A4F5.06,0.0001928657,0.0,4.509134,12.0183735,11.420237,18.156717,8.9257145,24.324326,32.11679,31.506147
TCGA.FS.A4F8.06,2.058147,8.4660225,11.4139805,11.806202,9.591174,51.421997,9.309236,10.34879,32.360638,22.774364
TCGA.FS.A4FB.06,6.4965158,3.0457542e-08,17.589354,9.4481535,11.797447,40.74658,14.842579,15.078607,52.460247,1.4883467
TCGA.FS.A4FD.06,0.04503372,0.0,13.446711,55.553043,3.428665,29.373827,6.302197e-22,15.571088,48.667725,10.470911
TCGA.FW.A3I3.06,5.2575865,18.055346,9.626217,9.3857975,10.123947,20.138042,1.3176282e-17,30.051302,34.93097,4.7662563
TCGA.FW.A3R5.06,5.6223526,24.498629,10.553637,13.6667595,23.367876,3.7752907,18.757614,9.338106,13.608473,34.324604
TCGA.FW.A3TU.06,3.4844763,11.416361,8.657967,12.980427,19.381008,21.506435,15.3443165,17.359037,17.573072,32.072723
TCGA.FW.A3TV.06,0.017334225,15.14556,25.424606,1.5521368,38.589977,3.6612463,7.5317273,14.144118,12.281866,37.25511
TCGA.FW.A5DX.01,1.8666476e-34,6.438361e-35,66.244,4.0276775,0.44938418,15.045396,8.828794e-24,60.16725,11.430732,1.3268799e-20
TCGA.GF.A2C7.01,28.36245,2.8769813,7.5130095,15.120045,18.873491,4.3364835,0.00010063205,33.188362,18.205807,28.420448
TCGA.GF.A3OT.06,0.4447091,22.67689,0.5150094,9.330072,32.81679,12.856172,12.365587,0.0,27.198591,57.136044
TCGA.GF.A4EO.06,1.2182454e-05,3.1104562,95.24424,5.2816234,7.809033,4.502923,5.899823,9.114011,8.446528,35.566624
TCGA.GF.A769.01,6.6639245e-09,3.692329,4.5961275,2.7819076,41.75408,23.18993,9.378842,38.328167,12.71016,34.863277
TCGA.GN.A262.06,0.0,2.6502655,26.607313,37.293938,5.8902397,69.66195,12.893701,18.779692,5.672613,0.0
TCGA.GN.A263.01,0.75424856,13.99647,1.9221915,11.985705,90.880455,20.21899,8.4639037e-16,5.713537,16.41343,13.922074
TCGA.GN.A264.06,1.0253503,32.956703,0.2790106,12.559892,43.00963,6.772765,9.199312,14.120293,8.948024,20.419859
TCGA.GN.A265.06,0.00015945683,29.582254,33.02955,4.5844836,54.07515,10.562535,1.352331,2.115756,4.7168183,35.79696
TCGA.GN.A266.06,0.07839806,3.927285,8.875322,6.2590876,25.861643,6.0696454,21.033367,7.7374372,18.569658,50.29775
TCGA.GN.A267.06,0.11369147,6.151097,6.1871247,25.663845,12.059269,12.224795,4.3462258e-13,42.771275,24.985998,25.858578
TCGA.GN.A268.06,0.4486355,1.5042753,2.3361672e-16,42.77195,13.78173,33.957336,2.5986782e-21,15.921375,7.725202,50.36642
TCGA.GN.A26A.06,0.00021790397,8.23169,7.6459045,8.007696,33.02039,11.353622,19.219376,11.495821,7.34724,61.952446
TCGA.GN.A26C.01,2.8418136,5.8140597,5.976303,2.8604398,21.834583,7.9391336,27.1391,9.829381,10.0298395,60.502064
TCGA.GN.A26D.06,0.0020363564,0.11383185,13.261349,11.630586,27.071548,14.661509,5.5789326e-21,16.087214,19.752203,56.69617
TCGA.GN.A4U3.06,4.464021,4.3751643e-33,23.325914,10.292427,1.8878136,0.0,11.217757,49.719284,17.508854,34.44782
TCGA.GN.A4U4.06,3.8209854e-13,1.1647972,11.665361,7.4030976,8.728219,18.8249,9.549817e-30,57.804043,20.720049,25.243158
TCGA.GN.A4U5.01,58.08671,2.9385555,15.059945,0.30741394,30.568949,17.22934,1.0371939,16.153238,15.289293,45.05473
TCGA.GN.A4U7.06,0.31947136,2.1323292,32.085194,5.836492,50.07676,12.630387,2.8404585e-07,17.335032,10.732602,34.266033
TCGA.GN.A4U8.11,1.6660513,8.209019,17.802683,6.165241,13.869236,10.946801,12.003227,23.023392,13.008882,45.448994
TCGA.GN.A4U8.06,1.017727,4.67999,22.270233,0.33569902,17.054104,7.2150817,11.377001,36.12565,16.304295,38.1891
TCGA.GN.A4U9.06,4.5169066e-18,4.9898567,5.779474,63.780624,0.0,9.07281,9.745926e-37,9.241859,50.97348,12.155625
TCGA.GN.A8LK.06,4.2183927e-09,6.618527,18.59797,6.5673857,79.96736,4.3806705,0.0,16.592934,18.250435,24.895573
TCGA.GN.A8LL.06,2.8355064,2.6322854,10.7568655,7.913752,25.149559,17.361904,7.0056,23.528515,33.668823,23.311487
TCGA.GN.A8LN.01,0.023915973,6.8297477,8.327043,14.346089,6.7558637,17.400301,29.591059,24.832138,16.616274,28.125256
TCGA.GN.A9SD.06,0.14755024,18.245218,5.767813,18.851715,29.338718,16.40073,10.41835,17.617886,22.947884,13.666742
TCGA.HR.A2OG.06,5.0672894,12.510487,29.942211,3.168916,21.97841,8.526518,30.1259,5.9263115,14.709523,33.104195
TCGA.HR.A2OH.06,0.61502784,15.723996,29.682673,7.9497457,34.34307,3.3239403,7.9897156,12.711301,11.425902,40.68408
TCGA.HR.A5NC.01,43.06749,0.010501094,13.780133,2.5770965,18.545433,32.35933,4.046985,32.00564,19.78725,16.933578
TCGA.IH.A3EA.01,2.0329272e-13,81.871864,0.0,7.015325,16.7698,1.702042,0.0,12.742522,16.817505,25.268568
TCGA.LH.A9QB.06,6.110688,12.156753,1.0407239,12.033166,22.573368,44.489708,29.255629,13.176647,16.393585,11.168036
TCGA.OD.A75X.06,0.00015864673,0.5169889,0.06728022,38.6463,15.79583,0.0,1.7841463e-19,23.620872,52.150124,35.091473
TCGA.QB.A6FS.06,0.13074729,4.922058,2.507995,17.462404,65.48273,18.357677,0.044338584,40.79355,5.0249925,5.798984
TCGA.QB.AA9O.06,1.2145752,12.771106,18.970968,18.090597,57.783566,3.5633953,7.526417,12.330499,15.089371,14.627231
TCGA.RP.A690.06,1.4612389e-15,1.963547,14.763321,22.619852,9.648716,45.316395,13.297975,22.117342,12.670896,4.10884
TCGA.RP.A693.06,3.130629,8.474884,11.462623,3.865553,18.419924,12.069398,3.9594624,34.344826,13.417209,36.60742
TCGA.RP.A694.06,1.7283041,6.7606874,16.489122,13.47702,9.925671,11.117003,0.32581103,34.949352,5.553193,41.795994
TCGA.RP.A695.06,3.2042289,3.8157983,6.7111454,11.705258,26.362986,9.696573,2.8115857,30.73936,37.649006,24.050209
TCGA.RP.A6K9.06,1.082466,18.384747,14.685002,5.444023,44.62939,9.723012,5.671049,17.24739,36.87366,18.216066
TCGA.W3.A824.06,1.4573836,1.1307126,0.010009539,28.528242,15.3259325,20.261358,4.2688446,15.42681,47.058846,18.066391
TCGA.W3.A825.06,1.2741305e-22,17.412483,0.0009897981,32.04468,9.120384e-18,28.874756,0.00010406651,20.736069,22.892462,34.071236
TCGA.W3.A828.06,2.8756657,17.841017,12.238043,3.716364,30.45117,0.89853007,32.580566,3.9188974,14.016571,31.014654
TCGA.W3.AA1O.06,0.17622133,20.585403,3.2669399,10.752392,34.452866,8.980335,7.390732,21.987156,7.2909336,34.88553
TCGA.W3.AA1Q.06,0.007384959,11.965162,2.7023323,8.284264,18.414806,18.031996,13.237313,24.731901,23.349873,25.075663
TCGA.W3.AA1R.06,0.29775855,22.487452,16.070662,15.319967,19.406538,7.8016872,6.042164,13.516165,23.997988,34.83798
TCGA.W3.AA1V.06,1.6464754e-20,3.5465016,0.00020934365,17.55032,36.456814,6.0254917,48.551964,6.708601e-17,22.953842,24.756159
TCGA.W3.AA1W.06,1.0527679,6.738962,11.659699,7.135503,16.833986,1.2834016,10.718272,20.031015,1.1979231e-27,74.9408
TCGA.W3.AA21.06,0.0045877476,6.9723573,2.4011827,20.688896,3.8742802,12.887405,19.338924,26.426918,23.544405,30.07298
TCGA.WE.A8JZ.06,0.4895939,6.9109564,13.319924,4.6119123,16.604448,46.354637,3.9376476,11.863981,40.423336,31.385416
TCGA.WE.A8K1.06,0.9407035,18.472515,14.165462,5.8852215,22.351011,6.6637845,5.4454527,15.873632,15.978993,51.61574
TCGA.WE.A8K5.06,2.7735171,4.3654356,6.981822,42.44884,13.500817,36.199303,7.921674,16.385181,17.37958,10.264863
TCGA.WE.A8K6.06,8.081697e-26,6.637194,2.527642,18.845276,7.876632,21.354164,60.74172,12.004265,31.6616,8.337598
TCGA.WE.A8ZM.06,1.8181337,3.0356824,31.372469,13.782545,1.3886703,30.32964,26.155342,16.700277,24.1268,8.239099
TCGA.WE.A8ZN.06,9.653798e-06,12.629359,5.243224,3.0996652,39.032455,5.080122,9.98635e-26,45.553276,5.675915,49.30777
TCGA.WE.A8ZO.06,0.11955438,0.0,10.165007,7.866056,4.7178545,40.768723,14.027185,27.63002,34.202873,23.337116
TCGA.WE.A8ZQ.06,0.0018221972,14.857569,8.57135,14.973499,4.607417,25.744804,17.74966,20.854177,20.425367,25.159609
TCGA.WE.A8ZR.06,5.4767694,1.4224894,18.450922,9.6731415,8.8532295,19.248716,14.155005,18.294775,38.784542,25.666656
TCGA.WE.A8ZT.06,3.0273468,7.534385,19.713299,1.1868248,14.373578,27.004969,27.165468,53.24939,0.1643382,4.7771997
TCGA.WE.A8ZY.06,3.7032735,9.5522995,10.620696,16.254414,36.183266,34.92924,10.043418,17.936785,24.93707,8.19716
TCGA.WE.AA9Y.06,2.6114974,21.420176,11.791396,2.8855524,32.88816,4.5440392,23.364964,6.5616918,8.083141,54.328266
TCGA.WE.AAA0.06,5.2784266,8.448214,8.676644,9.228484,21.43145,9.718519,21.82712,30.263504,2.0649428,33.496754
TCGA.WE.AAA3.06,2.0163717,25.037622,18.445715,12.689445,20.112186,13.341548,8.784542,12.06681,14.082681,35.130898
TCGA.WE.AAA4.06,1.4766647,13.206992,11.553253,4.925376,44.594715,14.851491,6.067734,10.080079,12.463558,48.857853
TCGA.XV.A9VZ.01,33.83085,15.681135,6.8723807,21.868296,15.0179405,7.0662966,46.747578,3.9160151,11.430301,0.0
TCGA.XV.A9W2.01,108.954735,12.403925,12.743591,8.367029,23.59443,0.9806203,9.580154,7.072262,5.201179,30.80361
TCGA.XV.A9W5.01,6.2838907,25.56731,2.6091747,3.8391216,19.082428,25.298973,22.128914,19.383022,35.988163,4.4827123
TCGA.XV.AAZV.01,23.594173,28.140985,1.936097e-06,12.356865,38.718792,20.062588,17.4576,7.455524,10.5633745,19.016087
TCGA.XV.AAZW.01,55.146694,7.7570686,13.87176,8.60624,17.598284,8.915175,7.2125864,13.922271,25.622608,31.775234
TCGA.XV.AAZY.01,0.00052346016,41.432915,4.2832036,11.069834,33.95936,12.038387,2.1889103e-33,13.682655,7.2612243,45.67275
TCGA.YD.A89C.06,3.1574634e-19,2.2681303,2.5613875,69.34351,1.1932487,61.02304,0.0,8.449226,29.338278,7.4967384
TCGA.YD.A9TA.06,0.07915736,2.9428635,11.370989,57.613243,10.364384,20.880081,4.8219023,4.1123796,21.893995,44.428673
TCGA.YD.A9TB.06,0.005181943,11.0097065,10.30377,19.83447,28.888065,31.205114,8.252732,7.621705,17.639402,28.148714
TCGA.YG.AA3N.01,76.128845,0.8448916,14.634236,13.680531,27.092842,0.0,2.0209653,26.202396,3.323042,24.190838
TCGA.YG.AA3O.06,0.00016063292,15.589838,42.73471,12.317722,48.02625,4.066418,1.5158045,8.2193,6.440135,29.021585
TCGA.YG.AA3P.06,1.0266366,5.3005886,14.289495,44.494576,7.200351,17.108313,10.258153,27.393358,23.1273,3.9111857
TCGA.Z2.A8RT.06,0.19205761,2.8735287,16.039848,17.958641,13.96411,24.54974,1.0555915,31.529234,20.118368,28.186565
TCGA.Z2.AA3S.06,2.8602524e-22,0.14158352,19.272675,27.33481,24.222887,30.683544,0.56307405,17.992994,43.70959,4.9295573
TCGA.Z2.AA3V.06,0.5421191,28.878628,3.6864972,0.86063176,24.388578,11.233922,7.7272887,26.458656,9.398461,45.15981
