hsa.let.7a.1,367.5295,41.4558,6.1531393e-18,0.15647155,18.7032,284.4447,5.3778763,22.294212,46.59221,6.1176036e-21
hsa.let.7a.2,733.7447,82.73189,1.3728339e-17,0.7961952,36.864727,568.6283,10.531045,44.66398,92.82512,1.3737384e-20
hsa.let.7a.3,368.3437,41.984196,2.9717347e-17,0.37722075,18.8991,286.01697,4.4107356,22.71383,46.453815,6.4417914e-21
hsa.let.7b,433.72485,182.63118,122.01779,1.1252125e-15,242.46117,743.8568,0.00020884244,0.001218091,2.7418135e-21,0.0047825044
hsa.let.7c,83.555405,5.0582066,7.223261e-19,95.80738,109.85868,335.98618,16.89258,2.1499937e-07,142.2451,0.0
hsa.let.7d,9.545009,2.9362423,21.855505,3.407868,2.97332,16.462307,2.5542097e-19,1.6180643,0.73577416,1.286398
hsa.let.7e,73.16824,0.0026138232,58.55008,26.412376,1.5209155e-09,53.28696,4.9426126,4.803025,1.3646034e-07,0.0
hsa.let.7f.1,0.886526,0.09801779,0.16291076,0.068445176,0.06912375,0.29225764,4.1554153e-15,0.07189642,0.17115639,0.07830198
hsa.let.7f.2,528.1804,14.791245,1.8292296e-34,22.496166,26.917679,220.49504,25.541588,46.226208,6.7677064,0.0
hsa.let.7g,17.782835,3.636832,6.9946218,2.6749847,0.00017866914,10.893504,2.4371687e-17,1.3326051,3.168506,3.5991795
hsa.let.7i,6.896559,2.3303502,12.461358,2.5784361,4.2006054,6.3263545,0.017889803,0.7844906,5.9863276,3.6852622
hsa.mir.1.1,0.00076576544,0.010198826,0.0,0.0,0.0066211084,0.001457195,0.0,0.0013948459,0.0,0.00051477464
hsa.mir.1.2,1.420305,3.6662204,0.0,0.0,5.2641354,1.9929593,0.0036069725,5.797607,0.0,6.280044e-26
hsa.mir.100,30.291744,2.7547842e-26,0.0,6.2827105e-27,0.0,761.9645,1.2619044e-16,41.68402,113.495605,85.37752
hsa.mir.101.1,71.86777,65.95387,73.254486,36.063725,46.79061,167.93806,3.688485e-10,16.020538,52.79224,31.622164
hsa.mir.101.2,0.6758515,0.29850397,0.18143456,0.10126789,0.32070887,0.7350754,7.2281914e-22,0.06090747,0.38018698,0.34015355
hsa.mir.103.1,156.47107,40.0704,466.62427,79.44745,17.738739,286.66034,1.7259168e-17,23.278696,3.6219328e-05,171.5038
hsa.mir.103.1.as,0.0,0.0,0.0,0.0,0.0,0.0,0.0,0.0,0.0,0.0
hsa.mir.103.2,0.055865575,0.019828161,0.3065892,0.02690543,0.030350085,0.097979255,6.596675e-36,0.004575207,9.185502e-15,0.12641045
hsa.mir.103.2.as,0.0,1.4058336e-05,0.0,0.0,0.0,0.0,0.0,1.9799123e-05,0.0,0.0
hsa.mir.105.1,0.29927033,4.9700067e-26,1.2325965,1.2195373e-19,3.9051703e-17,0.16350912,3.5995668e-17,0.06760466,3.1366103e-12,0.06441384
hsa.mir.105.2,0.28582066,2.6745205e-19,1.2824105,9.92498e-22,1.6752079e-26,0.16868775,7.710745e-14,0.060578283,1.7033524e-14,0.072613165
hsa.mir.106a,0.15303949,0.1977798,0.37460777,2.2149575e-30,6.0708274e-13,0.12360371,5.7038606e-15,0.05232444,1.8179951e-19,0.051275227
hsa.mir.106b,4.05882,2.3037415,12.181221,1.8834013,1.8677292,6.2599745,0.00017833704,0.6890661,7.793363e-13,1.9357526
hsa.mir.107,0.5179844,0.25958014,1.3295542,2.4984689e-05,0.006502658,1.3710693,0.041416433,0.18682365,0.00014623381,0.3748319
hsa.mir.10a,0.023306835,0.0,144.32942,60.319546,3.3960125,146.21562,1.2863852e-33,0.0,2176.4836,22.385809
hsa.mir.10b,102.3812,1.3679624,272.03137,5028.3486,61.63924,458.79718,0.114268474,1.9205896,25.593578,103.99111
hsa.mir.1178,0.0,0.0,0.00069750665,3.7084569e-31,0.0,0.0,0.0,0.0,0.0,4.1561067e-05
hsa.mir.1179,0.0022146157,0.0037844453,1.4123664e-06,0.009106113,0.002873605,0.0044519696,0.0,0.00078553666,2.695785e-06,0.0024032777
hsa.mir.1180,0.06086905,0.17343618,1.2085494,7.2942745e-17,0.2540546,0.37499693,0.15093397,0.11551867,2.581921e-11,0.0150007885
hsa.mir.1181,0.002992381,0.00041377824,0.0,5.2846865e-24,0.0014937203,0.004977557,8.250248e-27,0.0,1.8545034e-22,0.0004360561
hsa.mir.1182,0.0,0.0,0.0,0.0,0.0,0.0,0.0,0.0,0.0,6.205955e-05
hsa.mir.1183,0.0,0.0,0.0,0.0,0.0,0.0,0.0,0.0,0.0,0.0
hsa.mir.1184.1,0.0,0.0,0.0,0.0,0.0,0.0,0.0,0.0,0.0,0.0
hsa.mir.1184.2,0.0,0.0,0.0,0.0,0.0,0.0,0.0,0.0,0.0,0.0
hsa.mir.1184.3,0.0,0.0,0.0,0.0,0.0,0.0,0.0,0.0,0.0,0.0
hsa.mir.1185.1,0.0,0.0,0.18715854,0.0,0.015402286,0.12457715,0.0,0.0,0.0,0.0
hsa.mir.1185.2,6.7932326e-11,0.0,0.041920092,0.007861625,0.010669925,0.046530165,0.0,0.0,0.0,0.0
hsa.mir.1193,0.00012930307,0.0,0.0083644325,0.0035357706,4.229436e-33,0.010148059,0.0,0.0,0.0,0.0
hsa.mir.1197,0.0,0.0,0.08931294,0.020884844,1.172536e-31,0.014962139,0.0,0.0,0.0,0.0
hsa.mir.1200,0.0,0.0,0.0,0.0,0.0,0.0,0.0,0.0,0.0,0.0
hsa.mir.1202,0.0,0.0,0.0,0.0,0.0,0.0,0.0,0.0,0.0,0.0
hsa.mir.1203,0.0,0.0,0.0,0.0,0.0,0.0,0.0,0.0,0.0,0.0
hsa.mir.1204,0.0,0.0,0.0,0.0,0.0,0.0,0.0,0.0,0.0,0.0
hsa.mir.1205,0.0,0.0,0.0,0.0,0.0,0.0,0.0,0.0,0.0,0.0
hsa.mir.1206,0.0,0.0,0.0,0.0,0.0,0.0,0.0,0.0,0.0,0.0
hsa.mir.1207,0.0,0.0,0.0,0.0,0.0,0.0,0.0,0.0,0.0,0.0
hsa.mir.1208,0.0,0.0,0.0,0.0,0.0,0.0,0.0,0.0,0.0,0.0
hsa.mir.122,0.00010800421,0.0,0.0003918505,0.0025745141,0.0,0.0,5.7363875e-05,0.0,0.0,0.00040168528
hsa.mir.1224,0.0,0.0,0.05350149,0.01870334,0.0,0.031112447,0.0,0.0,0.00049405405,0.0
hsa.mir.1225,1.1094249e-13,0.0004894361,0.0016202589,0.00067448436,0.0,0.0014963737,7.80567e-16,0.00020278512,0.0,8.138331e-15
hsa.mir.1226,1.5274588e-06,0.0,0.10767804,0.024260094,0.0,0.013649068,0.00049468904,3.1736747e-10,3.01122e-26,1.6029463e-22
hsa.mir.1227,0.0,0.0,0.0031290872,1.739735e-18,0.00024992746,0.0013330613,0.0,0.0,0.000630891,0.0
hsa.mir.1228,9.107077e-12,0.0,0.15022624,0.0,0.043375093,0.0,0.0,0.0,2.2473965e-05,0.015281474
hsa.mir.1229,4.389356e-19,0.0,0.04068,0.0040236097,0.0,0.00083529024,0.000789626,0.0008035433,0.0017950202,0.00081797835
hsa.mir.1231,0.0,0.0010961562,0.0047419914,0.0009964257,2.0342249e-19,2.0297097e-16,2.0627026e-06,2.0679799e-16,0.0,0.00011122444
hsa.mir.1233.1,0.0,0.0,0.0,0.0,0.0,0.0,0.0,0.0,0.0,0.0
hsa.mir.1233.2,0.0,0.0,0.0,0.0,0.0,0.0,0.0,0.0,0.0,0.0
hsa.mir.1234,0.0007818391,0.0,0.0020511872,0.0005981375,0.0,0.00028236138,0.0,0.0,0.0003064185,0.00032642824
hsa.mir.1236,0.0,0.0,0.002793674,0.0,0.0,0.00072581955,0.0,0.0,0.0,0.00011962344
hsa.mir.1237,0.0,0.00020336093,0.0031019463,0.00023101197,0.00091376615,0.0,0.0,0.0,0.0,0.0005070175
hsa.mir.1238,0.0,6.4336414e-06,0.0005208833,0.0,4.5736568e-05,0.0020036476,3.7945558e-10,0.00016565376,5.6497294e-12,0.0
hsa.mir.124.1,0.0,0.0,0.0,0.0,0.0,0.107618906,0.0,0.0,0.0,0.0
hsa.mir.124.2,0.0,0.0,0.0,0.0,0.0,0.0562728,0.0,0.0,0.0,0.0
hsa.mir.124.3,0.0,0.0,0.0,0.0,0.0,0.06653207,0.0,0.0,0.0,0.0
hsa.mir.1243,0.0019020785,0.00022538504,0.0040660836,7.912049e-07,0.0012047632,0.0028956195,0.00013789101,0.0,0.0026417903,0.00077398255
hsa.mir.1244.1,0.0,0.0,0.0,0.0,0.0,0.0,0.0,0.0,0.0,0.0
hsa.mir.1244.2,9.482562e-24,0.0,0.00023726345,2.282971e-05,0.0,0.0,1.9799802e-05,0.0,0.0,0.0
hsa.mir.1244.3,0.0,0.0,0.0,0.0,0.0,0.0,0.0,0.0,0.0,0.0
hsa.mir.1245,0.043228064,0.0,0.09518916,0.06802062,0.19378754,1.1849171e-28,8.500722e-27,0.0,0.09014777,0.045822605
hsa.mir.1246,0.00013504575,0.0010855948,0.00021184518,0.0,9.689776e-05,0.0,0.0,0.0,0.0,0.0007746132
hsa.mir.1247,0.0,0.0,6.7093215,0.0,0.0,2.4369397,0.0,0.0848292,2.5795687e-33,0.0
hsa.mir.1248,0.011569923,0.02975561,0.024610767,0.0,1.7812216e-18,0.006855256,0.0,1.7189861e-22,0.0,0.0028092717
hsa.mir.1249,0.02781773,0.004282691,0.04951144,1.4034435e-24,0.016551415,0.0063108676,6.0025926e-13,4.541336e-19,3.3592035e-35,0.027816279
hsa.mir.1250,2.8340087e-16,0.0,0.0071365447,0.0003061081,0.0,0.0011126081,0.005291402,0.0,0.0,4.2507772e-15
hsa.mir.1251,0.0,0.0,0.0019794134,0.011045851,0.0,0.048966885,0.0,0.012073688,0.025369266,0.0
hsa.mir.1252,3.293571e-32,0.0,0.00010605578,0.00019097996,3.0981904e-05,2.8738472e-07,0.0,0.0,0.001378379,0.0002609784
hsa.mir.1253,0.0,0.0,0.0,0.0,0.0,0.0,0.0,0.0,0.0,0.0
hsa.mir.1254,3.0291393e-25,0.002278384,0.021922434,0.0052308645,0.0015695231,0.020833477,2.0640838e-17,0.0003138746,4.9196903e-08,0.0038333142
hsa.mir.1255a,0.006895716,0.00059049093,0.009260074,0.0049907747,0.007534175,0.0014754242,0.0013553909,1.102605e-31,0.00083937653,0.004940099
hsa.mir.1255b.1,0.0,0.0,0.0,0.0,0.0,0.0,0.0,0.0,0.0,0.0
hsa.mir.1255b.2,0.0,0.0,0.0,0.0,0.0,0.0,0.0,0.0,0.0,0.0
hsa.mir.1256,0.0015164032,0.0,0.00255775,0.0012787604,0.00013097249,0.0017688837,0.0,0.0,0.0,0.00053484977
hsa.mir.1257,8.376934e-05,0.0,0.00016516674,0.0,0.0,0.0005485572,0.0,0.0,0.0,0.0
hsa.mir.1258,0.002442167,0.0033057367,0.007329395,0.003941139,0.001130362,1.7186231e-20,0.0,0.0028465306,0.044160876,0.0
hsa.mir.125a,6.3718176,3.0112662,28.389177,13.083831,1.993602,24.75781,6.632233e-15,1.3557599,3.0568664,2.2935517
hsa.mir.125b.1,6.3005147,4.520921,12.148221,16.947704,8.1887455,99.128555,2.3342465e-36,1.9692559,15.3528385,3.2767005
hsa.mir.125b.2,3.0217983e-12,0.36484852,0.22303075,0.39215204,0.86156446,2.406173,4.075114e-15,3.8517635e-07,0.44194353,1.3502384e-08
hsa.mir.126,17.748476,9.079057,47.45184,34.10844,28.998714,14.13821,0.0,3.9427546e-33,2.2823567,27.525145
hsa.mir.1260,0.0,0.0,0.0,6.4911204e-05,0.00026725812,0.00013779948,0.0,0.0,0.0,0.0
hsa.mir.1260b,0.0004167306,0.0002358925,0.0016755476,0.0,0.0016804768,0.00068482215,3.8411293e-17,0.0,0.0001684934,0.00013472169
hsa.mir.1261,0.0,0.0,0.0,0.0,0.0,0.0,0.0,0.0,0.0,0.0
hsa.mir.1262,0.03184465,0.013964333,0.070789255,4.0082553e-23,0.022724664,0.065924264,1.6188215e-08,4.6835112e-08,0.015601247,0.011846072
hsa.mir.1263,0.0,0.0,0.001140785,0.0,0.0,5.8067144e-05,0.0,0.0,0.003403078,0.0
hsa.mir.1264,0.0,0.0,0.0021754596,0.0,0.0,0.0059294724,0.0,0.0,0.0,0.0
hsa.mir.1265,0.0,0.0027901882,0.00046235762,0.00065534894,0.0018943487,0.0,0.0,1.3517365e-16,0.005674075,0.00032495108
hsa.mir.1266,0.007173153,0.00848792,0.053077914,1.00326645e-16,1.5392817e-37,0.029507544,2.6856775e-05,0.013799288,4.0946798e-05,0.00030123492
hsa.mir.1267,0.00014191637,0.0,0.0,0.0,0.0,0.0,0.0,0.0,0.0,0.0
hsa.mir.1268,0.0,0.0,0.0,0.0,0.0,0.0,0.0,0.0,0.0,0.0
hsa.mir.1269,0.859774,0.0,4.338659,7.501591e-09,0.0,0.0,0.0,0.0,0.0,0.0
hsa.mir.127,0.0,0.0,201.40604,42.304405,37.247665,267.06296,0.0,0.0,0.0,0.0
hsa.mir.1270.1,0.037825078,0.007998377,0.04589952,0.0396961,0.00804603,0.05066761,2.1709756e-12,0.001951155,2.062164e-05,2.7223281e-30
hsa.mir.1270.2,0.040981144,0.012850869,0.052077323,0.029006893,0.00093770615,0.051093444,1.8965958e-09,0.0013946771,0.012543828,6.9505635e-24
hsa.mir.1271,0.07635336,0.051199052,0.23318526,0.071843475,0.03772485,0.19570725,6.23638e-24,0.013866282,8.370126e-06,0.01700763
hsa.mir.1272,0.0,0.0,0.0,0.0,0.0,0.0,0.0,0.0,0.0,5.263287e-05
hsa.mir.1273,0.0,0.0,0.0,0.0,0.0,0.0,0.0,0.0,0.0,0.0
hsa.mir.1273c,0.00020052478,9.845151e-28,5.2783344e-17,3.4284908e-06,0.00013699333,2.594014e-09,0.0,0.0,0.0,4.023841e-05
hsa.mir.1273d,0.0,0.0,0.0,0.0,0.0,0.0,0.0,0.0,0.0,0.0
hsa.mir.1274a,0.0,0.0,0.0,0.0,0.0,0.0,0.0,0.0,0.0,0.0
hsa.mir.1274b,0.0016060295,0.004910875,0.046184506,1.902056e-33,0.014440706,0.0038355812,9.812852e-18,2.3816819e-08,4.1712e-12,0.015391558
hsa.mir.1275,0.0,0.0,0.0021764291,0.0,0.0012818922,0.0025976475,0.0,0.0,0.001569989,0.0
hsa.mir.1276,0.0013707094,0.0,0.0066502313,0.001036372,8.97791e-23,0.0034485904,0.00047640424,2.6516346e-22,0.0,0.0009682964
hsa.mir.1277,0.008782301,0.0077646887,0.05706404,0.003607162,0.00025541702,0.026773103,0.0,2.2352482e-07,1.0328011e-19,0.019621955
hsa.mir.1278,0.00047130126,0.0002985452,6.9918514e-33,0.0,0.001168072,0.002078216,0.0,0.0,0.0,0.0005375785
hsa.mir.1279,0.0,0.0,0.0,0.0,0.0,0.0,0.0,0.0,0.0,0.0
hsa.mir.128.1,1.0179417,0.36752304,3.8194268,9.130979e-14,0.48972395,2.6391177,6.0006303e-19,0.09489238,0.4558605,0.0024028155
hsa.mir.128.2,0.62153065,0.26716128,2.5872154,1.8689081e-09,0.18812625,1.7303474,6.723183e-14,0.097518325,0.20264755,0.0075204526
hsa.mir.1280,0.0,0.0,0.00013702505,0.0,9.6001764e-05,0.0,0.0,0.0,0.0,8.69852e-06
hsa.mir.1281,0.0,0.0,0.0,0.0,0.0,0.0,0.0,2.6306305e-05,0.0,3.3510943e-05
hsa.mir.1282,0.0,0.0,0.0,0.0,0.0,0.0,0.0,0.0,0.0,0.00012409354
hsa.mir.1283.1,0.0,0.0,0.03343438,0.013582288,0.0,0.0,0.0,0.0,0.0,0.0
hsa.mir.1283.2,0.0,0.0,0.056106236,0.019870006,0.0,0.0,0.0,0.0,0.0,0.0
hsa.mir.1284,0.0031239206,1.5669998e-30,0.009122538,3.624061e-28,0.0,0.005514117,7.018901e-33,0.0008876646,6.290109e-15,0.004013958
hsa.mir.1285.1,0.00044218215,0.0,1.9347919e-22,0.0017219383,5.9437276e-05,0.0012404775,0.0,0.0,0.0,0.0019542917
hsa.mir.1285.2,7.824772e-05,0.0,0.0,0.0,0.0,0.0,0.0,0.0,0.0,0.0
hsa.mir.1286,0.0,0.00015867705,0.0019333472,0.0,0.0,0.0007806199,2.8269231e-10,0.0,0.0,4.2771734e-35
hsa.mir.1287,0.16491519,0.091993555,2.2666252,1.1679264e-27,0.4098883,0.090762526,0.045182824,0.11227679,0.31332225,0.007446702
hsa.mir.1288,0.007104866,3.6316197e-28,0.022419613,0.0029142925,0.003940346,0.0024553633,0.0030781303,1.592211e-25,4.5518613e-30,0.002134317
hsa.mir.1289.1,0.0,0.0,0.0,0.0,0.00021490063,0.00048503806,0.0,0.00010373002,1.8263267e-05,1.1417787e-06
hsa.mir.1289.2,0.0,0.0,0.0,0.0,0.0,1.0043041e-05,0.0,9.512544e-06,0.0,2.4169003e-05
hsa.mir.129.1,0.0,0.0,2.971475,0.0,0.0,1.7769697,0.0,0.0,0.0,0.0
hsa.mir.129.2,0.0,0.0,3.2754712,0.0,0.0,1.9001492,0.0,0.0,0.0,0.0
hsa.mir.1290,0.00018031163,0.0008800889,0.00040096245,0.0,2.5276667e-18,0.0,0.0,0.0,0.0,0.0
hsa.mir.1291,0.001987103,0.0020543938,5.3192777e-32,0.0,0.004050704,0.04213755,0.0,0.0,0.0,0.0013941296
hsa.mir.1292,0.0018192548,0.0019293588,0.022730574,0.0024564797,8.977174e-12,0.008109789,5.7387906e-06,1.4520059e-07,0.0,0.0024228173
hsa.mir.1293,0.0030393363,0.0,2.0064663e-06,0.0,0.0,0.0,0.0,0.0,0.017931558,0.0053344257
hsa.mir.1294,0.0040823873,0.0,0.0016549309,0.00069390057,0.0020061464,0.0021280535,7.6715463e-07,0.0,8.837079e-35,0.0023105436
hsa.mir.1295,0.0,0.0,0.015669852,0.022410847,0.0,0.08730471,0.0,0.0,0.0,0.0
hsa.mir.1296,0.042724486,0.017320689,0.1704217,0.0946464,0.058427796,0.27079412,0.0,0.0,0.029909411,0.0151935015
hsa.mir.1297,0.0,0.0,0.0,0.0,0.0,0.0,0.0,0.0,0.0,0.0
hsa.mir.1298,0.0,0.0,0.02511103,0.0,0.0,0.1832365,0.0,0.0,0.0,0.0
hsa.mir.1299,0.0,0.0,0.0,0.0,0.00013103048,0.0,0.0,0.0,0.0,9.044274e-05
hsa.mir.1301,0.0,2.8583814e-13,0.785967,0.14757754,0.0,0.14571674,0.0,0.033548094,4.8149743e-17,0.025931703
hsa.mir.1302.1,0.0,0.0,0.0,0.0,0.0,0.0,0.0,0.0,0.0,0.0
hsa.mir.1302.10,0.0,0.0,0.0,0.0,0.0,0.0,0.0,0.0,0.0,0.0
hsa.mir.1302.11,0.0,0.0,0.0,0.0,0.0,0.0,0.0,0.0,0.0,0.0
hsa.mir.1302.2,0.0,0.0,0.0,0.0,0.0,0.0,0.0,0.0,0.0,0.0
hsa.mir.1302.3,0.0,0.0,0.0019734132,0.0,0.0,0.00012366819,0.0,0.0,0.0,0.0
hsa.mir.1302.4,0.0,0.0,0.0,0.0,0.0,0.0,0.0,0.0,0.0,0.0
hsa.mir.1302.5,0.0,0.0,0.0,0.0,0.0,0.0,0.0,0.0,0.0,0.0
hsa.mir.1302.6,0.0,0.0,0.0,0.0,0.0,0.0,0.0,0.0,0.0,0.0
hsa.mir.1302.7,0.0,0.0,0.0,0.0,0.0,0.0,0.0,0.0,0.0,0.0
hsa.mir.1302.8,0.0,0.0,0.0,0.0,0.0,0.0,0.0,0.0,0.0,0.0
hsa.mir.1302.9,0.0,0.0,0.0,0.0,0.0,0.0,0.0,0.0,0.0,0.0
hsa.mir.1303,0.00013066018,1.643527e-05,0.0,0.0,3.165463e-38,0.0006576774,2.4198285e-05,0.0,0.00035306162,0.0
hsa.mir.1304,0.014702373,1.3021458e-24,0.008769015,0.004072377,0.002905958,0.0025899103,0.0,0.0,0.00452563,0.0065082093
hsa.mir.1305,0.032836754,0.0,0.009800393,0.0,0.008941396,0.105132714,0.0,0.0,0.0,0.016327683
hsa.mir.1306,0.06439278,0.09592571,0.68087816,0.08697669,0.05487806,0.2930134,0.00034912687,0.011993856,3.7683313e-18,0.020232795
hsa.mir.1307,2.8883286,2.031389,63.615383,0.92874503,4.241384,21.954239,1.1403696e-16,0.6050004,0.37196222,5.9892097
hsa.mir.130a,0.5963842,0.41144714,6.0256314,0.00047782363,1.4250846e-25,6.6768656,0.0,0.0,2.597041e-27,0.01852763
hsa.mir.130b,0.52849084,0.40433085,5.5584345,0.0,4.6009085e-28,2.1275787,0.0,0.0,0.0,0.015527775
hsa.mir.132,2.164428,0.5969459,2.9099221,0.8802716,2.3237047,9.381135,0.0,0.28574055,3.565362e-11,0.7031956
hsa.mir.1321,0.0,0.0,0.0,0.0,0.0,0.0,0.0,0.0,0.0,0.0
hsa.mir.1322,0.00022853026,0.0,0.00011144367,1.432528e-05,0.00010910558,0.0,0.00013151404,0.0,0.0,0.0
hsa.mir.1323,0.0,0.0,0.29946393,0.1212047,0.0,0.0,0.0,0.0,0.0,0.0
hsa.mir.1324,0.0,0.0,0.0,0.0,0.0,0.0,0.0,0.0,0.0,0.0
hsa.mir.133a.1,5.698664e-36,6.953893,0.0,0.0,3.2219038,1.0091312,0.0,0.25240076,0.0,2.4955585e-10
hsa.mir.133a.2,0.02036392,0.115182765,0.0,0.0,0.05231057,0.030495217,2.1711745e-23,0.01284083,1.6400498e-35,2.6567957e-06
hsa.mir.133b,0.12569463,0.45025316,0.0,0.0,0.25219968,0.09698562,1.789541e-24,0.046022553,3.795214e-33,1.8639716e-10
hsa.mir.134,2.6222476e-22,0.0,69.77477,23.768642,13.602798,59.7537,0.0,0.0,0.0,1.3681613e-24
hsa.mir.135a.1,0.0,0.009158145,6.1882974e-07,0.0,0.0,0.47058606,0.0,0.019865714,0.09661977,0.0
hsa.mir.135a.2,0.0,0.0,0.0,0.006005687,0.0,0.05245934,0.0,0.0,0.03382591,0.0
hsa.mir.135b,0.0,0.0,0.68404937,0.15128726,0.0,0.17914258,0.0,0.0,0.0,0.0
hsa.mir.136,0.0024720305,0.0,2.7177498,5.5706663,2.0159748,20.600311,0.0,0.0,0.0,7.559903e-05
hsa.mir.137,0.041327547,0.0,0.17796446,0.0,0.0,0.11372491,0.0,0.0,0.0,0.11051883
hsa.mir.138.1,0.0813331,0.0,0.13841173,0.0,0.0,0.144522,0.0,0.0,0.0,0.07125677
hsa.mir.138.2,0.055290595,0.0,0.10968177,0.0,0.0,0.09295102,0.0,0.0,0.0,0.04289878
hsa.mir.139,0.3889571,0.22968349,0.40954417,0.8287656,0.99048096,0.15783808,3.8923304e-24,0.21444665,1.3257117,0.2977389
hsa.mir.140,3.728346,5.9675417,30.54776,9.117103,26.116148,14.088385,1.3117769e-29,0.82745725,13.125017,10.600066
hsa.mir.141,0.0,0.0,0.0,0.0,0.0,4.600921,0.0,1.9914622e-21,0.0,0.0
hsa.mir.142,5.3427057,0.0,9.4191265,0.0,9.843773,0.0,0.0,0.0,2.6745532e-24,34.755737
hsa.mir.143,0.04191404,3538.7263,163.99643,80.21518,1.6625066,9.065479e-05,3446.106,4152.429,254.29617,6.015348
hsa.mir.144,0.7268059,0.50401247,2.1009042,0.0,0.0,2.404114e-13,0.0,1.9085923e-07,0.0,1.7740653
hsa.mir.145,0.0,73.32032,23.01305,11.3607645,1.3263458e-22,0.0,2.578314e-09,61.49116,1.0009872e-20,15.847511
hsa.mir.1468,0.0,7.6714775e-24,0.47172356,0.19376525,0.0050036805,0.4373074,3.1700555e-15,2.2073224e-31,5.4714997e-09,2.2636131e-35
hsa.mir.1469,0.0,0.0,0.0,0.0,0.0,0.0,0.0,0.0,0.0,0.0
hsa.mir.146a,0.32448807,0.0,0.0,0.0,0.0,0.0,0.0,0.0,0.0,3.219877
hsa.mir.146b,10.561997,0.0,21.485308,0.0,0.0,8.091672,0.0,0.0,4.8103405e-17,12.994429
hsa.mir.147,0.0,0.0,0.0,0.0,0.0,0.0,0.0,0.0,0.0,0.0
hsa.mir.1470,0.0,0.0,0.0,0.0,0.0,0.0,0.0,0.0,0.0,0.0
hsa.mir.1471,0.0,0.0,0.0,0.0,0.0,0.0,0.0,0.0,0.0,0.0
hsa.mir.147b,0.0031902737,0.0004880394,0.0051699476,0.0,8.4559826e-05,0.0,0.0,1.0964804e-10,4.9296387e-36,0.0028511628
hsa.mir.148a,0.0031590322,0.0,1817.849,8.7801417e-32,275.36288,144.28528,0.0,0.0,0.0,8.3294755e-05
hsa.mir.148b,0.4517958,0.00056849804,6.4098,1.4392787e-22,0.13359666,1.1743903,0.12664162,0.16171794,0.99272645,0.49922666
hsa.mir.149,0.38522387,2.0925565e-26,1.3930156,4.6869884e-22,0.0,2.484328,0.00073829736,0.055310372,1.6554101e-09,0.0
hsa.mir.150,2.2303451e-05,0.0,5.117789,0.0,4.6565037,0.0,0.0,0.0,4.493698e-32,5.720749
hsa.mir.151,20.391394,4.7081966,73.96011,19.593369,3.77622e-07,26.903915,0.9089792,1.4468242,1.1651273e-11,9.037843
hsa.mir.152,1.8619282,6.472554e-15,11.679903,1.2173952,4.442294,4.26694,0.913897,3.730833e-20,5.4951353,1.1381947
hsa.mir.153.1,0.0,0.0,0.16080962,0.0,0.0,0.19701003,0.0,0.0,0.0,0.0
hsa.mir.153.2,0.0,0.0,2.9695299,0.0,0.0,3.5536716,0.0,0.0,0.0,0.0
hsa.mir.1537,0.00035282288,0.0006346818,0.0042913174,0.00095231103,0.0012326154,0.0,0.0,0.0,1.9854669e-24,0.0035385718
hsa.mir.1538,0.0003316679,0.001302114,0.0025316447,0.0006482683,0.0016046982,0.0037692974,0.0,0.0,2.2138962e-38,0.0017903524
hsa.mir.1539,6.4549886e-11,9.33685e-05,0.0014965723,0.0,0.00012882744,0.00051210454,0.0,0.0,1.0932173e-09,7.683039e-05
hsa.mir.154,5.787147e-10,0.0,2.4097269,3.84191e-08,0.41442722,2.7363212,0.0,0.0,0.0,2.9064818e-14
hsa.mir.155,6.3583226,3.458739e-10,0.00069075555,0.57910717,2.2854359e-11,0.0,0.8813184,6.770859e-18,6.0241554e-09,14.761364
hsa.mir.15a,1.9461027,0.88338464,2.3691154,0.00207912,2.2485747,3.2471867,6.9094095e-18,0.217178,0.21635976,2.6936424
hsa.mir.15b,3.3225248,2.6711574,7.5361295,1.1685857,2.4795492e-14,2.8162444,1.23256065e-30,0.42502385,4.479091e-19,3.2605734
hsa.mir.16.1,3.8599253,3.5656981,6.7908535,2.1672244,1.6850288,5.760623,1.7823866e-23,0.5795068,5.6544116e-07,4.3405795
hsa.mir.16.2,0.10920185,0.10556999,0.41502088,8.5879436e-30,0.025440473,0.14461969,0.0,5.919725e-15,1.2022021e-18,0.12888193
hsa.mir.17,4.9880395,4.516081,24.51428,5.2655163e-21,8.957022e-24,13.2696705,0.0,0.0,0.0,4.291458
hsa.mir.181a.1,29.06552,0.2761966,33.47015,21.658993,0.0,203.68338,6.461999e-20,2.4198608,16.803091,6.3391056
hsa.mir.181a.2,9.634258,4.795492,52.214943,10.068455,0.20214297,36.625412,0.0,0.0,0.0019632913,0.41637018
hsa.mir.181b.1,3.3246515,8.737266e-19,15.789583,7.1516204,0.0,46.89279,1.56024e-09,0.82887787,1.5730654,0.06665133
hsa.mir.181b.2,0.059271906,0.0,0.42633668,0.11716271,0.0,0.35777792,0.0,0.0,2.3792932e-10,0.058564596
hsa.mir.181c,0.55202454,0.52082264,4.4498143,0.0,0.0,3.3381023,0.122363195,0.3852444,1.2735038e-18,1.03035697e-13
hsa.mir.181d,0.11977644,0.080722645,1.5713608,0.0,0.0,1.1296629,0.12659964,0.16096976,7.578231e-14,1.2745447e-38
hsa.mir.182,0.0,0.0,0.0,0.0,0.0,418.44513,0.0,0.0,0.0,0.0
hsa.mir.1825,0.0,0.0,0.0,0.000200503,0.0,2.2555541e-32,0.0,0.0,0.0,0.0
hsa.mir.1827,9.857566e-05,0.0,7.282306e-05,3.0700567e-06,1.224304e-05,0.0,0.0,0.0,0.0,0.0
hsa.mir.183,0.0,0.0,1.931711e-13,0.0,0.0,125.18162,0.0,0.0,0.0,0.0
hsa.mir.184,0.10284375,0.0,0.24563932,0.0,0.07097019,0.10589012,0.0,0.0,0.009263076,0.015904084
hsa.mir.185,1.4153221,0.16009994,1.1088656,5.69135e-26,0.67417175,0.030854506,4.1245672e-05,0.0013779274,8.565982e-05,1.0810772
hsa.mir.186,4.8705425,1.1933595,8.49867,0.004748098,0.14604443,5.9954123,9.929032e-23,7.380414e-32,0.16357318,2.9355347
hsa.mir.187,0.0,0.31782737,0.4263526,2.858028e-20,0.0,0.079503834,0.0,0.0,0.0,0.019286063
hsa.mir.188,0.038766984,2.4873745e-16,0.28055298,0.023212569,0.0903835,0.071619585,4.6941195e-16,1.5632994e-17,0.07494937,4.007344e-33
hsa.mir.18a,0.059488818,0.04597031,0.64010084,0.04539151,0.0,0.089341916,0.0,4.4132243e-11,0.0,0.08154419
hsa.mir.18b,0.0016940153,0.0062598637,0.021750072,2.0443736e-23,0.0,0.0039445367,2.7398302e-37,0.0014833217,6.2606106e-16,0.0023151026
hsa.mir.190,0.07735291,0.012290407,0.05994304,0.07404112,0.031564184,0.13647695,0.0,0.0,0.060793146,0.036072034
hsa.mir.1908,0.0008430272,0.0,0.0025895669,0.0,0.0,0.0011366757,0.0,0.0001716143,0.00037609704,0.0006970606
hsa.mir.1909,0.0007277588,0.0,0.0019775676,5.9436194e-19,0.0,0.0004675241,0.0,0.0,0.0,0.0
hsa.mir.190b,0.011578026,0.008891151,0.012594572,4.0379637e-36,0.002940719,0.0049254764,0.0,0.0037952259,1.0673078e-30,0.0014308571
hsa.mir.191,3.577369,1.439731,14.856692,8.385477,0.36519843,12.271973,9.438546e-23,0.12248338,3.7946174,4.3543177
hsa.mir.1910,0.0,0.00030367504,0.008668818,0.0,0.0,0.0018899251,0.0,4.3265594e-26,0.0,0.0
hsa.mir.1911,0.0,0.0,0.030733153,0.0,0.0,0.1423261,0.0,0.0,0.0,0.0
hsa.mir.1912,0.0,0.0,0.008143112,0.0,0.0,0.04385127,0.0,0.0,0.0,0.0
hsa.mir.1913,6.000127e-25,6.8082714e-05,0.0028347052,0.0,0.00043510145,0.0006122496,0.0,0.0,0.0,4.7377944e-05
hsa.mir.1914,5.6744895e-25,0.0,0.0069055157,0.00062448287,0.00023336473,0.0022506728,0.0,0.0,3.070832e-16,0.00021378974
hsa.mir.1915,4.6932758e-20,9.265679e-05,0.0018462184,0.0,0.0,0.0024587295,0.0,2.6616388e-05,0.0,0.0
hsa.mir.192,3.1151414,3.4951446,12.039895,1.684217e-26,1.7882982,6.137014,0.0,5.0588662e-18,4.090194,1.0780185
hsa.mir.193a,3.9007149,1.3937658,6.626815,1.2431694,8.763793e-21,5.9099216,5.0045135e-20,0.0,1.4903268,4.8501525
hsa.mir.193b,0.8005463,0.58459914,0.004120732,0.4703228,0.3007944,1.5311271,6.915047e-21,0.1267777,2.3183509e-11,1.2362529
hsa.mir.194.1,0.7690308,0.87471277,2.2010949,0.0,0.34858984,1.206372,0.0,1.1859706e-14,0.63209355,0.14249492
hsa.mir.194.2,0.873283,0.97304976,2.536693,0.0,0.35972565,1.416266,0.0,3.4716597e-14,0.616048,0.20366517
hsa.mir.195,0.391734,0.74865925,0.0,0.27711812,0.32547343,1.2622571,1.256777e-10,0.2533379,6.5564838e-28,0.16205564
hsa.mir.196a.1,3.5855987,0.05332799,7.352322,3.060008,4.3948074e-16,10.276713,0.6778271,1.0285203e-37,2.9539258,0.14114305
hsa.mir.196a.2,0.3688171,0.021503532,0.92170894,0.41884524,5.162412e-12,0.6823479,0.023289932,2.707508e-17,0.17705157,0.028829917
hsa.mir.196b,6.760287,7.444106,82.25941,10.377798,0.047739413,6.391637,0.0,2.3053448e-09,5.0006582e-27,0.0
hsa.mir.197,2.505271,1.1368598,14.22579,1.6177788,4.6428676,5.4890394,0.0,0.0,9.085515e-07,2.1516998
hsa.mir.1972.1,0.0,0.0,0.0,0.0,0.0,0.0,0.0,0.0,0.0,0.0
hsa.mir.1972.2,0.0,0.0,0.0,0.0,0.0,0.0,0.0,0.0,0.0,0.0
hsa.mir.1973,0.0,0.0,0.0,0.0,0.0,0.0,0.0,0.0,0.0,0.0
hsa.mir.1976,0.05439204,0.0,0.15137601,3.7928455e-10,0.019188372,6.0397885e-20,0.0,0.0,0.038335558,0.0883293
hsa.mir.198,0.0009341413,0.0,0.004209596,0.0003785001,6.7987744e-06,0.00042587315,0.0,0.0,0.0,0.0006014701
hsa.mir.199a.1,2.7120524e-23,0.0,112.53048,0.0,33.92142,468.46478,3.113882e-25,0.0,0.0,28.424911
hsa.mir.199a.2,1.3216667e-21,0.0,179.59383,0.0,56.940388,720.3155,6.1320926e-09,0.0,0.0,45.428787
hsa.mir.199b,6.3739374e-18,1.149333e-34,231.07169,2.439441e-38,93.79023,773.9002,5.077508,0.0,0.0,45.924904
hsa.mir.19a,0.23056924,0.19883946,1.2230234,5.964571e-07,3.247552e-19,0.6724507,0.0,0.0,0.0,0.3940041
hsa.mir.19b.1,0.06606894,0.036173034,0.109015785,0.014679937,1.1645124e-27,0.12139402,0.0,5.4387453e-31,1.8328405e-26,0.066466175
hsa.mir.19b.2,0.8492725,0.7419493,3.82933,3.2659354e-06,2.618041e-17,2.8695214,0.0,0.0,0.0,1.0848476
hsa.mir.200a,0.0,0.037800904,0.0,0.0,0.0,5.3820763,0.0,0.03333367,0.0,0.0
hsa.mir.200b,0.0,3.692605e-11,0.0,0.0,0.0,6.696075,0.0,0.044944275,0.0,0.0
hsa.mir.200c,0.0,2.7003834e-38,0.0,0.0,0.0,30.371626,0.0,0.23723553,0.0,0.0
hsa.mir.202,1.9987373,0.0,0.0,1.7736071,0.0,0.063748576,0.0,0.0,0.0,0.0
hsa.mir.203,0.0,0.0,0.0,0.0,0.0,44.612537,0.0,1.9350271,0.0,0.0
hsa.mir.204,0.0,0.15746726,0.7226626,2.249832,0.61955357,1.6361475,2.6985166e-30,0.19023433,1.914239e-05,2.5276439e-31
hsa.mir.205,0.0,0.0,1.6419611,0.0,0.0,1.4801747,0.0,0.43622923,0.0,0.0
hsa.mir.2052,0.0,0.0,0.0,0.0,0.0,0.0,0.0,0.0,0.0,0.0
hsa.mir.2053,0.0,0.0,0.0,0.0,0.0,0.0,0.0,0.0,0.0,0.0
hsa.mir.2054,0.0,0.0,0.0,0.0,0.0,0.0,0.0,0.0,0.0,0.0
hsa.mir.206,17.85002,0.0,0.0,0.0,10.803913,1.8876903e-10,0.0,0.0,8.910195e-15,0.0
hsa.mir.208a,0.0,0.0,0.0,0.0,0.002587079,0.00215214,0.0,0.0,0.0,0.0
hsa.mir.208b,0.0009555401,0.0,0.0,0.0,0.003819029,0.009505057,0.0,0.0,0.0,8.69695e-12
hsa.mir.20a,2.9184854,2.2731915,6.9748707,2.2184918e-17,5.303593e-26,4.2321296,0.0,3.6720238e-23,0.0,3.022349
hsa.mir.20b,0.3234571,0.8363854,1.3494891,0.0,0.0,0.32320946,3.0205027e-13,0.14192456,3.0883577e-08,0.15614979
hsa.mir.21,3399.8179,49.63988,277.61707,45.84465,190.66899,10.750996,462.66852,4.257938,106.983864,5687.9326
hsa.mir.210,7.7148824,2.0868418,15.268427,0.0,0.0,14.848217,0.0,2.300231,2.050059,9.520081
hsa.mir.211,0.0,0.0,0.5588075,0.0,0.16336484,0.0,0.0,0.0,1.1721967e-14,0.19884299
hsa.mir.2110,0.03077946,2.7971992e-05,0.044003803,0.015331608,0.0023818966,0.022991313,0.0008163929,8.366225e-24,0.0010735112,0.005319888
hsa.mir.2113,0.0,0.0,0.00059724296,0.0009052701,0.00011506316,0.0,0.0,0.0,0.0,0.0
hsa.mir.2114,0.0,0.0,0.025490347,0.0043283496,0.058476083,0.0,0.0,0.0,0.0,0.005541836
hsa.mir.2115,0.00051994325,0.0,0.0008567668,0.0,0.0006394693,0.0,0.0004110474,0.0,0.00090709236,0.0023735152
hsa.mir.2116,0.0096305,0.0017303233,0.011767522,1.1462209e-25,0.0047374596,0.010461864,0.0012375263,0.0029133298,9.843109e-06,0.009445334
hsa.mir.2117,0.0001476878,0.0,0.0002738318,0.0,0.0,0.00015281,0.0,0.0,0.0,0.0
hsa.mir.212,0.040820997,0.02450763,0.11772247,0.022429759,0.066285565,0.3068565,2.3470452e-32,0.021975229,0.0009240968,0.027493004
hsa.mir.214,6.1700267e-22,0.0,1.9597896,1.61535e-28,0.003039522,14.037212,7.343545e-10,0.0,0.0,1.1039785
hsa.mir.215,0.0,0.0,0.0,0.0,0.116886415,0.0,0.0,0.0,0.5146505,0.0
hsa.mir.216a,0.0,0.0,0.0,0.0,0.1948716,0.0,0.0,0.0,0.0,0.32376158
hsa.mir.216b,0.0013272574,0.0002285891,0.016935013,7.5863926e-20,0.0003380363,5.776024e-22,0.0,0.0,0.0,0.001262206
hsa.mir.217,0.0,0.0,0.0,0.0,6.8185916,0.0,0.0,0.0,0.0,10.958084
hsa.mir.218.1,0.022322612,0.0,0.10664322,1.8587041e-06,0.0051197223,0.05897561,0.0,0.0,1.975699e-26,0.00816304
hsa.mir.218.2,1.7910815,0.0,7.9298944,3.0262937e-34,0.5929096,3.9732563,0.0,0.0,0.0,1.7503542e-09
hsa.mir.219.1,0.0,0.032832567,0.32134807,0.0,0.0,0.19969805,0.0,0.0,0.0,0.0
hsa.mir.219.2,0.0,0.0,2.6989035e-09,0.0012838455,0.015711127,0.024255143,0.0,0.0,0.0,0.0011428494
hsa.mir.22,199.19118,4.2415767,8.066082,23.89473,3953.1406,96.0282,0.6093975,0.23610301,77.97338,605.5384
hsa.mir.221,7.3629203,0.50354385,9.523261e-18,0.0,0.00034643427,1.0815701,5.838585e-07,0.5065931,3.9578345,10.450606
hsa.mir.222,1.6751133,0.14012314,4.4824438e-14,0.0,7.2101705e-24,0.5011014,6.220103e-22,0.11785709,0.8849465,3.0902028
hsa.mir.223,1.2161232,0.0,2.39457,0.0,1.957032,0.0,0.0,0.0,7.673064e-18,3.9194443
hsa.mir.224,2.0285664e-09,4.1563335e-33,6.922962,0.0,3.2619264,0.003862044,0.3540888,2.3195276e-14,0.0,0.011195733
hsa.mir.2276,0.0010240595,0.0,0.004110666,0.0008531929,0.0,0.00018974711,0.000119488184,0.0,7.514499e-08,0.00023650166
hsa.mir.2277,0.007322792,0.003625939,0.036189962,0.0017488536,0.011384775,0.0115794595,0.0,0.0035673568,0.011154362,0.0057252324
hsa.mir.2278,0.0004231693,0.0,6.984664e-21,0.0,0.00034729356,0.002098995,4.0126542e-05,0.00027819877,1.774302e-26,0.00064740144
hsa.mir.2355,0.33483693,0.22297892,0.62323666,0.55693936,0.43783537,2.7132618e-26,5.1574638e-15,0.089728236,8.23714e-05,0.5286206
hsa.mir.23a,52.51646,8.331544,83.20352,4.643352e-09,32.305676,52.81426,9.0542744e-05,2.1305501,4.5433183,38.72608
hsa.mir.23b,8.660469,15.235693,12.080065,7.054195,1.2474445e-11,15.327481,2.14497e-13,6.9486628,3.9082856e-06,6.018388
hsa.mir.23c,2.9020088e-15,0.029514471,0.014693467,0.008518814,0.0019653693,0.0072919684,1.6279773e-14,0.0021327545,0.0,0.00395043
hsa.mir.24.1,0.12904166,0.35940313,0.29375982,0.10467963,2.4915988e-13,0.19086638,7.356813e-24,0.090008184,1.8200089e-11,0.13670214
hsa.mir.24.2,14.410811,7.482227,32.420006,2.1940821e-14,3.2639441,19.149714,0.006859497,1.9258583,1.5887024e-18,9.188471
hsa.mir.25,54.42339,35.48802,188.67552,68.383514,45.649,41.394398,4.279851e-22,1.0421679,5.014668e-12,38.20507
hsa.mir.26a.1,0.0081507685,0.010205029,0.05436366,0.00078983384,0.0026620387,0.025340548,0.0,0.0,2.312567e-11,0.0061463644
hsa.mir.26a.2,1.8599683e-10,2.1440902e-12,3.364731e-28,0.0,135.03339,137.68697,0.00856485,0.0,134.56717,2.8630885e-07
hsa.mir.26b,4.512869,1.6803197,6.247914,4.601794,2.1876884,9.158564,3.180178e-11,0.27889445,0.15983492,2.9042304
hsa.mir.27a,12.158751,3.167898,18.192774,1.5098707e-30,7.8244896,6.2621403,0.0005093597,0.30013916,3.077167e-11,13.874455
hsa.mir.27b,10.753244,20.186583,10.809522,1.4942296,0.0001436248,14.300888,1.6149302e-12,6.723683,1.30835325e-11,8.264547
hsa.mir.28,6.0790854,85.768,51.02429,65.27183,0.0007778209,10.265626,0.0064280615,41.978527,25.081694,46.720325
hsa.mir.2861,0.0,0.0,4.8795943e-20,5.619639e-05,0.0,0.0,0.0,0.0,0.0,6.572344e-05
hsa.mir.2909,0.0,0.0,0.0,0.0,0.0,0.0,0.0,0.0,0.0,0.0
hsa.mir.296,0.039125748,0.036833294,0.07340028,0.088430524,0.121501505,0.12585641,4.9635518e-11,8.747009e-13,0.0,0.046450704
hsa.mir.297,0.0,0.0,0.0,0.0,0.0,0.0,0.0,0.0,0.0,0.0
hsa.mir.298,5.6917044e-05,0.0,9.567363e-05,0.0,0.0,0.0,0.0,5.2403786e-05,0.0,0.0
hsa.mir.299,0.17712939,0.0,0.764123,0.30739784,0.50231725,1.7370535,0.0,0.0,0.0,0.21556473
hsa.mir.29a,30.762144,11.586635,6.0798416,14.4763565,25.853945,0.1464552,0.0,0.0,27.417282,61.535362
hsa.mir.29b.1,1.578942,0.45008355,2.4760845e-27,5.7991436e-30,7.878611e-06,0.0,0.0,1.2179865e-20,1.8056748,5.980382
hsa.mir.29b.2,1.6243728,0.6517721,9.3396385e-23,1.85907e-26,0.0010645947,2.6064365e-36,0.0,0.0007484539,2.0221105,5.962302
hsa.mir.29c,1.272603,3.6239007,1.2968282,2.0394108,2.2132335,1.1318692,1.6261762,6.119991,2.588733,3.8494005
hsa.mir.300,0.0,0.0,0.0,7.336547e-05,0.0,3.1029533e-05,0.0,0.0,0.0,0.0
hsa.mir.301a,0.0,0.09323091,1.4049164,0.09600708,0.0,0.3181309,7.45319e-18,0.032804154,1.09005974e-20,0.017914593
hsa.mir.301b,0.0,0.0,0.58393186,0.02353536,0.0,0.048959933,0.0,0.0,0.0,0.0
hsa.mir.302a,0.0003123343,0.0,0.001798738,0.0,0.00069108495,3.5826072e-06,0.0,0.0,0.0,0.00021806477
hsa.mir.302b,0.0008040972,0.0,0.0021257177,0.0,0.0011054566,0.0,0.0,0.0,0.0,0.0006305548
hsa.mir.302c,7.297464e-05,3.506659e-07,4.6409885e-05,0.0,1.4644662e-13,0.0,3.7879356e-05,0.0,3.1071948e-05,0.0
hsa.mir.302d,3.011509e-15,0.0,0.0005420123,0.0,0.0001476296,0.0,0.0,0.0,0.0015836953,1.5604622e-35
hsa.mir.302e,0.0,0.0,0.0,0.0,0.0,0.0,0.0,0.0,0.0,0.0
hsa.mir.302f,0.0,0.0,0.0,0.0,0.0,0.0,0.0,0.0,0.0,0.0
hsa.mir.3065,0.0,0.0,5.8272676,0.0,0.0,3.5810282,0.0,0.0,0.0,0.0
hsa.mir.3074,0.06443395,0.19991282,0.67171484,0.00012314392,0.07086728,0.11672427,0.0,0.0,0.0,0.0
hsa.mir.30a,210.77744,6.2248548e-37,419.6197,93.54444,7.007718,5.3567793e-16,0.0,196.84737,345.03333,30.056282
hsa.mir.30b,1.5493909,1.0510724,5.888866,1.7970312,0.6425468,3.5073953,0.0,0.54542357,7.926178e-08,1.1462424
hsa.mir.30c.1,0.009469365,0.008630136,0.046700753,4.9815673e-23,0.004926961,0.053628687,0.0,0.0,7.324032e-10,0.0042630425
hsa.mir.30c.2,6.5712304,1.2671194,13.71187,6.8449063,1.1881402,9.429872,9.537202e-16,2.8205655,1.5444443,2.260006
hsa.mir.30d,38.192165,13.644562,146.70244,18.94133,0.0026512179,107.425125,0.0,20.93199,1.53304e-05,19.680845
hsa.mir.30e,55.525097,62.02107,180.2965,107.3458,45.689724,170.63135,7.373372e-11,9.60469,3.1094053,56.142387
hsa.mir.31,0.2643648,0.0,0.40755644,0.028362107,1.0536295e-18,5.5049553e-27,0.012515231,0.0705354,0.0,0.40410835
hsa.mir.3115,0.00081143324,0.00014810966,0.0010168157,4.399984e-11,0.0,0.0,0.0,6.402467e-13,0.0,0.00018105736
hsa.mir.3116.1,0.0,0.0,0.0,0.0,0.0,0.0,6.7726745e-05,3.5407965e-10,0.0,8.175762e-05
hsa.mir.3116.2,0.0,0.00010318147,0.0,0.0,0.0,0.00027362595,7.17611e-05,0.0,0.0,0.0
hsa.mir.3117,0.008305382,0.012039012,0.035426017,0.0,0.0,0.010753854,7.7491284e-11,0.011932298,0.0,0.018188935
hsa.mir.3118.1,0.0,0.0,0.0,0.0,0.0,0.0,0.0,0.0,0.0,0.0
hsa.mir.3118.2,0.0,0.0,0.0,0.0,0.0,0.0,0.0,0.0,0.0,0.0
hsa.mir.3118.3,0.0,0.0,0.0,0.0,0.0,0.0,0.0,0.0,0.0,0.0
hsa.mir.3118.4,0.0,0.0,0.0,0.0,0.0,0.0,0.0,0.0,0.0,0.0
hsa.mir.3118.5,0.0,0.0,0.0,0.0,0.0,0.0,0.0,0.0,0.0,0.0
hsa.mir.3118.6,0.0,0.0,0.0,0.0,0.0,0.0,0.0,0.0,0.0,0.0
hsa.mir.3119.1,0.009830249,0.0,0.0,0.0,0.0,0.0064509865,0.0,0.0,0.0,0.0
hsa.mir.3119.2,5.4603555e-05,0.0,0.0,5.7638094e-06,0.0,0.0,6.583179e-06,0.0,0.0,0.0
hsa.mir.3120,0.0,0.0,0.00093340385,0.0,2.933587e-35,0.0030064636,0.0,0.0,0.0,0.0
hsa.mir.3121,0.0005454385,4.2306297e-06,0.0,1.6219624e-32,0.00012879702,2.1135338e-16,5.2761898e-05,5.013917e-19,2.740902e-05,1.11286165e-20
hsa.mir.3122,0.0,0.0,0.0,0.0,0.0,0.0,0.0,0.0,0.0,0.0
hsa.mir.3123,0.0,0.0,0.0,0.0,0.0,0.0,0.0,0.0,0.0,0.0
hsa.mir.3124,0.0010763477,0.00017849084,0.00034319304,0.00086636964,0.0,0.00075135846,0.00018245263,4.166579e-07,0.0,2.227469e-22
hsa.mir.3125,0.0,0.0,0.012712012,0.0010585488,0.0,0.00041281615,0.0,0.0,0.0,0.0
hsa.mir.3126,0.0010587799,0.0,0.0049228068,0.0016065175,0.0011514286,0.0007944288,0.0,0.0,0.0,0.0004945097
hsa.mir.3127,0.029527089,2.6322192e-16,0.16227035,0.034657277,0.009020179,0.079768926,2.1282754e-06,0.007560917,8.246124e-14,0.020048784
hsa.mir.3128,2.6561825e-33,0.0,0.0,0.00021689199,0.00047001964,2.0884154e-35,0.0,0.0,0.0,0.00047150897
hsa.mir.3129,0.0053062,1.8033124e-10,0.027824681,9.630307e-05,0.016335499,0.0011946235,2.6064816e-28,0.00058306206,0.0044608414,0.015834283
hsa.mir.3130.1,0.0039013731,0.017172646,0.060419157,0.0021661255,0.017197467,0.043392844,0.0073927483,0.00055253063,0.004946667,0.012749768
hsa.mir.3130.2,0.0004116789,0.0,0.0,0.0001863312,0.0006986421,0.0,4.0899293e-05,0.0,0.0006221149,0.0
hsa.mir.3131,0.00017205522,0.00010264072,0.0068651936,0.0,0.0,0.0015355328,0.0,0.0,8.3579545e-07,0.0
hsa.mir.3132,0.0,0.0,0.012697226,0.0018852458,0.0,0.0019803839,0.00014241118,0.00023499652,0.0,0.0
hsa.mir.3133,6.345911e-05,0.0,0.00010458545,0.0,9.611735e-06,0.0,0.0,0.0,0.00028352457,0.00023438495
hsa.mir.3134,0.0,0.0,0.0,0.0,0.0,0.0,0.0,0.0,0.0,0.0
hsa.mir.3135,0.0,8.802993e-05,0.0,5.0071354e-05,0.00018468838,0.0,0.0,0.0002158207,4.6793666e-05,0.0
hsa.mir.3136,0.0017950406,0.0011453655,0.008972377,0.0032273147,0.003413064,0.000334157,4.8864822e-05,6.989222e-23,2.7945042e-09,0.005483103
hsa.mir.3137,0.00017460207,0.0005331297,0.0012347169,0.0,0.0,0.0026920403,0.0,1.6848164e-05,9.202408e-29,0.0005714593
hsa.mir.3138,0.0009040845,0.0010805925,0.0025897692,0.00025633554,0.0008064336,1.0372441e-05,6.114764e-35,0.00013128661,0.0,0.00048536656
hsa.mir.3139,0.00038484606,3.630273e-05,0.0018123196,0.0,0.0,0.0,0.00020568105,1.873858e-05,0.0,0.0
hsa.mir.3140,0.0019188198,0.00044901535,0.0036268265,0.0,0.00069649314,0.0,0.0,0.0,2.2550685e-05,0.00068052794
hsa.mir.3141,4.22462e-05,0.0,0.0,0.0,0.0,0.0,0.0,0.0,0.0,0.0
hsa.mir.3142,0.0,0.0,0.0,0.0,0.0,6.5694e-05,0.0,0.0,0.0,5.4882843e-05
hsa.mir.3143,0.0,0.0,0.0024717352,4.6403206e-36,0.0,0.0,0.0,0.0,0.00090806326,0.0008034118
hsa.mir.3144,0.002992642,5.8485686e-19,0.006418042,0.0077571217,0.00039771892,0.008635306,0.0,0.0,0.0,0.0
hsa.mir.3145,0.0016157988,0.0,0.0013938415,0.0021081353,0.004017928,3.5870747e-17,0.0,0.0,0.004622739,2.0179271e-30
hsa.mir.3146,0.0011223906,0.0,0.0012192802,1.9220401e-27,0.000923633,0.0004797923,5.5458275e-16,8.536574e-05,0.0,9.984916e-15
hsa.mir.3147,0.0,0.0,0.0,0.0,0.0,0.0,0.0,0.0,0.0,0.0
hsa.mir.3148,0.0,0.0,0.0,0.0,0.00052511494,0.0,0.0,0.0,0.00011117255,1.1197957e-27
hsa.mir.3149,0.00037575504,0.0,0.005314004,0.0,0.0,0.00088149763,0.0,0.0,2.9362388e-10,0.000292458
hsa.mir.3150,0.0006797029,0.00041981036,0.00061807496,0.00077312,1.6716473e-05,0.0026208782,1.8362978e-10,3.1081453e-34,0.0015464509,5.3769792e-05
hsa.mir.3150b,0.0018309507,0.0,0.0048100813,4.344489e-18,0.0018757827,1.6495527e-37,0.0,0.0,0.00036955372,0.0022223243
hsa.mir.3151,0.0005961486,0.0,0.00093382836,0.0,0.0,0.0,0.0,0.0,0.00082174304,0.0006162612
hsa.mir.3152,0.014280408,0.0,0.0,0.0,1.4776643e-35,0.0130708655,2.9013424e-29,0.0,0.010147158,0.015230598
hsa.mir.3153,2.0824551e-05,4.5750785e-05,0.0,0.0,0.0,0.0,0.0,2.1852227e-19,0.0007863147,0.00011501254
hsa.mir.3154,0.006256683,0.0,0.022926483,0.0,0.0,0.026008671,0.0,0.0,0.0,0.0
hsa.mir.3155,0.0007368155,0.00035064653,0.0013322511,0.0,0.00018792665,4.573183e-05,7.1487857e-06,4.6119575e-07,0.00021838114,0.0005848648
hsa.mir.3156.1,0.00018689793,0.0,0.0,0.0,2.068866e-17,2.9559762e-05,0.0,1.3120598e-07,0.0,0.00011899844
hsa.mir.3156.2,9.322439e-30,0.0,0.0,0.0,0.0,0.0,0.0,0.0,0.0,0.000116838266
hsa.mir.3156.3,0.0,0.0,0.0,0.0,0.0,0.0,0.0,0.0,0.0,4.5513712e-05
hsa.mir.3157,0.0020180962,0.0014340437,0.004188107,0.0,0.0030342385,0.006380292,1.3788768e-05,0.00023813877,0.0023410674,0.0012086431
hsa.mir.3158.1,0.0,0.0,0.0,1.55252e-11,0.00074190315,0.00080284354,0.0,0.00019418493,0.00031697468,0.0002636797
hsa.mir.3158.2,0.0020026427,0.00011879063,4.3544673e-34,6.328227e-08,0.0026766327,0.006125489,0.0,0.0004930183,0.00016009886,0.00023038524
hsa.mir.3159,0.0,0.0,1.360528e-06,3.064977e-19,0.0,0.00013912491,5.9571565e-05,0.0,0.0010106224,3.5023325e-07
hsa.mir.3160.1,0.0,0.0,0.0010991018,0.0,0.0,0.0,0.0,0.0,0.0010381463,0.000139472
hsa.mir.3160.2,0.0,0.0,0.0,0.0,0.0,0.0,0.0,0.0,0.0,0.0
hsa.mir.3161,3.0898992e-10,0.0,0.014001339,0.0,0.0,0.001808783,0.0,0.0,0.0,0.002450224
hsa.mir.3162,0.0,0.0,0.0014397751,0.0,0.0,0.0,0.0,0.0,0.0,0.0
hsa.mir.3163,0.0,0.0,0.0,6.39524e-05,0.00016079617,0.0,0.0,0.0,0.0,0.00012802659
hsa.mir.3164,0.0,0.0007599319,0.000805601,0.00058979954,0.0,0.0007983759,0.0,1.3647975e-05,0.0,0.0001392512
hsa.mir.3165,0.0,8.783612e-15,0.000119166216,0.0,0.0,0.0,0.0,2.193015e-05,0.0,0.0
hsa.mir.3166,8.2143575e-05,1.0607118e-05,0.0006865758,0.0,0.0,0.00016847275,0.0,0.0,0.0,0.0
hsa.mir.3167,1.5733715e-24,0.0,0.0,0.0,0.0,0.0007459013,0.0,0.0,0.0,0.00013637684
hsa.mir.3168,0.0,0.0,0.0,0.0,9.860371e-05,0.0,0.0,0.0,0.0,0.0
hsa.mir.3169,0.0,0.0,0.0,0.0,0.0,0.0,2.2497801e-05,4.248047e-06,0.0,0.0
hsa.mir.3170,0.010783092,0.0031254007,0.02087633,0.010980587,0.003660868,0.00904016,0.0,2.3039704e-18,4.7951948e-20,0.0071426444
hsa.mir.3171,0.00046898433,0.0,0.00024497215,0.0,0.0,1.405454e-13,0.0,0.0,0.00039099323,0.00024147793
hsa.mir.3173,0.0068831383,0.0021439313,0.013328148,0.0,0.00073774747,0.008089179,3.27314e-05,2.5212568e-05,2.976078e-07,0.0032546076
hsa.mir.3174,0.0007780914,0.0,0.0017456709,0.00056139426,0.0017765596,1.223879e-07,9.650855e-25,0.0,0.0,0.000761834
hsa.mir.3175,0.0,0.0,0.0024949054,0.0,0.0,0.00071074127,0.0,0.0,0.0,0.0
hsa.mir.3176,5.773299e-29,0.0,0.013444342,0.0,9.7706955e-30,0.0026440402,0.0,0.0,0.0,8.2744865e-22
hsa.mir.3177,0.0021092829,0.0,0.0032971827,0.0008591637,4.042214e-22,1.8481915e-19,0.0002336552,0.0,0.0,0.0
hsa.mir.3178,4.8017033e-38,0.0007970143,0.0015022105,8.581782e-33,0.0,0.0040203556,0.0,6.411658e-18,0.0,0.00028893483
hsa.mir.3179.1,8.272499e-05,0.0,0.0,0.00020089361,2.8815313e-17,0.0,0.0,0.0,0.0,0.0
hsa.mir.3179.2,0.00035096865,2.7159507e-05,0.0004206282,0.0,0.0,0.00010956667,2.2268862e-12,0.0,0.0,8.0103004e-05
hsa.mir.3179.3,0.00066467567,0.0,0.0,0.0,3.418538e-05,1.3833513e-08,0.0,4.4637625e-05,1.9104296e-22,0.00038863035
hsa.mir.3180.1,0.0,0.0,0.0,0.0,0.0,0.0,0.0,0.0,0.0,0.0
hsa.mir.3180.2,6.939594e-05,0.0,0.00032705843,0.0,0.0,8.422189e-30,4.0706673e-05,0.0,0.0,0.0
hsa.mir.3180.3,0.0,0.0,0.00014072083,0.0,3.8982307e-05,0.0,4.4888733e-05,0.0,0.0,1.0815749e-13
hsa.mir.3180.4,0.0,0.0004581631,0.0,5.8899578e-36,0.0,0.0011432515,0.0,0.0,0.00040996936,0.00041838211
hsa.mir.3180.5,0.0,0.0,0.0,0.0,0.0,0.0,0.0,0.0,0.0,0.0
hsa.mir.3181,0.00020113307,0.0,0.00015954307,0.0,3.9426127e-06,0.0,1.4373888e-31,0.000108469714,0.0,0.00016494033
hsa.mir.3182,0.0,0.0,0.0,0.0,0.0,0.0,0.0,0.0,0.0,4.4657303e-05
hsa.mir.3183,6.3228115e-05,0.0,0.0045987936,0.0,0.0,8.182712e-05,0.0,0.0,0.0010874713,0.00031937097
hsa.mir.3184,0.0,0.0,1.3069628e-21,8.14747e-05,0.0,0.00028514763,8.0620055e-05,0.0,0.00011268422,8.9997564e-05
hsa.mir.3185,0.0,0.0,0.0,0.0,2.996434e-32,0.0,0.0,7.440883e-05,0.0,0.0
hsa.mir.3186,0.0,0.0,0.000297334,0.0006086893,0.0,0.0010114801,0.0,0.0,0.0,0.0
hsa.mir.3187,0.0,0.0,0.03648231,0.0,0.0,0.006139989,0.00066917273,0.0,5.173969e-08,1.7769666e-29
hsa.mir.3188,0.0001356233,0.0010952054,0.009749263,0.0024918523,0.0,0.0,1.98743e-31,0.00027366076,0.0,6.531123e-27
hsa.mir.3189,0.00076482754,0.0,0.0042671603,6.4395883e-23,1.7255576e-05,0.0,0.0,0.0,0.0025866772,5.7485695e-06
hsa.mir.3190,3.5509904e-05,0.0,0.0029068193,0.0013909932,0.002535758,8.0448925e-05,0.0,0.0,0.0019795224,0.00037525836
hsa.mir.3191,0.0023491427,8.679977e-20,2.7502e-37,8.2099307e-13,0.004813892,0.0009970315,1.15127135e-11,0.0012669532,0.002443707,0.0018985212
hsa.mir.3192,0.0005485482,1.7172957e-25,0.0030590477,0.0,0.0,0.0020439117,9.9651046e-30,0.00040404047,0.0,0.0009740377
hsa.mir.3193,0.001470055,0.0,0.0066412045,0.0015522204,4.2359306e-35,0.010278969,0.0,0.0,0.003143068,0.0
hsa.mir.3194,0.0027974094,0.0,0.0030145831,0.0,1.2733869e-06,9.510308e-05,0.0,0.0,0.0034564468,0.0022407304
hsa.mir.3195,0.00033041902,0.0,0.00032958147,0.000604736,1.5638222e-09,0.00060316554,0.00041476506,0.0,0.0,0.0
hsa.mir.3196,4.0123634e-12,0.0,0.0038618022,0.0,0.0,0.0,0.0,0.0,0.0,0.00034463612
hsa.mir.3197,6.1670995e-05,0.0,6.056888e-05,0.0003320894,0.0,8.424426e-05,0.0,0.0,0.00020981602,0.0
hsa.mir.3198,7.4096994e-07,2.088904e-31,0.0023357288,1.3424336e-07,0.0004753741,1.4822611e-23,3.4897977e-05,0.00014771736,3.4270223e-29,0.00039580482
hsa.mir.3199.1,0.004834022,0.0043972717,0.0031963356,0.0070413854,0.0039281487,0.0063794116,0.00025101012,0.002483365,1.4434893e-06,0.004887712
hsa.mir.3199.2,0.008155109,0.004694308,0.014205078,0.00853653,0.007684286,0.017563228,0.0026009188,0.0030733545,0.00036553212,0.0028270716
hsa.mir.32,0.18414222,0.027081141,0.43157378,0.045268856,0.11837328,0.33608252,1.7935821e-34,2.9802478e-12,1.6189415e-12,0.121770844
hsa.mir.3200,0.0,0.0,0.38537827,2.8712682e-37,0.0,0.07015316,0.0,0.0,7.768073e-09,0.02960711
hsa.mir.3201,0.0,0.0,0.0,0.0,0.0,0.0,0.0,0.0,0.0,0.0
hsa.mir.3202.1,0.0,5.3276265e-17,0.0,0.0,0.00012675632,0.0,0.0,2.1107593e-05,0.0,0.0
hsa.mir.3202.2,0.0002688819,0.0,0.000906972,0.0,0.0007288632,5.8741743e-22,0.0,0.0,0.000399403,0.00058426673
hsa.mir.320a,2.9869454,2.369456,16.301071,10.673491,1.4341555,17.66117,4.173207e-06,3.0900786,2.1530919e-10,0.36086458
hsa.mir.320b.1,0.0,0.0,0.0,9.272434e-05,0.0,0.00035425613,2.3989838e-05,0.0,0.0,0.0
hsa.mir.320b.2,0.02258852,0.045319512,0.14612325,0.1026782,0.004131479,0.2440903,0.0043985783,0.024228172,9.229178e-22,5.697457e-07
hsa.mir.320c.1,0.0074158753,0.0063892277,6.7348186e-14,0.01570258,0.005897378,0.032801773,0.001053234,0.0007446862,1.2385484e-22,0.0008598739
hsa.mir.320c.2,0.0033217894,0.006174959,0.004596032,0.0060125813,9.662531e-20,0.027584499,0.00026169498,0.00020295425,2.650803e-28,1.4919102e-17
hsa.mir.320d.1,1.14345085e-07,0.004013048,0.0020477087,0.013521198,0.0024470447,0.02775669,0.0006607241,6.4017047e-10,0.0,0.0
hsa.mir.320d.2,2.2052728e-33,0.0026704639,0.00031995113,0.013538186,0.0020575433,0.016730761,1.4116384e-07,0.00015968141,0.0,0.0
hsa.mir.320e,0.0014041454,0.0018298712,1.191699e-06,0.004510723,4.6052797e-11,0.0065799095,7.1234203e-12,1.1548278e-05,0.0,8.6009764e-05
hsa.mir.323,0.0,0.0,5.1053786,3.2245764e-31,0.0,2.8243046,0.0,0.0,0.0,0.0
hsa.mir.323b,0.0,0.0,3.6816556,0.0,0.0,1.1148701,0.0,0.0,0.0,0.0
hsa.mir.324,0.26126263,0.08791945,1.9789491,0.2112896,0.10354066,1.0131656,0.0,0.1272385,4.5902007e-09,0.15503465
hsa.mir.325,3.5735095e-05,0.0,0.0,0.0,7.076083e-06,2.9962726e-05,0.0,0.0,0.0,0.0
hsa.mir.326,5.2588093e-35,0.0055091023,0.123136885,1.2412933e-36,0.0322687,0.024304489,0.0,0.0,1.03793676e-13,0.014276033
hsa.mir.328,0.0,0.23809302,1.2224633,1.0582855,0.0,2.4696357,0.0,0.024023369,0.6282915,4.0478745e-19
hsa.mir.329.1,0.0,0.0,0.40503767,4.5759215e-21,0.007499298,0.26491675,0.0,0.0,0.0,0.0
hsa.mir.329.2,0.0,0.0,0.39961013,1.7267826e-24,0.0203941,0.27755925,0.0,0.0,0.0,0.0
hsa.mir.330,0.050873656,0.019302623,0.42540947,0.08011318,0.012246109,0.24644144,4.1632608e-14,0.026571903,2.8390937e-06,0.11076739
hsa.mir.331,3.652816e-23,0.08453473,0.36601934,0.10267642,0.2116273,0.06783674,9.4407366e-32,0.008924315,0.21423808,0.103212796
hsa.mir.335,3.6067672e-28,0.0,19.030739,5.4247527,0.0,2.5185504,0.0,0.0,7.5525225e-31,0.0
hsa.mir.337,3.0837722e-16,0.0,10.213929,4.101526,2.2131264,9.774288,0.0,0.0,0.0,0.0
hsa.mir.338,28.901644,0.0,0.0,0.0,0.0,0.0007727178,2.0574903,0.0,15.7429,0.00855642
hsa.mir.339,0.20499761,0.14877969,1.4137715,0.073412836,0.311444,0.18174936,2.6775817e-31,2.2693934e-14,4.5755073e-14,0.26875463
hsa.mir.33a,0.15876044,0.11543377,0.35011494,0.1097419,0.10595288,0.31905314,0.0,0.009857063,2.7904827e-08,0.08795825
hsa.mir.33b,0.014205657,0.014219831,0.021698032,2.5189901e-14,0.026114201,0.037177853,8.4973945e-14,0.0030563055,1.0959083e-08,0.009407141
hsa.mir.340,0.4899411,0.121298514,1.2985669,1.7169863e-07,0.11731035,0.6212306,0.0,0.0,2.2699656e-11,0.12768456
hsa.mir.342,0.83028567,0.48699337,3.5744576,0.7158803,0.40350878,0.83824146,0.0,5.27856e-38,2.2319644e-07,1.4379823
hsa.mir.345,0.06842822,0.05277988,0.90625143,0.0,0.0,0.29121345,1.0632248e-29,0.0029743917,1.16820094e-29,0.0029582013
hsa.mir.346,0.0,0.0024299547,0.031128535,0.004216088,0.00033805726,0.020525102,0.0,2.3822873e-27,9.179899e-05,0.0
hsa.mir.34a,0.5424438,0.3053146,3.4580305,8.610845e-17,1.1336534,1.9286168,0.0,1.385947e-22,1.8165902,2.2062826
hsa.mir.34b,0.035237778,0.036415584,0.03713954,8.693287e-28,0.0122901825,0.022041623,0.014846369,0.023760173,0.06881012,0.065970965
hsa.mir.34c,0.26020673,0.15960477,0.018503789,1.584023e-33,0.09797167,0.11007383,0.12163972,0.10147553,0.30395785,0.36858776
hsa.mir.3605,0.02463281,0.0048578023,0.104186915,0.017047385,3.3946306e-09,0.027691552,0.0,0.00015563337,3.0298232e-05,0.016220126
hsa.mir.3606,0.00015264282,0.0,0.0022557436,0.00037002805,0.0004799433,2.6179602e-22,0.0,0.0,0.0,7.056847e-05
hsa.mir.3607,0.04101265,0.08376905,0.30882916,9.01336e-25,0.011600473,0.14464146,0.0,7.248856e-13,1.4225409e-06,0.077372275
hsa.mir.3609,0.0013868962,0.0015602374,0.0025102384,0.0,0.00031792853,0.00250553,0.0,0.0,0.0,0.00026195173
hsa.mir.361,4.6268783,1.885761,14.3803835,0.0007594641,2.3842297,11.426823,0.010796485,0.457599,1.2468693,3.253383
hsa.mir.3610,0.0070624296,0.0024719813,0.024740933,2.92729e-15,0.00014874106,0.016603855,5.6908764e-08,2.679784e-33,2.402848e-35,0.0042966017
hsa.mir.3611,0.0,0.0002220127,0.0013591088,0.00028312494,6.219803e-05,0.00070792617,0.0,0.0,5.2453165e-29,0.00029282636
hsa.mir.3612,0.0,0.00015401407,0.0039134263,0.0,0.0,0.0026408078,0.0,0.0,0.0,0.0
hsa.mir.3613,0.19247332,0.06598156,0.23903592,0.13177876,0.20167583,0.33818677,0.0,9.054755e-16,0.02172204,0.18793856
hsa.mir.3614,0.007250593,0.0,0.0085712075,5.1149988e-26,0.03020753,0.0,0.0,0.0,0.00047903368,0.046068177
hsa.mir.3615,0.028887512,0.008628054,0.13773982,0.0018958749,0.008973391,0.069378465,1.989985e-10,0.000967659,0.015394048,0.024910834
hsa.mir.3616,0.0,0.00057566544,0.008172129,0.0005648745,0.00059856224,0.0016469398,0.0,0.00014418038,4.8019724e-23,0.0010721979
hsa.mir.3617,0.002234472,0.004243877,0.0039258697,0.0,0.0016295182,0.0,0.0,0.00256934,0.0,0.0030075496
hsa.mir.3618,0.0013658837,9.2534625e-05,0.0051270854,1.2227199e-05,0.00089425646,0.0010033607,0.0,0.0,0.0,0.00059922197
hsa.mir.3619,0.0037380604,0.0020838787,0.0137424655,0.0,0.0017584704,0.003880608,3.351269e-06,0.0001320068,7.2078656e-08,0.0007041756
hsa.mir.362,0.16133708,2.5210736e-09,0.5439615,0.23311818,0.45643783,0.0013524188,0.0,3.1846915e-07,0.32144716,0.0489164
hsa.mir.3620,0.0,0.0,0.011090212,0.0021119541,1.0246787e-21,1.0123455e-05,0.0,0.0,0.0023150418,0.00046532703
hsa.mir.3621,0.0,0.0,0.0,0.0,0.0,0.0,0.0,0.0,0.0,0.0
hsa.mir.3622a,0.0,0.006809727,0.09345797,0.009854456,0.0005164418,0.0104952855,0.0015475983,0.0006211361,4.665554e-15,0.0
hsa.mir.3622b,0.0,8.517283e-05,0.0,0.0,7.19075e-05,0.0002736098,3.9544284e-05,7.28026e-14,0.0,0.0
hsa.mir.363,0.17915308,0.1789999,0.4338945,0.0,2.705719e-31,0.14650543,0.0063771657,0.050958775,0.017113756,0.024844464
hsa.mir.3646,0.0,0.0,0.0,0.0,0.0,0.000110726985,0.0,0.0,0.0,3.1521857e-05
hsa.mir.3647,0.019784514,0.0072217193,0.045751832,9.023857e-23,0.006521593,0.061249327,0.0,0.006387227,1.494568e-14,0.037170902
hsa.mir.3648,0.0001628627,0.0,0.14065845,1.3766133e-37,0.019416956,0.029093793,0.0,0.0,0.0,0.022916108
hsa.mir.3649,0.0,0.0,0.0,0.0,0.0,0.0,0.0,0.0,0.0,0.0
hsa.mir.365.1,0.280633,0.10656423,0.22607452,0.20461181,2.6717128e-21,0.34054023,6.122417e-22,0.035837173,1.6445387e-15,0.43846592
hsa.mir.365.2,0.2671453,0.09231816,0.2926602,0.19844592,1.5816843e-21,0.34602165,9.924831e-18,0.04818411,7.763603e-14,0.42211518
hsa.mir.3650,0.0,0.0,0.0,9.582603e-05,0.0,0.0,0.0,2.431158e-05,0.0,0.0
hsa.mir.3651,0.0055526667,0.00334194,0.015272183,0.0,1.00190675e-19,0.01755879,0.0,0.0,0.0,0.006915402
hsa.mir.3652,0.0069796876,0.0005740657,0.022924159,7.720558e-32,1.703601e-16,1.0600647e-12,0.0,2.6082662e-14,0.0,0.0029077567
hsa.mir.3653,0.016378101,0.036539838,0.1043456,2.6668808e-32,0.024192136,0.017853586,0.0,0.0,3.1683373e-10,0.046577837
hsa.mir.3654,0.0005632547,0.00027234125,0.0016889782,0.00021218658,0.0,0.00032683057,0.0,4.3746004e-05,0.0,0.0007639092
hsa.mir.3655,0.0010102575,1.4284061e-19,0.0043202788,0.0008650092,0.002033379,0.0019356892,3.950934e-17,0.00083041517,0.0008728503,5.2487282e-20
hsa.mir.3656,2.8367926e-05,4.7719364e-05,0.00014780476,0.0,0.0,4.324395e-05,0.0,0.0,0.0,0.00010090908
hsa.mir.3657,0.0,0.0,0.0,0.0,0.00013336749,7.5001044e-05,8.013969e-08,3.3567292e-05,0.0,0.0
hsa.mir.3658,0.0,0.0,1.1159051e-30,0.0,4.2983247e-05,0.0,9.2661985e-06,4.2857573e-05,0.0,3.9538816e-05
hsa.mir.3659,0.0,0.00015772083,1.1507137e-06,0.0,0.0,0.0031228866,0.0,0.00023946287,0.0,0.00013604091
hsa.mir.3660,0.003693608,0.0,0.0,0.0,0.0,0.0,0.0,0.0,0.014792252,0.0
hsa.mir.3661,0.00026292328,0.0,0.00023818847,0.0,0.0,0.00048006728,0.00022683419,6.4893726e-08,0.0,0.0005365049
hsa.mir.3662,1.9566937e-25,0.0,0.016761199,2.836731e-14,0.0,1.5125331e-15,0.0,0.0,0.0,0.0066542225
hsa.mir.3663,0.0,0.0,0.004229586,0.0,0.0,0.0012773632,0.0,0.0,0.0,0.0
hsa.mir.3664,0.0,0.0,0.004976748,0.0,0.0,0.0030446292,0.0,0.0,0.000276259,0.0
hsa.mir.3665,0.00012375887,2.1182857e-05,0.0,0.0,4.0152503e-05,0.0,0.0,0.0,0.0,7.2349403e-06
hsa.mir.3666,0.0,0.0,0.0,0.0,0.0,0.0,0.0,0.0,0.0,0.0
hsa.mir.3667,0.0006515734,0.0,0.0021250495,0.00125136,8.221759e-05,0.0005511731,0.0,0.0,6.663967e-16,0.0015973548
hsa.mir.3668,0.0,0.0,0.0,0.0,3.550231e-05,0.0002514724,8.314389e-05,0.0,0.0,0.0
hsa.mir.3669,0.0,0.0,0.0,0.0,0.0,0.0,0.0,0.0,0.0,0.0
hsa.mir.367,1.5027836e-05,0.0,0.0,0.0,3.4055938e-05,0.0,0.0,0.0,0.0,1.2590851e-05
hsa.mir.3670,0.0,0.0,0.0,0.0,0.0,0.0,0.0,0.0,0.0,0.0
hsa.mir.3671,0.0,0.0,0.0,0.0,0.0,0.0,0.0,0.0,0.0,0.0
hsa.mir.3672,3.6951513e-09,0.0,9.826862e-11,0.0,0.00012448688,0.0,2.0177305e-05,0.0,0.0,6.254933e-05
hsa.mir.3673,0.0,0.0,0.0,0.0,0.0,0.0,0.0,0.0,0.0,0.0
hsa.mir.3674,0.0,0.0,0.0,0.0,0.0,0.0,0.0,0.0,0.0,0.0
hsa.mir.3675,0.0,0.0,0.0012426518,0.0,0.0005588081,0.0,0.0,0.0,0.0,0.0
hsa.mir.3676,0.013774227,0.0,0.13445243,0.0,0.010381365,4.763136e-17,0.0,0.0,0.000207777,0.028977755
hsa.mir.3677,0.019541457,0.018954094,0.21364033,0.015950281,2.6265863e-09,0.00022189705,0.0050540473,0.01978183,1.6616139e-14,0.03981688
hsa.mir.3678,0.0028018546,0.0011600988,0.005526827,3.3066506e-14,0.00025865037,0.00255258,8.622506e-22,0.0,0.00026887647,0.003741455
hsa.mir.3679,0.0010472599,0.0,0.0076031922,0.0020439099,0.0,0.0008030082,5.544604e-08,0.00037317537,8.827096e-12,1.1429642e-25
hsa.mir.3680,0.001896254,1.6132077e-33,0.010473171,1.4195105e-06,0.0005198566,0.001658929,7.508267e-12,0.0014867716,4.686684e-08,0.0047282996
hsa.mir.3681,0.0043116543,0.0,0.02678397,5.3104257e-05,0.0,0.010165284,0.0,0.0,0.0,0.0022647197
hsa.mir.3682,0.007058796,0.0011658405,0.028192485,0.0059920624,7.016883e-07,0.008775421,1.7014917e-21,0.00062423036,3.162605e-14,0.0088012405
hsa.mir.3683,3.1289503e-05,8.084568e-05,0.0,0.0,6.8028414e-05,0.0,2.5089037e-12,0.0,0.0,0.0
hsa.mir.3684,3.7368416e-06,0.0,0.004410746,0.0027596196,3.9373054e-23,0.0035104435,0.00073472963,0.00085469004,2.9095765e-20,0.003095427
hsa.mir.3685,0.00010507482,0.00023395629,0.0,0.0,0.0,0.0,0.0,6.027794e-37,0.000118272495,0.0
hsa.mir.3686,0.0,0.0,0.0,0.00011602201,3.8926857e-32,0.0,0.0,0.0,0.0,2.361049e-05
hsa.mir.3687,0.0059468513,0.0,0.019800326,0.0,0.0033198725,0.024775816,0.0,0.0,0.0,0.0066310023
hsa.mir.3688,0.00068745716,1.6456923e-21,0.00085199357,2.2311213e-09,0.0013049579,0.0029287543,0.0,0.00039134454,2.784974e-37,0.0010065562
hsa.mir.3689a,0.0,0.0,0.0,0.0013917665,0.0,0.009148172,0.0,0.0,0.0,0.0
hsa.mir.3689b,0.0,0.0,0.0,0.0,0.0,0.008293615,0.0,0.0,0.0,0.0
hsa.mir.369,0.09557459,0.0,4.45604,0.0032699613,0.8179142,4.12414,0.0,0.0,0.0,5.688888e-10
hsa.mir.3690,0.011382743,0.0,6.775114e-14,1.0284228e-27,2.8073336e-12,1.2910429e-25,0.0,0.0,0.007934123,0.018552033
hsa.mir.3691,0.004568586,0.0,0.00703066,0.0021084095,0.0014101831,0.0028853817,9.618027e-20,0.0,0.00042446915,0.0015763215
hsa.mir.3692,0.0001609175,0.0,0.0,0.00015237163,1.6388389e-05,0.00064393145,0.0,9.243335e-05,0.0,0.00031044736
hsa.mir.370,0.0,0.0,5.889576,0.281999,4.027515e-34,5.248179,0.0,0.0,0.0,0.0
hsa.mir.371,0.014101414,0.0,0.03369706,0.02125027,0.0,0.002423569,0.0,0.0,0.0,0.0
hsa.mir.3713,0.0,0.0,0.0,0.0,0.0,0.0,0.0,0.0,0.0,0.0
hsa.mir.3714,0.0,0.0,0.0,0.0,0.0,0.0,0.0,0.0,0.0,0.0
hsa.mir.372,0.16415778,0.0,0.47166523,0.2869565,0.0,0.02492356,0.0,0.0,0.0,0.0
hsa.mir.373,0.024300687,0.0,0.039550625,0.04120026,0.0,9.941183e-07,0.0,0.0,0.0,0.0
hsa.mir.374a,5.693985,4.177616,15.700449,4.5409374,5.4308987,9.564708,2.327818e-32,1.5972388e-14,0.06509991,9.014872
hsa.mir.374b,0.76597315,0.40029544,0.94035226,0.26343587,0.5359343,0.775267,1.7020626e-11,0.10417961,0.0030962543,0.8857671
hsa.mir.374c,0.0005425502,0.00023637366,0.0,0.0,3.5858026e-05,0.00021077422,0.0,1.3412125e-35,0.0,0.00020989234
hsa.mir.375,0.0,4.232236,0.0,0.0,0.0,19.105513,0.0,1.5375728e-36,0.0,0.90086013
hsa.mir.376a.1,0.0,0.0,0.84446496,3.0431522e-07,0.12982808,0.7170406,0.0,0.0,0.0,0.0
hsa.mir.376a.2,7.660522e-31,0.0,0.46065688,0.0,0.088553846,0.49810442,0.0,0.0,0.0,0.0
hsa.mir.376b,0.021877903,0.0,0.6017296,0.0,0.064124756,0.74216676,0.0,0.0,0.0,0.01847289
hsa.mir.376c,2.6544522e-12,0.0,1.5783421,3.6658135e-27,0.5767884,3.1035347,0.0,0.0,0.0,1.1763711e-38
hsa.mir.377,0.058345273,0.0,0.6575011,3.195079e-13,0.24436638,1.025802,0.0,0.0,0.0,0.0012960479
hsa.mir.378,6.978333,4.0219827,15.896515,0.006225661,4.118952,4.1918936,8.6945676e-14,0.0,3.4820693,1.9813445
hsa.mir.378b,0.00023275067,1.129062e-28,0.0004940001,7.61522e-05,0.00027288013,0.0001620629,0.00021696732,0.00018481698,0.0,0.0
hsa.mir.378c,0.119234435,0.06441517,0.22606464,1.9446395e-23,0.04906817,0.07549433,0.033441886,1.4564688e-32,0.058201652,0.0014586118
hsa.mir.379,2.508147e-05,0.0,144.42291,61.50747,79.63744,168.62936,0.0,0.0,0.0,3.9382813e-17
hsa.mir.380,0.0,0.0,0.59122455,5.804885e-10,0.07096114,0.39526635,0.0,0.0,0.0,0.0
hsa.mir.381,2.8940653e-28,0.0,14.601168,0.0,5.4833393,18.937979,0.0,0.0,0.0,0.0
hsa.mir.382,0.67892444,0.0,6.3402452,1.4618541,1.8632381,7.49477,0.0,0.0,0.0,3.035952e-33
hsa.mir.383,0.0,0.0,0.9809865,1.7350385e-28,0.37652275,0.93621033,0.0,0.0,0.0,0.0
hsa.mir.384,0.0,0.0,0.0,0.0,0.0,0.0,0.0,0.0,0.0,0.0
hsa.mir.3907,0.0,0.0,0.0010569622,0.0,0.0,0.0,0.0,0.0,0.0,0.0
hsa.mir.3908,0.0,0.0,0.0,0.0,0.0,0.0,0.0,0.0,0.0,0.0
hsa.mir.3909,0.004377361,5.2371674e-05,0.00950626,3.7153678e-22,0.004813319,0.009283744,0.0008274548,0.0007102231,9.5020734e-11,0.0045493115
hsa.mir.3910.1,0.0,0.0,0.0,0.0,0.0,0.0,0.0,0.0,0.0,0.0
hsa.mir.3910.2,0.0,3.1766183e-06,6.198693e-18,0.0022460257,0.002308393,0.0026089707,0.0003580033,0.0,0.0,0.0014535197
hsa.mir.3911,0.0015907807,0.0,0.0033954675,5.596592e-06,0.001245005,0.0017849316,0.00047680203,5.163291e-38,0.0,0.0008254777
hsa.mir.3912,0.014307717,0.0028222909,0.043395117,0.006420534,1.3202936e-23,0.026979784,0.002907902,0.004051524,0.011937771,0.0
hsa.mir.3913.1,7.607437e-27,8.533546e-30,0.07650377,0.0,0.43829912,0.64464545,0.0,0.0,0.0,0.0016564665
hsa.mir.3913.2,4.8455677e-05,0.0,0.0,0.0,7.9710135e-06,9.806529e-05,0.0,0.0,0.0,0.0
hsa.mir.3914.1,7.198206e-05,0.0022175892,6.117278e-15,0.0,0.0,0.00093245844,0.0,0.00056529796,0.0,1.5064083e-05
hsa.mir.3914.2,0.0,3.0621717e-11,0.0,0.0,0.0,0.0,6.346174e-05,0.0,1.3503682e-05,0.0
hsa.mir.3915,4.060344e-05,0.00017401692,0.0,0.0,0.0,0.0,2.0181804e-05,0.00016749781,5.94895e-05,0.0
hsa.mir.3916,0.0,0.0,0.0,0.0,2.5239177e-23,0.0005767053,9.879896e-11,0.0,0.0,0.00014299042
hsa.mir.3917,0.017260928,0.008559905,0.043043703,0.0117801055,1.3143385e-06,0.014050565,0.0,9.242844e-19,0.0,0.0027320571
hsa.mir.3918,7.553735e-05,2.1758531e-32,0.0,0.0,0.0003704687,0.0,0.0,7.759099e-05,0.0,7.445868e-05
hsa.mir.3919,0.0,0.0,0.0,0.0,0.0,0.0,0.0,0.0,0.0,0.013614198
hsa.mir.3920,0.0,0.0026664159,0.006661422,0.00015996912,5.3755614e-34,0.0024076952,0.0,0.0,0.0,0.00068861555
hsa.mir.3921,0.0001286831,5.620109e-34,8.124331e-23,5.128627e-16,0.00015067328,0.0,0.00021682055,0.00043916173,0.0,0.00034008126
hsa.mir.3922,0.013894447,0.0012111289,0.008581047,3.1675518e-07,0.0016903566,0.0039321524,0.0,0.0,0.006395824,0.012349037
hsa.mir.3923,0.0,0.0,0.08080952,0.0,0.013859156,0.0638182,0.0,0.0,0.04497995,0.0
hsa.mir.3924,0.0,0.0,0.0,0.0,0.0,0.0,0.0,0.0,0.0,4.0019746e-05
hsa.mir.3925,0.0006027392,9.433863e-34,0.00034414852,0.0,0.0004947307,8.8055465e-05,0.00034863406,0.0,0.0,2.4183725e-26
hsa.mir.3926.1,0.0042540855,0.0030377358,5.1718495e-12,0.0068106665,0.0075899083,0.0038976616,0.001245167,0.005159498,0.005513258,0.0038520594
hsa.mir.3926.2,0.0018612846,0.00015391881,8.344168e-05,0.0005697946,0.00090271473,0.0006311903,0.0014206425,6.382778e-14,0.0045762965,0.0012054602
hsa.mir.3927,0.0,0.0,0.00067573943,2.8737467e-19,0.0,0.0,0.0,4.1687308e-05,0.0,0.0
hsa.mir.3928,0.008834974,0.0024252723,0.029431462,0.010560615,0.006138991,0.047705706,1.4500445e-15,0.0013742037,0.008459356,0.005166612
hsa.mir.3929,0.0,0.0,0.0,0.0,0.00022389294,0.0,0.0,0.0,0.0,0.0
hsa.mir.3934,0.03257954,0.0,0.012431018,0.0,0.021000681,0.01679228,0.0,0.0,0.013094069,0.022231538
hsa.mir.3935,0.0,0.0,4.0632473e-05,2.1489768e-05,0.0,0.0,2.9942497e-05,0.0,0.0,0.0
hsa.mir.3936,1.3777764e-06,1.1317435e-08,0.0011664145,0.00069719023,5.3687883e-20,4.2186698e-22,0.0,1.6012085e-16,3.0562806e-23,0.00073093805
hsa.mir.3937,0.0,0.00020925036,0.0035254785,0.0,0.0,0.0068492866,0.0003192357,0.00042687857,0.0,0.0
hsa.mir.3938,0.0,2.3371794e-19,0.0,0.0,0.0,0.0023853106,0.0002488138,0.0,0.0,0.0
hsa.mir.3939,6.649148e-05,1.56795e-14,0.0046205297,0.0005768234,0.0,0.00029782168,8.828857e-05,0.00022176754,5.742174e-19,5.6192393e-14
hsa.mir.3940,0.0014939536,0.008740173,0.050366472,0.0,0.011074516,0.013687526,0.0,4.4616307e-37,0.0064828554,0.0027743496
hsa.mir.3941,0.004417007,0.0025171584,0.0066310572,0.002940029,0.004897736,0.0022664038,2.0243625e-20,2.593993e-16,4.102059e-06,0.0018813706
hsa.mir.3942,0.004245613,0.0003321742,2.631454e-11,0.0002910893,3.685222e-14,0.0035155697,2.015758e-09,1.5613147e-10,0.00037948773,0.004201922
hsa.mir.3943,0.0,0.0,0.0036664498,0.0,0.0,0.0017989571,0.0,0.0,0.0,0.0
hsa.mir.3944,0.00054270815,0.00025053034,0.01083126,0.0,0.00031152295,0.0026301541,0.0,0.0,3.010572e-19,0.0017979806
hsa.mir.3945,0.00014487315,0.0,0.0014147904,0.0,0.00029492247,0.00017676511,0.0,0.0,0.0,0.0005838329
hsa.mir.409,0.0,0.0,15.972977,0.5176426,1.7939149,9.40674,0.0,0.0,0.0,0.0
hsa.mir.410,0.0,0.0,6.1999426,0.40486968,0.19218634,4.02021,0.0,0.0,0.0,0.0
hsa.mir.411,0.3284954,0.0,1.536954,0.44297427,0.81582195,2.5913618,0.0,0.0,0.0,1.9431193e-25
hsa.mir.412,0.0,0.0,3.4829834,1.2524532,0.0,1.3659166e-09,0.0,0.0,0.0,0.0
hsa.mir.421,0.037730765,0.012827801,0.14348835,0.011118324,0.002514314,0.052906185,2.0116998e-22,0.0034415976,5.5762864e-29,0.025675459
hsa.mir.422a,0.0009442435,5.208586e-24,3.060385e-16,0.0,2.2872894e-06,0.0020883929,1.2036564e-06,3.4676356e-26,0.0012830695,0.00015519513
hsa.mir.423,1.7854536,0.79033595,3.8478343,1.2688537,0.15923469,2.758614,5.2757476e-10,0.26783204,0.0010208951,1.1139107
hsa.mir.424,1.1678144,0.24454713,4.6984596,2.5009372,5.1854625,1.3757991,0.0,0.0,8.4934897e-35,1.4629874
hsa.mir.425,0.8379138,0.26333156,4.309246,0.39922175,5.0590216e-08,1.3928094,4.8419846e-08,0.23795386,0.0029027048,1.5104728
hsa.mir.4251,0.0,0.0,0.0,0.0,0.0,0.0,0.0,0.0,0.0,0.0
hsa.mir.4252,0.0,0.0,0.0,0.0,0.0,0.0,0.0,0.0,0.0,0.0
hsa.mir.4253,0.0,0.0,0.0,0.0,0.0,0.0,0.0,0.0,0.0,0.0
hsa.mir.4254,0.0,0.0,0.0005537353,0.000911046,0.0,0.0017717581,0.0,0.00029148,1.459685e-06,0.0
hsa.mir.4255,0.0,0.0,0.0,0.0,0.0,0.0,0.0,0.0,0.0,0.0
hsa.mir.4256,0.0,0.0,0.0,0.0,0.0,0.0,0.0,0.0,0.0,0.0
hsa.mir.4257,0.0,0.0,0.0,0.0,0.0,0.0,0.0,0.0,0.0,0.0
hsa.mir.4258,0.0,0.0,0.0,0.0,0.0,1.268035e-05,3.340338e-05,7.19079e-17,0.0,0.0
hsa.mir.4259,0.0,0.0,0.0,0.0,0.0,0.0,0.0,0.0,0.0,0.0
hsa.mir.4260,0.0,0.0,0.0,0.0,0.0,0.0,0.0,0.0,0.0,0.0
hsa.mir.4261,0.0,0.0,0.0,0.0,0.0,0.0,0.0,0.0,0.0,0.0
hsa.mir.4262,0.0,0.0,0.0,0.0,0.0,0.0,0.0,0.0,0.0,0.0
hsa.mir.4263,0.0,0.0,0.0,0.0,0.0,0.0,0.0,0.0,0.0,0.0
hsa.mir.4264,0.0,0.0,0.0,0.0,0.0,0.0,0.0,0.0,0.0,0.0
hsa.mir.4265,0.0,0.0,0.0,0.0,0.0,0.0,0.0,0.0,0.0,0.0
hsa.mir.4266,0.0,0.0,0.0,0.0,0.0,0.0,0.0,0.0,0.0,0.0
hsa.mir.4267,0.0,0.0,0.0,0.0,0.0,0.0,0.0,0.0,0.0,0.0
hsa.mir.4268,0.0,0.0,0.0,0.0,0.0,0.0,0.0,0.0,0.0,0.0
hsa.mir.4269,0.0,0.0,0.0,0.0,0.0,0.0,0.0,0.0,0.0,0.0
hsa.mir.4270,0.0,0.0,0.0,0.0,0.0,0.0,0.0,0.0,0.0,0.0
hsa.mir.4271,0.0,0.0,0.0,0.0,0.0,0.0,0.0,0.0,0.0,0.0
hsa.mir.4272,0.0,0.0,0.0,0.0,0.0,0.0,0.0,0.0,0.0,0.0
hsa.mir.4273,0.0,0.0,0.0,0.0,0.0,0.0,0.0,0.0,0.0,0.0
hsa.mir.4274,0.0,0.0,0.0,0.0,0.0,0.0,0.0,0.0,0.0,0.0
hsa.mir.4275,0.0,0.0,0.0,0.0,0.0,0.0,0.0,0.0,0.0,0.0
hsa.mir.4276,0.0,0.0,0.0,0.0,0.0,0.0,0.0,0.0,0.0,0.0
hsa.mir.4277,0.0,0.0,0.0,0.0,0.0,0.0,0.0,0.0,0.0,0.0
hsa.mir.4278,0.0,0.0,0.0,0.0,0.0,0.0,0.0,0.0,0.0,0.0
hsa.mir.4279,0.0,0.0,0.0,0.0,0.00017296655,0.0,0.0,0.0,0.0,0.0
hsa.mir.4280,0.0,0.0,0.0,0.0,0.0,0.0,0.0,0.0,0.0,0.0
hsa.mir.4281,0.0,0.0,0.0,0.0,0.0,0.0,0.0,0.0,0.0,0.0
hsa.mir.4282,0.0,0.0,0.0,0.0,0.0,0.0,0.0,0.0,0.0,0.0
hsa.mir.4283.1,0.0,0.0,0.0,0.0,0.0,0.0,0.0,0.0,0.0,0.0
hsa.mir.4283.2,0.0,0.0,0.0,0.0,0.0,0.0,0.0,0.0,0.0,0.0
hsa.mir.4284,0.0,0.0,0.00036045848,2.818817e-05,0.00013722862,0.0,0.0,0.00016010854,0.00045983665,4.7892085e-05
hsa.mir.4285,0.0,0.0,0.0,0.0,0.0,0.0,0.0,0.0,0.0,0.0
hsa.mir.4286,2.5105688e-26,0.0,0.005138331,0.0,0.0044314438,0.00292518,4.9245596e-16,0.0,0.00063662446,2.157474e-13
hsa.mir.4287,0.0,0.0,0.0,0.0,0.0,0.0,0.0,0.0,0.0,0.0
hsa.mir.4288,0.0,0.0,0.0,0.0,0.0,0.0,0.0,0.0,0.0,0.0
hsa.mir.4289,0.0,0.0,0.0,0.0,0.0,0.0,0.0,0.0,0.0,0.0
hsa.mir.429,0.0,0.0080796555,0.0,0.0,0.0,0.847717,0.0,0.00397022,0.0,0.0
hsa.mir.4290,0.0,0.0,0.0,0.0,0.0,0.0,0.0,0.0,0.0,0.0
hsa.mir.4291,0.0,0.0,0.0,0.0,0.0,0.0,0.0,0.0,0.0,0.0
hsa.mir.4292,3.573509e-05,0.0,0.0,0.0,7.076085e-06,2.9962723e-05,0.0,0.0,0.0,0.0
hsa.mir.4293,0.0,0.0,0.0,0.0,0.0,0.0,0.0,0.0,0.0,0.0
hsa.mir.4294,0.0,0.0,0.0,0.0,0.0,0.0,0.0,0.0,0.0,0.0
hsa.mir.4295,0.0,0.0,0.0,0.0,0.0,0.0,0.0,0.0,0.0,0.0
hsa.mir.4296,0.0,0.0,0.0,0.0,0.0,0.0,0.0,0.0,0.0,0.0
hsa.mir.4297,0.0,0.0,0.0,0.0,0.0,0.0,0.0,0.0,0.0,0.0
hsa.mir.4298,0.0,0.0,0.0,0.0,0.0,0.0,0.0,0.0,0.0,0.0
hsa.mir.4299,0.0,0.0,0.0,0.0,0.0,0.0,0.0,0.0,0.0,0.0
hsa.mir.4300,0.0,0.0,0.0,0.0,0.0,0.0,0.0,0.0,0.0,0.0
hsa.mir.4301,0.0,0.0,0.0,0.0,0.0,0.0,0.0,0.0,0.0,0.0
hsa.mir.4302,0.0,0.0,0.0,0.0,0.0,0.0,0.0,0.0,0.0,0.0
hsa.mir.4303,0.0,0.0,0.0,0.0,0.0,0.0,0.0,0.0,0.0,0.0
hsa.mir.4304,0.0,0.0,0.0,0.0,0.0,0.0,0.0,0.0,0.0,0.0
hsa.mir.4305,0.0,0.0,0.0,0.0,0.0,0.0,0.0,0.0,0.0,0.0
hsa.mir.4306,0.00025422915,0.0,0.0002389135,0.0,0.00015909839,0.0,0.0,0.00030712568,0.00021410508,0.0003654228
hsa.mir.4307,0.0,0.0,0.0,0.0,0.0,0.0,0.0,0.0,0.0,0.0
hsa.mir.4308,0.0,0.0,0.0,0.0,0.0,0.0,0.0,0.0,0.0,0.0
hsa.mir.4309,0.0,0.0,0.0,0.0,0.0,0.0,0.0,0.0,0.0,0.0
hsa.mir.431,0.0,0.0,12.553043,5.6678604e-09,0.0,4.4618397,0.0,0.0,0.0,0.0
hsa.mir.4310,0.0,0.0,0.0,0.0,0.0,0.0,0.0,0.0,0.0,0.0
hsa.mir.4311,0.0,0.0,0.0,0.0,0.0,0.0,0.0,0.0,0.0,0.0
hsa.mir.4312,0.0,0.0,0.0,0.0,0.0,0.0,0.0,0.0,0.0,0.0
hsa.mir.4313,0.00015289108,0.0,0.0,0.0,0.0,0.00010963276,0.0,0.0,0.0,0.0
hsa.mir.4314,0.0,0.0,0.0,0.0,0.0,0.0,0.0,0.0,0.0,0.0
hsa.mir.4315.1,0.0,0.0,0.0,0.0,0.0003328596,0.0,2.8634302e-05,0.0,0.0,0.0
hsa.mir.4315.2,0.0001523884,0.0,0.0,2.6285095e-05,9.627131e-05,0.0,0.0,0.0,0.0,0.0
hsa.mir.4316,0.0,0.0,0.0,0.0,0.0,0.0,0.0,0.0,0.0,0.0
hsa.mir.4317,0.0,0.0,0.0001768959,0.0,0.0,0.0,0.0,0.0,8.3749524e-05,0.0
hsa.mir.4318,0.0,0.0,0.0,0.0,0.0,0.0,0.0,0.0,0.0,0.0
hsa.mir.4319,0.0,0.0,0.0,0.0,0.0,0.0,0.0,0.0,0.0,0.0
hsa.mir.432,0.0,0.0,7.7291,1.0511358,0.107605755,3.9408457,0.0,0.0,0.0,0.0
hsa.mir.4320,0.0,0.0,0.0,0.0,0.0,0.0,0.0,0.0,0.0,0.0
hsa.mir.4321,0.0,0.0,0.0,0.0,0.0,0.0,0.0,0.0,0.0,0.0
hsa.mir.4322,0.00012880539,0.0,0.000116815376,0.0,0.0,0.0002629601,0.0,0.0,0.0,0.0
hsa.mir.4323,1.7626588e-05,0.0,0.00028009672,0.0,0.0,0.0,3.5957568e-05,0.0,0.0,0.0
hsa.mir.4324,0.0,0.0,0.0,0.0,0.0,0.0,0.0,0.0,0.0,0.0
hsa.mir.4325,0.0,0.0,0.0,0.0,0.0,0.0,0.0,0.0,0.0,0.0
hsa.mir.4326,0.016927494,0.0,0.47126526,1.7802758e-11,0.0657088,0.07276095,2.1836099e-36,0.0,6.9980246e-07,0.11236087
hsa.mir.4327,0.0,0.0,0.0,0.0,0.0,0.0,0.0,0.0,0.0,0.0
hsa.mir.4328,0.0,5.0861316e-05,0.0,0.0,0.0,0.0,0.0,0.0,0.0,0.0
hsa.mir.4329,0.0,0.0,0.0,0.0,0.0,0.0,0.0,0.0,0.0,0.0
hsa.mir.433,0.0,0.0,1.2786804,0.19042982,0.0,0.50927716,0.0,0.0,0.0,0.0
hsa.mir.4330,0.0,0.0,0.0004669771,0.0,0.0,0.0,0.0,0.0,0.0,0.0
hsa.mir.448,0.0,0.0,0.0016084927,0.0,0.0,0.0026077942,0.0,0.0,0.0,0.0
hsa.mir.449a,0.0,0.0,0.0039245537,0.0,0.008699187,0.0069001066,0.018101813,0.026362782,4.3100085e-18,0.0021172909
hsa.mir.449b,0.0,0.0,0.0041911374,0.0,0.0014275699,0.0035644155,0.003153607,0.0060719186,0.0,7.2703326e-05
hsa.mir.449c,0.0,0.0,0.0017075969,0.0,0.0002573207,0.0008887669,0.001744552,0.0028732608,1.4013207e-24,2.6487515e-27
hsa.mir.450a.1,0.12526527,0.0,0.6975033,0.14883131,0.3150584,0.05421884,0.0,0.0,0.0,5.2478816e-07
hsa.mir.450a.2,0.13148664,0.0,0.63695,0.1399042,0.30917373,0.06817931,0.0,0.0,0.0,6.63785e-10
hsa.mir.450b,0.7444423,0.0,3.1966085,0.88416296,0.9047085,0.075097926,0.0,0.0,0.0,1.8322005e-09
hsa.mir.451,1.1166677,1.5563906,8.5078745,0.0,0.0,0.0,0.0,0.0,0.0,8.074101
hsa.mir.452,0.43422276,0.0,5.8960896,0.01565188,4.109174,1.1293442,0.40352678,5.0288473e-15,3.2420224e-28,8.393905e-21
hsa.mir.454,0.061385486,0.037443392,0.35367692,0.06439147,1.4281787e-15,0.13060866,9.927606e-09,0.016242065,7.6010984e-16,0.07801566
hsa.mir.455,3.2072375,0.0,16.363821,0.0,4.586594,11.51583,0.0,0.0,10.139033,1.1718922
hsa.mir.466,0.000102783415,0.0,0.0046320385,0.0,0.001433604,0.0,0.003563883,0.0,0.0,0.0017498478
hsa.mir.483,0.0,0.0,24.304459,0.0,0.06391833,6.9587693,0.0,0.0,0.0,0.0
hsa.mir.484,0.1898061,0.095359825,1.820447,0.375917,0.23834243,0.799069,6.316515e-25,0.10766974,3.739756e-05,0.38455534
hsa.mir.485,0.0,0.0,4.2927947,0.0,0.17722942,3.0312228,0.0,0.0,0.0,0.0
hsa.mir.486,1.7097318,0.60558474,3.4494317,0.0,1.149732e-12,0.62470424,0.0,8.617762e-26,0.0,2.189084
hsa.mir.487a,0.0,0.0,0.9017807,1.7224362e-18,4.691719e-09,0.6269913,0.0,0.0,0.0,0.0
hsa.mir.487b,0.0,0.0,3.298653,0.45147,0.24879201,2.0383458,0.0,0.0,0.0,0.0
hsa.mir.488,0.0,0.023529805,0.046712704,0.01046203,0.0,0.016904727,0.0,0.001143486,0.011835109,0.0
hsa.mir.489,0.015375397,0.0,0.00643822,4.1350647e-09,0.00048167486,6.3482273e-38,0.0,0.0,0.0049831085,1.220817e-37
hsa.mir.490,0.0,0.74683154,0.29099876,0.0,0.0,0.0,0.0,0.0,0.0,0.0
hsa.mir.491,0.015242479,0.0057288855,0.07012862,0.008815731,0.0077320826,0.03995271,1.3561025e-13,0.0029755095,0.0,0.018039554
hsa.mir.492,0.0,0.0,0.0,0.0,7.794587e-05,0.0,0.0,0.0,0.0,1.6857404e-05
hsa.mir.493,0.92389965,0.0,5.539186,1.0547354,0.03790454,4.5626717,0.0,0.0,0.0,0.13554895
hsa.mir.494,0.004856349,0.0,0.5262926,0.0,0.101152755,0.47300422,0.0,0.0,0.0,1.646291e-11
hsa.mir.495,0.0,0.0,3.6252565,0.0,1.7020073e-22,3.9698665,0.0,0.0,0.0,0.0
hsa.mir.496,1.2814977e-08,0.0,1.5649182,2.2174767e-11,0.17060474,1.2782943,0.0,0.0,0.0,5.819482e-21
hsa.mir.497,0.20825453,0.44691613,4.2378153e-28,0.25989455,0.17499192,0.66521066,0.0,0.14328034,1.1677526e-24,0.1376127
hsa.mir.498,0.0,0.0,0.06301816,0.026513644,0.0,0.0,0.0,0.0,0.0,0.0
hsa.mir.499,0.0041359663,0.0055430797,0.0,0.0,0.0059711016,0.042554338,0.001177037,0.0006711837,0.0,6.8444257e-07
hsa.mir.500a,5.435576,0.0,18.311111,4.532758,6.5109816,8.883464e-11,0.0,0.0,7.0801263,0.71125406
hsa.mir.500b,0.17131667,0.016546829,0.38899112,0.0746007,0.10074924,0.02536352,5.6483573e-19,8.813094e-09,0.08680983,0.06543901
hsa.mir.501,0.75830066,0.0,3.0251064,0.42274356,0.89660364,4.3302661e-10,0.0,0.0,0.7803432,0.31579426
hsa.mir.502,0.19104463,0.0423694,0.4043256,0.091300085,0.23726094,0.08314187,0.0030782542,0.0011859502,0.16273038,0.039828774
hsa.mir.503,0.7628692,0.0,1.2625886,0.67381895,0.7257546,0.00032862977,0.0,0.0,0.7657621,0.0
hsa.mir.504,0.0,0.009529001,0.16706681,3.3485452e-22,0.0,0.029673569,2.3928852e-15,0.009011949,2.4920189e-23,0.0
hsa.mir.505,0.17742814,0.17615366,2.9431405,0.8572549,1.8556193e-19,0.62529147,4.7922626e-08,0.011207195,4.34678e-18,0.43993413
hsa.mir.506,0.003103609,0.0,0.0,0.0556642,0.0,1.3765954e-10,0.0,0.0,0.0,0.0
hsa.mir.507,0.0,0.0,0.0,0.011487445,0.0,1.6552689e-33,0.0,0.0,0.0,0.0
hsa.mir.508,0.0,0.0,0.0,7.8582244,0.0,5.7588506e-23,0.0,0.0,0.0,0.0
hsa.mir.509.1,0.0,0.0,0.0,0.8850686,0.0,4.754334e-22,0.0,0.0,0.0,0.0
hsa.mir.509.2,0.0,0.0,0.0,0.8578925,0.0,4.8062844e-22,0.0,0.0,0.0,0.0
hsa.mir.509.3,0.0,0.0,0.0,0.95900387,0.0,4.879835e-23,0.0,0.0,0.0,0.0
hsa.mir.510,0.00066247786,0.0,0.0,0.002303624,0.0,1.1394871e-15,0.0,0.0,0.0,0.0
hsa.mir.511.1,5.536769e-07,0.0,1.0590167e-22,0.036222428,0.2782657,0.0,0.0,0.0,0.1407153,0.14278439
hsa.mir.511.2,1.0147158e-06,0.0,1.17272e-13,0.03849268,0.2780725,0.0,0.0,0.0,0.1219523,0.1469338
hsa.mir.512.1,0.0,0.0,0.8275711,0.29848,0.0,0.0,0.0,0.0,0.0,0.0
hsa.mir.512.2,0.0,0.0,0.84422094,0.30734092,0.0,0.0,0.0,0.0,0.0,0.0
hsa.mir.513a.1,0.0,0.0,0.0,0.009748813,0.0,3.2997765e-23,0.0,0.0,0.0,0.0
hsa.mir.513a.2,0.0006477106,0.0,0.0,0.011148393,0.0,3.6128457e-20,0.0,0.0,0.0,0.0
hsa.mir.513b,1.01381306e-14,0.0,0.0,0.014617547,0.0,5.3670305e-21,0.0,0.0,0.0,0.0
hsa.mir.513c,0.008289975,0.0,0.0,0.06062198,0.0,1.1048159e-15,0.0,0.0,0.0,0.0
hsa.mir.514.1,0.11499522,0.0,0.0,0.4879486,0.0,0.00014911125,0.0,0.0,0.0,0.0
hsa.mir.514.2,0.13277546,0.0,0.0,0.4751782,0.0,1.9431627e-05,0.0,0.0,0.0,0.0
hsa.mir.514.3,0.124110065,0.0,0.0,0.46753255,0.0,2.2892511e-05,0.0,0.0,0.0,0.0
hsa.mir.514b,0.0,0.0,0.0,0.05643948,0.0,3.6770563e-34,0.0,0.0,0.0,0.0
hsa.mir.515.1,0.0,0.0,0.08983812,0.03588492,0.0,0.0,0.0,0.0,0.0,0.0
hsa.mir.515.2,0.0,0.0,0.09801646,0.035678476,0.0,0.0,0.0,0.0,0.0,0.0
hsa.mir.516a.1,0.0,0.0,0.29242033,0.12487357,0.0,0.0,0.0,0.0,0.0,0.0
hsa.mir.516a.2,0.0,0.0,0.29502642,0.12553357,0.0,0.0,0.0,0.0,0.0,0.0
hsa.mir.516b.1,0.0,0.0,0.48176485,0.19243525,0.0,0.0,0.0,0.0,0.0,0.0
hsa.mir.516b.2,0.0,0.0,0.24782296,0.096486345,0.0,0.0,0.0,0.0,0.0,0.0
hsa.mir.517a,0.0,0.0,0.4729233,0.18745562,0.0,0.0,0.0,0.0,0.0,0.0
hsa.mir.517b,0.0,0.0,0.47023433,0.18627918,0.0,0.0,0.0,0.0,0.0,0.0
hsa.mir.517c,0.0,0.0,0.15179436,0.06212622,0.0,0.0,0.0,0.0,0.0,0.0
hsa.mir.518a.1,0.0,0.0,0.12580033,0.044406947,0.0,0.0,0.0,0.0,0.0,0.0
hsa.mir.518a.2,0.0,0.0,0.121651165,0.049014628,0.0,0.0,0.0,0.0,0.0,0.0
hsa.mir.518b,0.0,0.0,0.55446607,0.22121754,0.0,0.0,0.0,0.0,0.0,0.0
hsa.mir.518c,0.0,0.0,0.5488894,0.21679917,0.0,0.0,0.0,0.0,0.0,0.0
hsa.mir.518d,0.0,0.0,0.022378637,0.007855365,0.0,0.0,0.0,0.0,0.0,0.0
hsa.mir.518e,0.0,0.0,0.18173075,0.07704746,0.0,0.0,0.0,0.0,0.0,0.0
hsa.mir.518f,0.0,0.0,0.7718751,0.31316864,0.0,0.0,0.0,0.0,0.0,0.0
hsa.mir.519a.1,0.0,0.0,0.8301506,0.33703646,0.0,0.0,0.0,0.0,0.0,0.0
hsa.mir.519a.2,0.0,0.0,0.80844194,0.32283407,0.0,0.0,0.0,0.0,0.0,0.0
hsa.mir.519b,0.0,0.0,0.045839995,0.0183419,0.0,0.0,0.0,0.0,0.0,0.0
hsa.mir.519c,0.0,0.0,0.20093304,0.07740482,0.0,0.0,0.0,0.0,0.0,0.0
hsa.mir.519d,0.0,0.0,0.16950448,0.06818509,0.0,0.0,0.0,0.0,0.0,0.0
hsa.mir.519e,0.0,0.0,0.026442107,0.007723031,0.0,0.0,0.0,0.0,0.0,0.0
hsa.mir.520a,0.0,0.0,0.56540936,0.24013248,0.0,0.0,0.0,0.0,0.0,0.0
hsa.mir.520b,0.0,0.0,0.7802503,0.3076223,0.0,0.0,0.0,0.0,0.0,0.0
hsa.mir.520c,0.0,0.0,0.07941772,0.03028832,0.0,0.0,0.0,0.0,0.0,0.0
hsa.mir.520d,0.0,0.0,0.13194956,0.052959647,0.0,0.0,0.0,0.0,0.0,0.0
hsa.mir.520e,0.0,0.0,0.14305983,0.054340165,0.0,0.0,0.0,0.0,0.0,0.0
hsa.mir.520f,0.0,0.0,0.17248113,0.065024376,0.0,0.0,0.0,0.0,0.0,0.0
hsa.mir.520g,0.0,0.0,0.3231915,0.12524407,0.0,0.0,0.0,0.0,0.0,0.0
hsa.mir.520h,0.0,0.0,0.19697203,0.07601023,0.0,0.0,0.0,0.0,0.0,0.0
hsa.mir.521.1,0.0,0.0,0.017044317,0.0069217817,0.0,0.0,0.0,0.0,0.0,4.904226e-17
hsa.mir.521.2,0.0,0.0,0.0085975565,0.0030079822,0.0,0.0,0.0,0.0,0.0,0.0
hsa.mir.522,0.0,0.0,0.20491944,0.081066,0.0,0.0,0.0,0.0,0.0,0.0
hsa.mir.523,0.0,0.0,0.051330622,0.021522505,0.0,0.0,0.0,0.0,0.0,0.0
hsa.mir.524,0.0,0.0,0.06192104,0.024504364,0.0,0.0,0.0,0.0,0.0,0.0
hsa.mir.525,0.0,0.0,0.78125274,0.3047279,0.0,0.0,0.0,0.0,0.0,0.0
hsa.mir.526a.1,0.0,0.0,0.0032211025,0.0010365254,0.0,0.0,0.0,0.0,0.0,0.0
hsa.mir.526a.2,0.0,0.0,0.0,0.0,0.0,0.0,0.0,0.0,0.0,3.1608135e-05
hsa.mir.526b,0.0,0.0,2.4384487,0.9858786,0.0,0.0,0.0,0.0,0.0,0.0
hsa.mir.527,0.0,0.0,0.09280236,0.032675676,0.0,0.0,0.0,0.0,0.0,0.0
hsa.mir.532,17.584032,2.1291955,75.78571,8.63054,27.087276,20.959717,3.8212224e-08,0.00019236343,22.598642,6.497791e-36
hsa.mir.539,5.634037e-15,0.0,5.0164843,0.83496654,0.17865296,2.0230608,0.0,0.0,0.0,0.0
hsa.mir.541,0.0,0.0,0.6427058,0.1214371,0.0,0.04899152,0.0,0.0,0.0,0.0
hsa.mir.542,4.9017906,0.0,40.311893,6.954416,12.919698,4.9124107,0.0,0.0,0.0,1.7845225e-38
hsa.mir.543,5.654898e-06,0.0,0.800807,5.223951e-06,0.066972986,0.8238446,0.0,0.0,0.0,5.747721e-36
hsa.mir.544,0.0,0.0,0.006257223,9.116802e-19,0.0,0.0049093324,0.0,0.0,0.0,0.0
hsa.mir.544b,0.000119626995,0.0,0.000109839,0.00034720593,0.0,0.0,0.0,0.0,0.0,2.960546e-05
hsa.mir.545,0.0040588723,0.0018031597,0.01230643,0.002024212,7.121419e-12,0.004272462,3.087048e-30,0.00029932652,0.0,0.007586326
hsa.mir.548a.1,0.0,0.0,0.0,0.0,0.0,0.0,0.0,0.0,0.0,0.0
hsa.mir.548a.2,0.0,0.0,0.0,0.0,0.0,0.0,0.0,0.0,0.0,0.0
hsa.mir.548a.3,0.00018184565,0.00013646284,0.00066762016,0.00056092837,5.674764e-10,0.0,0.0,0.00039306583,2.5022462e-08,0.0009815488
hsa.mir.548aa.1,0.0,0.0,0.0,0.0,0.0,0.0,0.0,0.0,0.0,0.0
hsa.mir.548aa.2,0.0,0.0,0.0,0.0,0.0,0.0,0.0,0.0,0.0,0.0
hsa.mir.548b,0.007383092,0.013142631,0.039003924,1.3528662e-19,0.0042159725,0.0026101551,0.004560768,0.012433535,6.125175e-06,0.0054087914
hsa.mir.548c,0.0,0.0,0.0,0.0,0.0,0.0,0.0,0.0,0.0,0.0
hsa.mir.548d.1,0.0014665825,0.00057396136,0.0034303444,0.0019269547,3.8532384e-16,0.00074595824,6.4676884e-16,0.0,0.0,0.0014545708
hsa.mir.548d.2,0.0019937137,0.0011367961,0.003057596,0.0010093731,0.0007814869,0.002112117,0.0,0.0,0.0,0.00079699804
hsa.mir.548e,0.0058390894,0.0,0.0,0.0,0.0039634677,0.0027957922,0.00064451335,1.9725359e-37,0.002893027,0.0055430904
hsa.mir.548f.1,0.0,0.0,0.109132536,0.0,0.0,0.006553661,0.0,0.0,0.0,0.0
hsa.mir.548f.2,0.0,0.0,0.0,0.0,0.0,0.0,0.0,0.0,0.0,0.0
hsa.mir.548f.3,0.0,0.0,0.0,0.0,0.0,0.0,0.0,0.0,0.0,0.0
hsa.mir.548f.4,0.0,0.0,0.0009057577,0.0,0.0,0.0,0.0,0.0,0.0,0.0
hsa.mir.548f.5,0.0,0.0,0.0,0.0,0.0,0.0,0.0,0.0,0.0,0.0
hsa.mir.548g,0.0,0.0,0.0,0.0,0.0,0.0,0.0,0.0,0.0,0.0
hsa.mir.548h.1,0.0,0.0,0.0,6.3435446e-06,0.0,0.0,0.0,0.0,0.0,3.65703e-05
hsa.mir.548h.2,0.0,0.0,0.0,0.0,0.0,0.0,0.0,0.0,0.0,0.0
hsa.mir.548h.3,0.0,0.0,0.0,0.0,0.0,0.0005776909,0.0,0.0,0.0,0.0
hsa.mir.548h.4,0.0,0.0,0.0,0.0,0.0,0.0,0.0,0.0,0.0,0.0
hsa.mir.548i.1,0.0,0.0,0.0,0.0,0.0,0.0,0.0,0.0,0.0,0.0
hsa.mir.548i.2,0.0,0.0,0.0,0.0,0.0,0.0,0.0,0.0,0.0,0.0
hsa.mir.548i.3,0.0,0.0,0.0,0.0,0.0,0.0,0.0,0.0,0.0,0.0
hsa.mir.548i.4,0.0,0.0,0.0,0.0,0.0,0.0,0.0,0.0,0.0,0.0
hsa.mir.548j,0.007405651,0.0,0.0037961355,0.0,0.0007783213,0.0,0.0,0.0,0.0,0.009471625
hsa.mir.548k,0.00053556974,7.095571e-05,0.0021988575,6.771385e-27,0.0009909819,0.001461957,1.440931e-06,0.0,0.0007497915,0.0021674214
hsa.mir.548l,0.0010519036,0.0,0.0011729194,0.0,0.00023413904,0.0017579993,2.105652e-05,0.0,0.0,0.00050764263
hsa.mir.548m,6.789797e-34,0.0,8.856829e-06,2.5039666e-05,3.6965284e-06,0.0,0.0,0.0,0.0,0.00015219144
hsa.mir.548n,0.00047991474,0.0,0.00014567502,0.0,0.0005880668,0.0,0.0,0.0,0.0029497943,0.0010586261
hsa.mir.548o,0.0026937542,0.00038987727,0.0028233877,0.0017722019,0.005344323,0.0053446633,0.00030182346,0.00017953834,8.171311e-31,0.00250259
hsa.mir.548p,0.0,0.0,0.0,0.0,0.0,0.0,0.0,0.0,0.0,7.698232e-05
hsa.mir.548q,0.002069644,0.0010604121,0.0022173706,0.0026279355,0.00054815545,0.0068294946,0.0,0.0,0.0,0.00015459448
hsa.mir.548s,2.888838e-06,0.0021128992,0.0071373666,0.0016069198,0.002092371,0.0053333263,0.0,0.0,0.00015443002,0.0035029491
hsa.mir.548t,0.0002888321,0.0,9.31184e-27,4.339049e-36,0.0020956444,0.0014323089,0.0,0.0,0.0028918,0.00072146533
hsa.mir.548u,0.0,0.0,9.788625e-05,1.3416392e-22,8.2356266e-05,0.0,3.1996206e-24,0.0,0.0,0.0002165355
hsa.mir.548v,0.006629795,0.0029395437,0.043137215,0.005247977,0.0026317064,0.0011183631,0.0,0.0,0.00047747354,0.00450006
hsa.mir.548w,0.00024412667,0.0,0.0,0.00017829835,0.0,0.0,0.0,0.0,0.0,0.0
hsa.mir.548x,0.00025297323,0.0,0.0010070422,0.0,0.0,0.0,0.0,0.0,0.0020242096,0.00034856884
hsa.mir.548y,2.6474994e-17,0.0,0.0011685615,0.0044484134,0.0037696664,0.0,0.0,0.0,0.0033759268,1.777044e-13
hsa.mir.548z,0.0,0.0,0.0,0.0,0.0,0.0,0.0,0.0,0.0,0.0
hsa.mir.549,0.009290552,0.0,0.0,0.0,1.9157176e-11,0.0,8.9091546e-38,0.0,0.0,0.010236477
hsa.mir.550a.1,0.010686879,0.021429705,0.16401021,0.015284125,0.039782453,0.051659483,1.179245e-12,0.006125744,1.7945613e-06,0.018565783
hsa.mir.550a.2,0.005266983,0.023696795,0.13608098,1.865721e-09,0.029291874,0.038889505,3.4179372e-15,0.0039193993,2.8765978e-06,0.009501676
hsa.mir.550b.1,0.0,0.0,0.0,0.00012518105,0.0,0.0,9.462005e-05,3.025572e-05,0.0,0.0
hsa.mir.550b.2,0.0,0.00047268104,0.00046784533,0.0,0.0,0.00017313017,0.0,0.0,0.0,2.361235e-27
hsa.mir.551a,0.0,0.005552978,0.09053452,0.0,0.0,0.046360493,0.0,0.0,0.0,0.0
hsa.mir.551b,0.0,0.013020515,0.30719665,0.0,0.0,0.21731275,2.9325743e-28,0.041295756,0.0,0.0
hsa.mir.552,3.285473e-29,4.1744834e-09,0.011346615,0.0058193994,0.020575853,0.005496387,0.0020631256,8.93518e-37,2.2577029e-05,2.234936e-18
hsa.mir.553,0.0,0.0,0.0,0.0,0.0,0.0,0.0,0.0,0.0,0.0
hsa.mir.554,0.0,0.0,0.0,0.0,0.0,0.0,0.0,0.0,0.0,0.0
hsa.mir.555,0.00018464561,0.00016936012,0.0005401811,0.00022818193,0.0,0.00013355953,0.0,0.0,0.0,0.0
hsa.mir.556,0.0014984544,0.0020749685,0.0045355083,1.7271254e-33,0.0017853568,0.0048456234,0.0030302072,0.0009140515,1.14917555e-07,0.0024969652
hsa.mir.557,0.0,0.0,0.0,0.0,0.0,0.0,0.0,0.0,0.0,0.0
hsa.mir.558,0.0,0.0,0.0,0.0,0.0,0.0,0.0,0.0,0.0,4.4655382e-05
hsa.mir.559,0.0,0.0,0.0,0.0,0.0,0.002388961,0.0,0.0,0.0,0.0
hsa.mir.561,2.88682e-08,0.00230387,0.029601187,5.349038e-27,0.017324077,0.015548954,0.0,0.0,0.019371087,2.7535954e-27
hsa.mir.562,0.0,0.0,0.0,0.0,0.0,0.0,0.0,0.0,0.0,0.0
hsa.mir.563,0.0,0.0,0.0,0.0,0.0,0.0,0.0,0.0,0.0,0.0
hsa.mir.564,0.00089335995,0.0003045569,0.0002878665,0.0,0.0,5.422645e-28,0.0,0.0,1.5824915e-35,0.0
hsa.mir.566,0.0,0.0,0.0,0.0,0.0,0.0,0.0,0.0,0.0,0.0
hsa.mir.567,4.3912834e-05,0.0,0.0,3.7940554e-05,0.0,1.2009859e-06,0.0,0.0,0.0,0.0
hsa.mir.568,0.0,0.0,0.0,0.0,0.0,0.0,0.0,0.0,0.0,0.0
hsa.mir.569,0.0,0.0,0.0,0.0,0.0,0.0,0.0,0.0,0.0,0.0
hsa.mir.570,0.0061845537,0.0028426882,0.012434605,0.0033629811,0.0028830585,0.0040767165,0.0,0.0,4.556613e-05,0.0057604243
hsa.mir.571,0.0,0.0,0.0,0.0,0.0,0.0,0.0,0.0,0.0,0.0
hsa.mir.572,1.5228328e-26,0.0,0.0003785633,5.4289715e-34,0.0004233019,8.526226e-05,0.00023323589,2.1262376e-29,0.0,8.243426e-05
hsa.mir.573,1.4331896e-37,0.0,0.0048212036,0.0,0.0,0.0,0.0,0.0,0.0,0.001197467
hsa.mir.574,1.0912831,0.6429298,4.42591,0.9488915,2.6721425,2.4630706,1.28396736e-20,4.6725752e-17,0.6321969,0.5467203
hsa.mir.575,0.0,0.0,0.0,0.0,8.1660575e-05,0.0,0.0,0.0,0.0,0.0
hsa.mir.576,0.08895084,0.02103765,0.15416211,0.22745076,0.16451848,0.17662483,1.6584502e-32,5.5448544e-28,5.3978556e-07,0.19109608
hsa.mir.577,0.035160393,1.5506873e-07,0.09054461,0.0,0.0,0.04349033,0.0,0.008733484,2.7655764e-22,0.03653251
hsa.mir.578,0.0,0.001115602,0.002470619,0.0006375579,0.0007376546,0.0004784431,4.2367634e-10,0.00031420853,3.2589667e-13,5.2000518e-14
hsa.mir.579,0.006661156,0.0007448109,0.012147824,1.3035649e-13,0.0077968566,0.005002088,0.00035592215,1.4387587e-36,8.072365e-18,0.0077047744
hsa.mir.580,0.008408288,0.0019955428,0.010781648,0.0,0.011990107,0.0012049822,2.3503096e-12,3.045945e-05,0.0030848435,0.008736404
hsa.mir.581,0.0032723865,0.0011493308,0.02194421,0.008666744,0.015341774,4.8796953e-13,2.0320312e-23,7.964569e-16,0.009959131,0.004114916
hsa.mir.582,2.5726728,4.7995753,4.909345,0.0,0.000438986,12.053416,2.4985636e-07,7.6837454,2.0205254e-11,1.0375961
hsa.mir.583,0.0,0.0,0.0,0.0,0.0,0.0,0.0,0.0,0.0,0.0
hsa.mir.584,0.95060784,0.0,0.6401319,6.2163036e-33,0.0,0.2586147,0.0,0.0,1.3733404,0.6703323
hsa.mir.585,0.003273647,0.0027291768,0.0688821,0.0,0.018140448,0.043945078,0.004236881,0.0008219682,3.4923185e-22,4.722747e-35
hsa.mir.586,0.00011634794,2.6789443e-05,0.0,0.0,4.9346224e-32,0.0,8.240266e-05,0.0,0.0,0.00021303185
hsa.mir.587,0.0,0.0,0.0,0.0,4.7733534e-05,0.0,0.0,0.0,0.0,3.007314e-05
hsa.mir.588,0.0,0.0063619795,0.008573145,0.0021515891,0.0074844225,1.8178158e-26,0.0,0.006659375,0.003663424,0.0013055726
hsa.mir.589,0.8406575,0.1390312,1.7479959,4.569728e-10,0.5109684,0.040212635,5.138635e-06,0.18698344,0.14481454,0.69082075
hsa.mir.590,0.14272346,0.03140099,0.26502943,0.08291762,0.13709481,0.13595568,4.4442812e-20,0.0046703704,0.0020377412,0.1778833
hsa.mir.591,0.0,0.0,0.0,0.0,0.0,0.0,0.0,0.0,0.0,0.0
hsa.mir.592,4.45413e-15,0.032420054,0.040205702,0.0,0.0,0.12968524,3.2978933e-05,0.022183886,0.04589545,0.039531693
hsa.mir.593,0.0,0.0,0.0,0.0,0.0,0.0,0.0,0.0,0.0,0.0
hsa.mir.595,0.0,0.0,0.0,0.0,0.0,0.0,0.0,0.0,0.0,0.0
hsa.mir.596,0.0,0.0,0.0,0.0,0.0,0.0,0.0,0.0,0.0,0.0
hsa.mir.597,0.0,0.0007049314,0.0016998728,0.00044021365,0.0017303894,0.0017017616,0.0,0.0,4.040047e-12,0.0001852763
hsa.mir.598,0.32932293,0.20503093,1.976908,0.5792376,1.1408739e-31,0.46647704,0.011945931,0.011162494,0.0,0.021274759
hsa.mir.599,0.009808751,0.0,0.007226642,1.253796e-35,0.010405946,3.153363e-05,0.0,0.0,0.01163588,0.0
hsa.mir.600,0.0,1.5781928e-20,0.0003682163,0.00021532254,0.00027983118,0.0,0.0,0.0,0.0,0.0003928454
hsa.mir.601,0.0,0.0,0.0,0.0,0.0,0.0,0.0,0.0,0.0,0.0
hsa.mir.602,0.0,0.0,0.0,0.0,2.2802702e-05,0.00012830745,0.0,0.0,0.0,0.0
hsa.mir.603,0.0,0.0,0.0,0.0,0.0,5.285464e-05,5.728635e-05,0.0,0.0,9.674838e-06
hsa.mir.604,0.0,0.0,0.0,0.0,0.0,0.0,0.0,0.0,0.0,0.0
hsa.mir.605,9.780063e-14,2.8284595e-32,0.009114939,0.009252605,0.015886005,0.0021202,5.6029443e-05,3.60184e-05,0.02197502,8.409808e-06
hsa.mir.606,7.160191e-05,0.0,0.0,0.0,0.0,0.00029281783,1.5554742e-10,0.0,0.0,8.768881e-05
hsa.mir.607,0.0010564318,0.0,0.0024284762,1.3011664e-33,9.3856874e-36,0.0030846528,0.0,0.000114106406,1.4035024e-36,0.0017077075
hsa.mir.608,0.0,0.0,0.0,0.0,0.0,0.0,0.0,0.0,0.0,0.0
hsa.mir.609,3.1925847e-38,0.0,0.0,0.0,0.0,0.00061568513,0.0,0.0,0.0,1.13914775e-05
hsa.mir.610,7.631066e-05,0.0,0.0,0.0,0.00022637483,0.00031358513,0.0,0.0,0.0,9.569577e-05
hsa.mir.611,0.00036273157,0.0,0.0005980123,0.0,0.0,6.997295e-05,0.00010561137,1.3505812e-37,0.00077371777,5.026419e-05
hsa.mir.612,0.0006169655,0.0,0.00049238635,0.0,5.271149e-05,0.0,2.7158938e-05,0.0,0.0,0.0005295083
hsa.mir.613,0.0,0.0,0.00024646366,0.0,0.0,0.0,0.0,6.0662405e-05,0.0,0.0
hsa.mir.614,0.0,0.0,0.0,0.0,0.0,0.0,0.0,0.0,0.000111163376,0.0
hsa.mir.615,0.0343268,0.0,0.19292785,0.040371034,0.041571844,0.07269232,0.0,0.0,0.21997808,1.6423911e-17
hsa.mir.616,1.0873948e-05,0.0,0.5119238,0.0,0.045897897,0.1008951,0.0,0.0,0.07588423,0.07563842
hsa.mir.617,6.805528e-30,4.0278724e-06,0.0,0.0,8.3998e-05,0.0,2.5772117e-05,0.0,0.0,8.300459e-05
hsa.mir.618,0.006612916,2.1078643e-34,0.030925445,0.005613935,0.012680857,0.013714403,0.001070062,0.00076368183,0.0019938382,0.0063410485
hsa.mir.619,0.0,0.0,0.0,0.0,0.0,0.0,0.0,0.0,0.0,0.0
hsa.mir.620,0.0,0.0,0.0,0.0,0.0,0.0,0.0,0.0,0.0,0.0
hsa.mir.621,0.00013116041,0.0,0.0,6.3605796e-05,0.0,0.0,0.0,0.0,0.0,0.0
hsa.mir.622,0.0,0.0,0.0,0.0,0.0,0.0,0.0,0.0,0.0,0.0
hsa.mir.623,0.0,0.0,0.0,0.0,0.0,0.0,0.0,0.0,0.0,0.0
hsa.mir.624,0.010421976,0.004812659,0.009264148,0.00040512581,0.007759278,0.0135626905,1.698363e-12,0.0023695466,7.474281e-32,0.010157533
hsa.mir.625,2.85299,0.87399805,2.4838588,3.3038116e-22,0.0031836485,1.3517584,0.0,0.0,1.5472656,3.1351311
hsa.mir.626,0.0,0.0,0.0,0.0,0.0,0.0,0.0,0.0,0.0,0.0
hsa.mir.627,0.010819127,0.0030329882,2.2843647e-05,0.0122275995,0.019575186,0.005983766,3.7309245e-09,3.8805216e-17,0.018782366,0.014907818
hsa.mir.628,0.08952355,0.02629691,0.19888198,0.07056068,0.07441958,0.08605496,0.00040897026,0.021167845,0.00754883,0.05460517
hsa.mir.629,1.2627597,0.0,2.6798153,0.09690929,0.34851488,3.1346214,4.4839362e-38,0.0,3.3598643e-12,1.013765
hsa.mir.630,0.0,0.0,0.0,0.0,0.0,0.0,0.0,0.0,0.0,0.0
hsa.mir.631,0.0,0.0,0.0,0.0,0.0,0.0,0.0,0.0,0.0,0.0
hsa.mir.632,0.0011041184,0.001863838,0.007835385,0.0,0.0012851153,0.0080651045,0.0,4.1033685e-15,0.0045689167,0.0003191966
hsa.mir.633,0.0,0.0,0.0,0.0,0.0,0.0,0.0,0.0,0.0,0.0
hsa.mir.634,0.0,0.0,0.0,0.0,0.0,0.0,0.0,0.0,0.0,0.0
hsa.mir.635,0.0,0.0,0.0,0.0,0.0,0.0,0.0,0.0,0.0,0.0
hsa.mir.636,0.0,2.6707088e-05,0.012707137,0.0011910081,0.0,0.002229812,0.0,0.0012296797,0.0,0.0013458589
hsa.mir.637,0.0,0.0,0.0,0.0,0.0,0.0,0.0,0.0,0.0,0.0
hsa.mir.638,0.0,0.0,0.0,0.0,0.0,0.0,0.0,0.0,0.0,0.0
hsa.mir.639,0.0034883935,0.0013006154,0.018386774,2.2505277e-14,0.0005186514,0.002954779,0.0006076155,0.0012166308,3.8367267e-05,0.0029378189
hsa.mir.640,0.0,0.0,0.0,0.0,0.0,0.0,0.0,0.0,0.0,0.0
hsa.mir.641,0.004904146,0.00037726382,0.005373954,0.000488708,0.0011690179,0.0034192745,0.0,7.585576e-05,2.023609e-17,5.072552e-05
hsa.mir.642a,0.017048819,0.0,0.07521336,0.069367,0.0,0.0,0.0,0.0,0.05101211,0.007053112
hsa.mir.642b,0.0,0.0,0.0,1.8215122e-37,0.0,0.00021489146,0.0,0.00013745418,0.00018852144,0.00013001949
hsa.mir.643,0.010637685,0.0040132604,0.01930077,0.005563095,0.0062202797,0.005114384,9.448378e-28,0.000109514105,1.1243943e-12,0.009462732
hsa.mir.644,0.0,0.0,0.0,0.0,0.0,0.0,0.0,0.0,0.0,3.30695e-05
hsa.mir.645,0.0,0.0,0.0,0.0,0.0,0.0,0.0,0.0,0.0,0.0
hsa.mir.646,0.0,0.0,0.0,0.0,0.0,0.0,0.0,0.0,0.0,0.0
hsa.mir.647,0.0,0.0,0.0,0.0,0.0,0.00023298577,0.0,0.0,0.0,0.0
hsa.mir.648,0.0,0.0,0.0,0.0,0.0,0.0,0.0,0.0,0.0,0.0
hsa.mir.649,0.0,0.0,0.0,0.0,0.0,0.0,0.0,0.0,0.0,0.0
hsa.mir.650,0.0,0.0,0.0,0.0,0.0,0.0,0.0,0.0,0.0,0.0
hsa.mir.651,0.045336194,0.0054899966,0.05386906,0.0127730835,0.031254865,0.06759768,0.005531771,2.4466088e-21,0.0,0.02129859
hsa.mir.652,0.13203065,0.052678473,0.6202727,0.08339212,7.826877e-12,0.18645754,0.011541167,0.004106125,2.196958e-08,0.13929376
hsa.mir.653,0.77171564,0.0,0.23108256,6.83705e-30,0.0,3.6195444e-23,0.0,0.0,0.0,0.20355481
hsa.mir.654,0.0,0.0,17.212687,1.8315622,1.0262747,11.989502,0.0,0.0,0.0,0.0
hsa.mir.655,3.1496348e-09,0.0,1.0206991,4.4828096e-26,0.20977014,0.9871373,0.0,0.0,0.0,2.9593699e-09
hsa.mir.656,0.017031949,0.0,0.12290198,0.038343236,0.026568588,0.23514484,0.0,0.0,0.0,0.0070580123
hsa.mir.657,7.4457435e-05,0.0,0.00015566513,6.613143e-05,0.0,0.0,2.212243e-05,0.0,0.0,3.9877395e-05
hsa.mir.658,0.002304223,0.00085157994,0.001099785,0.0019484514,0.0020884692,0.0012972686,4.5876587e-18,0.00036612217,2.9039277e-30,0.00057330745
hsa.mir.659,0.0063584107,0.009475555,0.02208646,0.0072251665,0.0019080976,0.028253675,1.2921011e-28,0.0019017503,0.001259759,0.012799983
hsa.mir.660,1.2764566,0.002234045,2.8403606,0.42002776,1.9014478,0.64942515,0.0071251914,0.0073447246,1.407377,0.17290683
hsa.mir.661,0.0,0.0,0.0,0.0,0.0,0.0,0.0,0.0,0.0,0.0
hsa.mir.662,0.0,0.0,0.0,5.9651484e-05,0.0,0.0001052253,0.0,0.0,0.0,0.0
hsa.mir.663,0.002286477,0.0,0.022064552,0.0,1.797217e-11,0.004330575,0.0,0.0,0.0,0.0026525026
hsa.mir.663b,0.0,0.0,0.0,0.0,0.0,0.0,0.0,0.0,0.0,0.0
hsa.mir.664,0.16634901,0.17057438,0.5283531,0.5261756,0.005222326,0.7008745,0.0,7.777686e-08,0.10071399,0.2021773
hsa.mir.665,9.103457e-22,0.0,0.08096523,0.011515558,0.004400678,0.062003106,0.0,0.0,0.0,4.9486627e-34
hsa.mir.668,0.0,0.0,0.09484393,2.6657863e-11,0.0,0.066031925,0.0,0.0,0.0,0.0
hsa.mir.670,0.0,0.0006671181,0.013944449,0.0,0.0,0.007985009,0.0,6.9984944e-06,0.0,0.0
hsa.mir.671,0.066327065,1.4897357e-21,0.31742728,6.325039e-16,0.06806916,0.12624854,0.0,7.626644e-28,1.3364129e-23,0.10685863
hsa.mir.675,0.0,0.0,17.883408,2.3301008,0.0,1.927054,0.0,0.0,0.0,0.0
hsa.mir.676,0.0,0.0,0.15670994,0.030655194,0.04339591,0.11096921,6.941364e-05,4.715001e-20,7.866636e-37,0.0
hsa.mir.7.1,0.120442964,0.09335042,0.44811854,0.09800862,0.100541495,0.09718549,0.0,2.5400906e-10,1.3864546e-09,0.18991299
hsa.mir.7.2,6.9892876e-06,0.0050524715,0.0004692517,0.010566405,9.614183e-18,0.002418969,0.0,3.5957083e-08,0.0,0.004609651
hsa.mir.7.3,0.0021793246,0.00061983865,0.0005490975,0.0031980325,0.0,0.00088487053,0.0,6.5413556e-36,0.0,0.004477925
hsa.mir.708,6.5407295e-14,0.7032951,6.5325704,2.5852415e-28,0.0,8.187948,0.0,0.0,3.9047835e-22,0.764019
hsa.mir.711,3.5735095e-05,0.0,0.0,0.0,7.0760834e-06,2.9962723e-05,0.0,0.0,0.0,0.0
hsa.mir.718,0.0,0.0,0.0,0.0,0.0,0.000380838,0.0,0.0,0.0,0.0
hsa.mir.720,0.002265448,0.00041805915,0.006551396,0.0010598508,0.0011066735,0.0017008261,0.00018538197,0.00016965515,0.0,7.237358e-24
hsa.mir.744,0.40879273,0.089069955,1.4912753,0.26788008,0.22082576,0.95922065,0.08673924,0.09225693,3.8079077e-07,0.061310995
hsa.mir.758,0.0,0.0,8.585717,1.4153912,0.9589262,5.527804,0.0,0.0,0.0,0.0
hsa.mir.759,0.0,0.0,0.0,0.0,0.0,0.0,0.0,0.0,0.0,0.0
hsa.mir.760,0.0,0.009063756,0.06992335,0.014384985,5.3023444e-18,0.04000346,0.0024267612,0.0022657104,0.0,0.0023248554
hsa.mir.761,0.0,0.0,0.0,0.0,0.0,0.0,0.0,0.0,0.0,0.0
hsa.mir.762,0.0,0.0,0.0,0.0,0.0,0.0,0.0,0.0,0.0,0.0
hsa.mir.764,0.0,0.0,0.00012988337,0.0,0.0,0.0,0.0,0.0,0.0,0.0
hsa.mir.765,0.0029671448,0.0,0.008616004,0.0038846873,1.1633024e-06,0.00061113265,0.00023681924,0.0,3.3682837e-28,2.2278023e-22
hsa.mir.766,0.0,0.0,1.7651095,0.0,0.0,0.29031476,0.0,0.0,0.0,0.0
hsa.mir.767,0.52469695,4.859286e-34,1.6123238,7.683077e-10,2.2881781e-10,0.31974405,1.5897558e-07,0.012781863,5.43489e-15,0.2220798
hsa.mir.769,0.14901598,0.072837465,0.77524287,1.829166e-12,0.30653012,0.6735109,1.4521285e-23,0.02787438,0.051044695,0.044993345
hsa.mir.770,0.0,0.0,0.026221417,0.0065328544,7.5609096e-05,0.024461107,0.0,0.0,0.0,2.0448016e-37
hsa.mir.802,0.0,0.0,0.003210584,0.0,5.875312e-22,0.0,0.0,0.0,0.0010775368,0.0
hsa.mir.873,0.0065541416,0.0,0.030918473,0.0094995815,0.0,0.008708531,0.0,0.010879713,0.0,0.0070580426
hsa.mir.874,1.4742392e-05,0.038189296,0.39162567,0.4126297,0.22071649,1.58269,4.9141263e-10,0.036094215,0.70645255,0.114765346
hsa.mir.875,5.8148624e-05,0.0,0.0016325163,0.0,0.002680516,5.64576e-32,0.0,0.0,0.0,0.0005162947
hsa.mir.876,0.00027543533,0.0,0.013406124,0.0038283616,0.0,0.0018358931,0.0,0.003721717,0.0,0.0045955246
hsa.mir.877,0.010514167,0.0,0.11513306,0.011970088,0.0,0.013603916,0.0034272713,0.002408712,1.7681393e-06,0.0021238043
hsa.mir.885,0.0,0.11872457,0.04729496,0.015348975,0.0,0.07707086,0.0,0.0,0.0,0.013049435
hsa.mir.887,0.0,0.15878122,1.0582284,0.1730346,0.0,0.11235155,3.3598026e-14,0.011030482,0.0,0.016510278
hsa.mir.888,0.0,0.0,0.0,0.0,0.03623941,0.07014443,0.0,1.442948e-26,0.0,0.0
hsa.mir.889,1.7907677e-12,0.0,9.966783,0.0,1.0250257,5.728962,0.0,0.0,0.0,5.7914003e-32
hsa.mir.890,0.0,0.0,0.0,0.0,0.0030221806,0.0040268027,0.0,0.0,0.0,0.0
hsa.mir.891a,0.0,0.0,0.0,0.0,9.251178,8.127187,0.0,0.0,0.0,0.0
hsa.mir.891b,0.0,0.0,0.06036561,0.0,0.016264265,0.030398913,0.0,0.00012104092,0.0,0.0
hsa.mir.892a,0.0,0.0,0.0,0.0,0.10324869,0.22668271,0.0,0.0,0.0,0.0
hsa.mir.892b,0.0,0.0,0.0,0.0,0.02851988,0.05653939,0.0,0.0,0.0,0.0
hsa.mir.9.1,0.0,0.0,105.62477,42.952354,0.0,41.344822,0.0,0.0,17.400103,0.0
hsa.mir.9.2,0.0,0.0,106.170815,42.85775,0.0,41.272396,0.0,0.0,17.413265,0.0
hsa.mir.9.3,0.0,0.0,0.13830227,0.050953325,0.0,0.05435219,0.0,0.0,0.024223616,0.0
hsa.mir.920,0.0,0.0,0.0,0.0,0.0,0.0,0.0,0.0,0.0,0.0
hsa.mir.921,0.0,0.0,0.0,0.0,0.0,0.0,0.0,0.0,0.0,0.0
hsa.mir.922,8.3313284e-10,0.0,7.9272155e-05,0.0,0.0,0.0,0.0,0.0,0.0,9.018743e-05
hsa.mir.924,0.0,0.0,0.0,0.0,0.0,0.0,0.0,0.0,0.0,0.0
hsa.mir.92a.1,5.0770493,3.5741618,17.808289,0.29259893,1.946761e-11,20.705065,0.0,0.0,7.088896e-30,4.0255117
hsa.mir.92a.2,55.151756,71.563354,273.23877,18.065826,9.612004e-18,213.93527,0.0,0.0,2.6109558e-26,49.524734
hsa.mir.92b,1.6347528,1.5638866,2.8124788,2.3299391e-25,0.78455067,3.2996395,2.1974839e-10,0.013463318,1.6926295e-18,0.60026443
hsa.mir.93,38.465897,28.469957,145.51967,10.101233,17.075003,32.19976,7.1926286e-17,11.371454,1.3061166e-12,40.77373
hsa.mir.933,0.00047440085,0.00026594533,0.0006945325,3.6930516e-05,1.84703e-19,1.3857629e-08,3.832645e-23,0.0,0.0,0.0
hsa.mir.934,3.7400022e-16,0.000520542,7.790267e-06,0.0,1.4396741e-05,0.0,0.0,0.0,1.178119e-06,0.00026697945
hsa.mir.935,0.0,0.0,0.4827803,0.06239138,0.0,0.11977015,0.0,0.0,0.0,0.0
hsa.mir.936,0.0,0.0,0.0,0.0,0.0,0.0,0.0,0.0,0.0,0.0
hsa.mir.937,0.0,0.0,0.1491735,0.0,0.0,0.039713662,0.004743863,0.00029492308,0.0,6.806774e-24
hsa.mir.938,9.639133e-05,0.00019723884,0.0,0.0,0.00023080314,0.0,9.6759446e-05,0.00014512491,0.0,0.00025952552
hsa.mir.939,0.0055755847,0.0029427342,0.03352649,1.8829783e-37,1.8614844e-09,0.014533075,8.298095e-37,7.276315e-05,1.075383e-07,0.0038715892
hsa.mir.940,0.0,0.0060456,0.1544517,4.1894385e-15,5.8007166e-22,0.04598345,0.0005228251,0.0069762757,1.0403047e-32,0.007362373
hsa.mir.941.1,7.9011945e-18,0.0,0.00016964169,3.593306e-05,0.00012551503,0.0,0.0,0.0,0.0,0.0
hsa.mir.941.3,0.00011872347,0.0,0.0,0.0,0.0,0.0,0.0,0.0,0.0,0.0
hsa.mir.941.4,0.0,0.0,0.0,0.0,0.0,0.0,0.0,0.0,0.0,0.0
hsa.mir.942,0.058830615,0.028406428,0.10284835,7.2901564e-30,0.11051223,0.06392375,8.601323e-24,3.8364382e-23,2.6603582e-14,0.0708004
hsa.mir.943,0.0,0.0001735071,0.002136675,0.0007196316,0.0,2.3922428e-19,1.6509707e-21,2.1429052e-10,0.00021636816,0.0
hsa.mir.944,0.050255924,0.0,0.068971924,0.0074499142,0.01734575,4.6863674e-06,3.348967e-11,0.0029116473,0.0,0.004266928
hsa.mir.95,0.020535465,4.1872264e-07,0.0,0.0,0.050323773,0.059101664,0.007829256,0.010342809,5.895218e-37,0.031167205
hsa.mir.96,0.0,0.0,0.0,0.0,0.0,0.92204034,0.0,0.0,0.0,0.0
hsa.mir.98,1.2766856,0.077307306,1.3716911,0.28255376,0.59864134,0.8939256,4.779551e-14,0.20871684,1.9569421e-05,0.18399964
hsa.mir.99a,4.866414e-17,7.511273,3.5275684e-12,18.623241,32.26601,87.10582,2.6806988e-13,3.0909618e-05,41.458073,0.0
hsa.mir.99b,88.07676,4.9097486,2063.439,437.73203,44.523827,281.31058,2.8385493e-05,113.50994,3.0900166,0.002615861
