TCGA.3C.AAAU.01,2.3908055,10.231459,31.751545,14.536902,15.345002,7.0896397,23.963129,11.763705,5.7623963,30.867004
TCGA.3C.AALI.01,2.269753,41.160267,25.956486,52.465275,2.8701203,4.8301144,10.291312,0.002083683,3.1511488,10.696542
TCGA.3C.AALJ.01,9.924194,1.189679e-24,2.2411954,63.409336,1.3965739,0.0,21.9609,7.6215687,2.5125043,26.817005
TCGA.3C.AALK.01,16.438738,5.2876415,6.786295,49.63649,5.993628,8.8656025,20.20744,5.8469577,4.74706,18.191492
TCGA.4H.AAAK.01,21.997883,0.44804206,6.4040394,56.829662,2.8145087,11.874714,4.9157333,7.543973,2.004656,30.794739
TCGA.5L.AAT0.01,34.376705,4.753075,13.901636,29.668669,4.049941,13.391751,23.2349,1.2410622,4.0815988,26.830667
TCGA.5L.AAT1.01,16.773958,6.5018454,18.240934,53.05273,5.668743,10.623439,5.1712227,7.880332,6.3930063,14.736307
TCGA.5T.A9QA.01,29.88698,10.182987,3.1399515,41.979996,0.9472465,3.95361,4.3253007,11.372921,15.602809,19.870594
TCGA.A1.A0SB.01,17.643946,3.3263373,4.333079,0.0,28.793354,1.7933818,5.9106703,19.413408,16.010813,21.631622
TCGA.A1.A0SF.01,9.994088,7.9854517,7.2307577,21.523258,4.1679254,27.858332,31.16075,5.6810756,2.2813382,39.780357
TCGA.A1.A0SG.01,25.155592,4.390856,2.2187936,22.173502,6.3144984,8.554346,16.907902,33.527267,6.749858,8.207253
TCGA.A1.A0SI.01,13.3688755,1.5084413e-05,32.750286,47.049084,14.863867,16.220778,7.2773166,11.404782,9.736112,0.24940921
TCGA.A1.A0SN.01,0.17443387,2.586291,38.93993,69.40006,2.440006,3.6394014,2.9723418,2.7990222,1.0479337e-18,34.963566
TCGA.A1.A0SQ.01,30.479181,12.606507,1.2762434,0.0,17.190363,0.8174514,39.30454,20.096798,2.495065,29.237986
TCGA.A2.A0CK.01,41.754192,0.6334721,17.101725,28.283497,0.0,1.5915059,5.112166,3.8486388,15.209836,41.381474
TCGA.A2.A0CO.01,20.593714,4.7676945,33.871944,9.904208,2.4795983e-09,16.645247,3.6464949,5.917657,10.431745,59.5125
TCGA.A2.A0CR.01,8.60865,18.629984,12.924676,13.800966,2.871186,47.800327,6.257358,2.1140784e-36,7.126998,50.371212
TCGA.A2.A0EP.01,5.1572003,1.0424055,3.9983363,64.32492,6.575447,12.212373,1.0788233e-17,10.20168,23.549007,0.01062004
TCGA.A2.A1FV.01,10.2240715,3.5941567,2.3347006,4.6696605e-34,0.59044,5.6774645,45.140675,7.8792787,22.983809,33.013844
TCGA.A2.A1FW.01,20.754597,13.3471775,1.8040636,5.0940485,1.3273396e-07,6.68777e-33,9.37205,16.488697,1.5358177,82.666985
TCGA.A2.A1FX.01,5.036,4.9106507,4.437284,32.484818,5.25819,22.30899,5.540488,7.545607,5.975032,50.915104
TCGA.A2.A1FZ.01,21.887964,4.737465,6.8261733,34.237244,10.625837,25.328411,8.756892,20.947071,9.418227,0.008558636
TCGA.A2.A1G0.01,39.896534,2.3376582,4.688971,0.0042590876,3.417674e-16,7.722646,7.699493,12.189758,11.045612,69.83542
TCGA.A2.A1G1.01,31.46441,1.1865026,1.170143,32.942112,12.159909,6.20883,15.683299,3.9906192,25.145302,0.023174066
TCGA.A2.A1G4.01,22.37701,4.6299877,1.8836939,0.36749217,13.6517315,0.14213607,15.220623,23.849304,4.1304226,50.66825
TCGA.A2.A1G6.01,28.39338,2.3080983,6.184154,0.36267704,8.069207,48.290657,1.1674093,10.013874,23.317831,29.863111
TCGA.A2.A259.01,35.812572,1.9801227,5.915484,0.0,0.0,38.855453,10.0589485,19.5082,25.051931,9.689635
TCGA.A2.A25A.01,6.8148775,5.4092684,9.251177,9.293924e-08,0.49837983,27.972818,41.157864,0.0,40.271343,29.397406
TCGA.A2.A25B.01,5.7523537,12.0349,0.63125795,1.3812675e-15,6.4678964e-26,34.35767,15.9867735,55.163044,0.0,33.65801
TCGA.A2.A25C.01,9.458024,6.4314113,6.9785085,0.0,10.59513,23.374466,26.26838,56.94892,2.375127,0.0
TCGA.A2.A25D.01,21.736456,1.9718673e-29,26.741749,3.7514942,1.0691975,22.652304,11.607311,7.7508693,17.218983,47.478825
TCGA.A2.A25E.01,15.800878,35.029762,1.5564599,0.0,1.0080895,15.944402,6.2455325,70.50167,0.0025993201,0.0
TCGA.A2.A25F.01,0.0,0.9484957,3.7292619,12.40155,6.481723,17.770851,0.1868941,64.62792,10.769525,0.050518084
TCGA.A2.A3KC.01,10.141191,1.5117248,6.130108,58.816227,0.12647268,3.926996,5.2393794,4.8390307,16.421364,33.38106
TCGA.A2.A3KD.01,16.908545,15.314318,27.407272,37.093082,4.932217,4.824044,2.585324e-18,5.4311743,14.002618,27.324207
TCGA.A2.A3XS.01,1.8448038,3.4279866,4.0641217,46.376873,8.727067,3.634703,6.0894785,13.525441,27.687586,13.435293
TCGA.A2.A3XT.01,4.9220295,0.0,1.0300006,59.989414,5.795396,4.890864,4.742208,11.694061,23.286064,0.81843
TCGA.A2.A3XU.01,7.854984,2.7195291e-11,0.72863185,41.781803,11.056189,2.285999,3.4026291,19.204714,12.392162,4.6663203
TCGA.A2.A3XV.01,4.221845,4.859691,2.6866677,57.82766,21.862804,7.454346,9.756801,4.5922384,18.461622,1.0589037
TCGA.A2.A3XW.01,1.1300966,3.975166,3.2590873,9.854214,4.560262,16.179008,3.2709172,7.2148924,70.33265,7.573719
TCGA.A2.A3XX.01,8.081535,0.42704535,4.0521064,23.597876,9.155756,3.470936,4.8326793,28.129414,30.180882,16.362814
TCGA.A2.A3XY.01,10.029265,0.0,10.804727,56.321537,4.4831505,10.477324,1.533274,8.942766,28.314392,0.23036481
TCGA.A2.A3XZ.01,2.9619634,0.0006165756,7.7028346,74.62964,0.64645535,0.0,9.150028,1.2697544e-09,0.016087474,58.937344
TCGA.A2.A3Y0.01,8.278274,2.8266267e-12,0.86682755,35.96608,5.652753,3.100734e-10,13.006039,15.752592,12.260368,26.742735
TCGA.A2.A4RW.01,10.763296,0.74456346,6.396355,46.69871,0.10790146,10.369306,53.992977,1.5937883e-17,1.42198505e-27,24.015354
TCGA.A2.A4RX.01,25.246174,0.0,3.8015785,52.47397,4.5319552,9.64797,5.4365325,7.100942,9.561622,16.907774
TCGA.A2.A4RY.01,26.146599,1.8557013,8.728726,20.045235,1.4495221,23.819653,18.488989,0.6787664,5.428256,48.962116
TCGA.A2.A4S0.01,35.23515,58.675556,0.95063335,12.637404,7.2297864,9.076868,24.873299,4.478021,4.773903,1.3488685
TCGA.A2.A4S1.01,10.214265,0.0,6.0687637,43.86832,8.765167,22.190565,0.0067932573,12.164821,12.027879,5.251802
TCGA.A2.A4S2.01,61.963154,2.0267162,3.5584304,24.64566,3.857047,26.967974,20.00314,0.28341803,2.8319962e-13,19.449932
TCGA.A2.A4S3.01,4.091742,4.6239,4.5976233,55.039673,0.29017225,18.057217,16.00725,6.192245,8.117983e-38,38.652546
TCGA.A7.A13D.01,15.861739,0.5854686,1.695921,37.54068,7.450421,1.8822203,16.58941,22.108328,16.604534,15.14461
TCGA.A7.A13E.11,8.223813,6.168514e-17,6.9486995,6.1972632,3.964349,59.38881,0.4514207,16.402184,49.35858,1.7083038e-30
TCGA.A7.A13E.01,23.954536,0.53994143,1.3232628,35.17481,4.5733824,3.5533826,16.82804,11.353563,17.313719,4.343619
TCGA.A7.A13F.11,12.442241,0.28856987,7.645276,1.15949845e-08,5.4704747,57.29046,0.3072364,12.453524,39.92112,8.852167
TCGA.A7.A13F.01,1.6777389,0.02969206,5.226845,33.69975,8.781969,6.342147,7.409324,14.596546,9.543545,56.4811
TCGA.A7.A13G.11,7.2226343,0.0,15.241154,0.0,6.627115,90.0019,0.0,23.341118,22.249975,0.0
TCGA.A7.A13G.01,41.39968,4.3339477,7.025181,2.635696e-14,51.538925,0.0,0.0,6.2463183,6.2737756,40.895912
TCGA.A7.A13H.01,31.429539,2.268563,3.4389079,49.792107,3.7843888,9.047957,8.067977,2.344106,19.653242,18.87253
TCGA.A7.A26E.01,12.414172,1.8833978,49.079174,31.931847,4.017465,8.442421,13.588507,13.868986,8.690686,12.983201
TCGA.A7.A26F.01,1.0199945,1.8155835,3.8630188,26.266533,23.434038,9.174967,17.721035,27.117254,10.741976,22.263317
TCGA.A7.A26G.01,11.584227,0.21942346,5.8670354,43.29309,25.475723,16.590586,4.827831,15.89378,8.032857,10.680465
TCGA.A7.A26H.01,19.916937,4.1775765,37.03394,44.695736,5.859401,15.82208,9.681856,6.9977446,8.655216,2.9126701
TCGA.A7.A26I.01,1.1921159,6.7393155,4.3576665,38.773277,9.556777,14.737288,12.916994,25.85364,14.3757715,0.00012645674
TCGA.A7.A26J.01,11.231618,8.21868,4.3196974,46.26623,1.1456022,22.612764,6.4882617,6.7441897,9.902341,27.984573
TCGA.A7.A2KD.01,5.5106764,1.2287631,2.2745426,63.79655,8.090565e-07,1.4987174e-08,2.8159385,8.816141,16.644125,40.750717
TCGA.A7.A3IY.01,11.809046,13.987051,3.8830569,50.677803,6.331608,5.240981,5.7666335,7.0919333,28.527489,7.2039537
TCGA.A7.A3IZ.01,38.639553,5.226092,1.6252422,0.017254999,2.3243504,1.3577688e-14,11.3446865,11.971071,8.047931,69.20208
TCGA.A7.A3J0.01,14.899656,41.70765,72.551575,20.466469,1.001325e-10,3.0214324,7.692666e-05,10.223371,8.175614,0.03632166
TCGA.A7.A3J1.01,14.201114,9.157656,4.864073,53.345913,2.031873,6.765574,1.5363442,4.3350716,14.879848,34.68194
TCGA.A7.A3RF.01,12.238386,19.76965,56.857452,20.582783,12.512362,4.775018,5.1383514,10.7339945,15.003562,0.13599637
TCGA.A7.A425.01,17.066456,3.69595,3.5137358,36.24266,6.8052897,25.617098,41.68356,3.5468014e-16,5.5095906,9.979714
TCGA.A7.A426.01,16.939798,2.7493153,6.6613064,3.8250163,0.0,71.7425,19.343372,0.0,7.1655173e-12,58.07145
TCGA.A7.A4SA.01,5.2380238,2.5106267e-30,3.938729,34.164696,2.781056,5.2844,91.55899,6.153454e-36,4.8251863,4.269008
TCGA.A7.A4SB.01,73.43776,3.3653505,2.8319674,21.013273,14.555852,17.143383,23.44782,0.0,1.508601,10.507544
TCGA.A7.A4SC.01,42.269924,3.8761015,40.425274,30.44482,1.9039423,18.96787,3.3080513,3.930731e-18,0.102001384,34.90658
TCGA.A7.A4SD.01,6.931289,0.8324336,2.7427435,41.219734,15.10508,8.045138,50.0679,3.2853427,3.8655593,5.0423455
TCGA.A7.A4SE.01,9.618012,1.0681288,3.8271103,41.95029,1.5499846,19.30747,25.408484,2.1714506,18.93837,18.03929
TCGA.A7.A4SF.01,2.8265169,1.8179299,36.357224,41.52322,3.544764,3.0018945,41.69904,1.3741945,0.0,31.636898
TCGA.A7.A56D.01,0.4903993,0.0,3.66327,81.94188,7.177856e-18,0.25327998,6.693698,5.0007476e-10,1.250995,59.775345
TCGA.A7.A5ZV.01,11.936816,0.0,3.1657462,25.97139,16.62071,7.0271745,8.917216,30.44551,8.9571705,1.2182544e-08
TCGA.A7.A5ZW.01,24.523954,0.29955,14.058247,56.74462,3.689373,15.338487,7.755077,2.4847178,8.357797,14.632289
TCGA.A7.A5ZX.01,18.833204,0.9004262,39.953125,19.726994,5.484445e-27,22.141651,25.986788,9.8801105e-24,0.028542012,47.520245
TCGA.A7.A6VV.01,8.56774,0.4328236,2.7637894,47.451538,5.818984,3.0073283,6.5420933,12.518612,23.394678,29.593493
TCGA.A7.A6VW.01,6.080291,1.2859375e-20,2.8185883,45.543434,12.730748,0.9913243,18.692469,10.740862,8.094801,26.24043
TCGA.A7.A6VX.01,18.005388,1.7356806,42.569683,35.581345,1.04442,8.32493,0.83460766,9.22458,6.46163,34.334343
TCGA.A7.A6VY.01,11.599157,3.2280106e-20,2.9031358,62.21664,20.141031,6.9120955,5.648659,5.5353575,16.318226,5.3890166
TCGA.AC.A23C.01,19.2053,14.043712,21.463623,26.076824,21.152618,17.468384,12.77646,9.530721,3.886987,10.423107
TCGA.AC.A23E.01,10.2234535,2.3655972,4.1112776,35.319603,5.044524,46.585934,9.526244,18.582735,6.817983,3.924585
TCGA.AC.A23G.01,12.262287,1.0407487e-18,2.998904,61.860462,2.8125057,20.610996,1.5058805,8.67213,18.362206,6.6786413
TCGA.AC.A23H.11,17.67095,1.3219445,14.550882,2.7780573e-23,4.194829,76.93529,0.16908251,10.519367,19.611887,9.169672
TCGA.AC.A23H.01,5.185764e-25,23.941954,3.0301342,44.003746,5.2477508,4.2556467,5.1873293,26.409472,2.5015657,34.30903
TCGA.AC.A2B8.01,19.423355,9.953422,7.205796,33.695423,8.754202,19.845617,7.947845,13.364778,14.596413,14.13855
TCGA.AC.A2BK.01,7.507284,6.9833002e-12,0.15666544,50.843906,11.156377,0.0,5.3435235,5.152603,2.1194682,34.837986
TCGA.AC.A2BM.01,4.027955,9.96873,2.9892125,35.991184,4.0077915,0.62942976,5.931468,13.2424,16.196606,51.452175
TCGA.AC.A2FB.11,13.893797,1.3957975,13.324628,4.842365e-05,4.543952,44.020752,3.254406e-20,7.9287295,46.157528,17.682535
TCGA.AC.A2FB.01,20.228971,0.6765708,5.8669667,19.269653,1.8161042,16.78743,5.447433,11.565175,13.697198,46.995125
TCGA.AC.A2FE.01,12.571063,0.7083008,3.9901986,34.25362,1.864524,7.516638,8.496427,3.3242655,49.26916,26.236156
TCGA.AC.A2FF.01,14.401399,0.23243684,7.965017,24.219204,4.174624,27.868969,12.665725,10.737521,17.609095,31.529644
TCGA.AC.A2FG.01,38.329746,9.130776,60.315136,0.0008955655,9.3597975,11.833189,8.467928,8.11307,7.6704583,26.632574
TCGA.AC.A2FK.01,18.667702,0.86858016,4.97412,4.186434e-09,2.7466865,20.100845,8.651887,0.0,83.605515,21.541838
TCGA.AC.A2FM.11,14.554495,5.1781693,6.0789065,0.0,3.6929069,29.76439,0.0,42.892742,14.384454,0.0
TCGA.AC.A2FM.01,27.218668,1.9783381,2.4704404,1.0951182e-16,0.0,5.1226425,15.493435,16.345818,46.983692,35.89858
TCGA.AC.A2FO.01,35.00496,4.6376543,5.62394,4.4128184,8.232954e-29,14.052276,17.102037,8.892791,37.818577,31.143177
TCGA.AC.A2QH.01,0.7564646,1.220068e-27,2.041468,32.77863,5.0373745,16.739727,1.1604946,14.606452,16.355509,44.244236
TCGA.AC.A2QI.01,15.948908,2.1178825,3.7751176,3.0369532,0.0,0.0,10.688888,9.205967,35.268925,77.460335
TCGA.AC.A2QJ.01,6.646297e-20,0.0,3.5965116,43.528633,3.8837507,2.6285653,1.161726,6.451147,84.918594,0.0013174574
TCGA.AC.A3BB.01,11.972933,1.856729,7.9276705,18.32596,2.9507205,9.763101,17.63083,1.5312716,62.32983,21.90995
TCGA.AC.A3EH.01,10.482667,2.462644,4.027346,28.932266,3.0720088,4.6101356,16.100979,37.45612,9.157577,13.837623
TCGA.AC.A3HN.01,12.551365,3.7890058,4.6782103,71.6044,3.7502685,10.952437,0.005599,3.254271,22.567978,7.481396
TCGA.AC.A3OD.01,38.598446,16.591684,10.053459,42.386154,1.6407752,2.4569585,14.5054,5.932229e-19,16.360426,18.41783
TCGA.AC.A3QP.01,13.927832,1.0302833,22.65533,56.26322,2.70297,7.1664114,3.9194543,3.8880322,11.568626,24.13847
TCGA.AC.A3QQ.01,20.8659,20.80931,40.385983,34.824192,1.9234587,2.9658597,1.4022695e-31,2.33684,9.857422,30.153374
TCGA.AC.A3TM.01,7.177428,0.8272249,3.495351,54.577503,4.4530738e-05,3.0455441,4.005845,6.883353,9.429663,58.373837
TCGA.AC.A3TN.01,18.34397,4.183481,3.673774,37.88379,6.0348067,0.407812,13.079262,7.0561147,13.041088,39.74716
TCGA.AC.A3W5.01,2.1755738,9.734775,3.786091,55.077866,20.545773,6.6409965,10.280587,4.1551576,19.938343,0.0047102063
TCGA.AC.A3W6.01,6.1596084,4.827955,6.1938534,54.3834,5.3959355,4.739283,12.877514,4.035172,23.367712,20.269167
TCGA.AC.A3W7.01,21.666082,12.910872,6.7997956,40.134815,9.580749,5.098285,11.633139,6.8482404,16.784807,12.553474
TCGA.AC.A3YI.01,15.4471035,0.6861361,6.1623225,47.598396,2.9643204,16.17665,1.3891269,5.9191294,18.139154,30.583128
TCGA.AC.A3YJ.01,22.759216,35.885952,17.076942,24.33174,10.816841,1.4902776,7.065131,5.2047567,9.868482,22.282711
TCGA.AC.A4ZE.01,19.966288,36.372623,3.968236,0.0,0.0,7.806992,22.600777,4.0602665,7.4229193,37.181213
TCGA.AC.A5EH.01,2.1670341,2.891883,10.357771,71.155106,5.833312,16.429094,7.0549693,11.315062,6.5940537,0.035644025
TCGA.AC.A5XS.01,17.482431,4.1934824,14.367454,33.05099,13.13292,26.97059,24.607183,1.2755488,4.5320144,8.557511
TCGA.AC.A5XU.01,10.042145,28.289248,3.969983,28.703672,6.0495677,19.715246,30.128998,10.268636,6.749575,4.600733
TCGA.AC.A62V.01,5.2924292e-14,6.019192e-35,4.978528,72.30827,0.0,10.572235,8.00804,4.317868,0.0,46.00543
TCGA.AC.A62X.01,122.050186,1.7238027,2.4003302e-06,19.561771,6.695193,5.1276555,0.00014977633,6.5998354,2.166805,5.810558e-12
TCGA.AC.A62Y.01,14.844621,9.319548,13.560639,43.678383,13.187291,23.649601,11.38066,6.797047,6.7260413,4.2769465
TCGA.AC.A6IV.01,13.981036,3.3855448,6.8084126,62.67151,2.2124739,19.267239,1.5786795e-16,5.23328,24.543081,8.355892
TCGA.AC.A6IW.01,1.6424425,0.0,2.007724,70.91801,2.9489553,1.4755832,2.7412047,2.2992022,8.000843,34.376205
TCGA.AC.A6IX.06,23.122892,22.684439,5.8633184,26.73897,21.1627,20.19514,3.8910775,4.375023,10.93352,7.38473
TCGA.AC.A6IX.01,11.045064,11.068872,6.009518,56.936256,6.38968,16.128,4.1622443,6.7602158,19.118189,4.606357
TCGA.AC.A6NO.01,24.227953,0.13454896,7.272399,30.949408,9.516145,2.432662,11.497464,8.386204,8.920647,41.570354
TCGA.AC.A7VB.01,0.8024233,22.10198,4.322785,24.616852,1.4029838,2.7702053,26.079325,14.794655,3.1588674,37.76023
TCGA.AC.A7VC.01,2.7435012,0.0,3.8322237,44.041443,1.818871,11.203191,0.37037948,9.981312,33.545177,34.56629
TCGA.AC.A8OP.01,0.16653758,0.0,36.990173,67.20135,0.0,0.0,12.625448,1.2892335e-21,4.7793455,44.77383
TCGA.AC.A8OQ.01,8.720262,1.3923893e-16,4.156016,42.37249,33.492756,20.322376,2.0305686,11.972896,12.018644,0.22650258
TCGA.AC.A8OR.01,12.028677,3.074343,63.429737,28.63299,3.2799933,0.0,5.5157886,10.25598,0.010259696,34.96426
TCGA.AC.A8OS.01,3.042185,14.987709,4.3362365,22.042757,25.361607,32.76529,9.644904,2.5269206,8.139938,26.776642
TCGA.AO.A12B.01,29.238394,19.074017,1.3114382,6.666714,51.43036,6.8956356,9.660195,3.870134,7.628316,8.732971
TCGA.AO.A1KO.01,18.67864,2.6243775,4.223616,0.0,22.569403,32.156876,2.807268e-28,6.836661,25.745403,21.743406
TCGA.AO.A1KP.01,29.280655,4.3361826,7.17647,5.7100223e-13,7.8219585,36.25855,9.925278,16.358967,3.5662358,35.144283
TCGA.AO.A1KQ.01,1.8356599,14.687478,2.8028045,37.374676,5.5169168,8.196475,7.0764794,39.5305,4.5118723,17.196
TCGA.AO.A1KR.01,13.72266,5.790411,0.64672244,20.417856,22.932571,7.171091,10.586922,14.399096,9.60103,20.72203
TCGA.AO.A1KS.01,8.736975,11.214867,1.0489885,1.9646889,2.5069945,11.564797,23.53687,44.356907,5.2613773,44.503788
TCGA.AO.A1KT.01,7.065488,0.8684516,4.404042,49.02576,6.2043886,7.607457,2.9494164,11.556614,16.085827,32.94115
TCGA.AQ.A0Y5.01,3.4767363,0.9787686,6.1724696,66.69498,5.3052115,22.69561,11.868723,8.448764,10.777491,0.5042595
TCGA.AQ.A1H2.01,1.0352228,29.85435,4.712577,0.00079889834,26.395462,5.978309e-08,2.591675,30.015366,1.7743009,52.74913
TCGA.AQ.A1H3.01,17.790167,1.2406574,4.1336336,14.001066,8.893122,16.526642,19.135748,7.1756625,24.067513,34.632526
TCGA.AQ.A54N.01,41.57556,5.8085585,4.5537498e-14,25.475122,7.941568,0.0,16.606518,13.000049,2.0315201,20.334295
TCGA.AQ.A54O.01,13.996876,5.2901244,4.8564763,46.76595,5.3501763,13.811474,33.741146,5.742114,2.4972923,13.140002
TCGA.AQ.A7U7.01,1.1218845,26.65851,5.1341133,38.153057,4.62664,35.12832,7.2519097,5.6465834e-15,3.0057635,36.288887
TCGA.AR.A1AI.01,13.636801,1.3262196e-16,1.2337594,22.266197,52.93673,6.048736,12.256094,4.943013,2.751846,14.997959
TCGA.AR.A1AJ.01,5.30353,1.600963e-15,3.0505118,41.578396,20.577478,15.548889,8.6985855,15.5275345,7.4094033,8.746393
TCGA.AR.A1AK.01,4.9238997,1.8574809,4.0336933,38.65591,2.9508218e-15,20.49444,6.4094453,5.1763463,8.873756,56.948483
TCGA.AR.A1AL.01,28.919172,1.5614324,25.543379,0.0035040993,5.6684365,17.059553,5.777074,9.386715,16.868258,46.52554
TCGA.AR.A1AM.01,10.699882,2.144079,14.14379,53.91248,2.8375187,8.907574,4.1444817,4.0492296,17.732063,27.810715
TCGA.AR.A1AN.01,14.447848,3.0455046,25.88698,7.7085743,17.531418,17.69156,6.576423,11.823822,10.283673,37.98651
TCGA.AR.A1AO.01,3.3204412,0.82351935,4.413472,53.172913,8.050712,29.299805,5.1197376,11.762722,11.859299,2.9650385
TCGA.AR.A1AP.01,13.578535,0.99504477,3.936389,56.880573,6.315106,7.5720596,10.115064,18.606066,3.388729,16.862886
TCGA.AR.A1AQ.01,8.804125,6.262758,0.9522829,11.333709,50.4476,2.118568,7.207218,16.981285,2.9622009,28.424217
TCGA.AR.A1AR.01,4.2241135,4.239953e-05,0.6208525,10.107338,21.268229,6.358801,36.67175,24.39781,10.616511,6.274476
TCGA.AR.A1AS.01,17.13937,4.167199,3.96546,26.752434,12.846708,1.5537429,15.085325,16.364775,3.4921196,45.060314
TCGA.AR.A1AT.01,15.468729,4.0961385,7.13005,33.35942,11.475058,9.82543,6.0091443,12.098662,2.229466,45.605503
TCGA.AR.A1AU.01,14.855272,0.5730675,4.999642,17.21082,5.548173,24.188614,8.528793,11.4849415,6.169921,56.673916
TCGA.AR.A1AV.01,15.385802,9.782295,44.102997,24.104347,16.379692,4.3611097,16.28283,7.072363,8.929573,17.820114
TCGA.AR.A1AW.01,19.73887,3.2992554,1.1756351,24.939615,30.922369,4.630071,18.52507,7.195948,5.678086,9.945355
TCGA.AR.A1AX.01,6.7908187,0.060663875,20.878843,29.416895,2.2119105,30.4231,8.349529,5.3356485,8.20376,44.729
TCGA.AR.A1AY.01,23.356136,3.2453768e-06,1.7980655,27.9483,18.403381,8.342185,22.368908,16.151228,7.485938,8.895164
TCGA.AR.A24H.01,0.0,26.68939,0.0,2.162927e-06,0.0,84.58216,4.3983083,12.943334,0.0,42.559093
TCGA.AR.A24K.01,51.47056,0.45762834,0.0,0.19035617,0.0,91.69686,5.618492,0.0,0.0,40.498302
TCGA.AR.A24L.01,12.580664,5.057508,5.5067983,53.686565,3.276213,17.142288,4.1426435,17.337963,6.2713065,28.170933
TCGA.AR.A24M.01,9.991345,8.96264,63.492714,22.924778,13.8885765,17.689531,3.5701468,10.781921,4.7252207,14.908134
TCGA.AR.A24N.01,15.968408,3.621015,13.35317,22.66198,21.908207,6.0157256,19.156073,18.010439,6.488949,17.016811
TCGA.AR.A24O.01,10.067559,14.168996,33.369217,14.67326,8.704062,23.981512,10.373601,12.187327,8.477131,27.126877
TCGA.AR.A24P.01,47.473324,1.6966103,4.959002,32.914474,9.826542,11.449611,0.52277887,13.1170845,4.514062,25.14526
TCGA.AR.A24Q.01,6.3716536,0.2881473,2.0123725,15.030423,11.54523,10.60089,14.755161,27.720644,20.474424,27.402573
TCGA.AR.A24R.01,1.107631e-13,11.294518,2.4262812,14.007732,6.543666,11.077152,21.919195,34.65442,2.8315763,39.17942
TCGA.AR.A24S.01,5.209966,8.49002,3.5622404,47.09248,8.878901,12.332125,12.11369,16.14633,16.381441,5.141742
TCGA.AR.A24T.01,43.086384,10.716309,8.191311,43.309227,2.2155795e-25,23.291702,4.6089063,2.1905975,2.919601,29.158503
TCGA.AR.A24U.01,0.86976177,0.9904646,35.737495,31.214563,30.917175,19.621952,4.3863277,15.233698,10.423254,4.7781477e-06
TCGA.AR.A24V.01,1.330677,7.798376e-05,6.049689,50.36234,2.8995786,22.28318,1.3435756,19.49037,10.731541,30.00415
TCGA.AR.A24W.01,33.777794,7.6802444,8.169242,4.9831046e-09,14.893256,34.539467,1.0449948,12.7888975,10.7369995,34.619537
TCGA.AR.A24X.01,35.51917,4.293685,2.4494102,18.503862,11.08109,26.523584,9.263581,11.302468,3.4084895,30.302378
TCGA.AR.A24Z.01,8.930758,26.947199,14.489525,12.27263,28.551884,10.197265,8.166295,17.1076,4.3291257e-25,40.411716
TCGA.AR.A250.01,3.2580702,21.086573,3.2586873,46.79232,7.0463777,14.063148,9.366761,11.864053,9.293879,22.226624
TCGA.AR.A251.01,0.0,3.1416917,1.6965976,16.46493,28.293797,12.098435,13.03925,29.180279,26.355856,1.9734615e-12
TCGA.AR.A252.01,4.127791,41.032448,3.0553021,12.58129,16.642319,25.796402,16.614647,8.391916,5.571337,21.514927
TCGA.AR.A254.01,3.7662134,2.0702047,6.560257,30.569435,5.910464,19.548824,4.862753,26.498371,5.0543385,32.95858
TCGA.AR.A255.01,6.5072155,3.360895,3.6199093,19.63078,5.247794,49.38221,4.0647326,17.342188,8.292736,41.073612
TCGA.AR.A256.01,12.043802,2.207191,0.09508913,9.097947,5.5266075,0.4835893,34.229122,51.140835,1.5740381,22.755718
TCGA.AR.A2LE.01,17.69022,1.1478971e-09,60.892826,8.360879,1.04073905e-07,2.484436,25.723429,2.7837498,26.441027,21.003561
TCGA.AR.A2LH.01,2.5531428,0.0,2.0573344,0.015354695,2.5188272,1.776056e-05,5.3059516,0.0,113.40714,37.452
TCGA.AR.A2LJ.01,12.46058,3.9073434,4.5101285,27.278765,2.0314417,10.383851,5.2463436,6.0678277,34.67961,47.57259
TCGA.AR.A2LK.01,32.09194,2.2385228,2.5851057,41.665718,0.0,0.34742922,7.7866745,2.9062831,36.79541,30.858171
TCGA.AR.A2LL.01,70.08784,1.1289928e-07,2.5726461,27.672588,0.0,3.7451048,9.928513,3.0043442,20.175983,23.283447
TCGA.AR.A2LM.01,19.173193,1.1878073,3.0951276,4.4594135,0.28618103,1.8779395e-17,34.49592,3.075336,31.520239,59.199074
TCGA.AR.A2LN.01,11.544005,2.230701,10.748514,4.8859906,0.8825812,16.729357,2.0845578,5.416588,49.666546,53.850166
TCGA.AR.A2LO.01,14.7024555,6.910447e-24,3.6568007,47.488728,2.9751625e-05,4.379418,6.959069,0.1367998,35.557323,41.12689
TCGA.AR.A2LQ.01,3.8540099,0.6247256,7.875085,29.89478,5.633865,11.71855,0.25273043,4.543423,58.255005,29.988043
TCGA.AR.A2LR.01,2.77212,1.0758046,1.3590742,4.75416,3.0461261,0.0,7.601018,35.12902,28.166775,48.643826
TCGA.AR.A5QM.01,22.718735,13.073745,25.856215,28.504484,8.572939,17.202635,32.176468,0.0,4.714038,13.666262
TCGA.AR.A5QN.01,18.34306,6.355991,19.03654,30.470291,5.0917053,23.917202,29.973917,4.2569933,10.010566,0.016183982
TCGA.AR.A5QP.01,63.018036,3.1506026,7.428727,25.671988,5.0073767,32.054947,7.317922,0.9261145,5.1234965,9.018222
TCGA.AR.A5QQ.01,8.604491,0.0,3.470075,73.96289,10.100845,11.643455,4.1915765,6.550504,8.42509,0.3082843
TCGA.B6.A0I1.01,4.193763,6.204095e-28,4.717306,60.836346,7.382422,3.1227076,4.6693363,6.67025,25.4582,9.325204
TCGA.B6.A1KC.01,2.402644,14.328272,4.0794406,1.8980781e-09,1.7499388e-23,23.15808,14.59134,25.388298,7.83799,30.210747
TCGA.B6.A1KF.01,14.773906,2.0191386e-10,1.6942755,18.214872,19.58441,12.4293375,24.983019,27.570225,12.432739,2.5784863e-09
TCGA.B6.A1KI.01,52.780674,3.4467683,12.354987,26.556183,12.605093,18.66977,19.59384,9.403958,10.508247,6.5752295e-14
TCGA.B6.A1KN.01,9.729298,1.8727229,3.8517985,34.959934,2.7592638,23.430906,18.61769,12.380777,12.847325,22.265842
TCGA.B6.A2IU.01,15.102982,2.456958,42.556084,13.918617,1.341372,4.9181514,4.814604,4.423688,32.24176,42.009308
TCGA.B6.A3ZX.01,5.5133944,2.9309142,1.4477572,32.154797,16.137877,6.250563,3.156962e-16,10.915444,9.917419,39.833164
TCGA.B6.A400.01,2.3032582,0.17719899,2.217738,55.457996,1.9443468,2.2445307,3.1482325,8.088566,42.10464,20.485065
TCGA.B6.A401.01,3.2942076,1.0727906,4.260275,70.47843,3.333432,7.3139257,10.4250145,7.7715917,18.272818,3.3204455
TCGA.B6.A402.01,2.0972803,4.7358784e-21,2.5965345,37.56291,4.136711,2.5401804,4.7457776,17.111603,25.759296,23.049616
TCGA.B6.A408.01,36.0672,4.6795154,0.0,0.018340899,1.8367087,78.7299,17.027,0.0,0.0,44.893585
TCGA.B6.A409.01,7.956213,0.25092423,3.6093347,38.054977,3.3266983,18.453716,21.700949,6.7242947,7.8026752,21.030825
TCGA.B6.A40B.01,25.871073,5.696668,4.2481213,46.64915,11.210511,8.24452,8.243214,9.82448,16.48201,0.0011102722
TCGA.B6.A40C.01,15.257043,0.20980261,35.356827,40.553654,1.9795908e-24,15.943509,6.9128904,5.4686747,18.371483,18.412773
TCGA.BH.A0AU.11,15.905223,3.8205466,9.72904,0.0,3.0629272,69.330414,1.4351504,4.610122,26.617268,9.486958
TCGA.BH.A0AU.01,9.916523,10.893188,10.7743025,13.316204,6.0699563,11.795712,1.0128531e-08,26.902184,6.431278e-05,68.440094
TCGA.BH.A0AZ.11,21.016714,1.580012,4.4356513,0.0,9.782951,33.78153,2.3881373,11.169119,31.783808,20.366816
TCGA.BH.A0AZ.01,5.2533197,8.461962,8.71405,45.15685,12.32486,14.141438,1.4667154e-12,11.472234,4.073768,38.7634
TCGA.BH.A0B5.01,6.867882,2.3663726,62.823742,28.077942,1.5724188,10.27025,11.701947,9.870455,2.3039005,33.087696
TCGA.BH.A0B6.01,11.365021,6.6801243,6.662604,2.251303,6.111247,12.359317,13.84228,10.087084,22.49373,57.553288
TCGA.BH.A0BF.01,1.8018517,3.154606e-06,3.3397014,68.826126,15.609969,13.711626,5.2690372,14.783784,7.4095855,3.0107234
TCGA.BH.A0BS.11,15.555336,2.9673593,9.90498,0.0,8.945043,58.097057,1.5038751e-36,5.2551546,25.8083,14.724088
TCGA.BH.A0BS.01,13.537141,5.3188415,48.957066,8.440791,34.24864,7.974636,18.064697,8.031806,11.358163,1.6884308
TCGA.BH.A0BT.11,22.930138,3.3522305,6.592264,6.1787925e-29,2.6772413,43.741047,3.7717016,3.0449972,36.01776,29.117926
TCGA.BH.A0BT.01,9.244888,3.5911045,14.084369,3.8516448,25.246443,25.034288,15.239591,12.835663,4.5100646,36.0898
TCGA.BH.A0BZ.11,8.505222,0.743746,8.750532,4.1026354,4.175693,62.348644,0.9767727,11.541661,44.10967,3.2758224
TCGA.BH.A0BZ.01,17.918222,2.7963614,9.534903,0.0,4.379435,69.99162,0.34799257,7.8748164,23.874298,12.662919
TCGA.BH.A0C3.11,23.474998,1.5369092,4.7602224,1.4888079e-37,6.6395082,32.84287,1.7012154,3.077021e-15,45.03779,26.127817
TCGA.BH.A0C3.01,16.470037,3.2479272,6.4935217,19.19157,5.8388925,32.642002,9.944611,19.060425,7.7403884,30.196602
TCGA.BH.A0DD.01,6.5032244,1.2786304,7.234629,25.241367,1.81221,7.2838874,16.993237,25.366564,0.0,63.36737
TCGA.BH.A0DG.11,22.244856,1.5740699,6.059626,0.0,3.2350829,67.7658,3.1600738,8.0004994e-27,28.732702,20.112104
TCGA.BH.A0DG.01,11.849763,10.829612,4.4356813,41.652477,1.3561647,11.4488735,9.853019,19.48549,6.305926,34.130783
TCGA.BH.A0DI.01,4.008403,0.7023653,7.4176736,62.406727,6.2990527,20.709671,8.029562,13.381382,9.141122,5.7762628
TCGA.BH.A0DV.11,22.60743,2.5548358,8.073913,0.0,4.3074355,44.77131,1.4999701,3.3987675,44.403957,14.853307
TCGA.BH.A0DV.01,12.213812,3.409912,9.68356,5.193626,9.068493,21.226978,2.1267278,20.141525,18.65787,44.751537
TCGA.BH.A0E2.01,10.921961,23.851753,4.783649,3.471625e-13,1.1125191,5.0468955,2.48233,26.28068,10.268144,54.382973
TCGA.BH.A0H3.01,22.55174,0.31852674,7.347619,14.801364,15.190078,15.831068,4.426396,10.511715,16.367552,41.922607
TCGA.BH.A0HA.11,20.599283,2.8579655,5.1829796,0.0,10.908856,38.007114,4.1094535e-28,0.0,46.316803,12.609943
TCGA.BH.A0HA.01,21.93203,11.897336,2.122054,5.7034903,8.113098,15.408677,17.23403,18.364536,8.456895,45.417862
TCGA.BH.A0HN.01,35.230087,17.606794,1.7645044,2.7500938e-08,14.280914,0.0,35.100918,12.9616995,1.4994078,32.193478
TCGA.BH.A18V.06,9.611841,0.0,6.2165356,34.1051,12.917829,9.065751,7.268292,10.360835,3.7719107,23.382195
TCGA.BH.A1EN.11,11.362233,1.197067,10.738797,6.466544,5.72816,78.90258,0.00012298462,14.894098,23.174414,4.723438e-08
TCGA.BH.A1EN.01,0.0,11.969976,1.7041546,19.974325,43.351894,7.120533,25.499691,19.008928,10.26077,2.6026364e-17
TCGA.BH.A1EO.11,4.70061,0.0,6.4205804,12.978145,4.1426682,49.199047,3.215196e-10,12.939673,54.828667,9.267982e-14
TCGA.BH.A1EO.01,36.878853,0.003988078,3.672608,36.884727,0.00013946407,10.911046,7.719787,7.9385276,17.680763,31.567284
TCGA.BH.A1ES.06,6.845896,1.3317614,6.098274,46.971363,10.96752,0.0,26.313715,8.824383,7.6728635,1.4798788
TCGA.BH.A1ES.01,3.7645934,1.9463954,1.674532,1.3566655,7.698877e-27,0.0,33.532375,55.0421,5.013852,45.217068
TCGA.BH.A1ET.11,14.25531,0.85755634,7.5443597,1.4873149e-15,1.630505,71.51624,0.43007544,4.0535994,48.6206,9.815134
TCGA.BH.A1ET.01,1.630673,16.777954,4.3353853,3.351961,18.776617,38.08619,13.379629,7.786577,8.418826,48.704514
TCGA.BH.A1EU.11,25.120832,1.4841902,6.3032036,3.0878005e-06,2.6948814,45.382183,1.4947207,3.3723788,42.707912,23.059792
TCGA.BH.A1EU.01,21.411922,13.080204,6.61652,16.682615,6.855526,18.50479,18.03183,8.073396,20.456871,13.748575
TCGA.BH.A1EV.11,13.548567,1.7526972,10.278546,7.430998e-31,2.3069024,65.65594,1.337545,4.8093843,32.96208,20.749609
TCGA.BH.A1EV.01,4.890765,7.287576,29.766338,22.716484,21.182402,6.57487,7.7328997,20.666555,13.488818,6.92127
TCGA.BH.A1EW.11,23.677431,8.126397,5.841582,0.0,3.4460144,61.18474,6.8596635,1.9951212,28.834839,17.045221
TCGA.BH.A1EW.01,7.521534,4.213818,11.806607,21.76839,0.4596133,26.623354,10.593702,13.23079,17.691471,33.864555
TCGA.BH.A1EX.01,20.513634,1.4874327,2.8640225,27.030375,21.40083,7.2221003,26.352312,17.283539,13.061891,0.073670365
TCGA.BH.A1EY.01,0.0,28.586502,4.0035276,37.349277,7.444516,9.681201,20.964903,25.83434,7.1608615,0.0036760655
TCGA.BH.A1F0.11,12.242239,0.23943615,6.4248343,8.313557,5.059303,54.899857,0.9275945,2.0179706,64.96296,1.081919e-07
TCGA.BH.A1F0.01,3.9835274,2.998766e-07,3.4648063,28.239054,24.316414,24.39166,2.170848,14.664892,24.11895,5.7303658
TCGA.BH.A1F2.11,13.56867,0.6812632,16.34315,0.08454314,3.5641696,87.69163,1.6894576e-12,5.312674,21.521744,15.922824
TCGA.BH.A1F2.01,2.3324676e-06,4.854884,7.2102256,41.39213,7.2715545,26.047161,8.949418,21.72146,14.632882,5.8868804
TCGA.BH.A1F5.01,51.33735,5.3460994,1.9860743,20.443312,9.590715,9.227989,13.920856,25.801142,6.4653015,2.006321
TCGA.BH.A1F6.11,15.698021,0.0,9.952849,13.303549,3.325073,68.13209,0.021809528,11.742063,34.77329,1.5393053e-21
TCGA.BH.A1F6.01,0.8389312,0.0,3.2013745,47.95599,24.143728,10.575695,30.048227,3.9204412,5.4984837,0.00874593
TCGA.BH.A1F8.11,11.399649,0.7877661,10.109977,1.0751926e-09,6.5568585,84.34658,4.239066e-07,12.718599,16.422344,9.213193
TCGA.BH.A1F8.01,2.0264878,0.9569862,7.977459,47.910774,14.761834,22.791042,15.704425,21.866789,7.898242,1.2735913e-08
TCGA.BH.A1FB.11,27.3045,2.9701216,9.360515,5.3270044e-17,9.431347,54.461727,1.4924104,10.205938,18.222597,21.17813
TCGA.BH.A1FB.01,20.919447,0.16161776,5.6236773,44.141552,6.4037623,23.684189,9.403996,10.59573,9.472045,12.647974
TCGA.BH.A1FC.11,10.589433,1.6484954,5.255254,13.324115,4.07491,78.622,1.113381,6.474157,32.847244,0.0015711583
TCGA.BH.A1FC.01,0.12490553,1.1105866e-13,0.21035296,7.466551,48.612362,0.0,18.234943,11.418374,3.7200587,38.52392
TCGA.BH.A1FD.11,10.58725,3.617356e-23,6.6707883,3.525641,3.3588188,102.813774,0.00035574156,15.586272,24.689152,0.0
TCGA.BH.A1FE.11,21.072178,2.2492478,8.926244,0.0,9.282522,79.35621,0.0006565253,7.3530606e-17,18.340683,16.34069
TCGA.BH.A1FE.06,1.5276827,0.0,0.0,31.073053,5.936,21.406557,0.0,17.550848,57.95148,8.523147e-18
TCGA.BH.A1FE.01,6.1203537,1.3384199,4.335919,30.272558,3.7619412,21.001703,7.949463,10.256286,16.245548,40.80651
TCGA.BH.A1FG.11,16.976229,2.6747794,9.812096,0.0021390682,2.1338692,80.02567,0.83628297,3.1675174,29.955648,13.969029
TCGA.BH.A1FG.01,61.386482,5.946808,3.0890753,46.02671,2.6062114,14.33758,10.001904,3.861349,5.4867554,0.12727666
TCGA.BH.A1FH.11,9.638833,0.9263271,10.969064,0.0,1.0792443,89.966835,1.3816417,5.7771816,17.187496,19.74211
TCGA.BH.A1FH.01,40.9177,4.2112026,3.0403411,39.04479,5.032853,39.39298,2.9941132,1.9397233,6.0550175,17.83695
TCGA.BH.A1FJ.11,9.911093,2.0673778,12.261002,0.0,2.2285779,86.374794,0.8468985,13.565225,13.142609,11.031171
TCGA.BH.A1FJ.01,25.538818,9.635356,2.2017102,26.020155,18.679054,5.087971,18.363344,11.736364,3.6716106,29.928255
TCGA.BH.A1FL.01,21.347948,2.027253,12.2535515,4.351338e-33,5.387301,33.276134,25.518877,9.035357,10.627131,29.402357
TCGA.BH.A1FM.11,11.621674,2.0699108,13.054965,0.0,3.326276,94.42297,0.10357625,5.7821717,13.355933,12.679527
TCGA.BH.A1FM.01,0.0,9.271703,7.600583,33.705853,5.329131,11.692821,5.6945148,33.820065,2.9792395,37.66944
TCGA.BH.A1FN.11,12.496888,0.8205197,12.07198,3.128577e-26,2.8529363e-23,94.984604,0.00027415203,2.8826528,7.61869,29.881119
TCGA.BH.A1FN.01,17.23376,3.2343287,2.010212,20.328815,4.1059847,1.7710413e-38,2.637039,31.359905,8.214564,63.863495
TCGA.BH.A1FR.11,14.080795,3.1690369,7.1028247,23.354538,7.9865513,61.90095,0.80742145,10.286848,18.212711,0.0035718367
TCGA.BH.A1FR.01,34.095024,32.379913,2.007408,20.23874,4.273104,11.219726,20.304768,13.892631,10.389792,0.41206703
TCGA.BH.A1FU.01,4.7607965,2.2826807,5.0109396,39.245373,11.231003,21.859154,8.843949,15.794742,12.977225,20.241974
TCGA.BH.A201.01,14.348057,4.328747,4.51138,35.274963,16.054085,27.634691,7.8020253,10.195801,12.006815,6.6757917
TCGA.BH.A202.01,9.914466,7.072248,3.043262,30.81536,17.399431,31.530878,2.1344833,16.838058,6.424249,21.678028
TCGA.BH.A203.11,16.526604,1.2307128,8.011442,5.9403577,5.0440965,75.719604,2.8479552e-10,7.030107,32.67313,3.7329752
TCGA.BH.A203.01,1.7045242,11.584964,3.743935,59.992218,6.837215,17.157906,2.4802244,10.791356,19.86088,0.7531941
TCGA.BH.A204.11,7.7347975,4.595316e-29,8.376713,3.1611066,3.444996,99.075745,9.074644e-30,14.653788,22.739576,6.497735e-28
TCGA.BH.A204.01,3.772472,48.763767,2.0366042,11.654801,1.956801,7.557143,27.522738,27.735722,5.746661,12.865559
TCGA.BH.A208.11,23.818264,3.5915825,4.6793127,0.0,18.027601,51.37826,0.13490649,9.33516,16.74577,17.539444
TCGA.BH.A208.01,1.2622943e-09,8.806655,3.5683794,35.88396,22.854347,18.157387,15.16272,9.199406,10.617601,0.064248696
TCGA.BH.A209.11,10.432681,0.8465858,7.514489,13.697184,6.5313363,69.68047,0.0,14.8695545,24.182049,2.5928e-18
TCGA.BH.A209.01,15.595371,0.00027184098,1.4395946,8.603617,32.418995,32.882885,1.4122587,19.477627,0.00016655444,35.543907
TCGA.BH.A28O.01,11.65913,0.8444988,15.346206,33.236458,3.7789567,8.038304,4.1187444e-12,4.611267,29.783958,40.504017
TCGA.BH.A28Q.01,29.521715,11.566318,5.8748345,6.1479554,1.2481836,6.5334263,24.012804,7.7469187,8.728642,56.374218
TCGA.BH.A2L8.01,9.335656,1.0725952,3.6898613,39.405277,0.53896374,4.502843,6.783343,3.0810487,33.810402,46.142773
TCGA.BH.A42T.01,5.690332,3.0303812,3.7473047,66.22957,4.8985505e-05,0.041929852,7.976211,1.7170905,0.0,63.225075
TCGA.BH.A42U.01,13.496126,11.033833,6.829457,30.10975,3.3934753,22.380156,6.6155047,2.8677692,21.280827,29.795433
TCGA.BH.A42V.01,15.5904455,1.9337026,16.44365,36.909447,1.4092677,11.520399,3.593524,3.4474392,12.434144,42.33274
TCGA.BH.A5IZ.01,11.993171,1.4300202e-17,2.2123997,44.28963,2.3616326,3.0104692,33.72284,7.494801,0.5600638,28.175228
TCGA.BH.A5J0.01,15.739029,7.069771,5.8761044,57.475643,3.076731,8.364545,10.851347,2.6044245,7.392012,22.102617
TCGA.BH.A6R8.01,19.116411,26.076616,1.7419871,48.9215,9.811474,12.505795,14.615104,6.1885285,6.496394,0.07350924
TCGA.BH.A6R9.01,0.5867017,0.0,9.099155,83.21055,3.9253845,13.681206,1.2639998e-07,5.081711,25.364788,1.3621213
TCGA.BH.A8FY.01,35.70411,16.597939,0.69483644,1.0737176e-08,10.517292,0.0,17.186806,4.231349,7.980476,53.74089
TCGA.BH.A8FZ.01,35.17258,2.0417416,4.058303,40.627686,4.2443986,9.21356,8.398266,0.006847809,10.670498,41.798916
TCGA.BH.A8G0.01,23.11233,0.26557848,19.34795,44.572365,3.4993377,26.978275,3.454117,2.8404825,13.077238,17.358759
TCGA.BH.AB28.01,25.748821,6.5625877,2.8035736,48.96737,12.086731,8.12986,6.6419315,1.2913446,1.3371478,36.93022
TCGA.C8.A1HE.01,32.454456,6.4860554,11.190066,10.358712,17.662992,3.1044178,10.06182,12.949118,6.785985,39.351814
TCGA.C8.A1HF.01,3.4274974,13.210887,1.9699229,15.187355,10.588497,4.4875703,7.011715e-13,18.922539,21.677246,55.07032
TCGA.C8.A1HG.01,0.7847014,7.080349,18.252506,7.6335516,24.065605,3.7145293,1.9099845,18.892813,14.500343,38.979416
TCGA.C8.A1HI.01,8.580857,10.033726,3.3163629,16.643406,9.210868,36.21131,2.9929488,4.0209174,4.6805625,73.41952
TCGA.C8.A1HJ.01,11.806411,1.0797678,0.56804115,9.885206e-10,19.919987,2.9701283,13.74409,10.51362,8.806903,33.951492
TCGA.C8.A1HK.01,1.7681226,39.46755,0.99429005,15.424537,25.83572,6.6572804,34.88298,19.532976,1.7824216,0.07208715
TCGA.C8.A1HL.01,10.437804,14.3283,3.263671,34.150127,1.9861776,2.7609506,38.268574,6.0691786,6.371156,30.923283
TCGA.C8.A1HM.01,4.5015297,6.823431,28.90842,27.567331,12.080698,0.0,3.8412066,18.099049,0.0,63.30832
TCGA.C8.A1HN.01,1.0311652,8.252384,40.48733,0.28739673,4.090504,15.437185,6.9211073,27.559553,6.36626,53.125717
TCGA.C8.A1HO.01,1.1399119,26.348724,1.0650947,0.0,9.212283,0.23953842,27.204405,32.582127,6.155298,29.069965
TCGA.C8.A26V.01,17.524105,3.1752005,7.1187596,27.316378,7.2732935,6.9576797,22.666443,14.700406,9.996096,31.489563
TCGA.C8.A26W.01,10.426583,4.027062,8.460294,4.991063,3.8080134e-28,22.329292,19.945786,8.186838,16.138353,57.875526
TCGA.C8.A26X.01,1.9480565e-24,6.9186425,2.220676,17.788021,36.750828,37.26456,12.865553,4.433675e-22,16.844986,28.592571
TCGA.C8.A26Y.01,2.5427544,12.0061655,3.0809386,46.441357,3.726226,10.51746,19.948837,8.669685,26.325449,0.6652804
TCGA.C8.A26Z.01,40.9025,17.781939,4.8308196,6.101137,2.6673574e-09,21.345684,30.944185,7.798194,6.595679,28.025253
TCGA.C8.A273.01,5.4506795e-22,13.466211,8.976406,24.72397,2.1412455e-30,24.439663,30.326542,4.3365116,12.517072,42.66124
TCGA.C8.A274.01,16.76377,12.753215,5.558504,3.647991,0.28112,43.334816,25.455132,10.089482,6.8591175,42.197395
TCGA.C8.A275.01,0.44106323,7.548873,5.396896,33.92076,2.5447712,1.254307,21.315985,15.185219,6.1712894,46.19735
TCGA.C8.A278.01,4.0205784,6.896103,2.235918,40.79999,45.135082,12.942419,16.184742,6.3742256,6.2083516,0.047359724
TCGA.C8.A27A.01,0.8352867,23.119556,3.2876494,14.041986,5.1497226,7.7701626,29.158691,8.694824,27.28894,21.99729
TCGA.C8.A27B.01,3.6700933,0.085419476,3.1922114,14.819021,19.50962,0.0,8.002168,19.451557,1.5420014e-12,63.119762
TCGA.C8.A3M7.01,2.1888115,12.765287,11.108307,18.219961,23.559881,16.424076,13.980868,0.0,49.701027,14.118193
TCGA.C8.A3M8.01,5.55772,1.1643791,11.416483,72.64227,0.85744303,4.5334406,8.793968,2.9515872,17.477495,17.601322
TCGA.C8.A8HP.01,3.4761598e-35,6.660884,3.6926594,52.38637,11.216991,6.495185,13.793258,5.6841964e-06,53.595592,0.45562476
TCGA.C8.A8HQ.01,0.4581719,12.313362,7.5645156,34.52975,1.1703662,6.6915607,0.74913967,4.939298,41.748802,46.68353
TCGA.C8.A8HR.01,2.3841515,1.5794055e-10,6.61698,31.696772,1.6183453e-27,27.830448,6.307061,1.1062e-08,34.35441,48.267933
TCGA.D8.A1J8.01,5.1157966,13.8838,5.179718,39.253403,14.748949,18.360508,25.121618,11.668452,13.480195,0.0013342105
TCGA.D8.A1J9.01,1.1044095,25.873045,4.2262096,47.931583,13.14238,9.149647,18.40389,10.0837755,8.526977,0.229584
TCGA.D8.A1JA.01,0.0,7.285542,5.4630427,44.808853,16.115608,3.9032643,34.928307,24.420643,1.3901564,2.2915566
TCGA.D8.A1JB.01,15.333956,0.88328516,7.1633744,4.0663743,5.802241,27.278032,8.310243,9.985948,15.877606,62.352047
TCGA.D8.A1JC.01,1.9542658,4.8899765,9.014487,48.574726,9.057128,16.833078,10.488546,28.27272,8.550745,0.083519034
TCGA.D8.A1JD.01,7.6068645,0.0017669182,6.8807616,45.530186,4.511472,15.78355,6.3647156,14.883137,15.4033985,24.269775
TCGA.D8.A1JE.01,13.79663,2.522465,19.025812,38.403694,6.869785,14.604868,1.5670912,15.830574,10.117069,17.474289
TCGA.D8.A1JF.01,0.05457567,0.0,9.668006,37.02013,46.921154,11.7801695,13.263015,7.3277297,10.011592,0.0010556873
TCGA.D8.A1JG.01,0.0069230436,19.815977,1.7673558,31.278536,54.997578,5.554644,2.54846,9.529655e-06,9.842221,7.8772144
TCGA.D8.A1JH.01,28.00308,0.5671051,5.8108015,24.765606,5.3689904,15.602317,7.3611,13.918439,15.746004,30.340467
TCGA.D8.A1JI.01,5.516003,39.384453,8.436127,0.0,38.889877,10.072158,46.639866,0.0,1.8666345,8.633968
TCGA.D8.A1JJ.01,4.278368,22.650284,6.7159805,41.13665,16.799932,21.752293,4.6976686,21.302988,8.299198,0.07272508
TCGA.D8.A1JK.01,1.7451463,0.20126198,2.7130208,50.353294,33.33833,11.258783,19.608479,10.111362,6.938018,0.28663832
TCGA.D8.A1JL.01,43.900642,0.526811,2.0023785,25.220303,9.467522,7.881494,6.471228,1.777598,18.738083,17.32921
TCGA.D8.A1JN.01,4.537217,32.03556,40.454514,0.0,68.30237,26.116821,11.29339,0.0,0.0,0.0
TCGA.D8.A1JP.01,12.095833,6.628776e-08,18.814898,30.71168,8.832639,33.696327,19.441086,17.243626,8.20679,0.0035704428
TCGA.D8.A1JS.01,28.119217,18.564758,3.46004,0.0,35.249977,1.6017745,15.530945,4.7574964,7.2283688,23.629202
TCGA.D8.A1JT.01,25.50537,4.8190227,3.7270987,34.470287,0.0,1.9277655,12.888234,28.669127,1.7596835,32.68261
TCGA.D8.A1JU.01,21.362312,0.8385673,7.134138,14.615804,4.145609,27.19944,1.04601435e-19,14.851217,15.371013,50.080074
TCGA.D8.A1X5.01,4.9061656,7.646798,7.109297,30.336332,17.42553,8.545567,20.04105,26.413696,5.491682,13.693195
TCGA.D8.A1X6.01,15.284389,9.201423,0.016521158,4.7546213e-24,10.254425,0.35847232,8.944348,62.97283,1.4387624e-29,40.08731
TCGA.D8.A1X7.01,13.33608,9.291848,2.6009178,24.177164,8.493233,12.615832,6.439636,27.967876,4.337822,35.06741
TCGA.D8.A1X8.01,24.099125,39.82784,13.573318,19.051205,6.4142632,29.779095,5.5468736,3.651083,13.620382,2.9730885
TCGA.D8.A1X9.01,25.106804,5.890494,2.5791636,52.138145,1.9080814,11.283048,4.3267446,14.125478,9.595436,25.366375
TCGA.D8.A1XA.01,35.452305,4.5567355,4.5268745,28.636345,24.849104,4.030137,10.449532,21.730675,1.4550335,16.725962
TCGA.D8.A1XB.01,22.357456,2.2766156,5.323894,51.676083,7.7425027,19.724499,2.855763,15.506808,4.8489647,16.83876
TCGA.D8.A1XC.01,26.901539,29.53856,75.42682,6.766789,15.177702,2.7887695,5.325798,8.701481,2.303449,13.975611
TCGA.D8.A1XD.01,15.314364,1.7370939,14.832651,18.967615,12.915533,6.038516,11.370444,41.699554,0.4638548,28.086216
TCGA.D8.A1XF.01,1.6846367,2.1625884,1.3059503,1.9762981e-29,15.682857,1.0277864,49.039608,27.085587,8.1725,32.194828
TCGA.D8.A1XG.01,20.333807,26.215528,11.228822,40.43258,14.057072,6.4890494,1.0622517,13.556506,13.864657,0.64321303
TCGA.D8.A1XJ.01,15.777294,20.122566,28.191887,29.703985,4.1014404,14.922282,17.68241,11.058369,11.211718,9.5098374e-05
TCGA.D8.A1XK.01,71.02328,2.8503902,0.0,0.0,10.128382,0.0,16.38144,57.648983,0.0,0.0
TCGA.D8.A1XL.01,5.633972,1.3229717,79.03634,12.081391,1.0486822,23.320919,21.891829,6.6540008,0.53422844,19.347036
TCGA.D8.A1XM.01,8.979432,0.7726581,6.2868586,47.760086,2.9126947,27.391615,6.5914454,19.123466,13.69523,5.7060003
TCGA.D8.A1XO.01,13.098989,6.8222404,26.418272,16.758184,16.979607,27.446083,14.426668,22.972649,0.8770385,14.76535
TCGA.D8.A1XQ.01,11.017868,2.1285238,1.4281822,11.337576,45.812386,0.005388306,0.15051623,37.21434,9.029684e-17,40.75331
TCGA.D8.A1XR.01,23.027576,18.530611,1.3432635,4.3665156,66.44123,3.8268795,6.7210855,13.625228,0.49395144,21.97719
TCGA.D8.A1XS.01,25.892466,0.00022672737,4.425224,59.66271,3.5192688,17.063665,3.7007027,10.359085,5.3827724,17.134665
TCGA.D8.A1XT.01,0.94804174,1.6849792,3.690745,49.011223,17.669401,9.533523,12.635904,27.351078,7.820515,8.631747
TCGA.D8.A1XU.01,8.316935,17.732832,5.305467,25.58682,25.24671,52.31794,11.96977,5.965425,3.8123744,3.1842077
TCGA.D8.A1XV.01,40.012215,20.949614,33.091858,9.722882,31.784744,3.0903578,14.931169,10.9845,1.808418,1.5304572e-13
TCGA.D8.A1XW.01,34.90069,1.5849174e-14,1.3009043,3.5455854,35.628822,3.595814,0.0,16.30502,12.271612,29.00576
TCGA.D8.A1XY.01,13.721871,15.20922,4.424479,39.87288,9.751053,18.351973,8.374692,17.758167,4.452078,17.05894
TCGA.D8.A1XZ.01,3.0837302,1.4987043,6.219754,1.2388133,21.671349,1.8991523,12.120775,46.145306,0.81107175,48.841293
TCGA.D8.A1Y0.01,15.233049,0.036411036,60.98811,0.0021883734,3.7178679,17.228937,13.657248,31.962368,1.5665138,25.689943
TCGA.D8.A1Y1.01,1.7467915,3.0575378,41.197357,21.131466,4.367062,11.420253,8.699003,43.00314,2.4238443,14.902767
TCGA.D8.A1Y2.01,13.339101,1.8103714,16.292358,49.37015,4.7383604,30.829033,2.770594,15.561501,14.471951,4.0496374e-14
TCGA.D8.A1Y3.01,0.0,9.948292e-07,53.61729,3.2355564,9.926127,9.314269,19.311815,34.55511,1.0133121,29.147062
TCGA.D8.A27E.01,50.22234,23.010754,1.8882228,9.378363,8.319891,9.911939,13.750121,10.544289,11.793022,19.621262
TCGA.D8.A27F.01,9.58674,1.9736315,1.7908773,19.916647,6.089133,5.5098066,16.457481,16.787949,17.13117,28.209236
TCGA.D8.A27G.01,0.6697551,10.121499,8.226515,37.012173,0.011007489,17.99238,13.319906,8.606339,16.372007,40.74147
TCGA.D8.A27H.01,6.5643086,0.8209708,6.3229365,15.635236,2.7962543e-17,7.7696877,9.232222,17.060165,12.054206,67.26436
TCGA.D8.A27I.01,18.671335,0.36978695,7.3947883,0.03467585,1.9386758e-24,44.78859,17.81979,1.3055006e-15,42.311012,36.492657
TCGA.D8.A27K.01,24.018776,5.2395067,3.7411056,0.0002905857,7.4114566,19.9064,23.3402,6.9218497,10.44557,53.61293
TCGA.D8.A27L.01,17.499224,4.6175046,18.282341,16.986498,1.6364303,20.686285,20.38296,5.8584547,27.165289,28.069452
TCGA.D8.A27M.01,2.7899747,4.367738,4.7921853,26.43137,4.5795255,10.9042635,14.581388,10.481267,36.65132,24.953539
TCGA.D8.A27N.01,1.0284168,10.903867,6.6559477,50.619545,0.55494815,19.769037,6.633467,8.929984,21.690546,23.243404
TCGA.D8.A27P.01,24.915436,5.615199,3.238912,2.9183986,4.0745645,5.143812,13.767573,9.715093,17.683342,66.84889
TCGA.D8.A27R.01,1.211349,10.025001,6.299483,5.5210133,0.0,21.741522,6.494483,36.358887,20.686693,49.873062
TCGA.D8.A27T.01,7.329286,1.7910416,5.080801,4.8130355,0.80680954,8.017789,39.53165,6.826636,26.709995,54.344585
TCGA.D8.A27V.01,21.241858,4.9866943,48.725967,8.922083,5.3010254,4.4670744,3.2513013,17.035585,1.145887,52.45917
TCGA.D8.A27W.01,6.4004393,18.042368,5.6830125,17.372318,1.0375683,13.904813,7.6083736,12.912124,32.62677,37.98008
TCGA.D8.A3Z5.01,29.293627,2.3861678,12.398309,0.981832,5.091585,41.12081,34.242348,0.0,0.377339,38.115154
TCGA.D8.A3Z6.01,10.413962,11.593175,21.536995,44.988846,10.44268,7.805524,14.188628,7.09637,18.613426,1.6933273
TCGA.D8.A4Z1.01,28.504435,3.4706125,17.184713,14.5599375,4.7907434,30.053356,10.622036,1.1905279e-08,9.278298,43.407715
TCGA.D8.A73U.01,1.0898869e-28,6.892946,6.7169604,57.654743,12.412297,17.035095,3.8849757,3.5805272e-07,2.2867653,46.57058
TCGA.D8.A73W.01,48.597775,12.986018,40.461796,34.26743,2.8664193,7.402619,2.2724106,5.50751,13.231232,0.00029530376
TCGA.D8.A73X.01,38.70433,4.5694766,3.671321,32.584545,3.3198147,13.511436,11.587156,3.1274776,3.202422,40.98012
TCGA.E2.A14N.01,12.231305,0.0016396226,2.4801056,14.2895775,12.11723,21.943739,5.6182528,8.04896,41.492916,16.971474
TCGA.E2.A14U.01,28.23476,3.7949457,4.717134,24.840752,4.40056,17.650185,5.407948,6.4852433,39.315235,7.666608
TCGA.E2.A15I.11,8.10682,0.4999594,11.855577,0.0,6.978969,69.84061,1.339242e-17,8.314806,44.372883,6.85317e-09
TCGA.E2.A15I.01,16.473936,6.407735,51.737236,4.2010684,22.00082,2.3606129,21.76399,5.2391806,8.378797,30.827196
TCGA.E2.A15J.01,19.298407,0.37802088,17.274057,15.833512,14.040817,1.6043903,10.213002,16.05681,1.8518482,48.747383
TCGA.E2.A15K.11,10.167156,0.22502714,6.6257734,2.706278,2.2777627,65.67208,2.5728855,7.9776177,38.6335,13.625089
TCGA.E2.A15K.06,16.40691,24.400904,18.893866,2.7124938e-19,45.894756,7.7009677e-22,12.1755295,10.2291155,0.60433096,30.522192
TCGA.E2.A15K.01,0.0,10.913017,17.446407,33.476044,4.930478,8.276801,7.273631,29.365925,11.936286,20.531376
TCGA.E2.A1AZ.01,5.35774,5.40112,1.8146293,43.68008,7.852268,8.624798,11.741776,23.912237,9.027486,0.28599212
TCGA.E2.A1B0.01,0.19040206,4.7882185,6.6345315,58.489998,12.933028,11.103561,5.392491,9.753871,17.747505,12.775429
TCGA.E2.A1B1.01,15.57072,4.6705666,3.7370868,53.926353,2.7777975,17.997705,2.06494,8.175571,5.3315,33.74707
TCGA.E2.A1B4.01,27.422523,1.6418682,3.7465963,10.74333,6.593733,6.7622285,21.641403,9.473277,14.118103,45.044067
TCGA.E2.A1B5.01,8.207764,3.5777833,3.6908567,15.37629,6.5255003,31.262691,11.763822,8.620145,12.841879,43.747448
TCGA.E2.A1B6.01,9.83403,0.43951023,2.1306608,9.646371,10.192377,13.2732725,1.790458,7.189768,22.259901,47.125313
TCGA.E2.A1BC.11,9.804293,3.571148e-16,8.492834,3.2401047,5.4865055,53.33163,0.31180373,4.9364967,61.40412,0.13471945
TCGA.E2.A1BC.01,12.399919,2.3044314,5.887141,28.838205,6.2529883,25.46699,3.4410622,20.684397,10.853723,31.103401
TCGA.E2.A1BD.01,20.617992,3.574524,5.361664,23.873035,12.506898,17.585728,15.1472845,9.403494,8.997228,31.738611
TCGA.E2.A1IE.01,24.583782,3.5183601,1.8915383,8.335044,5.917276,14.291063,34.005596,7.738826,15.651326,32.622955
TCGA.E2.A1IF.01,17.885742,2.3121858,7.3690796,44.778446,10.553726,22.028887,3.4702187,13.526142,14.192543,0.8396714
TCGA.E2.A1IG.01,5.8517065,7.109305,3.9550736,28.279102,4.660382e-13,13.472752,9.215837,13.198984,8.850204,47.035233
TCGA.E2.A1IH.01,20.173973,0.2364809,6.00491,24.46131,6.237995,17.606775,10.492317,6.583067,15.142543,39.424736
TCGA.E2.A1II.01,19.157656,1.6629216e-30,3.5239358e-05,16.822685,23.308907,0.0,72.893936,2.324186e-21,2.1744802,7.292426e-10
TCGA.E2.A1IJ.01,24.401562,8.227679,7.5649924,57.322865,12.614621,15.172973,3.5253916,7.8381157,9.07559,0.014282847
TCGA.E2.A1IK.01,40.162052,26.756252,34.111893,24.258286,10.569359,12.86508,2.9401977,7.40718,8.95834,1.0697724e-10
TCGA.E2.A1IL.01,26.12847,5.2587304,1.9172853,20.899145,18.881409,35.327324,16.100765,5.8727307,5.3434825,20.656757
TCGA.E2.A1IN.01,45.861675,1.2034754,4.0217166,33.396282,4.577805,15.657361,10.613491,13.313716,9.58999,9.4357395
TCGA.E2.A1IO.01,14.785703,0.1470763,3.382932,26.882162,4.8989596,18.869993,11.451018,24.740055,1.3910755,46.70308
TCGA.E2.A1IU.01,29.12952,5.34269,19.055822,24.941605,20.25224,13.985119,6.274602,6.272873,2.161472,35.169434
TCGA.E2.A1L6.01,18.255579,1.0558655,28.990623,27.336666,10.517054,22.274662,20.328768,13.290864,10.156858,0.8366745
TCGA.E2.A1L7.11,17.40567,2.4333165,4.181114,0.14397195,2.5158978,74.88793,2.537962,3.77428,7.2583585,42.91675
TCGA.E2.A1L7.01,1.4070946,13.871811,0.69529253,3.2652685e-09,13.990043,3.6167848,6.383404,56.274265,0.08777512,41.335934
TCGA.E2.A1L8.01,9.937827,4.035995,5.748346,29.161762,13.751549,16.597195,9.608831,12.931538,14.28816,18.295866
TCGA.E2.A1L9.01,1.4243772,9.618802,4.7547197,31.704962,6.4157376,10.643023,10.884314,14.125214,19.010721,26.0871
TCGA.E2.A1LA.01,37.87477,4.1965065,3.230125,36.698204,19.611841,7.449203,1.05999105e-19,11.29505,7.8691754,24.27571
TCGA.E2.A1LB.11,27.81233,1.5355458,2.9984457,3.0214364e-19,22.290632,44.285976,1.7164702e-36,17.239655,16.022577,14.252881
TCGA.E2.A1LB.01,9.605889,6.9419374,6.384824,42.33537,49.304302,8.363276,3.362897,12.656742,6.8731585,1.3503504e-07
TCGA.E2.A1LE.01,0.02656481,2.489387,2.027244,16.284636,74.91277,0.0,5.438513,4.2217278e-26,33.40989,20.494204
TCGA.E2.A1LG.01,9.979314,0.0,4.017323,0.10268842,36.202,4.6394172e-05,7.327725,17.520674,0.23387681,43.724552
TCGA.E2.A1LH.01,0.67283225,1.4507529e-07,2.2232828,62.042435,16.193567,6.289126,2.9167788,10.268481,11.609296,11.839118
TCGA.E2.A1LI.01,12.949105,0.1260785,0.9287003,11.135488,52.366447,2.651945,9.282215e-23,25.883722,5.8022966,30.696749
TCGA.E2.A1LK.01,0.0,1.1320239e-16,1.0421101,28.004202,7.7645817,2.7932124,20.094202,41.850056,9.303968,6.8044972
TCGA.E2.A1LL.01,2.848493,4.8963983e-35,1.5784372,51.87994,9.728908,13.891612,6.046951,21.972258,14.885154,0.00035369903
TCGA.E2.A1LS.11,11.064252,0.0,13.5219965,0.0,2.9187937,76.039696,0.055813678,13.015413,35.994434,0.0
TCGA.E2.A1LS.01,53.49921,3.5153599,1.922111e-05,0.0,42.106876,5.4490743,11.390571,19.628792,1.963948,5.957668
TCGA.E2.A2P5.01,6.51406,8.0163,4.3711176,35.70982,3.9206562,11.905599,17.379807,11.292912,41.01052,4.329005
TCGA.E2.A2P6.01,33.018623,5.7087493,6.864615,4.064924,9.339425,0.0,24.79189,1.4826971,30.714312,44.842422
TCGA.E2.A3DX.01,24.97484,0.75074786,12.982574,45.808945,3.396936,10.189701,1.4984566e-33,4.898006,14.399385,32.315456
TCGA.E2.A56Z.01,9.649173,23.641983,101.99179,14.419533,5.3461986,15.105043,11.516303,1.7309457,2.1439161,1.5610523
TCGA.E2.A570.01,18.86927,1.4199996,4.198407,53.75874,9.181329,25.124643,14.559709,5.9282427,6.6845512,2.661678
TCGA.E2.A572.01,8.573762,18.733507,3.07357,11.052881,2.1765137,46.837654,16.467182,1.4689884,2.773938,49.003017
TCGA.E2.A573.01,6.6781373,0.8769998,1.8907027,49.278492,16.560472,7.055154,16.25507,11.206441,5.1705627,13.6009
TCGA.E2.A574.01,22.618406,5.6972e-37,1.0416183,35.09926,8.954672,6.26469,29.225101,8.573714,5.314308,0.021581613
TCGA.E2.A576.01,20.516167,12.367416,3.0280917,15.481163,0.0,16.234396,41.12781,2.605434,4.852401,25.035294
TCGA.E2.A9RU.01,95.80183,0.08418984,1.2510864,41.788956,0.0,3.9708664,5.9777555,3.6429238,5.168199,1.04451475e-10
TCGA.E9.A1N3.01,12.439585,43.808846,17.178343,5.7013454,62.71368,6.7997813,1.9388096,8.47294,2.3327734,4.702996
TCGA.E9.A1N4.11,23.334631,2.546646,14.7138605,0.0,6.1739902,71.74858,2.3878474,0.0,15.124558,20.552256
TCGA.E9.A1N4.01,14.736646,1.8824238,65.42239,29.528183,6.42186,15.063237,5.620423,6.0900264,6.6783547,14.96297
TCGA.E9.A1N5.11,20.10344,1.1428801,4.7089067,4.1877092e-16,22.074839,46.959118,0.7089513,15.936178,8.422203,22.354073
TCGA.E9.A1N5.01,70.774,7.1872563,2.7641134,46.75774,2.5557325,8.609757,10.918194,5.809343,4.5894923,6.656454e-06
TCGA.E9.A1N6.11,15.360314,0.4755997,8.646471,13.301431,9.455056,42.869354,0.0,17.279633,30.784105,4.935735e-07
TCGA.E9.A1N6.01,0.0,1.7765603,4.78522,41.573574,17.300434,17.901407,8.390073,28.59341,14.716601,0.21630934
TCGA.E9.A1N8.01,21.960308,1.5943477,2.711014e-06,6.8967338,17.442028,0.0,21.643188,23.068167,1.0433635e-18,33.95267
TCGA.E9.A1N9.01,6.8019404,18.742275,30.146334,6.3833957,12.187891,6.3816915,18.929127,23.539585,2.2812817,25.740099
TCGA.E9.A1NA.11,13.4676695,0.8108546,7.877159,8.682365,9.296657,65.01179,2.3432636e-37,19.204605,26.538765,1.9043045e-10
TCGA.E9.A1NA.01,0.0,13.883513,4.660154,73.16437,12.932469,6.657205,5.8555274,3.4179645,3.5541334,15.347979
TCGA.E9.A1ND.11,5.2504134,0.0,10.712884,11.87977,7.271009,44.77986,0.0,28.460375,33.03274,3.717843e-38
TCGA.E9.A1ND.01,5.757483,0.69375503,1.287135,49.348095,15.907215,4.5521965,18.72331,15.816999,3.6691716,8.499704
TCGA.E9.A1NE.01,5.266948,5.371685,4.202191,9.151938,8.295621,24.684208,7.5415473,29.51279,2.1178343,50.515244
TCGA.E9.A1NF.11,7.2802367,0.0,11.203587,0.0,5.836861,70.5574,0.0,29.1188,32.55761,0.0
TCGA.E9.A1NF.01,4.00009,10.450387,7.22198,44.119007,23.517393,16.623705,4.508556,17.4186,5.302174,9.181113
TCGA.E9.A1NG.11,9.096277,0.0,9.006121,0.0,4.755806,74.48146,0.0,26.065037,29.885706,0.0
TCGA.E9.A1NG.01,1.7138666,3.3441057,11.588345,52.875282,8.266925,23.804384,4.346463,20.673426,7.8270836,5.4255157
TCGA.E9.A1NH.01,5.7762036,1.9177556,5.1797676,37.14706,16.7601,12.541933,28.21804,18.257427,10.623234,1.3464773
TCGA.E9.A1NI.01,14.035458,3.0137818,3.49216,38.527294,13.84048,11.871735,8.180929,22.789076,3.188422,19.900793
TCGA.E9.A1QZ.01,12.373973,5.570984,6.059131,22.5983,5.6150985,50.565376,5.627122,12.484016,19.484964,2.9285707
TCGA.E9.A1R0.01,22.669989,7.4835186,7.3622007,1.1970368e-06,0.0037348329,25.49935,19.738014,9.3887005,26.027666,39.036377
TCGA.E9.A1R2.01,2.9680235,20.085243,28.743114,14.525582,2.1720114,4.548955,6.5081887,33.353634,2.3767078,44.372112
TCGA.E9.A1R3.01,21.99421,13.665163,4.1463566,54.007587,6.2242475,16.470568,1.1855597,10.361385,12.834512,0.22363594
TCGA.E9.A1R4.01,10.25157,21.701178,1.7998433,35.16319,4.4904737,8.147564,12.788453,31.47426,8.635663,10.490192
TCGA.E9.A1R5.01,0.0,4.022631,16.084105,57.50551,6.1072755,10.98984,5.8189416,19.922136,3.1259778,21.175768
TCGA.E9.A1R6.01,57.399994,1.1653451,2.4350195,45.34832,4.450955,10.493337,9.062448,14.329435,4.377748,3.2989562
TCGA.E9.A1R7.11,9.1381445,0.2878424,10.052456,0.0,4.19752,79.234276,1.7370196e-36,26.513353,25.408884,0.0
TCGA.E9.A1R7.01,4.5014405,37.856346,8.147235,9.815044,20.746872,29.21854,5.433726,12.752915,3.0817683,28.520164
TCGA.E9.A1RA.01,17.117607,1.7538005,1.9105688,29.942545,10.152342,24.681696,18.695257,9.505459,4.6547437,19.387861
TCGA.E9.A1RB.11,8.809334,7.3919915e-23,5.102967,0.0,8.834808,41.614388,8.118896,19.836086,11.834355,4.435965
TCGA.E9.A1RB.01,12.789688,0.2990334,7.4936075,48.07685,4.3264856,19.16707,10.34648,15.613668,17.789385,1.0444247
TCGA.E9.A1RC.11,6.7167015,0.0,6.8830757,0.0,6.5765505,65.30465,0.0,33.684155,30.587439,0.0
TCGA.E9.A1RC.01,40.444267,6.3484235,4.6621904,17.318958,13.343419,5.2425933,1.3539882,36.685818,2.7075362,20.634651
TCGA.E9.A1RD.11,8.931804,0.0,7.1409006,10.385088,4.2590737,85.97824,0.0,17.7146,25.74797,0.0
TCGA.E9.A1RD.01,14.5250635,13.780602,5.1640077,37.595734,3.4930158,40.447353,23.570606,1.7598424,7.310673,7.304089
TCGA.E9.A1RE.01,5.272695,8.018538,2.9832003,22.42485,4.47332,19.842566,7.272532,40.483814,6.066587,15.521958
TCGA.E9.A1RF.11,7.273071,0.0,10.549914,0.0,6.6636457,70.00643,0.0,30.690048,28.080944,0.0
TCGA.E9.A1RF.01,7.338203e-32,8.461081,3.3372927,35.03569,5.8473363,11.856394,8.324548,41.337936,5.8887887,26.493788
TCGA.E9.A1RG.01,0.70862955,16.024834,2.3186417,17.291214,3.9321296,3.7527778,13.788588,58.698364,0.5550437,31.382656
TCGA.E9.A1RH.11,13.106278,0.0,12.207627,4.8863807,6.233716,73.138756,0.0,15.248604,31.949707,1.00476944e-35
TCGA.E9.A1RH.01,0.0,1.7969536,4.818562,33.968346,17.397814,13.467489,7.9111495,33.76316,1.477821,30.58565
TCGA.E9.A1RI.11,9.835258,3.6148512e-38,10.265234,0.0,5.879184,73.079704,6.539541e-17,22.66674,28.561,0.0
TCGA.E9.A1RI.01,18.863691,6.3111033,4.4074645,35.084496,5.8889046,11.176183,5.9920883,22.3858,4.8606133,37.841087
TCGA.E9.A226.01,5.320109,13.68959,6.714905,49.5277,3.1582823,27.930994,11.0641,11.265857,17.342878,6.9232087e-10
TCGA.E9.A227.01,30.97662,3.0881772,27.058388,29.421951,8.197503,16.289108,12.184671,12.846658,12.701525,0.0002205245
TCGA.E9.A228.01,46.60525,16.617945,1.4384687,34.82606,1.0444531,3.6671214,13.618617,29.509459,1.2281954,2.5326788
TCGA.E9.A229.01,7.984698,4.174777,23.025785,33.535213,11.369089,17.709536,9.27919,28.229267,5.724357,9.514636
TCGA.E9.A22A.01,0.0,11.10948,12.511035,56.788624,3.8370643,27.468534,3.6441177e-06,14.065797,23.967237,1.3803968e-16
TCGA.E9.A22B.01,1.8572072,4.8038077,3.1586173,20.047564,4.925592,20.873755,9.684537,46.700916,17.17881,16.193573
TCGA.E9.A22D.01,17.362528,17.003199,1.6310217,27.705748,16.180098,3.7866988,13.780801,23.470137,0.00010986614,26.911882
TCGA.E9.A22E.01,6.1463995,4.532357,6.2673078,45.303387,9.788601,22.922476,5.079018,26.667204,9.71968,1.2187454e-09
TCGA.E9.A22G.01,24.538582,5.2729607e-09,1.8005692e-09,7.7369906e-26,22.153204,2.5769175e-23,11.120982,15.978389,0.46054175,33.278423
TCGA.E9.A22H.01,3.1339002,40.766506,3.5765665,4.543539,26.342203,8.171149,16.276644,25.758583,2.6048355,23.342106
TCGA.E9.A243.01,12.1197195,0.38038164,2.8520389,37.489452,35.846478,14.026591,2.113476e-05,9.830014,3.4029186,17.295372
TCGA.E9.A244.01,14.531368,2.4037864,2.6362376,37.3401,14.612481,12.809999,7.2261186,26.616108,15.459653,1.6709398e-06
TCGA.E9.A245.01,13.014362,39.85352,2.325491,4.847415e-19,3.524914,6.819747,51.1827,5.3896117,11.781756,22.465313
TCGA.E9.A247.01,28.150509,26.47018,0.9808513,12.599141,31.37032,7.11022,31.061184,14.655384,2.22482,0.024809945
TCGA.E9.A248.01,1.7730237,25.70903,1.9887815,25.4917,32.610043,8.084956,10.599802,15.040925,2.3501673,12.912854
TCGA.E9.A249.01,28.116316,0.60562724,7.5592723,20.832115,27.11575,14.146578,15.558049,13.652596,3.6234903,12.527523
TCGA.E9.A24A.01,33.823765,11.833097,18.956903,34.251575,10.686829,12.526047,0.06815555,18.821516,7.058596,3.2887483
TCGA.E9.A295.01,9.99755,17.250544,29.636238,0.26309156,0.0,15.90677,13.344602,10.823167,19.779457,42.38851
TCGA.E9.A2JS.01,0.0,2.3184164e-35,3.4804897,49.042953,0.0,6.5115676,7.3627596,7.087389,40.653194,38.456608
TCGA.E9.A2JT.01,4.181138,2.9352303,3.8072495,23.294338,7.3714256,4.2095156,4.2584844,3.8935661,36.6913,47.740185
TCGA.E9.A3Q9.01,29.367584,42.99134,30.958923,10.002545,12.572825,3.1988168,2.455806,3.743795,13.730267,16.394356
TCGA.E9.A3QA.01,14.819999,0.44896847,1.5521488,59.76292,11.319992,4.1179175,1.2102998e-22,7.35935,19.923151,4.2794533
TCGA.E9.A3X8.01,10.270531,0.81828535,11.500451,57.18602,2.1159744,5.548081,2.2496712,0.31936553,21.47736,39.817482
TCGA.E9.A54X.01,27.607897,18.321978,2.9260392,29.698534,7.1596737,12.24775,29.069513,5.50917,7.937786,8.471817
TCGA.E9.A54Y.01,9.800958,16.411747,2.334644,31.29284,0.0,3.3680675,25.215277,4.757693,4.753407,35.76598
TCGA.E9.A5FK.01,37.586403,3.3705223,11.058434,17.82831,1.721456,31.916307,28.223484,0.0,4.324705,26.342884
TCGA.E9.A5FL.01,0.3095984,0.0,8.936046,63.393814,4.6731343,20.642582,12.815657,8.262594,6.2068725,2.6240993
TCGA.E9.A5UO.01,69.950356,37.43426,1.3107095e-16,6.105406,6.6130743,3.3413265,36.407944,2.9859006,3.500064,1.7263003e-25
TCGA.E9.A5UP.01,34.498962,0.49379992,4.1348968,52.210423,0.0,14.419279,4.9327993,3.5589225,0.0,38.728737
TCGA.E9.A6HE.01,27.778675,1.2725402,5.217541,46.942043,6.8858404,11.118318,23.898668,6.8263135,4.334114,11.965157
TCGA.EW.A1IW.01,9.128376,0.49117395,4.933494,59.38706,2.6599534,23.058641,8.205512,11.340634,7.364623,17.979586
TCGA.EW.A1IX.01,12.978019,1.4677166,10.9103985,37.37156,8.366391,21.960274,11.547178,18.297628,5.4570727,17.671375
TCGA.EW.A1IY.01,11.892372,10.306455,20.974968,33.233498,21.261402,10.400118,27.13795,9.0526,9.682393,0.043817528
TCGA.EW.A1IZ.01,11.760202,2.0640838,1.9363734,34.29686,30.868744,15.140573,14.164457,13.611303,1.2327445,15.713638
TCGA.EW.A1J1.01,40.139977,7.2220225,0.5226495,8.12389,16.542196,0.0,66.751724,8.727511,0.8602168,11.437756
TCGA.EW.A1J2.01,15.848381,1.7133448,9.453185,19.084358,6.743679,29.29859,8.495451,11.782851,16.6977,32.441757
TCGA.EW.A1J3.01,32.327637,1.5530119,7.331851,5.2281837,2.8700511,4.167109,16.277323,15.732184,9.079551,54.718227
TCGA.EW.A1J5.01,10.780639,0.8953668,40.666336,3.7008426,3.2410588,22.098972,9.660343,7.980858,3.877329,62.18441
TCGA.EW.A1J6.01,30.38418,15.813491,10.04422,24.806381,6.8262105,5.7791743,8.099659,24.32014,3.5335226,30.273579
TCGA.EW.A1OV.01,12.000824,8.442979,4.0330844,1.6183414,29.33869,5.5012894,22.627398,41.580612,0.0,27.431679
TCGA.EW.A1OW.01,8.903916,0.2541853,3.0001113,54.11637,8.821512,5.740815,8.853674,14.428614,26.620514,0.005876848
TCGA.EW.A1OX.01,18.857904,88.469666,6.234645,28.494722,0.07521064,4.395049,2.175255,2.3416717,3.339137e-30,30.7046
TCGA.EW.A1OY.01,20.281786,7.006161,30.475933,29.952217,4.4454713,6.663416,1.2593822e-09,15.460797,0.06971674,48.61483
TCGA.EW.A1OZ.01,4.9939857,0.54355365,2.2083938,70.396,5.087644,6.234187,10.046289,9.325246,6.5966315,17.076063
TCGA.EW.A1P0.01,17.923168,2.9301662,69.476524,1.157261e-12,12.888648,2.5309315,7.31162e-24,37.539024,0.6534268,29.139927
TCGA.EW.A1P1.01,10.1314125,0.61047983,6.7671494,31.19107,5.214936,45.55467,3.8174887,15.0216255,15.312525,12.694975
TCGA.EW.A1P3.01,20.288084,13.756166,19.65418,35.243916,12.733725,11.1069565,16.823694,5.2548685,4.880998,16.85525
TCGA.EW.A1P4.01,12.181873,1.0224286e-12,0.53518766,22.549406,10.572323,2.5601017,6.7674055,42.16811,1.1856422,34.500023
TCGA.EW.A1P5.01,25.077326,17.789469,1.4230753,21.220438,17.499788,6.3144655,6.679691,22.67863,1.2515565,37.803146
TCGA.EW.A1P6.01,64.63511,4.271149,2.8313217,24.789167,16.421732,13.14716,4.5201316,15.107638,3.6202385,1.4339725e-08
TCGA.EW.A1P7.01,10.331517,1.0857265,2.7503726,30.134396,26.235542,15.8649435,1.0950737,16.104277,14.100457,5.7356505
TCGA.EW.A1P8.01,25.17284,0.113218755,0.25809446,0.27970985,12.732553,2.3052692e-07,21.263683,55.81072,1.2449186,29.048681
TCGA.EW.A1PA.01,10.71925,6.0292296,3.3077824,41.891075,6.7646227,11.214226,33.498886,5.049397,9.167214,2.1165776
TCGA.EW.A1PB.01,48.245358,5.697676e-26,0.18517151,43.785126,15.448569,3.0634794,7.407191,13.679301,2.0978491,6.1851473
TCGA.EW.A1PC.01,2.427779,19.623215,4.2788815,51.24661,0.12510231,3.8655229,4.18793,10.495978,6.232519,40.82536
TCGA.EW.A1PD.01,31.548265,2.58956,2.8065522,30.294538,1.0209266,15.6858,11.236515,26.905005,5.996167,24.59672
TCGA.EW.A1PE.01,18.61896,1.7643243,4.5599103,25.070509,31.130293,13.059741,1.8271023,12.562051,7.7723517,34.55321
TCGA.EW.A1PF.01,16.030954,0.2628085,4.5842385,48.07191,10.725694,19.485687,8.332489,24.251522,15.879616,2.821515e-05
TCGA.EW.A1PG.01,39.0521,2.7257032,3.7093177,18.937195,9.906463,25.359575,10.218604,9.604416,8.659123,27.42823
TCGA.EW.A1PH.01,5.215231,3.1149638,2.3364747,39.508503,5.1713767,12.149043,23.029705,15.113547,5.299354,3.4215662
TCGA.EW.A2FR.01,0.0,9.897345,4.388222,57.93108,5.1908693,9.370817,9.972886,12.158829,36.348576,5.217277e-11
TCGA.EW.A2FS.01,7.2676096,7.526304,3.4994483,24.157173,5.696456,22.87054,9.175107,12.517484,2.5211232,65.33261
TCGA.EW.A2FV.01,4.639035,14.519166,4.4015117,22.564102,2.563563e-31,9.965817,1.7903777,24.472336,10.006031,65.11001
TCGA.EW.A2FW.01,5.716001,33.630077,3.6223834,2.7968952e-05,16.019169,7.030163,0.0,22.24045,15.747341,49.72671
TCGA.EW.A3E8.01,13.196121,1.37428,4.9877424,40.243824,7.5287776,7.436171,15.822801,3.2556012,0.028554814,53.613537
TCGA.EW.A3U0.01,8.535328,0.0,1.9170429,62.284744,12.681296,5.356346,2.9576204,6.5261593,17.273571,6.5176215
TCGA.EW.A423.01,23.711212,8.82339,1.6029181,27.588009,6.7383623,5.797669,51.73723,4.671543,0.0,18.961712
TCGA.EW.A424.01,30.532032,2.8279035,43.676575,27.808369,1.3630649,29.44362,5.1684747,2.9337204e-22,5.7980026e-19,41.014328
TCGA.EW.A6S9.01,2.4406576,1.9707494,2.1009674,68.28899,0.26906747,0.31363297,21.100533,4.796083,6.5213985,36.49917
TCGA.EW.A6SA.01,25.460999,4.7165365,1.4550145,37.086403,0.0,0.0,11.310386,7.8575296,3.1745129,56.836174
TCGA.EW.A6SB.01,51.08865,0.0,0.0065280558,34.264725,42.962,0.0,4.8831285e-26,1.3837537e-27,0.54440475,15.5341215
TCGA.EW.A6SC.01,23.115398,1.4268296,3.7434585,41.321407,2.9517896,13.376895,21.812775,8.482452,13.223951,15.64089
TCGA.EW.A6SD.01,0.0,3.085705e-07,7.5516944,93.029144,0.7300253,0.0,12.181108,6.9865437e-12,0.0,49.881863
TCGA.GI.A2C8.01,8.421542,3.329361e-20,17.587301,49.87153,0.059156593,17.497663,5.7838216,6.3235826,5.955262,46.38923
TCGA.GI.A2C9.01,19.110277,0.5003818,4.9060063,37.927856,8.986014,6.295454e-35,7.9559016,10.169414,14.130777,22.896044
TCGA.GM.A2D9.01,5.6010566,21.121666,42.483818,6.7030587,4.533319,2.1994493e-32,2.1979716,7.6851573,25.61954,49.48828
TCGA.GM.A2DA.01,7.7559557,10.928831,2.9437704,13.415719,0.8192086,27.339647,14.73551,0.0,34.18089,51.80154
TCGA.GM.A2DB.01,2.949336e-33,2.1688364,4.487566,44.773964,17.711508,6.8450303,13.020943,1.0185766,47.23428,0.08053348
TCGA.GM.A2DC.01,6.8687453,7.1046133,2.2204504,1.046539,0.0,4.1502278e-18,12.45345,11.212544,35.687775,70.11556
TCGA.GM.A2DD.01,0.08642361,0.20342562,5.707282,28.659678,8.019817,5.3579965,9.750821,9.360505e-13,69.939125,26.21482
TCGA.GM.A2DF.01,8.988284e-15,1.701982e-27,2.4212317,32.970116,22.498806,4.6410313,12.146343,2.2598238,48.08843,9.888436
TCGA.GM.A2DH.01,0.7453258,8.521868,42.8456,16.347023,0.62338704,1.4084781,12.258711,5.624568,26.021273,37.305676
TCGA.GM.A2DI.01,14.125874,3.5347996,3.2647858,8.806837,0.73356354,1.7395959,3.9396842,9.082896,25.517162,73.14863
TCGA.GM.A2DK.01,5.6154356,5.274777,3.2374897,23.870354,0.82345176,16.786167,19.525488,0.027182845,80.03956,0.0006605854
TCGA.GM.A2DL.01,2.4652474,3.0661035,3.2723517,15.639753,1.2449595,38.322422,15.112956,1.3887175e-26,49.53513,33.770336
TCGA.GM.A2DM.01,28.325094,22.454628,15.854111,1.4756477e-11,3.0990527,28.228384,5.673388,4.432526,9.721729,43.87282
TCGA.GM.A2DN.01,19.336308,3.798727,10.657328,31.330326,18.583107,2.4840205,2.033612,0.00089272455,43.85764,17.52796
TCGA.GM.A2DO.01,3.3434527,3.7529272e-31,1.3264564,34.413925,4.216297,0.0,10.156505,6.430114,15.355786,48.937557
TCGA.GM.A3NW.01,33.654263,2.2598834,4.251891,21.812288,8.384557,9.276412,18.324862,5.161361,20.21915,23.17032
TCGA.GM.A3NY.01,17.167149,33.17434,22.883999,23.07519,11.513278,8.572769,9.091258,2.816786,14.149474,16.509499
TCGA.GM.A3XG.01,28.020813,1.6974624,8.033677,12.590847,3.4939048,35.13304,16.30059,4.857138e-22,11.655502,45.666668
TCGA.GM.A3XL.01,11.547758,0.61137646,0.9647359,37.941326,7.94218,7.447582e-09,8.918315,10.5999565,17.125284,31.863615
TCGA.GM.A3XN.01,10.966872,2.2541668,6.3608127,54.772213,4.1727853,10.541762,5.2402973,8.929125,34.890995,0.009619725
TCGA.GM.A4E0.01,7.0367174,15.432378,9.885551,27.880615,4.7797365,49.015152,10.839232,1.3627259,10.04566,13.990975
TCGA.GM.A5PV.01,50.29776,3.4051027,12.616503,16.807758,5.961683,37.505524,21.602089,0.057865318,7.187964,4.6433287
TCGA.GM.A5PX.01,29.626818,2.1409838,6.1022286,50.563473,8.218182,18.150024,11.711511,1.53339,18.471956,4.829696
TCGA.HN.A2NL.01,14.3899355,0.0,0.35490805,0.0013757345,9.126545,0.0,9.08725,9.198021,8.578789,60.839302
TCGA.HN.A2OB.01,27.611313,0.72207034,16.569632,34.12949,2.4454925e-27,22.989178,21.975754,2.9685236e-09,1.396234e-07,40.858368
TCGA.JL.A3YW.01,0.0,3.3308718e-13,3.0858297,79.1198,3.376316,1.5697187,3.0137475,4.7689567,27.253073,21.977585
TCGA.JL.A3YX.01,15.44907,0.71090215,4.059225,41.530853,2.0992355,31.517933,6.3223314,4.3576326,20.072384,22.28539
TCGA.LD.A66U.01,18.580452,4.9886956,5.3278584,24.464258,1.6920808e-07,36.22673,22.602682,1.4936218e-05,1.16354165e-20,46.033886
TCGA.LD.A74U.01,8.658255,12.802383,4.239259,33.025204,4.3820267,28.403921,5.491248,3.6756494,10.519357,40.73229
TCGA.LD.A7W5.01,19.579275,16.852531,3.2476223,35.5188,2.5937904e-31,12.212069,16.558935,6.8672185,1.1815832,41.971397
TCGA.LD.A7W6.01,50.401283,0.88909537,59.730755,23.205927,3.3207903,12.659576,6.448689,0.22168413,6.7492304,11.034687
TCGA.LD.A9QF.01,2.3126843,7.54131e-30,5.2670674,68.00935,8.183242,16.380222,1.4585795,5.280866,10.289507,13.377758
TCGA.LL.A440.01,13.943502,1.200965,5.5927753,49.570957,2.1156824,31.53568,4.737137,1.5876045,9.116646,28.13307
TCGA.LL.A441.01,24.714756,0.22216953,3.403206,32.813713,8.453383,11.2995615,11.123867,4.2890716,8.441107,20.842253
TCGA.LL.A442.01,58.612164,21.520607,0.11149516,11.505972,16.301039,5.011568,23.824654,6.825408,8.442435,1.5712624e-08
TCGA.LL.A50Y.01,20.94338,16.927076,3.2483597,26.010715,3.3603778,19.812227,40.53302,0.7603255,1.5002369,16.238827
TCGA.LL.A5YL.01,59.62812,12.268119,3.78369,40.686142,15.503687,15.656398,4.3270516,0.37738705,4.6446004,2.0576774e-05
TCGA.LL.A5YM.01,18.912815,23.406796,2.9866595,60.44917,8.457744,7.257367,9.694129,2.4238818,4.1432366,7.430067
TCGA.LL.A5YN.01,9.822354,6.4918537,3.2712038,28.369986,5.5955305,29.067472,20.10531,6.4041514,1.514624e-12,34.87896
TCGA.LL.A5YO.01,1.3694832,3.096395,2.9519525,52.818737,18.791248,13.324473,17.673124,10.214096,5.054398,1.5988581
TCGA.LL.A5YP.01,5.6262603,0.5619378,4.500121,53.936066,7.831768,11.813356,10.679739,22.07808,8.27634,1.3879453
TCGA.LL.A6FP.01,18.980328,40.993793,44.212303,11.052265,16.707127,0.0,45.108364,2.8074394e-33,0.0,2.0314846e-12
TCGA.LL.A6FQ.01,16.46829,4.7392797,48.936913,5.0860934,4.913244,48.423935,19.682741,1.2147285e-21,0.0,29.596008
TCGA.LL.A6FR.01,1.8008201,0.0,5.0197597,68.846855,4.61527,15.701245,5.147338,6.392569,12.652045,8.081287
TCGA.LL.A73Y.01,12.27178,3.988786,2.190716,49.712994,7.2028823,5.2684884,5.454748e-12,19.374321,8.4281225,21.889515
TCGA.LL.A73Z.01,10.200452,5.410542,4.2435904,32.313408,4.079339,23.98145,8.767159,4.4176593,29.292065,21.312077
TCGA.LL.A740.01,1.7571348,1.9960169,6.8482456,72.754944,6.2780952,8.940173,17.7031,3.2176132,17.723913,0.5173584
TCGA.LL.A7SZ.01,13.216544,0.35844493,1.8938414,58.570576,16.317574,1.6213363e-16,2.3791873,5.132389,3.4220998,41.849876
TCGA.LL.A7T0.01,38.873337,3.9374957,1.741745,48.62669,3.6529834,4.316994,14.399662,13.553499,6.3466706,4.4298806
TCGA.LL.A8F5.01,68.913025,0.23650496,2.2467878,21.813734,13.897696,1.4139035e-23,3.5158437e-10,5.701076,13.782762,27.833027
TCGA.LL.A9Q3.01,0.1286272,44.63304,14.9217205,41.441,4.2423067,8.882604,34.385754,0.9743165,4.574166,0.0024475346
TCGA.LQ.A4E4.01,27.382277,20.139717,12.941047,22.39417,11.825344,6.672861,46.49862,0.0,3.0953987,13.463113
TCGA.MS.A51U.01,20.48107,1.0849327,11.941958,21.968512,4.5569825,38.323864,11.977354,7.494584,3.431399,31.658207
TCGA.OK.A5Q2.01,12.085713,2.956607,5.1947975,32.63539,1.6737931,22.44116,10.815832,2.8080387,32.30842,28.256105
TCGA.OL.A5D6.01,1.6046736,3.6827753,3.1583714,40.873123,19.478018,12.114526,42.642826,2.9362336e-28,2.7338676,21.700073
TCGA.OL.A5D7.01,7.247572,0.0,0.07914409,17.30738,7.4663186,0.0,29.432177,8.755077,0.0,32.21444
TCGA.OL.A5D8.01,0.26518977,2.5100496,1.2639955,16.296097,1.4111806,0.0,93.47426,1.4619331,1.7067993,9.739136
TCGA.OL.A5DA.01,54.129353,1.3862917,8.270839,24.418488,1.0265462,18.614311,15.960152,3.0481579e-06,0.1989414,37.560486
TCGA.OL.A5RU.01,26.989754,4.097089,41.55891,32.3242,14.389564,19.886948,7.6773825,3.7661035,8.058577,0.81032103
TCGA.OL.A5RV.01,24.785477,5.2369537,14.303977,40.51403,5.9084053,17.879177,10.4948015,2.5689368,8.255067,20.634516
TCGA.OL.A5RW.01,3.5934234,1.0860372,5.1019998,26.382345,10.860591,3.506879,5.5165286,21.79252,3.969301,16.921043
TCGA.OL.A5RX.01,34.735996,1.285449,4.252489,18.605219,12.062919,28.463802,16.088043,3.6908383,8.645536,19.895226
TCGA.OL.A5RY.01,9.5955925,1.9548962,4.9817967,56.6766,11.360983,27.963264,2.2259269,5.817576,10.054604,6.7913947
TCGA.OL.A5RZ.01,1.0991578e-32,144.44548,0.0,11.993627,1.7253569,0.0,22.298536,0.0,0.0,1.9067558e-38
TCGA.OL.A5S0.01,2.6572652,0.0,3.1763015,72.238945,5.595315,10.7627535,8.263307,7.9183874,13.024324,0.8055603
TCGA.OL.A66H.01,60.68335,25.089727,2.0549917,25.03176,9.81858,13.80924,12.66976,2.2769017,7.9390993,0.00038904187
TCGA.OL.A66I.01,21.522865,4.207832e-15,3.562546,55.522667,8.85944,11.769745,8.575481,7.1018915,9.195058,2.8056161
TCGA.OL.A66J.01,8.036537,4.855506e-09,6.643852,37.318592,3.284501,39.545124,11.976572,14.639697,10.799733,2.869472
TCGA.OL.A66K.01,39.699856,5.896336,38.785297,37.11529,9.081197,17.252079,12.453955,0.45587623,3.3462496,0.7298429
TCGA.OL.A66L.01,40.52843,18.19683,3.5710752,36.310093,6.3317947,16.002047,16.727177,0.35216856,8.16336,1.6414007
TCGA.OL.A66N.01,29.069735,16.463804,3.8973405,14.190241,17.181898,13.006552,28.914557,5.890747e-09,3.356078,28.59942
TCGA.OL.A66O.01,13.913321,17.665756,5.0747013,1.1858702e-09,1.8167219,14.751235,47.451458,11.410904,0.7625265,31.168053
TCGA.OL.A66P.01,2.3663478,1.8934805,5.482534,57.166126,22.944613,23.280144,4.9011893,4.907131,7.0516944,1.3369358
TCGA.OL.A6VO.01,5.113006e-32,2.693452e-34,1.5666552,38.44839,4.0881853,4.9554787,16.743757,13.383782,13.600369,14.416591
TCGA.OL.A6VQ.01,34.036423,3.9156296,4.297679,33.659245,11.19449,10.840034,9.53941,3.387961,4.282913,34.22647
TCGA.OL.A6VR.01,39.37811,1.3906348,4.5296845,22.281977,0.42359382,9.753982,4.0533853,6.2248154,11.32704,48.511337
TCGA.OL.A97C.01,8.554852,0.2921184,4.64942,13.491288,5.4364896,31.920948,5.4242587,13.246043,0.19827616,57.919144
TCGA.PE.A5DC.01,7.534095,0.4952935,7.3661385,29.089975,0.0,15.278324,19.94694,3.414928,0.35255882,57.554317
TCGA.PE.A5DD.01,15.874296,12.101377,5.7853446,25.259722,6.0779004,11.271507,67.46493,6.7119725e-23,1.6251283,5.941269
TCGA.PE.A5DE.01,13.834202,11.408197,64.20894,16.910875,20.456388,7.602642,25.027514,3.221227e-36,1.7424183,14.170774
TCGA.PL.A8LV.01,5.0733433,4.9670053e-36,1.7834889,43.138565,16.940834,4.029913,21.458076,5.5496216,3.3392599,26.006084
TCGA.PL.A8LX.01,41.790314,39.26563,0.0,14.87899,5.0485826,37.714565,2.8013515,7.007016e-22,5.541483,21.149176
TCGA.PL.A8LY.01,23.170376,2.1117918,3.1948197,10.828807,9.308964,46.795868,1.4721111,2.8356202,15.488848,38.63381
TCGA.PL.A8LZ.01,7.2552934,0.0,3.0859442,41.392323,4.4098053,8.842403,4.25674,8.2728095e-11,88.57582,8.660888e-06
TCGA.S3.A6ZF.01,32.780003,4.954746,15.948198,41.28957,4.907044,6.143445,8.81756,15.918716,11.547225,3.3896248
TCGA.S3.A6ZG.01,25.025051,4.2481985,3.4692972,55.601482,4.437913,1.3229928,4.022959,3.783878,5.987153,42.105545
TCGA.S3.A6ZH.01,11.536777,8.1557725e-18,12.629391,38.338978,1.8572262e-33,0.003274396,7.704574,6.673697,3.4043135e-06,75.00017
TCGA.S3.AA0Z.01,14.831816,0.0,0.94132835,51.764683,13.788583,7.143788,2.929444e-26,15.492875,10.764124,0.031059423
TCGA.S3.AA10.01,6.2411523,0.0,1.4077079,58.937073,12.764927,1.9384727,4.377103,12.30301,5.8991365,18.501774
TCGA.S3.AA11.01,26.847685,7.8098674,2.9268184,47.728558,3.6356618,2.4752564,13.611586,7.346439,4.779338,24.42732
TCGA.S3.AA12.01,55.02585,6.745034,0.8734448,21.121914,21.12599,4.48909e-15,10.490745,15.609538,5.8407128e-34,19.622746
TCGA.S3.AA14.01,10.007287,0.39858785,3.5894873,67.499306,9.843645,5.6847816,7.2583294,5.002813,7.174944,19.750408
TCGA.S3.AA15.01,4.101119,0.0,3.4146707,49.07808,41.33864,14.623618,1.2362479,11.42725,13.4026575,7.9700345e-05
TCGA.S3.AA17.01,12.911107,5.8664336,3.3744168,26.218454,37.507187,4.413031,11.332104,4.398941,0.06556548,35.233353
TCGA.UL.AAZ6.01,5.5803266,2.7044466,0.61478704,74.67116,0.9779479,0.0,19.372,0.7375755,0.0,41.840553
TCGA.UU.A93S.01,5.9814334,5.130646,2.530048,60.010506,31.493618,4.870228,1.3788486,3.676539,10.20141,7.9402156
TCGA.V7.A7HQ.01,35.510826,8.949208,1.9497504,40.655422,6.69107,7.9942904,13.655873,12.330008,12.248859,0.9561347
TCGA.W8.A86G.01,38.16012,4.5585995,5.571801,15.9119425,1.886413,14.7347555,10.732227,4.379281,20.256517,40.200974
TCGA.WT.AB41.01,0.78921676,3.037282,2.3216481,35.03977,13.446406,27.103897,10.695767,8.068385,6.3932424,19.265186
TCGA.WT.AB44.01,22.291136,3.240672,38.841885,36.56005,11.819365,9.683361,12.216796,6.0331836,9.873415,0.32934052
TCGA.XX.A899.01,21.477781,1.5797614,8.575184,40.890053,2.2200408,12.559319,4.640318,4.474918,16.294977,29.415354
TCGA.XX.A89A.01,4.1598115,15.427197,14.917295,30.217176,6.8229322,28.778454,7.7040863,3.623935,15.594326,23.359436
TCGA.Z7.A8R5.01,29.271393,7.2182336,4.372053,47.763794,9.72349,15.359117,9.437876,3.8222117,9.21593,6.984095
TCGA.Z7.A8R6.01,9.734672,3.2865014,2.3986833,38.403027,1.6095078e-26,0.72679746,14.878053,9.7961645,3.343521,48.596878
