hsa-let-7a-1,70.34944,24.418507,357.0678,4.8169146,6.1062093,39.254044,0.20127197,40.079475,49.280678,48.814945
hsa-let-7a-2,140.94833,48.60991,716.17896,9.221716,13.364279,77.82184,0.37807927,81.49142,97.77148,96.75491
hsa-let-7a-3,70.91019,24.537287,358.12134,4.457385,7.148394,38.782204,0.19863354,41.356083,48.897625,49.537716
hsa-let-7b,5.7603525e-06,32.2311,133.94432,45.334743,83.44703,62.086063,9.135697,313.06265,142.05843,151.38167
hsa-let-7c,25.672733,9.738049,30.666502,3.9074285e-17,5.561611,7.346479,1.6124824,27.731571,25.060612,21.727297
hsa-let-7d,3.1933358,4.5353985,3.052222,0.89754456,4.749049,1.7679241,0.55720526,16.085238,3.3234472,2.459239
hsa-let-7e,12.858355,12.814326,61.127594,0.14788087,0.00031201378,20.25328,1.3068335e-07,10.173707,9.306869,6.227188e-12
hsa-let-7f-1,0.4345577,7.5070045e-25,2.0813444,0.11019048,0.0005202541,0.02006161,0.023154028,0.27494988,9.1066923e-29,0.3270435
hsa-let-7f-2,201.12363,8.9214705e-17,917.0873,10.077497,7.1936803,41.745358,1.3883562e-08,0.0017494921,1.4316876e-33,8.069486e-17
hsa-let-7g,9.097354,2.2722073,26.234922,3.9805555,4.9362655,2.6685262,1.2579591,1.3569058,3.7537056e-08,6.943904e-38
hsa-let-7i,0.009712517,1.57984,3.8969884,5.9402213,9.234168,2.6617632,0.1015669,10.58187,2.7185345,2.652321
hsa-mir-1-1,0.0,0.0,0.0,0.0,0.0,0.0,9.4290915e-11,0.0,0.0010865739,0.0
hsa-mir-1-2,4.028485e-35,0.0,1.8847897e-05,0.0,0.0,0.026765237,0.0,0.0,1.2735419,0.0
hsa-mir-100,0.0,118.61146,83.97709,76.24265,0.000395815,6.6082582,2.8862157e-10,64.43522,0.00016716596,2.6683472e-07
hsa-mir-101-1,1.4495302e-09,186.93378,22.575972,2.4280838e-27,57.538406,61.527996,18.198545,117.08316,123.67499,314.11996
hsa-mir-101-2,1.3502607e-27,0.12929799,0.9612759,1.5422078e-12,0.0,0.46918356,7.035874e-25,4.095653e-06,0.52361244,2.722976
hsa-mir-103-1,2.1685689e-09,356.3361,158.07074,93.142845,5.441135e-20,31.992607,3.2954496e-28,0.003572632,50.28274,267.02762
hsa-mir-103-1-as,0.0,0.0,0.0,0.0,0.0,0.0,0.0,0.0,0.0,0.0
hsa-mir-103-2,2.7426384e-17,0.111495174,0.030495252,0.07961109,0.00018605638,0.023076298,0.0001673738,0.06475556,0.017143898,0.086150765
hsa-mir-103-2-as,0.0,0.0,0.0,0.0,0.0,0.0,0.0,0.0,0.0,0.0
hsa-mir-105-1,0.0,0.0,0.0,0.03960074,0.0,0.0,0.0,0.0,0.0,0.0
hsa-mir-105-2,0.0,0.0,0.043180935,0.025936568,0.0,0.0,0.0,0.0,0.0,0.0
hsa-mir-106a,0.07064139,0.17551927,0.14608374,0.07373791,0.36461276,0.08208891,9.130352e-09,0.22678709,0.010449341,0.0
hsa-mir-106b,0.8225707,1.4430908,0.2366519,3.2708938,2.7522397,0.010022835,0.010041833,7.782827,3.5662491,2.8011613
hsa-mir-107,0.0893753,1.7499491,0.72448224,0.11062068,0.115172334,9.1960477e-14,3.3408373e-23,0.2102056,0.36352977,0.8462833
hsa-mir-10a,0.27147034,457.9551,0.123758644,181.04915,1.4916433,1612.0597,8.921606e-06,0.002423797,0.05894844,5.932691
hsa-mir-10b,278.7426,49.308502,391.79965,0.5386141,765.32745,2993.7832,5090.217,757.6585,43.7059,198.27298
hsa-mir-1178,9.2326285e-05,0.0,0.0,0.0,0.00037467966,0.0,0.0,0.00024378627,0.0,0.0
hsa-mir-1179,2.7182551e-14,2.9209937e-12,0.0058728326,0.0017337115,0.0015343307,1.4796759e-25,1.3487332e-11,0.003032107,1.7126302e-34,0.0
hsa-mir-1180,0.11476923,0.36477143,2.2684272e-25,0.08974855,0.008292637,1.637661e-14,8.456478e-29,0.15981475,0.04340451,0.17211677
hsa-mir-1181,1.358352e-34,0.0040538292,0.001376641,0.00040246526,0.0,1.4452972e-10,0.0021948896,3.3073062e-19,3.2502348e-07,4.9223803e-05
hsa-mir-1182,0.0,0.0,0.0,0.0,0.0,0.0,0.00012281183,0.0,0.00014197215,0.0
hsa-mir-1183,0.0,0.0,0.0,0.0,0.0,0.0,0.0,0.0,0.0,0.0
hsa-mir-1184-1,0.0,0.0,0.0,0.0,0.0,0.0,0.0,0.0,0.0,0.0
hsa-mir-1184-2,0.0,0.0,0.0,0.0,0.0,0.0,0.0,0.0,0.0,0.0
hsa-mir-1184-3,0.0,0.0,0.0,0.0,0.0,0.0,0.0,0.0,0.0,0.0
hsa-mir-1185-1,0.0,0.0,0.0046571014,0.0012928373,0.0,1.1424214e-34,0.0,0.00048635993,0.0,0.0
hsa-mir-1185-2,0.0,0.00012737304,0.00084436405,0.0010086162,4.2762432e-17,2.2645904e-07,0.0,0.0007556877,0.0,0.0
hsa-mir-1193,0.0,0.0,0.00030784679,9.989155e-05,0.0,0.0,0.0,0.0,0.0,0.0
hsa-mir-1197,0.0,0.0,0.00035818765,0.0007224698,9.126169e-33,0.00024012355,0.0,0.00054677215,0.0,0.0
hsa-mir-1200,0.0,0.0,1.97603e-05,0.0,0.0,0.0,0.0,0.0,0.0,5.065989e-05
hsa-mir-1202,0.0,0.0,0.0,0.0,0.0,0.0,0.0,0.0,0.0,0.0
hsa-mir-1203,0.0,0.0,0.0,0.0,0.0,0.0,0.00012281183,0.0,0.00014197215,0.0
hsa-mir-1204,0.0,0.0,0.0,0.0,0.0,0.0,0.0,0.0,0.0,0.0
hsa-mir-1205,0.0,0.0,0.0,0.0,0.0,0.0,0.0,0.0,0.0,0.0
hsa-mir-1206,0.0,0.0,0.0,0.0,0.0,0.0,0.0,0.0,0.0,0.0
hsa-mir-1207,0.0,0.0,0.0,0.0,0.0,0.0,0.0,0.0,0.0,0.0
hsa-mir-1208,0.0,0.0,0.0,0.0,0.0,0.0,0.0,0.0,0.0,0.0
hsa-mir-122,0.0,0.0,0.37977466,2.728197e-06,0.1804604,6.2934433e-21,5.075611e-05,0.89853185,4.2958386e-15,0.46843114
hsa-mir-1224,0.0,0.004316847,0.0037255771,0.0037652233,0.0006982376,0.0,1.723028e-31,4.6812846e-07,0.0076852166,0.0
hsa-mir-1225,7.129689e-18,0.0023486598,0.0009231946,0.0,8.911998e-24,0.0001430348,4.1821822e-05,0.0010720147,0.0003403017,1.9144116e-30
hsa-mir-1226,0.009543764,0.010514024,9.767164e-25,0.005077868,0.017932907,0.0,3.0821283e-27,0.039730437,0.0014620486,4.5358032e-08
hsa-mir-1227,0.0,0.0024070537,0.0,0.0,1.2352499e-12,0.0,6.762243e-05,0.0045032483,0.0007034286,0.0
hsa-mir-1228,0.0,1.1750756e-15,0.004445538,0.016153906,0.009925571,0.0,1.3627434e-24,0.03455806,0.005445201,7.335825e-30
hsa-mir-1229,0.01710163,1.5171262e-12,1.926565e-28,0.0038320092,0.021395242,0.0,1.7632197e-17,0.037711512,3.1668053e-05,0.006913954
hsa-mir-1231,0.0,0.0005076993,0.0,0.000419155,0.0001948041,0.0,0.00020474009,7.2758e-14,3.265739e-08,0.0
hsa-mir-1233-1,0.0,0.0,0.0,0.0,0.0,0.0,0.0,0.0,0.0,0.0
hsa-mir-1233-2,0.0,0.0,0.0,0.0,0.0,0.0,0.0,0.0,0.0,0.0
hsa-mir-1234,0.0,3.4936653e-05,0.0003217985,0.0002979425,3.1302278e-26,2.6888287e-18,0.0003230475,0.0019030647,3.8054605e-18,0.0
hsa-mir-1236,0.0,4.6282883e-05,8.6480097e-32,0.0,0.0,3.8662143e-37,9.215077e-05,0.0007236659,0.00018990338,0.0
hsa-mir-1237,0.0,0.00022758983,0.0,0.000609343,1.83425e-08,0.0,0.0,0.0029858123,0.0,0.0
hsa-mir-1238,0.0,0.002282117,0.0,0.0,0.0,0.0,0.0,0.0008457638,0.0,0.0
hsa-mir-124-1,0.0,0.0032685788,3.048687e-16,0.0,0.018315086,0.0009923804,0.0,0.0,0.0010371198,0.0
hsa-mir-124-2,0.0,4.308759e-05,7.4540743e-38,0.0,0.010324694,0.0005224308,0.0,0.0,0.0010178447,0.0
hsa-mir-124-3,1.9350106e-13,0.0,0.0,0.0,0.005645796,0.00015210251,4.9858886e-06,0.0,0.0013799422,0.00044895333
hsa-mir-1243,0.0,0.00121096,9.655414e-37,0.0011538427,0.0,0.00025046692,0.0,0.0,0.00059188716,0.0
hsa-mir-1244-1,0.0,0.0,0.0,0.0,0.0,0.0,0.0,0.0,0.0,0.0
hsa-mir-1244-2,0.0,0.0,0.0,0.0,0.0,0.0,0.0,0.0,0.0,0.0
hsa-mir-1244-3,0.0,0.0,0.0,0.0,0.0,0.0,0.0,0.0,0.0,0.0
hsa-mir-1245,0.0,0.0,0.0155795645,0.005101256,7.869903e-34,0.0028527095,0.0,0.0060760705,0.004143723,0.0
hsa-mir-1246,0.0,0.0,0.0,0.0,0.0,0.0,0.0,0.0,0.0,0.0
hsa-mir-1247,0.01387573,0.06934018,0.0,0.0,0.31853276,0.021092955,3.358091e-08,0.21366087,0.2296606,0.0
hsa-mir-1248,7.790675e-21,0.01406049,0.008964693,0.022298196,5.412161e-08,5.014215e-37,3.4671856e-08,0.009619961,0.0,0.0
hsa-mir-1249,0.006938739,0.005582845,0.002402373,0.028289914,0.020589659,2.0088234e-38,0.0039740927,0.05370446,0.007970952,2.445928e-21
hsa-mir-1250,0.0,0.0005170031,0.0,0.0008759016,0.0027062886,0.0,0.0006323124,0.0012903855,0.00020507378,1.8282045e-13
hsa-mir-1251,0.20174907,2.682234e-38,0.0,0.0,1.1812279e-11,0.0,0.00014855005,0.4851541,1.3147824e-29,0.0
hsa-mir-1252,0.0,0.00042643558,0.0,6.117716e-06,0.0,3.261685e-05,0.0,0.0,0.0,0.0
hsa-mir-1253,0.0,0.0,0.0,0.0,0.0,0.0,0.0,0.0,0.0,0.0
hsa-mir-1254,6.3662155e-05,0.018278375,0.0017384734,0.0040460587,0.0109597575,1.0958518e-36,0.0,0.0035816338,0.0,0.0
hsa-mir-1255a,0.0005457313,0.0018314578,0.004520048,0.003109046,0.0076617505,1.5483436e-37,3.8277207e-07,0.0077521857,0.0011645482,1.5755781e-21
hsa-mir-1255b-1,0.0,0.0,0.0,0.0,0.0,0.0,0.0,0.0,0.0,0.0
hsa-mir-1255b-2,0.0,0.0,0.0,0.0,0.0,0.0,0.0,0.0,0.0,0.0
hsa-mir-1256,0.00020266906,0.00063575583,0.0015044061,5.550321e-16,6.1013896e-05,0.0010457915,0.00055464654,0.0027247842,0.0011400318,0.0
hsa-mir-1257,3.1473282e-05,0.0,0.0,0.0,0.0,0.0,0.0,0.0,8.111108e-05,0.0
hsa-mir-1258,0.0007262825,0.017290251,0.0,0.0,0.0,0.0,0.0,0.0,0.0,0.0
hsa-mir-125a,2.0761266,6.962538,8.024883,1.5880303,3.7095017,15.796194,5.762252,31.108538,2.6589158,2.1824331
hsa-mir-125b-1,1.8886521,8.346947,7.0932674,4.2545495,2.5222547,4.878152,1.3517888,9.2593565,3.4144971,9.438195e-27
hsa-mir-125b-2,0.25822547,0.3936335,0.26368827,0.04196027,0.15800697,6.3583484e-06,2.319811e-10,0.1375494,0.16829495,0.104239985
hsa-mir-126,0.02615726,1.8809717e-26,14.266763,1.5562879e-29,30.472054,31.13531,126.3141,429.45694,149.43819,62.699352
hsa-mir-1260,0.0,0.0,0.0,0.0,0.0,5.659931e-05,1.888482e-05,0.0,0.0,0.0002743024
hsa-mir-1260b,0.00023375504,0.00045426626,1.12313065e-20,0.0,0.0,0.0,0.00019716348,0.0,3.7108276e-32,0.00036652398
hsa-mir-1261,0.0,0.0,0.0,0.0,0.0,0.0,0.0,0.0,0.0,0.0
hsa-mir-1262,6.3318436e-07,1.5591718e-29,0.016926385,0.0,0.002983067,0.008525909,0.005736077,0.028698578,1.0037102e-06,0.011361858
hsa-mir-1263,0.0,0.00024822162,0.0,0.0,0.0,0.00021607045,0.0,0.0,0.0,0.0
hsa-mir-1264,0.00016413962,0.00026839203,0.0,0.0,0.0,0.0,1.899823e-12,0.00087726593,0.0002112698,0.0
hsa-mir-1265,0.0,0.0,0.0,0.0,0.0,0.0,0.0,0.0,0.0,0.0
hsa-mir-1266,0.044766545,7.310104e-12,0.023361158,0.027621718,0.14047638,0.046652332,0.0045431294,0.09601703,2.9471434e-14,5.2450518e-20
hsa-mir-1267,0.0,0.0,0.0,0.0,0.0,0.0,2.0293273e-05,0.00018867728,0.00015988355,0.0
hsa-mir-1268,0.0,0.0,0.0,0.0,0.0,0.0,0.0,0.0,0.0,0.0
hsa-mir-1269,0.0,2.481238,0.0,0.0,10.609845,0.0,0.0,22.872831,0.0,0.0
hsa-mir-127,0.0,0.0,11.547151,3.387142,2.1615663e-37,3.7984767e-12,0.0,7.4034677,0.0,0.0
hsa-mir-1270-1,0.082617074,4.9949574e-14,0.22596045,0.0064071557,0.18810986,0.0,1.6466385e-17,0.44960988,6.9297956e-33,0.09422852
hsa-mir-1270-2,0.0834264,2.080299e-08,0.21763065,0.01960318,0.18114863,0.0,9.769943e-20,0.46929824,4.7232854e-33,0.079274096
hsa-mir-1271,0.04538617,1.717735e-10,0.030453596,0.06826119,0.062344182,0.014816693,0.010848006,0.31337616,0.04336494,0.0129885115
hsa-mir-1272,0.0,0.0,0.0,0.0,0.0,0.0,0.0,0.0,0.0,0.0
hsa-mir-1273,0.0,0.0,0.0,0.0,0.0,0.0,0.0,0.0,0.0,0.0
hsa-mir-1273c,0.0,0.0,0.0,4.7277685e-05,0.0008720482,3.0412422e-30,0.0,0.0,0.0,0.0
hsa-mir-1273d,0.0,0.0,0.0,0.0,0.0,0.0,0.0,0.0,0.0,0.0
hsa-mir-1274a,0.0,0.0,0.0,0.0,0.0,0.0,0.0,0.0,0.0,0.0
hsa-mir-1274b,0.0,0.016489588,0.0,0.014585384,0.041367054,0.0,0.00515403,0.012217558,0.03190844,0.0
hsa-mir-1275,3.8409175e-26,0.0014508875,0.0,0.002543204,0.005697595,1.154234e-12,0.0011684306,0.006013802,0.00067781104,4.0730707e-35
hsa-mir-1276,0.0,0.002006995,0.0,0.0,0.0007435437,0.0,0.0,0.0010078369,3.3823016e-29,8.85102e-24
hsa-mir-1277,0.0051747425,0.006441538,0.020356523,0.004113588,0.054044057,1.5906427e-21,0.000103042505,0.047655065,0.0066402033,0.0027437431
hsa-mir-1278,0.00019358666,1.4204077e-24,0.0,0.00033135677,0.0026883108,0.0,0.0,5.24309e-24,0.0,0.0003469958
hsa-mir-1279,0.0,0.0,0.0,0.0,0.0,0.0,0.0,0.0,0.0,0.0
hsa-mir-128-1,0.3479364,0.906502,0.2773373,0.21905267,1.2978069e-10,2.6730468e-32,3.1330726e-27,0.14321697,0.64026374,1.5123965
hsa-mir-128-2,0.23411879,0.5842433,0.16818228,0.18565461,1.3133324e-09,4.2702634e-38,4.5854177e-28,0.09725064,0.44885832,0.9746441
hsa-mir-1280,0.0,0.0,0.0,0.0,0.0,0.0,0.0,0.0,0.0,0.0
hsa-mir-1281,8.123585e-05,0.0,0.0001690455,0.00013569155,0.0,0.0,0.0,0.0,0.0001790057,0.0
hsa-mir-1282,0.0,0.0,0.0,0.0,0.0,0.0,0.0,0.0,0.0,0.0
hsa-mir-1283-1,0.0,0.0,0.0,0.0,0.0,0.0,0.0,0.0,0.0,3.2759723e-05
hsa-mir-1283-2,0.0,0.0,0.0,0.0,0.0,2.7835872e-06,0.0,0.0,7.3903415e-05,4.9143382e-05
hsa-mir-1284,0.00011593777,0.0,0.004791754,0.0022493717,7.908545e-14,4.4820054e-14,1.3702534e-30,0.0033489608,0.0,2.8981225e-33
hsa-mir-1285-1,0.0,0.0,0.0012126738,0.0016633868,0.0,1.8984046e-30,0.0006567592,0.0014145101,0.0,9.9460214e-24
hsa-mir-1285-2,8.1005426e-05,0.0,0.0,0.0,0.0,0.0,0.0,0.0,0.0,0.0
hsa-mir-1286,0.0,0.0003324181,0.0,0.0,0.0015617306,0.0,0.0,0.0,1.9461167e-10,0.0
hsa-mir-1287,0.17251424,0.1991906,3.4688962e-13,0.06532454,0.20169634,0.00471155,6.354742e-08,0.553188,0.26688576,0.14509378
hsa-mir-1288,3.39962e-11,0.0019281041,0.0044000833,0.00048784463,0.0072409026,0.0017080727,6.827995e-21,0.0066799,0.002957991,0.0
hsa-mir-1289-1,0.0,0.00012098334,0.0,0.00056469813,0.0,0.0,2.2646385e-05,0.00015564589,0.0,0.0
hsa-mir-1289-2,0.0,0.0,0.0,0.0,0.0,0.0,0.0,0.0,0.0,0.0
hsa-mir-129-1,2.8274525e-09,1.1394334e-07,0.0,0.0,0.0,0.3246149,0.0,0.0,0.0,0.0
hsa-mir-129-2,1.4992251e-12,7.414049e-15,0.0,0.0,0.0,0.3828659,0.0,0.0,0.0,0.0
hsa-mir-1290,2.7719367e-34,0.0,0.0,0.0,0.0,0.0,6.6783236e-05,0.0,4.2913832e-35,7.4353848e-06
hsa-mir-1291,0.007313339,1.0079598e-31,0.005116453,0.007000868,0.011339777,0.003956661,0.00014815632,0.019254334,7.415272e-19,0.004750709
hsa-mir-1292,0.0030941453,0.0054789903,0.0056561977,0.00496596,0.0066738436,1.515716e-17,2.7743219e-09,3.5956164e-05,0.0018453399,0.0015772167
hsa-mir-1293,0.0,0.0,0.0,0.043839645,0.020672515,0.0,0.0,0.0,0.0,0.0
hsa-mir-1294,0.0,0.0039025843,0.0024875144,0.0005896752,0.0026262188,9.084549e-16,2.4238676e-20,8.024842e-09,0.0019151577,0.00084238785
hsa-mir-1295,1.9927229e-09,0.033475444,0.02918658,1.1969296e-12,0.0146049885,2.406492e-24,0.0,0.004560884,0.0,0.010757285
hsa-mir-1296,3.0537576e-12,0.058440115,7.550745e-21,0.01065169,0.0016999136,0.04689328,0.014643115,0.079747155,0.05173546,0.0
hsa-mir-1297,0.0,0.0,0.0,0.0,0.0,0.0,0.0,0.0,0.0,0.0
hsa-mir-1298,0.0,0.012320308,0.0,0.0,0.0,0.0,0.0,0.0,0.0,0.0
hsa-mir-1299,0.0,0.0,0.0,0.0,0.0,0.0,0.0,0.0,0.0,0.0
hsa-mir-1301,0.118201874,0.17353517,0.10368504,0.07531139,0.18911752,1.6820521e-23,6.4967125e-09,0.29484966,0.0028968337,0.0001781508
hsa-mir-1302-1,0.0,0.0,0.0,0.0,0.0,0.0,0.0,0.0,0.0,0.0
hsa-mir-1302-10,0.0,0.0,0.0,0.0,0.0,0.0,0.0,0.0,0.0,0.0
hsa-mir-1302-11,0.0,0.0,0.0,0.0,0.0,0.0,0.0,0.0,0.0,0.0
hsa-mir-1302-2,0.0,0.0,0.0,0.0,0.0,0.0,0.0,0.0,0.0,0.0
hsa-mir-1302-3,0.00010830732,0.0,0.0004794014,1.0873742e-26,0.0011361965,0.0,0.0,2.7970481e-09,0.0,0.00042738882
hsa-mir-1302-4,0.0,0.0,0.0,0.0,0.0,0.0,0.0,0.0,0.0,0.0
hsa-mir-1302-5,0.0,0.0,0.0,0.0,0.0,0.0,0.0,0.0,0.0,0.0
hsa-mir-1302-6,0.0,0.0,0.0,0.0,0.0,0.0,0.0,0.0,0.0,0.0
hsa-mir-1302-7,0.0,0.0,0.0,0.0,0.0,0.0,0.0,0.0,0.0,0.0
hsa-mir-1302-8,0.0,0.0,0.0,0.0,0.0,0.0,0.0,0.0,0.0,0.0
hsa-mir-1302-9,0.0,0.0,0.0,0.0,0.0,0.0,0.0,0.0,0.0,0.0
hsa-mir-1303,0.00018458521,0.0005014171,0.0,0.0,0.0,0.00017310836,0.00022160915,2.5730808e-06,0.0,0.00012389099
hsa-mir-1304,0.004688512,0.010412498,0.011082596,0.008954232,0.013163781,0.0,0.0,0.0,0.0,0.0
hsa-mir-1305,0.0001566452,0.00095416047,0.0040252456,0.0033857636,0.0038061833,0.0,3.419173e-19,1.5671824e-22,1.8137345e-18,1.8086708e-07
hsa-mir-1306,0.075233065,0.023259459,0.008118126,0.024847109,0.1330237,0.018287994,5.029915e-05,0.20237026,0.050030965,1.8642056e-18
hsa-mir-1307,6.9823985,34.066174,9.691796e-19,6.333313,12.0711565,0.0,9.104827e-30,26.397606,3.256205e-06,5.8304434
hsa-mir-130a,0.34865424,3.8707683e-12,1.2670883,0.91704506,0.0004898212,0.8996912,0.63026845,1.234141,0.8058096,6.873135e-33
hsa-mir-130b,1.2806237e-17,6.51273e-19,0.15109576,0.27368632,0.1932948,0.003455413,1.3738751e-13,0.26628393,0.030996753,0.0
hsa-mir-132,9.903137e-14,0.6001163,0.56757534,0.6989995,0.5868455,0.8089517,1.848334e-23,0.2861451,0.3579979,0.6229749
hsa-mir-1321,0.0,0.0,0.0,0.0,0.0,0.0,0.0,0.0,0.0,0.0
hsa-mir-1322,0.0,0.0,0.0,0.00018075276,0.0,8.906921e-05,0.0,0.0,0.0,0.0
hsa-mir-1323,0.0,0.0,0.000457341,0.00020603336,0.0,0.0,0.0,0.0,0.0,0.0
hsa-mir-1324,0.0,0.0,0.0,0.0,0.0,0.0,0.0,0.0,0.0,0.0
hsa-mir-133a-1,0.0,0.023661051,0.0,3.4995262e-13,0.0,0.013875186,1.4502507e-26,0.0,0.47659034,0.0
hsa-mir-133a-2,2.271985e-26,0.0011167413,0.0,0.0,0.0,0.0005611641,2.9522996e-19,0.0,0.009177981,0.0
hsa-mir-133b,0.0,0.0,0.0,0.0,0.0,5.652431e-07,7.98419e-37,0.0,0.04417026,0.0
hsa-mir-134,0.0,0.0,4.7700834,1.9667742,4.4104783e-33,0.0,0.0,3.6656663,0.0,0.0
hsa-mir-135a-1,0.23597872,5.7121388e-09,0.0053001926,0.0,0.0295812,0.0,0.151751,0.17423266,0.0027189937,8.5356416e-36
hsa-mir-135a-2,0.025771769,1.1378726e-30,0.0076194294,0.0,0.0038372423,0.0,0.006522317,0.014437441,1.1663163e-20,1.0894558e-21
hsa-mir-135b,0.014462785,0.0,0.0,0.25000986,0.2667071,0.2727094,2.940552e-31,2.6550997e-13,0.0,0.0
hsa-mir-136,0.0,0.0,0.49997407,0.13301907,1.903565e-15,0.072419494,1.4367998e-35,0.3470299,0.010899499,0.0
hsa-mir-137,0.0,0.0,0.022267213,0.0055908994,0.0,0.0,0.0,0.0,0.0,0.0
hsa-mir-138-1,0.0,0.13114756,0.0031553574,0.017669983,5.721013e-07,1.3887333e-29,0.0,0.0,0.0,0.0
hsa-mir-138-2,0.0,0.116562605,0.0054018386,0.0039866986,7.545718e-05,0.0,0.0,0.0,0.0,0.0
hsa-mir-139,7.195868e-07,0.29666355,1.8892316,0.0,0.0,1.7140921,0.9909575,1.127457,2.5748508,2.5428755
hsa-mir-140,0.0,27.760303,2.9751956,13.776543,6.921782e-30,8.685223,1.6605302e-21,1.171891e-10,35.42352,38.97242
hsa-mir-141,0.012441921,0.0,0.0,0.0,0.0,4.854763,0.0,0.0,0.0,0.0
hsa-mir-142,10.391224,0.0021097844,22.357847,54.032135,98.11679,0.0,0.015095309,34.552914,0.06341441,3.8563482e-31
hsa-mir-143,3.098724,13.011504,1553.0431,9.38619,20.485287,230.82515,64.930046,1.4520594,3702.473,264.64
hsa-mir-144,2.0670476e-16,8.939606,9.141186,2.6320524,0.00028269654,0.0,8.4422903e-23,0.74860173,5.0979843,2.3633402e-05
hsa-mir-145,1.8928999e-28,7.41942,0.004283903,1.5865396,2.6068625,1.3501072,27.443851,7.758066e-07,112.737366,0.0
hsa-mir-1468,1.248171e-07,0.08244012,0.07447539,4.642343e-32,0.059674714,0.08732144,0.099403195,0.18780677,1.3866723e-08,0.25359982
hsa-mir-1469,0.0,0.00014715841,0.0,0.0,0.0,0.0,0.0,0.0,0.0,0.0
hsa-mir-146a,0.22141686,0.8653301,0.88014054,1.1923964,1.0263077,0.0,7.133243e-06,1.3859619,0.044823784,6.83279e-09
hsa-mir-146b,0.0,1.3866078,6.1341114e-24,23.61029,1.3047587,0.0,1.5078073e-28,17.733112,0.0,1.7111391e-29
hsa-mir-147,0.0,0.0,0.0,0.0,0.0,0.0,0.0,0.0,0.0,0.0
hsa-mir-1470,0.0,0.0,0.0,0.0,0.0,0.0,0.0,0.0,0.0,0.0
hsa-mir-1471,0.0,0.0,0.0,0.0,0.0,0.0,0.0,0.0,0.0,0.0
hsa-mir-147b,1.7571428e-18,0.0018799265,2.541297e-35,0.0076197963,0.0047578164,0.00067010167,3.0978722e-08,0.0036271776,0.0,0.0
hsa-mir-148a,131.84514,87.541534,4.7905316e-05,1.4238435e-06,2701.6562,36.716293,0.69547623,0.010221915,79.794044,31.357702
hsa-mir-148b,2.149104,0.61390066,2.0160673,0.9646653,3.9381933,1.312445e-15,0.0033449756,4.150742,0.4205521,0.8598242
hsa-mir-149,0.11151669,0.045821898,8.395323e-34,0.08688387,0.036369916,0.19938155,0.10078803,2.3990522e-06,0.13130482,0.0
hsa-mir-150,1.7773756e-16,4.1170025,0.62089235,6.46736,10.668064,0.0,0.05083692,5.131678,9.617602,6.8744685e-30
hsa-mir-151,10.83102,11.2428255,22.272429,6.823094,11.695007,2.1013873,1.9294444e-05,28.110281,16.66638,17.208069
hsa-mir-152,0.9281528,3.1766665,1.0493736,2.6655953,2.1126266,0.82672346,1.5785376e-11,4.196099,1.9937186,1.25387145e-33
hsa-mir-153-1,6.494918e-38,5.368784e-10,0.0,0.0025869086,0.05883562,0.0,0.0,0.021152956,0.002304801,0.0
hsa-mir-153-2,0.0,2.2322283e-16,0.0,7.723669e-08,1.4563991,0.0,0.0,0.09588086,1.866933e-12,0.0
hsa-mir-1537,0.0035004604,2.5148292e-29,0.0027420006,0.0070942873,0.0030751654,0.0,0.00017428395,0.002429407,8.345793e-19,0.0
hsa-mir-1538,5.5821856e-05,1.0606186e-09,4.604455e-20,0.0007247105,0.005871169,0.00033859938,0.00027297347,0.0022363286,0.000803825,0.0029742112
hsa-mir-1539,0.0,0.0,0.0,0.00021483796,0.0008952701,0.00028068133,1.37632585e-36,0.00026069055,0.0,0.00013725818
hsa-mir-154,0.0,0.0,0.11510395,0.03394221,3.0035277e-28,9.93393e-09,0.0,0.05304875,0.0,0.0
hsa-mir-155,0.019317038,1.8202706e-14,5.9721575,13.084193,16.623182,0.0,0.0006711515,2.4165769,1.959863e-34,4.1798177
hsa-mir-15a,5.8139387e-09,3.7590387,2.239156,1.1477008,0.0005239842,9.953599e-25,9.03063e-16,1.2103485,0.6268351,2.9568555
hsa-mir-15b,1.3910681,0.6635301,1.402192,1.609236,1.9009682,5.420794e-16,1.3009445e-09,2.6168864,1.1166872,0.48399714
hsa-mir-16-1,2.8426836,3.0321605,4.493455,4.6536226,8.859843,1.3211656e-32,0.4222468,15.939775,3.1900792,2.076428
hsa-mir-16-2,0.00034891316,0.091450304,0.058268066,0.102787115,0.03632122,1.7525736e-31,1.9591262e-08,0.09374652,0.05866807,0.047155876
hsa-mir-17,0.7025967,1.5301334,3.5956566,3.821208,1.7971017,2.3190517,6.897734e-05,5.7913804,2.6280081,7.0237556
hsa-mir-181a-1,1.2639324e-20,23.601017,17.111769,9.165965,6.099175e-16,1.3440074,2.4391078e-05,19.17944,13.612083,53.10124
hsa-mir-181a-2,2.3997247,4.0170345,1.3084322,4.2700973,0.00029501508,7.6346726,4.611907,21.067757,4.4184866,5.6658444
hsa-mir-181b-1,9.4582466e-23,3.845088,2.3351383,2.6399856,8.093964e-07,6.255532e-11,4.369583e-11,5.9849324,2.6756592,10.386881
hsa-mir-181b-2,6.2925747e-30,0.09894223,0.017749451,0.060379386,5.585312e-08,0.012282456,0.00059082604,0.0901861,2.4779328e-12,0.10987263
hsa-mir-181c,0.0,0.09091279,1.1879506e-13,0.62059075,1.9221516e-16,0.8967732,1.2733351e-08,0.46728858,0.82644314,0.53191805
hsa-mir-181d,0.0,1.3392789e-13,0.00047992583,0.15597059,6.37388e-23,0.16086979,2.9289465e-06,0.0930389,0.19868721,0.16984993
hsa-mir-182,35.96985,137.9007,1.784194e-12,53.2607,5.10545,21.505909,0.0,1.271566e-09,0.0,0.0
hsa-mir-1825,0.0,0.0,0.00015167533,0.00010675035,0.0,0.0,0.0,0.0,0.0,0.0
hsa-mir-1827,0.0,1.12445e-08,0.0,0.0,0.0,0.0,0.0,0.0,4.948683e-05,2.7183649e-05
hsa-mir-183,15.337054,35.62657,0.0,13.944967,0.00025382184,8.506721,0.0,2.2098564e-21,0.0,0.0
hsa-mir-184,0.0,0.1000366,1.4863884e-21,0.0,0.0,0.019858893,0.0,0.0,0.13914384,0.0
hsa-mir-185,0.26014388,1.7084999,1.3848412,0.4955676,0.2825094,0.0,0.0,6.5630356e-21,0.14873293,0.318829
hsa-mir-186,2.691223,0.40979624,6.6700015,1.9434025,4.2009478,2.3226508e-10,2.1702106e-05,5.2194786,0.7138171,6.2756334e-07
hsa-mir-187,0.91059726,0.0,0.0,0.0,1.0091962,0.0,0.0,0.0,0.0,0.0
hsa-mir-188,0.09762971,0.09794228,1.7613916e-11,0.0,0.12388282,0.028846128,1.4892731e-06,0.040442593,8.473798e-08,0.0
hsa-mir-18a,0.016252236,0.005912377,0.06499735,0.09706328,0.100916065,4.4863545e-25,0.00013755554,0.08142575,0.07035074,9.125941e-08
hsa-mir-18b,2.861012e-10,0.003290095,0.0060332776,0.0080822,0.020759102,1.3713243e-07,3.3559036e-23,0.0022568165,0.0013313569,0.0
hsa-mir-190,0.17749234,0.15323924,0.1297921,3.88661e-17,0.12355556,0.036143865,0.012319639,0.15815741,0.066104665,0.14496137
hsa-mir-1908,2.6525687e-21,1.1829648e-10,0.0,0.0006041673,0.0,0.0,9.2495546e-05,1.0890613e-29,0.0007021327,0.0
hsa-mir-1909,0.0,0.0014840765,0.0,3.2220684e-30,0.0023135354,0.0,0.0,0.0,0.0,0.0
hsa-mir-190b,0.0013684342,6.708106e-27,3.75088e-35,0.0029379085,0.006625737,0.0,8.2536315e-30,0.005743799,1.4147088e-07,3.8649709e-22
hsa-mir-191,5.387942,1.4699746,8.35861,4.3213944,3.5257752,1.5738088,0.44409984,7.271339,1.3146911e-05,1.467707e-34
hsa-mir-1910,4.2507854e-21,0.0005364443,0.0,0.004368289,0.011881402,0.0,0.0,0.00022051515,4.388919e-27,0.0
hsa-mir-1911,0.0,0.014724001,0.0,0.0,0.0,0.0,0.0,0.0,0.0,0.0
hsa-mir-1912,0.00020574873,0.000673227,0.00086272927,1.481164e-31,0.0,0.0,0.0,0.0,0.0002033144,1.02745936e-07
hsa-mir-1913,0.0,0.0017430511,0.00079496694,0.0,0.0,0.0,0.0,0.0,0.0,0.0
hsa-mir-1914,0.0005581943,0.0,0.0006814683,0.00060758326,0.0016559648,6.149527e-12,1.764217e-36,0.00063535816,0.000105618106,6.3187604e-16
hsa-mir-1915,0.00032978685,0.0,4.5481796e-05,0.0,0.0010580197,0.00040238738,0.0,0.0010491775,6.451292e-05,0.0
hsa-mir-192,22.611696,38.24225,4.912608,5.008703,335.80923,0.0,55.055298,239.37163,8.610206e-31,209.18208
hsa-mir-193a,0.005992274,0.6312498,1.7473842,3.076258,1.7937058,1.3484731,0.00049906416,4.7790895,1.1998793,3.0997994
hsa-mir-193b,1.9511143e-15,1.0477775,0.18198702,0.65454376,2.0537245,5.3625167e-33,0.0,0.21410123,0.08809758,0.0
hsa-mir-194-1,0.12585253,22.994946,1.1470659,8.93535e-06,23.476715,0.0,3.6683223,20.98396,3.8266054e-11,41.295406
hsa-mir-194-2,0.34641254,26.138262,1.775688,2.2834927e-06,25.483276,0.0,4.5075355,22.79843,9.35056e-14,44.929207
hsa-mir-195,4.2144356e-25,1.8889219e-20,0.6515746,0.28469265,0.9487824,0.10399356,0.2833658,0.78588766,1.0315917,0.13754536
hsa-mir-196a-1,1.4136467,0.13363892,0.36468464,1.7687227,4.057801,1.723804e-11,2.6210897,7.8386865,1.8540679,6.320823
hsa-mir-196a-2,0.33368188,0.024398772,0.70916146,0.07115616,0.07915043,0.0145375095,0.6519502,1.1322128,4.2014779e-07,0.831496
hsa-mir-196b,14.753652,0.0,33.19543,7.845536,40.57188,4.3598763e-29,0.29314664,46.639072,7.9099005e-18,0.0
hsa-mir-197,2.3054986,0.5848701,4.0960984,2.3925476,4.439034,0.73687017,0.0022609713,9.547359,1.0587068,1.0093964e-07
hsa-mir-1972-1,0.0,0.0,0.0,0.0,0.0,0.0,6.726707e-24,0.0,0.0,0.00013792711
hsa-mir-1972-2,0.0,0.0,0.0,0.0,0.0,0.0,0.0,0.0,0.0,0.0
hsa-mir-1973,0.0,0.0,0.0,0.0,0.0,0.0,0.0,0.0,0.0,0.0
hsa-mir-1976,0.067174405,0.14759268,0.046749987,0.11757232,0.12709913,5.4025226e-24,0.0037493452,0.12999727,1.2913437e-11,0.03817282
hsa-mir-198,0.0,5.7083864e-05,0.0,0.0005838827,0.0,0.0,0.0,0.0016300806,0.0,0.0
hsa-mir-199a-1,2.7256448e-27,0.1817227,9.587404,4.287121,1.1561161e-07,6.7295823,6.638327e-09,5.6097074,7.167108,0.0
hsa-mir-199a-2,1.2914922e-29,2.6552004e-06,16.31334,7.1387773,3.016885e-06,10.189672,1.3302394e-10,11.217824,10.529209,0.0
hsa-mir-199b,1.9910772e-37,5.9252365e-21,21.44455,8.553467,2.5228492e-06,10.365214,2.760267e-16,16.932976,9.158109,0.0
hsa-mir-19a,0.017221363,0.007490194,0.24120308,0.14875467,0.13558051,0.05611957,0.023158764,0.25352407,0.041952673,0.19891423
hsa-mir-19b-1,0.0003152938,4.3272776e-06,0.0061211134,0.036019202,0.055556636,0.02803878,0.0029456129,0.09155817,0.016437585,0.077091284
hsa-mir-19b-2,0.12444665,0.16897331,0.85119164,0.65594494,0.5048514,0.50444245,0.12477189,1.0079162,0.4178057,0.8924533
hsa-mir-200a,4.4698086,3.2465003,0.007550019,2.5585139,0.8559676,6.7583485,2.3624966e-07,5.1471987e-09,1.8337264e-32,0.99488306
hsa-mir-200b,2.6428192,2.9486105,2.181377e-16,1.6458213,2.166957e-36,6.752673,0.0,0.0,0.0,0.001005192
hsa-mir-200c,4.4275195e-11,0.0,0.0,0.0,0.0,29.491827,0.0,0.0,0.0,0.0
hsa-mir-202,0.0,1.1064625e-19,1.0900242e-31,0.0,0.0,0.0004927016,0.002691291,0.0016528132,0.015775524,0.0022139715
hsa-mir-203,10.615476,1.4373604e-13,1.5251646e-28,0.0,0.46401873,22.375786,1.1266941e-24,0.0,0.0,0.0
hsa-mir-204,5.8303347,2.311115,3.0462415,0.0,3.7564277e-26,1.47661e-26,6.03992,0.25765562,0.070443794,10.958356
hsa-mir-205,0.5593442,6.2398068e-18,0.0,5.9992655e-25,1.8201588,0.0,0.0,0.0,0.0,0.0
hsa-mir-2052,0.0,0.0,0.0,0.0,0.0,0.0,0.0,0.0,0.0,0.0
hsa-mir-2053,0.0,0.0,0.0,0.0,0.0,0.0,0.0,0.0,0.0,0.0
hsa-mir-2054,0.0,0.0,0.0,0.0,0.0,0.0,0.0,0.0,0.0,0.0
hsa-mir-206,0.019165287,0.007126358,0.0,0.0,0.0,0.060107384,0.0,0.0,0.0,0.0
hsa-mir-208a,0.0,0.0,0.0,0.0,0.0,0.0,0.0,0.0,0.0,0.0
hsa-mir-208b,4.005412e-11,0.0,0.0,0.0,0.0,0.0004087334,0.0,0.0,0.0,0.0
hsa-mir-20a,7.481726e-07,1.1017743,1.5034004,2.2058463,2.0362016e-13,1.395111,0.022188788,0.89026916,0.095013864,4.765335
hsa-mir-20b,0.19771154,0.5995095,0.5611694,0.096848145,1.2955594,0.3342356,0.0,1.5929258e-09,0.0,0.0
hsa-mir-21,13.021582,101.223595,508.97232,5281.6597,446.26694,1.3014805,104.02083,1291.036,111.257576,1818.9442
hsa-mir-210,9.712707,0.0,14.25586,19.75819,45.469093,2.6547614e-20,0.3329145,125.11625,2.111514e-06,49.195683
hsa-mir-211,0.026465377,0.0,2.260718e-26,4.109777e-06,0.025277678,0.0,0.0,0.014632039,0.0,0.011150985
hsa-mir-2110,0.024280958,0.014928204,0.040831015,0.00873753,0.019956702,1.4210493e-08,1.1151671e-14,0.0034330213,1.4562857e-17,0.004831299
hsa-mir-2113,9.96508e-05,0.0,0.0,0.0,0.0,0.0,0.0,3.5708665e-05,0.0,0.0
hsa-mir-2114,0.028301194,0.009357649,0.0,0.02303488,0.036911674,0.0,4.993192e-05,0.027656019,0.0005608981,1.2211649e-08
hsa-mir-2115,0.0,8.760625e-25,0.00085157447,0.0017187557,9.160974e-05,0.00010542484,0.0,0.0,5.994103e-30,0.0
hsa-mir-2116,1.6838002e-26,1.3278282e-06,0.0009426405,0.010049255,0.008294467,0.0019813997,1.1807907e-09,0.015154245,0.004120509,3.0713164e-21
hsa-mir-2117,0.0,1.9174042e-05,0.0,9.272188e-05,0.0,4.6627345e-05,2.4244868e-16,0.0,0.0,0.0
hsa-mir-212,1.6751798e-34,2.4419193e-12,0.024538457,0.04040769,0.04774897,0.03419686,3.4361435e-13,0.02850993,0.043109294,0.0046433974
hsa-mir-214,0.0,4.2161711e-13,0.23201828,0.1010804,9.9737445e-23,0.06572032,5.6572507e-12,0.098259225,0.15526167,0.0
hsa-mir-215,4.710045e-06,4.7283404e-09,0.0,0.24419232,3.110781,0.0,0.30031565,1.340046,0.0,0.69545305
hsa-mir-216a,0.0,0.079739235,1.9276192e-31,0.0,0.0,0.0,0.0,0.0,0.09057469,0.0
hsa-mir-216b,0.0,0.051416542,3.287683e-30,0.0,0.0,0.0,0.0,0.0,0.019425495,0.0
hsa-mir-217,0.0,5.434917,6.7166603e-37,0.0,0.0,0.0,0.0,0.0,1.8009948,0.0
hsa-mir-218-1,0.005587663,2.3918134e-10,0.008843269,0.0048516844,0.008038273,1.5619395e-34,1.030473e-06,0.0,0.0070501817,0.0
hsa-mir-218-2,0.0,0.7250167,0.33507174,0.07627659,0.045306776,0.056813575,0.02469002,1.2455331e-27,0.50121814,0.0
hsa-mir-219-1,0.014411953,0.01463552,0.011266856,0.013721424,7.971673e-18,0.0054727704,4.1417175e-06,0.024116004,0.014784344,0.019711204
hsa-mir-219-2,3.794803e-32,0.00085193117,0.0,0.0025916842,0.0009872759,5.7618027e-17,0.0031786978,3.142516e-23,0.0017045477,2.513422e-13
hsa-mir-22,17.470785,3069.8835,854.2828,564.5623,634.89545,1.8243929,38.331886,109.8548,160.99013,4.205585
hsa-mir-221,0.0,6.587847,0.49905953,1.289791,2.5367567e-27,0.22979635,0.0,0.0,0.0,0.0
hsa-mir-222,0.0,0.8610743,0.5889277,1.1201688,0.28584296,0.23835015,0.0,0.5954434,0.0,0.0
hsa-mir-223,1.574398e-21,2.7159963,1.610406,3.136096,1.771552e-19,4.8097276e-20,4.1831202e-23,0.018154392,0.5134662,3.267256e-24
hsa-mir-224,0.0,2.2671175e-35,0.17058294,0.77158886,0.43078282,0.0,0.004142364,1.2357671,2.8679888e-18,0.0
hsa-mir-2276,1.8793678e-18,8.935946e-28,1.02946644e-10,0.0,0.006512001,0.0012707271,0.0007581038,0.0024769788,0.0003558909,0.0016375972
hsa-mir-2277,5.044793e-18,1.9921647e-20,0.0,0.016568763,0.07491898,0.0,0.005342189,0.07566962,6.0203153e-27,0.0045191953
hsa-mir-2278,3.7595048e-05,0.0009138776,0.0,0.0,0.0020550166,4.317481e-30,0.0,0.001498439,2.5381558e-13,0.0004996065
hsa-mir-2355,0.015694872,0.047510974,0.1729464,0.3968111,0.6555471,0.039014053,0.37238,1.5607466,0.3982604,0.73943084
hsa-mir-23a,8.130913,7.1712446,6.7258887,14.658509,20.270193,4.926735,6.628495,60.462334,31.84799,16.243795
hsa-mir-23b,14.928278,7.0780797,6.861954,5.583617e-24,3.3669107,4.5771465,3.965074,22.931059,13.081608,8.469791
hsa-mir-23c,0.0,0.016915929,1.1607588e-11,1.2942735e-06,0.0,0.0024760065,2.0210336e-16,1.3042123e-35,0.00072824,0.008642804
hsa-mir-24-1,0.2519549,0.11448309,0.13616197,1.027036e-19,0.1535698,0.11547108,0.2321768,0.33549753,0.22237729,0.07053633
hsa-mir-24-2,4.8384337,7.367251,10.586,6.122059,3.1706417,4.036719,1.6711643,16.661652,17.458559,5.0907493
hsa-mir-25,3.1653478,43.9774,20.086767,47.76045,32.661507,4.6422844,12.373171,85.803406,41.193615,49.41392
hsa-mir-26a-1,0.06457801,8.472291e-08,1.09983316e-17,0.0,0.11290986,0.040151242,0.016838377,0.11161759,3.155482e-13,0.0
hsa-mir-26a-2,3.0542078,15.696159,24.297646,3.6482494,7.4506598,10.111796,7.0307627,4.3866234,16.81728,14.550422
hsa-mir-26b,5.620949,0.13527405,15.285823,2.2303643,10.048051,2.9075875,7.401678,10.095671,6.01312,2.1260464
hsa-mir-27a,0.73972625,1.9834509,2.6928885,7.0749497,5.6799183,3.2652647,2.886945,13.999864,12.290474,6.6697073
hsa-mir-27b,9.772649,13.742716,10.9455385,4.671203e-22,1.2635799e-06,7.5634193,2.8835754,2.5175722,13.723764,12.323531
hsa-mir-28,20.625517,6.054411,11.305337,39.47223,38.809246,9.424355e-13,8.353487,76.30382,39.547035,20.409714
hsa-mir-2861,0.0,0.0,0.0,0.0,0.0,0.0,0.0,0.0,0.0,0.0
hsa-mir-2909,0.0,0.0,0.0,0.0,0.0,0.0,0.0,0.0,0.0,0.0
hsa-mir-296,1.0226464e-23,9.8304825e-24,0.0,0.113780454,0.10221093,0.010260443,5.8068645e-32,0.10399057,5.5437686e-28,0.0
hsa-mir-297,0.0,0.0,0.0,0.0,0.0,0.0,0.0,0.0,0.0,0.0
hsa-mir-298,0.0,0.00012397829,0.0,0.00020124343,0.0,0.0,0.0,0.0,0.0,0.0
hsa-mir-299,0.0,0.0,0.038617626,0.014673747,0.0,9.187522e-31,0.0,0.020153267,0.0,0.0
hsa-mir-29a,8.103071,113.18984,50.34535,40.888958,68.889656,42.114502,9.084447,0.059758484,27.590466,0.58337384
hsa-mir-29b-1,1.9861333,5.496783,3.2957325,2.4114156,7.7052655,0.9156671,0.34574667,1.8703045e-05,8.321184e-09,0.5880882
hsa-mir-29b-2,2.7199597,6.371335,3.9458108,2.3589563,9.257427,0.76108766,0.64702624,0.017359272,4.0479182e-07,0.9676848
hsa-mir-29c,5.33114,56.1018,15.496447,0.0016459743,35.9827,5.116004,1.1083184e-08,1.0172883e-30,5.6386046,18.001833
hsa-mir-300,0.0,0.0,0.0,0.0,0.0,0.0,0.0,0.0,0.0,0.0
hsa-mir-301a,0.113936014,3.999869e-05,0.091498375,0.08441102,0.121899955,0.004520117,0.013000207,0.35712302,0.053115603,1.6828402e-08
hsa-mir-301b,6.8635874e-12,7.227888e-28,1.6895495e-08,0.0090072425,0.012892928,1.3577175e-13,2.045792e-16,0.032609913,0.0012662817,5.6725466e-35
hsa-mir-302a,0.00054977013,0.0,0.0,0.0,0.0,0.0008274508,0.0,0.0,0.0,0.0
hsa-mir-302b,0.00052891433,0.0,0.0,0.0,0.0,0.00097549707,0.0,0.0,0.0,0.0
hsa-mir-302c,0.0,0.0,0.0,0.0,0.0,0.0,0.0,0.0,0.0,0.0
hsa-mir-302d,0.00030433957,0.0,0.0,3.7447775e-05,0.0,0.00035580026,0.0,0.0,0.0,0.0
hsa-mir-302e,0.0,0.0,0.0,0.0,0.0,0.0,0.0,0.0,0.0,0.0
hsa-mir-302f,0.0,0.0,0.0,0.0,0.0,0.0,0.0,0.0,0.0,0.0
hsa-mir-3065,0.25282007,1.9852202,0.161433,0.0,0.11221058,0.0880346,0.0,0.0,1.9014039e-35,7.522177e-19
hsa-mir-3074,0.05780372,0.042712748,0.07668334,2.3026757e-20,0.119760744,0.014489262,0.06801606,0.24838032,0.00020805778,0.046575177
hsa-mir-30a,4125.115,926.7832,12.121795,1.9325204,16.158344,778.0416,893.58923,328.61526,531.54926,1316.4087
hsa-mir-30b,4.2409067,4.5166993,0.39905006,1.4435102,4.6909657,2.9761193,2.8232322,3.3417456,3.844141,2.1541955
hsa-mir-30c-1,0.038169377,0.046869643,0.028594797,7.303645e-20,0.025148036,0.00091073685,1.9780121e-25,0.015311981,1.6744499e-34,0.0
hsa-mir-30c-2,49.57752,19.620476,33.678112,0.03257211,1.358535,15.047705,6.211586,3.0399215,1.3392552e-07,4.5537796
hsa-mir-30d,57.5261,124.91261,23.341986,13.764926,32.74533,43.075024,2.505568e-09,93.21688,30.349228,154.29108
hsa-mir-30e,203.94809,226.5199,104.12792,0.17529012,235.85606,54.442204,24.10867,283.81183,22.429388,52.394352
hsa-mir-31,9.508958e-25,0.0,0.0,0.6104314,0.10347241,0.32940325,0.0,7.333239e-30,0.0,0.0
hsa-mir-3115,0.0,0.0,0.0003924353,0.0002452606,0.0,5.89325e-32,2.8150326e-17,0.00031815624,0.0,0.0
hsa-mir-3116-1,0.0,9.118173e-07,6.960368e-05,1.776895e-27,0.00071986025,9.035529e-05,9.107555e-12,0.00019526725,0.0,0.0
hsa-mir-3116-2,0.00062548363,0.0,1.9888705e-20,0.0,0.0026491608,0.0,7.308448e-22,0.00017481619,0.00022106801,0.0012328373
hsa-mir-3117,1.494287e-06,0.00046655544,0.006108307,0.001215484,0.0,0.007903421,0.0033388967,0.0075689456,0.0028723495,0.0067583094
hsa-mir-3118-1,0.0,0.0,0.0,0.0,0.0,0.0,0.0,0.0,0.0,0.0
hsa-mir-3118-2,0.0,0.0,0.0,0.0,0.0,0.0,0.0,0.0,0.0,0.0
hsa-mir-3118-3,0.0,0.0,0.0,0.0,0.0,0.0,0.0,0.0,0.0,0.0
hsa-mir-3118-4,0.0,0.0,0.0,0.0,0.0,0.0,0.0,0.0,0.0,0.0
hsa-mir-3118-5,0.0,0.0,0.0,0.0,0.0,0.0,0.0,0.0,0.0,0.0
hsa-mir-3118-6,0.0,0.0,0.0,0.0,0.0,0.0,0.0,0.0,0.0,0.0
hsa-mir-3119-1,0.0,0.0,0.0,0.0,0.0,0.0,0.0,0.0,0.0,0.0
hsa-mir-3119-2,0.0,0.0,0.0,0.00016167677,0.00030916955,0.0,0.0,0.0,0.0,0.0
hsa-mir-3120,0.0,0.0,7.867496e-05,0.0,0.0,0.0,0.0001749002,0.0,0.00029254003,0.0
hsa-mir-3121,2.670514e-12,0.00015104699,2.9303348e-05,2.939392e-38,0.0,2.2649181e-05,8.9006186e-05,0.0,0.0,0.00029717584
hsa-mir-3122,0.0,0.0,0.0,0.0,0.0,0.0,0.0,0.0,0.0,0.0
hsa-mir-3123,0.0,0.0,0.0,0.0,0.0,0.0,0.0,0.0,0.0,0.0
hsa-mir-3124,0.00020400807,3.3966984e-21,2.449128e-10,0.0008713453,0.003761704,0.0014901829,8.565648e-19,0.00042314912,4.9702743e-20,6.109418e-32
hsa-mir-3125,0.00030095995,0.0,0.00061850337,0.00018808669,0.0,1.3808184e-07,1.477989e-22,0.0,0.0014774913,0.0016391417
hsa-mir-3126,0.0,0.0,0.0008143474,0.00027899092,0.0,0.0,5.5878897e-09,0.0017600791,1.6678621e-21,0.0
hsa-mir-3127,0.0127710905,0.030788075,0.018124044,0.030262496,0.06057772,0.018639581,0.0022136641,0.055135097,3.0066636e-09,0.015823573
hsa-mir-3128,0.000275751,0.0,0.0008137505,0.0,0.0,0.0,1.1274463e-14,5.8082096e-05,2.3523194e-38,0.00046663184
hsa-mir-3129,0.0012233729,1.2107372e-09,0.0018885372,0.0013227981,0.001439387,0.0,3.779042e-22,0.0046772384,0.0,0.0
hsa-mir-3130-1,0.030379824,1.6581874e-09,4.7483292e-36,0.01638387,0.07265232,4.9480516e-22,0.011243903,0.12372435,0.024718363,0.04574889
hsa-mir-3130-2,0.0,3.6363483e-05,0.0,0.00017757024,0.0,9.241409e-28,0.0005011323,0.0,4.4661875e-11,6.114326e-05
hsa-mir-3131,0.0013267363,0.00024426368,2.9732446e-28,0.0023891989,2.4687116e-08,0.0,9.96281e-28,0.016035266,8.913869e-20,0.0006836599
hsa-mir-3132,0.0,2.088949e-12,3.8651025e-19,7.2526526e-21,0.0,0.0009660176,6.838797e-18,0.0015612813,0.0,0.0
hsa-mir-3133,6.322279e-05,0.0003559648,0.0,0.0001748849,0.0,0.0,0.0,0.0,0.0,0.0
hsa-mir-3134,0.0,0.0,0.0,0.0,0.0,0.0,0.0,0.0,0.0,0.0
hsa-mir-3135,0.00019701566,0.00027172558,0.0,0.0,0.0008827814,0.0,0.0,1.7613041e-30,0.0,0.0
hsa-mir-3136,0.00095512404,0.0021437504,3.3770566e-31,0.0052630366,0.00443351,2.3804485e-05,6.4080014e-21,0.0069592935,0.00074488454,4.424956e-27
hsa-mir-3137,0.00035058372,0.0,0.0,0.0,0.0032355671,0.00014053046,0.00031494326,5.7696067e-05,0.00026639417,0.0
hsa-mir-3138,9.917016e-35,0.0001973186,0.00039893354,0.0008299635,3.2113907e-28,1.55404e-36,8.8176567e-17,0.0033343127,7.840186e-07,0.0
hsa-mir-3139,0.00054094073,0.0,0.0001863496,4.033975e-08,0.0,0.0,0.0,2.5174306e-23,0.00044797937,9.3749295e-06
hsa-mir-3140,0.0,0.0004037255,3.74187e-27,0.001495775,5.000994e-17,0.0,0.00089299,1.757857e-36,0.0011271554,1.9848324e-08
hsa-mir-3141,0.0,0.0,0.00014569717,1.4294669e-05,0.0,0.0,0.0,0.0,0.0,0.0
hsa-mir-3142,0.0,0.0,0.0,0.0,0.0,0.0,0.0,0.0,0.0,0.0
hsa-mir-3143,6.657683e-11,6.8757496e-19,0.0,0.0006044367,0.000997083,0.0,0.0,0.00028004264,0.0005687992,0.0
hsa-mir-3144,0.0,0.0032584595,0.0,0.00052763167,0.0,0.0011380404,0.0,0.0,0.0,0.0
hsa-mir-3145,0.00026535412,0.0005063102,0.001603055,0.0006341318,0.0,0.00010328412,0.00014789056,0.001401268,2.744673e-36,0.0
hsa-mir-3146,0.0,0.00050245924,2.0941495e-06,0.00034778882,0.005170049,5.5771775e-08,0.0,6.4923414e-35,0.00043984543,0.0
hsa-mir-3147,0.0,0.0,0.0,0.0,0.0,0.0,0.0,0.0,0.0,0.0
hsa-mir-3148,0.0,1.4472021e-06,0.0,5.6963057e-05,0.0,0.0,0.0,0.0,0.0,0.0
hsa-mir-3149,0.00036918116,0.000996224,0.0021636612,0.0,0.0024016907,1.7845311e-34,2.922317e-07,1.8889106e-07,0.0,0.00057972805
hsa-mir-3150,0.0,0.0008834789,2.1731816e-24,0.00053759833,0.00048196875,0.00034895868,1.0092541e-25,0.0023420032,0.0,0.0
hsa-mir-3150b,0.0005071487,0.0039648362,3.653456e-19,0.0037543706,0.004772878,0.0004319167,0.003626384,4.3216843e-08,4.2707624e-30,6.101464e-34
hsa-mir-3151,0.0,0.0,1.0733313e-27,0.0006150164,0.0014747942,2.634423e-05,2.7841412e-12,1.1279611e-27,0.0,0.0
hsa-mir-3152,0.0,0.0,0.0014998369,0.0014828747,0.0,2.2396389e-05,0.0,0.0,0.0,0.0
hsa-mir-3153,0.0,0.0,1.7706621e-05,0.0,0.0,6.464934e-06,0.0,0.0,2.9468321e-05,0.0
hsa-mir-3154,2.3268848e-07,0.0010189682,0.0,0.0,0.0,0.0035242387,0.0,0.0,0.0,0.0
hsa-mir-3155,0.00011371507,8.948876e-35,0.0,3.6403533e-05,0.00058782793,9.845687e-27,0.0015669452,0.004792189,1.2106665e-09,0.0002955331
hsa-mir-3156-1,0.0,0.0,0.0,0.0,0.0,0.0,0.0,0.0,0.0,0.0
hsa-mir-3156-2,0.0,0.0,0.0,1.9423634e-08,0.0,0.0,0.0,0.0,5.5056713e-05,0.000113772025
hsa-mir-3156-3,0.0,0.00012246874,0.0,0.00017634279,0.00016876591,0.0,0.0,6.016683e-05,0.0,0.0
hsa-mir-3157,0.0049845306,0.0008094537,0.0015817637,0.0018038008,0.0027094635,9.3421743e-32,0.0012907484,0.008857201,0.002033789,0.0038405447
hsa-mir-3158-1,0.0028846757,0.0,8.616392e-24,0.0017362403,5.8065745e-38,0.0,0.0,0.008772386,0.0003172987,3.2825582e-08
hsa-mir-3158-2,0.0017185663,2.0698968e-05,0.003144168,0.0036893557,0.00093722343,0.0026634075,3.1853209e-21,0.010091958,0.00029363073,0.0023831325
hsa-mir-3159,0.0,0.00046855965,0.0,0.0004103227,0.0,0.0,0.0,0.0,0.0,0.00013888723
hsa-mir-3160-1,0.00019910182,7.797796e-36,0.0,5.280115e-14,3.2462017e-18,0.00010238961,7.4439104e-25,0.0004546278,0.0,0.0003101431
hsa-mir-3160-2,0.0,0.0,0.0,0.0,0.0,0.0,0.0,0.0,0.0,0.0
hsa-mir-3161,0.0040705665,0.008134629,0.00016723576,0.0020622576,0.006336627,0.0,0.0,1.5524267e-10,8.366093e-20,9.843004e-16
hsa-mir-3162,0.0,3.4739583e-05,0.0,0.0,0.0,0.0,0.0,0.0,7.668266e-05,0.00019663665
hsa-mir-3163,0.0,4.6074252e-05,0.0002907294,8.426777e-05,1.1122664e-34,0.0,0.0,3.1663195e-30,0.0,0.00012972872
hsa-mir-3164,0.0,0.0,2.1837967e-25,0.00035750784,0.00015802206,0.0,0.00043771433,0.00061416056,0.0,0.0
hsa-mir-3165,0.0,0.0,0.000794112,0.00016158282,6.9526664e-05,9.334003e-08,8.8208004e-08,8.590285e-05,0.0,0.0
hsa-mir-3166,0.0,0.0017742639,0.001717944,0.00014799347,0.00083919923,0.0,0.0,0.0,0.0,0.0
hsa-mir-3167,1.5786418e-05,5.521338e-05,0.0,5.3099254e-33,0.0,0.0,0.0,0.0,0.0,4.9222006e-05
hsa-mir-3168,3.540192e-05,1.8635949e-19,3.5555217e-07,0.00010888387,0.0,0.0,0.0,7.826312e-05,0.0,0.0
hsa-mir-3169,0.0,0.0,0.0,0.0,0.0,0.0,0.0,0.0,0.0,0.0
hsa-mir-3170,0.10773648,0.0,0.0033210842,1.2227576e-35,0.073542036,0.0,1.8370384e-06,0.153553,1.07878507e-16,0.051801804
hsa-mir-3171,0.0,0.0,0.0001314415,0.0,0.0,0.0,2.2381596e-20,0.0,0.0,0.0001974124
hsa-mir-3173,0.0,0.00087661133,0.0,0.0038244678,0.000574247,0.0029338023,0.0012683917,0.009095097,0.00071429304,0.0021894344
hsa-mir-3174,1.1102616e-05,2.4361555e-24,0.002292182,0.00020847085,0.0039017564,1.8821165e-34,9.976753e-21,0.0050373026,0.0012941848,0.00027038463
hsa-mir-3175,0.0,0.0018466226,0.0,0.0,8.111907e-06,0.0,0.0,0.0010174108,0.0,0.0
hsa-mir-3176,0.0010395303,0.0016483419,0.0,0.0016067066,0.0031403948,0.0,1.9607976e-06,0.0012064051,5.359351e-38,1.8691998e-07
hsa-mir-3177,0.0,0.0,0.001637311,0.0013947441,2.3670071e-14,4.5923178e-05,0.0,7.3904484e-23,1.1100373e-30,0.0
hsa-mir-3178,0.0,0.0,0.0023134295,1.1930981e-25,0.0016237702,0.00034402197,0.0,4.75195e-31,0.0,3.517937e-05
hsa-mir-3179-1,0.0,0.0,0.0,0.00010656475,0.0,0.0,0.0,6.982909e-05,0.0,1.0738438e-17
hsa-mir-3179-2,8.1005426e-05,0.0,0.0,0.0,0.0,0.0,0.0,0.0,0.0,0.0
hsa-mir-3179-3,3.476049e-05,0.0,1.4311688e-15,0.0,0.0,0.0002190256,0.0001778715,0.0,0.0,1.9924682e-20
hsa-mir-3180-1,0.0,0.0,0.0,0.0,0.0,0.0,0.0,0.0,0.0,0.0
hsa-mir-3180-2,0.0,1.4998056e-05,0.0,0.0,0.0,0.0,2.0384574e-05,0.0,5.4288248e-05,0.0
hsa-mir-3180-3,0.0,0.0,0.0,0.0,0.0,0.0,0.0,0.0,0.0,0.0
hsa-mir-3180-4,0.00072609587,6.695152e-11,0.0,0.0003812966,0.0,0.0,0.00014150143,0.00067752757,0.0,0.0
hsa-mir-3180-5,0.0,0.0,0.0,0.0,0.0,0.0,0.0,0.0,0.0,0.0
hsa-mir-3181,0.0,0.0,0.0,6.508e-05,0.0,0.0,1.5207647e-06,0.0006825433,1.913563e-10,0.0
hsa-mir-3182,0.0,0.0,0.0,7.051423e-05,0.00011481419,0.0,9.370796e-06,0.0,5.37047e-16,0.0
hsa-mir-3183,0.0017860008,0.0,0.0,0.0,1.8930778e-06,0.0,1.2053962e-14,0.0,0.0,0.0006877471
hsa-mir-3184,0.0,0.0,0.0,0.0,0.0,0.0,0.0,0.0,0.0,0.0
hsa-mir-3185,0.0,0.0,0.0,0.0,0.0,0.0,0.0,0.0,0.0,0.0
hsa-mir-3186,0.0,0.00019351907,0.0,0.000121113946,0.0007224178,8.794506e-05,0.0,0.0,0.000214728,0.0
hsa-mir-3187,0.0012896413,0.0026679523,4.7081205e-05,0.00067935983,2.5849944e-09,5.4313e-28,2.6379603e-06,0.0066192546,0.0011511325,0.0016451493
hsa-mir-3188,0.0017467887,0.0005340174,0.00044888665,0.0006793953,0.0045630797,0.0011585606,3.994307e-09,0.000280306,0.00016634019,0.0009787523
hsa-mir-3189,0.0014672899,0.004143568,0.0014244076,0.0020181166,0.0010413826,0.0,0.0,0.002890574,7.1306786e-24,0.0012589756
hsa-mir-3190,1.5134709e-12,0.0,0.00104351,0.00028376016,0.009805726,0.0,0.0011667063,0.0079974895,0.0021266276,0.0048042885
hsa-mir-3191,0.0013108489,0.0027729478,0.0043094405,2.3817308e-25,0.014763938,4.0037002e-26,2.5435919e-12,0.02171214,8.4190436e-17,0.0076534655
hsa-mir-3192,0.00072012056,0.0,0.0010497585,0.0016869265,2.7506883e-36,6.646879e-08,7.065443e-23,0.0002915439,0.0,0.00043079501
hsa-mir-3193,0.0020474785,2.6912618e-05,0.006235209,4.997691e-06,3.7880754e-19,0.00036181798,5.2728745e-05,0.0064034886,0.0019832058,0.0019662469
hsa-mir-3194,0.0031552182,0.0,0.001709008,0.00094924716,0.017807115,0.0,0.0,0.0033356254,2.126383e-07,0.0011855345
hsa-mir-3195,2.864078e-16,0.0,0.0,5.4729e-20,0.0,0.00017109541,4.9729024e-05,0.0,8.022288e-15,0.000114041264
hsa-mir-3196,0.0,0.0,0.0,0.0,0.0,0.0,0.0,0.0,0.0,0.0
hsa-mir-3197,0.0,0.0,0.0,0.000523335,0.0,0.00038628437,0.0,0.0,0.0,0.0
hsa-mir-3198,0.00021549582,0.0,0.0,0.000626212,0.002505095,0.0,0.0,0.0,0.0,0.00024022794
hsa-mir-3199-1,0.0040017175,1.9740519e-08,5.970341e-07,0.00051994703,0.0054827947,0.0032607717,0.0072437194,1.0595496e-36,0.012072081,0.0
hsa-mir-3199-2,7.731971e-35,2.574113e-13,0.0009934169,0.0035839342,0.0,0.007151654,2.5484917e-23,0.0028521777,0.009692123,0.0075370856
hsa-mir-32,0.11106078,0.15558764,0.17339064,0.13018453,0.14770296,0.046573285,0.033260796,0.39304113,0.12602702,0.19404933
hsa-mir-3200,0.017452681,0.066777565,0.02311109,2.0244785e-14,0.014970157,0.011310107,1.9702155e-32,0.01894767,1.1753252e-19,1.2850705e-14
hsa-mir-3201,0.0,0.0,0.0,0.0,0.0,0.0,0.0,0.0,0.0,0.0
hsa-mir-3202-1,0.000110518464,0.0,0.0,0.0,0.0005845142,8.309802e-36,0.0,0.0,0.0,0.0
hsa-mir-3202-2,0.00014866493,1.1966707e-21,1.6299059e-06,0.00043481632,0.0030797285,0.0,0.00011559829,5.363816e-37,3.38132e-10,2.5941981e-06
hsa-mir-320a,1.1873456,1.7305601,1.5223608,3.3523576,0.80639017,4.192427,1.7718606,13.513738,5.451962,3.14601
hsa-mir-320b-1,0.0,0.0,0.0,0.0,0.0,0.0,0.0,0.0,0.0,0.0
hsa-mir-320b-2,0.010963106,2.4856252e-08,0.01492008,0.021847019,0.057170007,0.03986639,0.005581749,0.17079856,0.0379481,0.02397686
hsa-mir-320c-1,2.47528e-25,0.004069798,0.0013850316,0.0045820307,3.4660252e-35,3.6980282e-06,0.0020109897,0.0012208816,0.0071844305,0.014817262
hsa-mir-320c-2,0.0,0.0,9.577991e-09,0.004215846,0.00766133,0.0043894826,1.2420018e-07,0.01932574,2.1087388e-17,0.0048385067
hsa-mir-320d-1,0.0040930426,0.0,0.0009201716,0.00016969624,0.004028671,1.6017151e-05,3.256131e-08,0.020592846,0.006052573,0.0043556485
hsa-mir-320d-2,0.0027101377,0.0,1.8654228e-15,2.908716e-25,0.008119785,9.517485e-08,0.0042011924,0.012201228,0.0011935539,0.004604304
hsa-mir-320e,0.0009565178,4.8964266e-12,3.1511304e-29,8.90337e-05,0.005901661,0.00046207197,0.0009302397,0.007206631,0.0019264321,2.6720723e-32
hsa-mir-323,0.0,0.0,0.2102986,0.03933148,0.0,0.0,0.0,0.0,0.0,0.0
hsa-mir-323b,0.0,0.0,0.097915284,0.016582785,1.1194727e-07,3.8053785e-15,0.0,0.08111679,0.0,0.0
hsa-mir-324,0.2778465,0.55453885,0.17296161,0.16243123,0.40680584,9.313539e-10,0.00017828673,0.9170874,0.2012448,1.5398368e-12
hsa-mir-325,0.0,0.0,0.0,0.0,0.0,0.0,0.0,0.0,0.0,0.0
hsa-mir-326,0.036666997,0.021039803,4.7576495e-35,0.00773143,0.16991878,0.02100684,0.008074023,0.20760748,0.07989592,0.0
hsa-mir-328,0.6680896,1.7827678,0.4199216,1.173126e-11,1.2140998,0.011952531,4.9848308e-09,2.336686,0.01287561,5.653144e-29
hsa-mir-329-1,0.0,0.0,0.0054900474,0.002989711,0.0,0.00011806293,0.0,0.0026685474,0.0,0.0
hsa-mir-329-2,0.0,0.0,0.0071914997,0.0025170734,0.0,1.124235e-22,0.0,0.0027599987,0.0,0.0
hsa-mir-330,0.0013799847,0.071611606,0.05003387,0.17391351,0.41589049,0.01071812,0.08139804,0.37575734,0.13769042,0.10688321
hsa-mir-331,0.25425795,0.06917049,1.8801329e-06,0.22568308,0.774612,1.6522395e-23,0.010437746,0.83007544,0.13787413,8.080689e-18
hsa-mir-335,0.107080765,1.4810278e-10,0.357888,0.45598018,7.564098e-22,0.3977815,0.112875536,4.4997914e-10,0.22246529,0.0
hsa-mir-337,0.0,0.0,0.6166758,0.17214242,2.7677297e-34,0.00819728,0.0,0.4376978,1.1826474e-30,0.0
hsa-mir-338,2.0171165e-23,1.1169978,2.226316,0.57372284,3.4482198e-10,0.903354,3.2367342,5.324281,6.2338176,7.2687964
hsa-mir-339,0.05230214,2.5831223e-06,0.3784635,0.55351126,0.853975,0.049120195,0.35739088,0.4698279,0.17484969,0.0467147
hsa-mir-33a,0.0,0.19703665,0.0,2.118891e-21,0.052391373,0.027872397,0.1770076,0.0,0.12487408,0.0
hsa-mir-33b,0.00086919713,0.0065398044,0.0,0.008376722,0.11027486,9.2188203e-38,0.005900106,0.04065748,0.010125734,0.003475861
hsa-mir-340,0.20277326,0.09145191,0.8772043,0.23395666,0.2179274,0.0,2.5619938e-18,0.11362223,0.10098966,0.14089428
hsa-mir-342,0.0038853495,0.15413919,1.5435544,2.3217187,3.129066,5.20745e-21,0.00015111823,3.3013976,0.9330084,0.77238566
hsa-mir-345,0.07938067,2.022966e-09,0.08315167,0.04002177,0.18783307,0.003492289,0.09719934,0.1508706,0.037294667,0.0
hsa-mir-346,0.0052318154,0.0,0.0,0.0017102394,0.0058009764,0.0,0.0,0.0,0.0027224787,0.0
hsa-mir-34a,1.115863,5.8489923,1.074163,3.1416693,3.0933883,0.020748561,1.2369454e-13,3.431953,0.22046228,0.6781797
hsa-mir-34b,0.0,0.0,0.004877869,0.045155033,0.0,6.672134e-20,0.0,0.009904967,0.0,0.0
hsa-mir-34c,0.0,0.0,0.01813862,0.2168537,0.0,0.0,0.0,3.9824908e-20,0.0,0.0
hsa-mir-3605,0.061656207,1.0838858e-15,4.8624776e-12,0.0111508295,0.13901532,0.012950427,0.0015965807,0.3543606,0.015409538,0.0
hsa-mir-3606,0.0,0.0,0.0,0.0,2.6459822e-05,0.0,1.9183066e-05,0.0,7.12693e-05,0.0
hsa-mir-3607,1.1436695,0.22645654,0.0,0.2027886,3.7087798,0.0,0.730594,4.094795,0.0035618166,0.0
hsa-mir-3609,6.861193e-05,3.274058e-22,0.002735992,0.0035838073,2.3874813e-38,8.4748635e-14,0.00037465536,0.0022562505,0.00071860757,0.0018775711
hsa-mir-361,0.031247977,6.0665298,2.229099,2.4667087,2.2664506,1.1194459,1.5459444e-05,2.6006713,2.1131759,3.8246331
hsa-mir-3610,0.0025005403,4.6444697e-09,0.002242443,0.0010496317,0.01475323,0.00058588624,0.0015289056,0.007839503,0.0033711665,2.6377105e-13
hsa-mir-3611,0.000121883706,0.00056875724,0.0,6.2008187e-24,0.0015925058,0.00012590802,1.7032384e-28,0.002174068,2.7975722e-32,2.3281305e-12
hsa-mir-3612,0.0,0.0,0.0,0.0,0.0,0.0,6.726707e-24,0.0,0.0,0.00013792711
hsa-mir-3613,0.043105945,0.093629725,0.12729265,0.10270158,0.13661574,4.3204043e-21,0.005001506,0.42742318,0.12346846,0.019018162
hsa-mir-3614,2.7921874e-33,0.023143826,0.005175698,0.018629529,0.023004638,0.0,0.0,3.2513322e-27,0.00052200747,0.0050077033
hsa-mir-3615,4.4178482e-30,0.052671768,0.013625814,0.034050044,0.008313991,8.569518e-27,2.912373e-27,0.007189881,0.019440254,0.03899562
hsa-mir-3616,0.0,0.0,0.0,0.001508619,0.00124009,1.5502622e-14,0.0,7.94444e-15,0.0,0.0
hsa-mir-3617,0.0,0.0,0.0,0.0016626298,0.004455513,0.00027433547,0.0,0.0,0.00011255228,2.0239225e-22
hsa-mir-3618,0.0,3.8939292e-17,0.00047835175,9.137559e-05,0.00029332287,1.7793508e-20,0.0005944861,0.0,0.00032893886,0.00028562022
hsa-mir-3619,0.0006050164,1.1969059e-34,9.766123e-18,0.0003850854,0.008132607,0.00062926457,0.0,0.0016480518,0.0025272006,6.920188e-06
hsa-mir-362,0.2502054,0.5382184,0.14869802,5.702691e-09,0.0009599686,0.39387506,0.044973098,0.0,0.0,0.0
hsa-mir-3620,0.00077866565,0.00023492471,0.0017597817,0.00041150695,0.0007009315,0.0,1.6728975e-14,0.0011159428,0.0012459339,0.0012393914
hsa-mir-3621,0.0,0.0,0.0,0.0,0.0,0.0,0.0,0.0,0.0,0.0
hsa-mir-3622a,3.3835604e-05,0.0,0.0005029523,0.0015691422,0.0,0.0035836454,0.0,1.5904712e-06,0.00025913946,0.00016644527
hsa-mir-3622b,7.766507e-05,0.0,0.0,0.0,0.0,0.0,1.2753167e-14,0.0,0.00045443582,0.00064192235
hsa-mir-363,0.025547227,0.328606,0.1357706,0.0034477166,0.39211673,0.1512565,8.972775e-21,2.6840592e-26,0.116414316,0.0
hsa-mir-3646,0.0,0.0,1.1010339e-27,0.00015487854,0.0,0.0,0.00043600865,9.71868e-07,0.0,0.0
hsa-mir-3647,0.026708962,0.034873843,1.1320009e-07,0.08145173,0.14367646,0.0001429768,0.053866103,0.16732417,0.018421311,0.0
hsa-mir-3648,0.0,0.02401156,0.0,0.06893593,0.0,2.6888455e-18,3.568262e-29,0.06314908,0.0,0.0
hsa-mir-3649,0.0,0.0,0.0,0.0,0.0,0.0,0.0,0.0,0.0,0.0
hsa-mir-365-1,0.047851734,0.34395835,0.18338196,0.3204531,0.42718178,7.988173e-08,8.3839195e-17,0.3549779,0.10078124,3.795577e-21
hsa-mir-365-2,0.050310872,0.28193098,0.14094009,0.3196527,0.47560835,0.00023884364,8.125884e-18,0.41458806,0.111349314,8.869681e-22
hsa-mir-3650,0.0,0.00037095463,8.596166e-37,0.0,0.00023221546,0.00026689997,0.00044527635,0.0,0.0,1.8266877e-36
hsa-mir-3651,5.2669967e-36,0.0043709124,7.245006e-08,0.0141645055,0.0,3.2728753e-08,2.187951e-06,1.982428e-12,0.0,0.0
hsa-mir-3652,1.7772603e-10,0.0018761351,4.6415762e-14,0.007776229,0.005807472,0.0013455476,0.002040094,0.0075032064,5.622398e-21,0.0
hsa-mir-3653,0.08089504,0.050253175,0.05261312,0.200032,0.1365332,6.166917e-26,0.05653725,0.33094266,3.710295e-10,0.080834106
hsa-mir-3654,3.94974e-26,0.0024315254,4.8084757e-36,0.0020903307,0.0061000367,0.0,2.1090806e-22,0.0018422008,0.0,0.0
hsa-mir-3655,0.0004190388,0.002063091,1.1215e-06,0.0026846814,0.0009077172,6.4896796e-11,0.0021570479,0.0004249553,0.0010910657,1.1913831e-07
hsa-mir-3656,0.0,0.0001358006,0.0,7.4460755e-22,0.0,0.0,0.0,0.0,0.0010160927,0.0
hsa-mir-3657,6.248807e-36,1.682105e-19,6.7679226e-05,0.00016602609,9.867181e-11,0.0,0.0,0.0004833284,0.00056847796,0.0
hsa-mir-3658,0.0,0.0,0.0,0.0,0.0,0.0,0.0,0.0,0.0,0.0
hsa-mir-3659,0.0,0.0,0.0,0.00036225183,0.0,0.0,0.00019431225,0.0,0.0,0.0
hsa-mir-3660,0.0,0.0,0.0,0.00070848875,0.0012529064,2.3216285e-22,0.0,0.0,4.87263e-22,0.00010358369
hsa-mir-3661,1.361528e-14,0.00024164005,0.0,0.00012729368,0.0007695535,0.0,0.0,0.0,0.0,2.2002052e-05
hsa-mir-3662,0.0005736333,0.0,0.00047095685,0.003444114,0.0018408815,0.0,0.0,0.0,1.3154499e-38,1.607216e-10
hsa-mir-3663,0.0,0.0,0.00020470236,0.00022040048,0.0,0.0,5.2933174e-06,0.0,0.0,0.0
hsa-mir-3664,0.0059939804,3.0227155e-27,1.6314903e-05,0.0029530958,0.010270469,1.2244097e-24,0.00047025623,0.019710604,0.0034466085,0.007860902
hsa-mir-3665,0.0,0.0,0.0,0.0,0.0,0.0,0.0,0.0,0.0,0.0
hsa-mir-3666,0.0,0.0,0.0,0.0,0.0,0.0,0.0,0.0,0.0,0.0
hsa-mir-3667,5.525019e-22,0.0018736597,1.1241169e-14,0.0007833264,0.004146309,2.1901262e-26,0.0012484936,8.451375e-12,0.0023046194,4.8235296e-12
hsa-mir-3668,0.0,0.0,0.0,0.0,0.0,0.0,0.0,0.0,0.0,0.0
hsa-mir-3669,0.0,0.0,0.0,0.0,0.0,0.0,0.0,0.0,0.0,0.0
hsa-mir-367,0.0,0.0,0.0,0.0,0.0,0.0,0.0,0.0,0.0,0.0
hsa-mir-3670,0.0,0.0,0.0,0.0,0.0,0.0,0.0,0.0,0.0,0.0
hsa-mir-3671,0.0,0.0,0.0,0.0,0.0,0.0,0.0,0.0,0.0,0.0
hsa-mir-3672,0.0,0.0,0.0,0.00013467498,0.0,0.0,0.0,0.0,0.0,0.0
hsa-mir-3673,0.0,0.0,0.0,0.0,0.0,0.0,0.0,0.0,0.0,0.0
hsa-mir-3674,0.0,0.0,0.0,0.0,0.0,0.0,0.0,0.0,0.0,0.0
hsa-mir-3675,0.0,0.0,0.0,0.0,0.0,0.0,0.0,0.0,0.0,3.2759723e-05
hsa-mir-3676,3.8963068e-16,0.008758898,1.2143121e-31,0.052795693,0.023727903,1.5082622e-38,0.0147576295,0.0858315,0.0,0.0
hsa-mir-3677,0.019295953,0.030810475,4.70646e-32,0.046353947,0.09233496,0.0,2.4316286e-16,0.09898301,0.008121842,0.0
hsa-mir-3678,0.0008564815,0.0027687382,0.0022471554,7.1986244e-05,0.012939708,1.181112e-27,0.0031350711,0.017423479,0.0014076653,0.009815125
hsa-mir-3679,0.0,0.0,0.00094949594,0.00086194987,0.0036742191,0.00011656549,0.0,0.0,2.2500064e-21,0.0
hsa-mir-3680,6.7013985e-08,0.004306282,0.0017230475,0.004043,0.0015218024,0.0009948598,1.141337e-24,3.9538758e-13,0.0024383327,0.0
hsa-mir-3681,0.0,0.0011976386,0.003030326,2.2396696e-07,0.0028833833,0.0,0.0,0.0014876202,0.0,9.695912e-25
hsa-mir-3682,0.00048559916,0.0053258566,0.0021342766,0.004106601,0.0075471997,8.984449e-15,1.6716248e-17,0.01021445,0.0022523035,6.682485e-14
hsa-mir-3683,0.0,0.0,0.0,0.0,0.0,0.0,0.0,0.0,0.0,0.0
hsa-mir-3684,0.00048222282,1.3646184e-30,0.0016422162,0.001316101,0.0023823965,0.0017211521,0.0,0.0013751865,3.236696e-05,0.001514208
hsa-mir-3685,0.0,0.0,0.0,0.00012859027,0.0,4.172179e-05,0.0002935729,0.0,0.00015650917,0.0
hsa-mir-3686,0.0,0.0,0.00030335065,0.0002135007,0.0,0.0,0.0,0.0,0.0,0.0
hsa-mir-3687,0.0,0.015196186,2.4984251e-15,0.019194784,1.4707039e-35,7.930294e-24,4.0883783e-20,0.007416608,0.0,0.0
hsa-mir-3688,1.4461056e-16,0.0014091337,0.0012099198,6.8262254e-15,0.0,1.3969162e-07,2.5310993e-38,7.3224115e-26,0.0014981048,0.0007987671
hsa-mir-3689a,0.0,0.0,0.0,0.0033668743,0.0,0.0,0.0,0.0,0.0,0.0
hsa-mir-3689b,0.0,0.0,0.0,0.0020201248,0.0,0.0,0.0,0.0,0.0,0.0
hsa-mir-369,0.0,0.0,0.15822026,0.040671617,0.0,6.850255e-05,0.0,0.056047913,1.0953588e-23,0.0
hsa-mir-3690,0.0027456973,0.014689275,0.010008262,0.014549232,0.0019454017,0.0,1.0475364e-20,0.011169517,0.002274741,9.1077175e-07
hsa-mir-3691,0.0006945581,3.3121592e-05,4.1703206e-22,0.0010034707,0.00037204952,0.0,0.0,0.0016815151,0.00013133278,0.0029994787
hsa-mir-3692,9.781223e-05,4.2794226e-15,2.6722055e-20,0.00025202913,0.0,0.0,0.0,0.0002557635,0.00065798615,0.0
hsa-mir-370,0.0,0.0,0.1181041,0.04148635,7.241617e-38,0.0027813744,0.0,0.08627649,0.0,0.0
hsa-mir-371,0.00066240935,6.172691e-09,0.0,0.0,0.0,0.00048984616,0.0,0.0,0.0,0.0
hsa-mir-3713,0.0,0.0,0.0,0.0,0.0,0.0,0.0,0.0,0.0,0.0
hsa-mir-3714,0.0,0.0,0.0,0.0,0.0,0.0,0.0,0.0,0.0,0.0
hsa-mir-372,0.0040031313,0.0,0.0,0.0,0.0,0.016605847,0.0,0.0,0.0,0.0
hsa-mir-373,0.00018282635,0.0,0.0,0.00058532204,1.8503597e-17,0.0017801961,0.00028722337,2.2502482e-20,0.0,0.0
hsa-mir-374a,2.7891617,9.280714,2.2774177,5.089343,3.925933,0.37962407,0.92054814,14.62484,7.7428527,8.634884
hsa-mir-374b,0.08406422,0.83617574,0.21144752,0.32199898,0.38534713,0.15103634,0.09288272,0.6427566,0.47642747,0.23381019
hsa-mir-374c,0.0006865301,6.1590014e-37,0.0,0.0,0.0019690993,0.0012978584,0.000963542,0.010692053,9.26961e-05,0.0
hsa-mir-375,0.0,2.5208638,0.36970922,2.4072335,0.164549,3.3172204,0.0,0.0,0.0,0.0
hsa-mir-376a-1,0.0,0.0,0.035461076,0.0074201263,0.0,3.0305245e-19,0.0,0.009870904,0.0,0.0
hsa-mir-376a-2,0.0,0.0,0.014825581,0.00540605,0.0,1.3764049e-22,0.0,0.0,0.0,0.0
hsa-mir-376b,0.0,0.0,0.022467075,0.0105976155,3.4558186e-22,2.722796e-12,0.0,0.015475079,2.111805e-37,0.0
hsa-mir-376c,0.0,0.0,0.10226964,0.029275464,3.413654e-35,3.814882e-05,0.0,0.03892485,0.0,0.0
hsa-mir-377,0.0,0.0,0.046158157,0.019161303,2.4515152e-29,0.0010923694,0.0,0.014566504,0.0,0.0
hsa-mir-378,0.4844563,16.326344,6.0286727,1.1949514,5.981738,0.0,1.9689831e-20,0.33406714,1.6013598,1.0003791
hsa-mir-378b,0.00030968658,0.0,0.0003810526,2.726195e-06,0.00014156367,0.0,0.0,1.4935359e-16,0.00051452866,0.00026830958
hsa-mir-378c,0.056922425,0.0973306,0.08337869,0.03894598,0.30789518,0.0,0.09720009,0.058713514,0.0051901457,0.18416898
hsa-mir-379,0.0,0.0,6.5987625,2.6134958,0.0,1.040453e-07,0.0,3.7215095,0.0,0.0
hsa-mir-380,0.0,0.0,0.015356561,0.0049335686,2.9858758e-32,2.457212e-17,0.0,0.0,0.0,0.0
hsa-mir-381,0.0,0.0,0.41445994,0.19696724,2.1827921e-38,0.0052067316,0.0,0.122158244,0.00047472338,0.0
hsa-mir-382,0.0,0.0,0.3403225,0.11635635,0.0,0.0,0.0,0.14751028,0.0,0.0
hsa-mir-383,0.0,0.0,0.0015523435,0.00066059356,1.0999537e-05,0.00011294988,0.0,0.0,0.0,0.0
hsa-mir-384,0.0,0.0,0.0,0.0,0.0,0.0,0.0,0.0,0.0,0.0
hsa-mir-3907,0.0,0.0,0.0,0.0,0.0,0.0,0.0,0.0,0.0,0.0
hsa-mir-3908,0.0,0.0,0.0,0.0,0.0,0.0,0.0,0.0,0.0,0.0
hsa-mir-3909,1.1364671e-11,0.0067628655,0.0016433891,0.0009945027,5.548368e-26,0.00070217997,1.0360959e-06,0.0066695632,0.00019011744,0.0045595923
hsa-mir-3910-1,0.0,0.0,0.0,0.0,0.0,0.0,0.0,0.0,0.0,0.0
hsa-mir-3910-2,0.0,0.0011568113,0.0013868626,0.0005813583,2.4944898e-32,0.0,0.0,0.0,0.0,0.0
hsa-mir-3911,5.307758e-15,0.0006961051,0.0,1.9549286e-12,0.0,3.5802976e-05,4.4701723e-05,0.0011108922,4.6661717e-05,0.0
hsa-mir-3912,0.011567842,0.002986267,0.042149957,0.005401168,0.0043595256,0.0,1.9115236e-20,2.0684794e-05,1.5110434e-14,0.016325342
hsa-mir-3913-1,0.00094966695,0.040587112,0.0085005695,0.013945095,0.008514182,0.014284025,3.3394088e-14,0.015581135,0.013779564,0.008034837
hsa-mir-3913-2,0.0,0.0,0.0,7.63558e-07,0.0,1.1692915e-28,9.631805e-05,0.0,0.0,0.0
hsa-mir-3914-1,5.925898e-05,0.0,5.5402925e-06,0.0,0.0,1.06860895e-35,6.295943e-22,0.0,0.00066957343,0.0
hsa-mir-3914-2,0.0,0.0,0.0,0.0,0.0,0.0,0.0,0.0,0.0,0.0
hsa-mir-3915,0.0,0.0,0.0,0.0,0.0,0.0,7.826057e-05,0.0,0.0,2.3525681e-05
hsa-mir-3916,0.0,0.0,0.00030142214,0.00020623195,0.0,0.0,0.0,0.00030007437,0.0,0.0
hsa-mir-3917,9.262911e-30,0.002096789,1.278557e-10,0.0052667623,0.010126061,0.0056488537,2.708629e-18,0.007248884,0.004332541,1.8834553e-05
hsa-mir-3918,0.0005442652,0.0,7.936473e-18,0.00012176384,0.000542585,0.0,4.6945985e-07,8.057381e-05,0.00039331176,0.00061811216
hsa-mir-3919,0.0,5.7664223e-05,0.0,0.00022316624,0.0,0.0,0.00033048133,7.36922e-06,0.0,0.0
hsa-mir-3920,0.0009804119,0.0,0.00015779537,0.00024560158,0.001373703,2.7010776e-12,0.0012543614,0.006606865,0.0030587136,3.0795184e-07
hsa-mir-3921,0.0,0.00014715841,0.0,0.0,0.0,0.0,0.0,0.0,0.0,0.0
hsa-mir-3922,0.0,0.01020762,0.004222445,0.015508368,1.6502052e-14,0.0,3.4167125e-09,4.2423654e-08,0.00040577273,0.0
hsa-mir-3923,0.0,0.0,0.002770682,0.0030843087,0.00041204508,0.0,0.0,0.0,0.0,0.0
hsa-mir-3924,9.345779e-05,0.0,0.0,4.7429432e-05,7.094357e-05,0.0,0.0,0.0,0.0,2.809087e-05
hsa-mir-3925,0.0,3.612766e-05,1.5988513e-28,0.0,0.0008222069,8.88271e-05,3.4341603e-35,0.0007245153,1.75377e-33,1.0849391e-36
hsa-mir-3926-1,0.0040029823,0.0024483283,0.0,0.005910582,0.0036767747,1.0643728e-11,7.143941e-14,0.022520015,0.006022331,0.0
hsa-mir-3926-2,0.0,0.004620068,1.9470369e-16,0.00035741713,0.0010244631,0.0,0.0,0.00079825305,0.0005832734,0.0
hsa-mir-3927,1.7104818e-09,1.3695936e-29,0.0,0.0,0.0,0.00022011975,0.0,0.0,0.0,0.0
hsa-mir-3928,0.011267219,3.6136193e-22,9.735505e-05,0.00885371,0.044142425,0.0013852777,0.004449761,0.042571254,0.00845038,3.880462e-32
hsa-mir-3929,0.0,0.0,1.0572676e-34,0.0,0.0008223453,0.0,0.0,0.0,0.0,0.0
hsa-mir-3934,0.0040011876,4.2347466e-20,0.008391263,0.02001972,0.011846546,1.5790383e-07,0.0009008249,0.015510748,0.004792156,0.0024168324
hsa-mir-3935,0.0,0.0,0.0,0.0,0.0,0.0,0.0,0.0,0.0,0.0
hsa-mir-3936,0.0032576192,2.053663e-12,7.951042e-38,0.002706153,0.0074354503,0.0,0.0010970054,5.1994745e-18,0.0009418562,7.811556e-06
hsa-mir-3937,0.0,3.1027858e-20,0.0,0.0045430106,0.034544475,0.0,0.0,0.007884779,0.0,0.0
hsa-mir-3938,9.193165e-05,0.0,0.0,0.0,0.0,0.00022299019,0.0,0.0,0.0,5.15519e-36
hsa-mir-3939,0.0001521463,0.0,0.0010788365,2.255054e-09,0.00061985536,0.0,2.4857894e-13,0.0010673425,0.0005710066,0.0019459561
hsa-mir-3940,5.0584943e-19,9.378098e-06,0.0,0.011703862,0.053123314,0.0,5.3939204e-21,0.01894713,0.0,1.5182009e-05
hsa-mir-3941,0.0015720123,7.6406775e-34,0.0050470727,0.0058475225,0.0021282781,2.33093e-23,0.003981743,0.040318802,2.6811671e-11,0.022177147
hsa-mir-3942,0.003115394,0.00014974547,0.0015005824,1.0521372e-14,0.0027574142,0.0,1.4218952e-35,0.0030652038,0.0005256378,0.0032602204
hsa-mir-3943,0.0,4.209611e-05,0.0,2.7840491e-05,0.0,0.0,7.312719e-06,0.0,3.3310684e-05,0.0
hsa-mir-3944,0.0018434027,0.00423883,5.854899e-19,0.0020678442,7.3175136e-13,0.0,0.00048998743,0.0013161235,0.0010188138,0.0026799534
hsa-mir-3945,0.0,0.0,1.0627247e-19,0.0003329094,0.00042613133,0.0,0.0,0.0,0.00023318939,0.0001646998
hsa-mir-409,0.0,0.0,0.6413424,0.18336591,5.661316e-32,7.0670935e-21,0.0,0.43481183,0.0,0.0
hsa-mir-410,0.0,0.0,0.11632586,0.054037493,0.0,0.008829936,0.0,0.02751704,0.0022634014,0.0
hsa-mir-411,0.0,0.0,0.13947539,0.039247338,0.0,7.340739e-11,0.0,0.03992693,0.0,0.0
hsa-mir-412,0.0,0.0,0.146572,0.043568596,0.0,0.0,0.0,0.05323867,0.0,0.0
hsa-mir-421,0.010339006,0.04983467,0.06932823,0.022214878,0.009682121,3.0380084e-32,5.2742015e-31,0.017349618,6.5751995e-09,9.6510515e-11
hsa-mir-422a,0.0,0.0,0.0,0.0,0.0,0.0,0.0,0.0,0.0,0.0
hsa-mir-423,1.5124285,1.2839683,2.5447848,1.3620421,1.3630917,0.24721153,0.00014627512,3.0193338,0.32492936,0.85461855
hsa-mir-424,3.377976,5.9978854e-21,7.882381,1.5270075,18.987082,1.4551745e-30,0.00019402616,19.634132,3.6028378e-24,0.0
hsa-mir-425,4.1228084e-28,1.0384158,0.90148836,2.2114713,6.815449e-08,5.280606e-19,0.1265083,0.54819876,0.27086145,0.0
hsa-mir-4251,0.0,0.0,0.0,0.0,0.0,0.0,0.0,0.0,0.0,0.0
hsa-mir-4252,0.0,0.0,0.0,0.0,0.0,0.0,0.0,0.0,0.0,0.0
hsa-mir-4253,0.0,0.0,0.0,0.0,0.0,0.0,0.0,0.0,0.0,0.0
hsa-mir-4254,0.0,1.6567219e-05,8.943913e-05,0.0,2.4795296e-16,0.0,0.0,0.0,5.559827e-05,0.0
hsa-mir-4255,0.0,0.0,0.0,0.0,0.0,0.0,0.0,0.0,0.0,0.0
hsa-mir-4256,0.0,0.0,0.0,0.0,0.0,0.0,0.0,0.0,0.0,0.0
hsa-mir-4257,0.0,0.0,0.0,0.0,0.0,0.0,0.0,0.0,0.0,0.0
hsa-mir-4258,0.0,0.0,0.0,0.0,0.0,3.7195554e-05,1.2113497e-05,0.0,0.0,0.0
hsa-mir-4259,0.0,0.0,0.00010798991,0.0,0.0,0.0,0.0,0.0,0.0,0.0
hsa-mir-4260,0.0,0.0,0.0,0.0,0.0,0.0,0.0,0.0,0.0,0.0
hsa-mir-4261,0.0,0.0,0.0,0.0,0.0,0.0,0.0,0.0,0.0,0.0
hsa-mir-4262,0.0,0.0,0.0,0.0,0.0,0.0,0.0,0.0,0.0,0.0
hsa-mir-4263,0.0,0.0,0.0,0.0,0.0,0.0,0.0,0.0,0.0,0.0
hsa-mir-4264,0.0,0.0,0.0,0.0,0.0,0.0,0.0,0.0,0.0,0.0
hsa-mir-4265,0.0,0.0,0.0,0.0,0.0,0.0,0.0,0.0,0.0,0.0
hsa-mir-4266,0.0,0.0,0.0,0.0,0.0,0.0,0.0,0.0,0.0,0.0
hsa-mir-4267,0.0,0.0,0.0,0.0,0.0,0.0,0.0,0.0,0.0,0.0
hsa-mir-4268,0.0,0.0,0.0,0.0,0.0,0.0,0.0,0.0,0.0,0.0
hsa-mir-4269,0.0,0.0,0.0,0.0,0.0,0.0,0.0,0.0,0.0,0.0
hsa-mir-4270,0.0,0.0,0.0,0.0,0.0,0.0,0.0,0.0,0.0,0.0
hsa-mir-4271,0.0,0.0,0.0,0.0,0.0,0.0,0.0,0.0,0.0,0.0
hsa-mir-4272,0.0,0.0,0.0,0.0,0.0,0.0,0.0,0.0,0.0,0.0
hsa-mir-4273,0.0,0.0,0.0,0.0,0.0,0.0,0.0,0.0,0.0,0.0
hsa-mir-4274,0.0,0.0,0.0,0.0,0.0,0.0,0.0,0.0,0.0,0.0
hsa-mir-4275,0.0,0.0,0.0,0.0,0.0,0.0,0.0,0.0,0.0,0.0
hsa-mir-4276,0.0,0.0,0.0,0.0,0.0,0.0,0.0,0.0,0.0,0.0
hsa-mir-4277,0.0,0.0,0.0,0.0,0.00017156948,0.0,0.00016314244,0.0,0.0,1.1726376e-34
hsa-mir-4278,0.0,0.0,0.0,0.0,0.0,0.0,0.0,0.0,0.0,0.0
hsa-mir-4279,0.0,0.0,0.0,0.0,0.0002010716,7.971445e-05,5.8467862e-37,0.0,1.699666e-11,0.0
hsa-mir-4280,0.0,0.0,0.0,0.0,0.0,0.0,0.0,0.0,0.0,0.0
hsa-mir-4281,0.0,0.0,0.0,0.0,0.0,0.0,0.0,0.0,0.0,0.0
hsa-mir-4282,0.0,0.0,0.0,0.0,0.0,0.0,0.0,0.0,0.0,0.0
hsa-mir-4283-1,0.0,0.0,0.0,0.0,0.0,0.0,0.0,0.0,0.0,0.0
hsa-mir-4283-2,0.0,0.0,0.0,0.0,0.0,0.0,0.0,0.0,0.0,0.0
hsa-mir-4284,0.0,0.0,0.0,0.0,5.2616353e-05,0.0,5.6127978e-05,0.00045193604,1.5604906e-27,0.00017445371
hsa-mir-4285,0.0,0.0,0.0,0.0,0.0,0.0,0.0,0.0,0.0,0.0
hsa-mir-4286,0.0016473564,0.00073434715,0.0011159456,0.00024265888,0.0,2.9399973e-05,0.0,5.9028005e-13,0.0,1.9052986e-09
hsa-mir-4287,0.0,0.0,0.0,0.0,0.0,0.0,0.0,0.0,0.0,0.0
hsa-mir-4288,0.0,0.0,0.0,0.0,0.0,0.0,0.0,0.0,0.0,0.0
hsa-mir-4289,0.0,0.0,0.0,0.0,0.0,0.0,0.0,0.0,0.0,0.0
hsa-mir-429,0.37768593,0.45708737,6.113197e-09,0.20303455,8.242265e-26,0.80842835,3.4574477e-10,1.3475039e-21,5.3369684e-05,0.025768751
hsa-mir-4290,0.0,0.0,0.0,0.0,0.0,0.0,0.0,0.0,0.0,0.0
hsa-mir-4291,0.0,0.0,0.0,0.0,0.0,0.0,0.0,0.0,0.0,0.0
hsa-mir-4292,0.0,0.0,0.0,0.0,0.0,0.0,0.0,0.0,0.0,0.0
hsa-mir-4293,0.0,0.0,0.0,0.0,0.0,0.0,0.0,0.0,0.0,0.0
hsa-mir-4294,0.0,0.0,0.0,0.0,0.0,0.0,0.0,0.0,0.0,0.0
hsa-mir-4295,0.0,0.0,0.0,0.0,0.0,0.0,0.0,0.0,0.0,0.0
hsa-mir-4296,0.0,0.0,0.0,0.0,0.0,0.0,0.0,0.0,0.0,0.0
hsa-mir-4297,0.0,0.0,0.0,0.0,0.0,0.0,0.0,0.0,0.0,0.0
hsa-mir-4298,0.0,0.0,0.0,0.0,0.0,0.0,0.0,0.0,0.0,0.0
hsa-mir-4299,0.0,0.0,0.0,0.0,0.0,0.0,0.0,0.0,0.0,0.0
hsa-mir-4300,0.0,0.0,0.0,0.0,0.0,0.0,0.0,0.0,0.0,0.0
hsa-mir-4301,0.0,0.0,0.0,0.0,0.0,0.0,0.0,0.0,0.0,0.0
hsa-mir-4302,0.0,0.0,0.0,0.0,0.0,0.0,0.0,0.0,0.0,0.0
hsa-mir-4303,0.0,0.0,0.0,0.0,0.0,0.0,0.0,0.0,0.0,0.0
hsa-mir-4304,0.0,0.0,0.0,0.0,0.0,0.0,0.0,0.0,0.0,0.0
hsa-mir-4305,0.0,0.0,0.0,0.0,0.0,0.0,0.0,0.0,0.0,0.0
hsa-mir-4306,0.0,0.0015153058,0.0,0.0005279774,2.979939e-38,0.0,0.0,0.0,0.0,0.0
hsa-mir-4307,0.0,0.0,0.0,0.0,0.0,0.0,0.0,0.0,0.0,0.0
hsa-mir-4308,0.0,0.0,0.0,0.0,0.0,0.0,0.0,0.0,0.0,0.0
hsa-mir-4309,0.0,0.0,0.0,0.0,0.0,0.0,0.0,0.0,0.0,0.0
hsa-mir-431,0.0,0.0,0.20721304,0.06856628,9.0976655e-37,2.876357e-24,0.0,0.118379295,0.0,0.0
hsa-mir-4310,0.0,0.0,0.0,0.0,0.0,0.0,0.0,0.0,0.0,0.0
hsa-mir-4311,0.0,0.0,0.0,0.0,0.0,0.0,0.0,0.0,0.0,0.0
hsa-mir-4312,0.0,0.0,0.0,0.0,0.0,0.0,0.0,0.0,0.0,0.0
hsa-mir-4313,0.0,0.0,0.0,0.0,0.0,0.0,0.0,0.0,0.0,0.0
hsa-mir-4314,0.0,0.0,0.0,0.0,0.0,0.0,0.0,0.0,0.0,0.0
hsa-mir-4315-1,0.00014944444,3.5233978e-05,0.0,0.0,0.0,0.0,0.0,5.9624534e-05,0.0,0.0
hsa-mir-4315-2,6.166244e-05,0.0,0.0,0.0,0.0,0.0,0.0,2.6644662e-05,0.0,0.0
hsa-mir-4316,0.0,0.0,0.0,0.0,0.0,0.0,0.0,0.0,0.0,0.0
hsa-mir-4317,0.0,0.0,0.0,0.0,0.0,0.0,0.0,0.0,0.0,0.0
hsa-mir-4318,0.0,0.0,0.0,0.0,0.0,0.0,0.0,0.0,0.0,0.0
hsa-mir-4319,0.0,0.0,0.0,0.0,0.0,0.0,0.0,0.0,0.0,0.0
hsa-mir-432,0.0,0.0,0.24219331,0.065224186,0.0,0.0,0.0,0.08825111,0.0,0.0
hsa-mir-4320,0.0,0.0,0.0,0.0,0.0,0.0,0.0,0.0,0.0,0.0
hsa-mir-4321,0.0,0.0,0.0,0.0,0.0,0.0,0.0,0.0,0.0,0.0
hsa-mir-4322,0.0,0.0,0.0,0.00022453321,0.0,0.0,0.0,2.4266282e-27,0.0,0.0
hsa-mir-4323,0.0,0.0,0.0,0.0,0.0,0.0,0.0,0.0,0.0,0.0
hsa-mir-4324,0.0,0.0,0.0,0.0,0.0,0.0,0.0,0.0,0.0,0.0
hsa-mir-4325,0.0,0.0,0.0,0.0,0.0,0.0,0.0,0.0,0.0,0.0
hsa-mir-4326,0.010619326,0.040259723,0.048924092,0.062219158,0.019609964,5.4997738e-05,8.835446e-21,0.04710288,8.0474434e-36,2.1256421e-22
hsa-mir-4327,0.0,0.0,0.0,0.0,0.0,0.0,0.0,0.0,0.0,0.0
hsa-mir-4328,0.0,0.0,0.0,0.0,0.0,0.0,0.0,0.0,0.0,0.0
hsa-mir-4329,0.0,0.0,0.0,0.0,0.0,0.0,0.0,0.0,0.0,0.0
hsa-mir-433,0.0,0.0,0.025693815,0.0046807243,0.0,0.0016099416,0.0,0.014949745,7.1474664e-32,0.0
hsa-mir-4330,0.0,0.0,0.0,0.0,0.0,0.0,0.0,0.0,0.0,0.0
hsa-mir-448,0.0,0.0,0.0,0.0,0.0,0.0,0.0,0.0,0.0,0.0
hsa-mir-449a,8.729906e-35,0.0009502427,3.0466865e-11,0.00058839226,0.0038872506,0.002752192,0.0,1.8271318e-07,1.8906524e-31,0.00039096313
hsa-mir-449b,0.0,1.1119974e-11,3.7813832e-05,0.0005816234,0.0,0.00042022762,7.0577454e-07,0.0010299579,0.0004115887,0.0
hsa-mir-449c,0.0,0.0,0.0011677385,4.2027437e-05,1.2051766e-17,8.099239e-07,0.0,0.0014881938,0.0,0.0
hsa-mir-450a-1,0.061205897,0.08092488,2.0229872e-17,0.020636931,0.5030588,1.7205613e-06,7.141733e-26,0.29993302,0.03201047,0.0
hsa-mir-450a-2,0.04319038,0.08997192,2.5690521e-22,0.027891336,0.41330072,9.3012344e-09,4.4783034e-24,0.32503346,0.024203412,0.0
hsa-mir-450b,0.25206703,0.0716021,0.49423993,0.054148898,1.3240144,1.8769104e-15,1.3355754e-14,1.0484205,4.6669948e-06,4.7282627e-25
hsa-mir-451,0.0,24.45958,23.69449,11.631034,4.4815354e-10,0.0,2.909253e-27,7.661479e-13,23.004284,2.2246607e-22
hsa-mir-452,0.0015404515,0.16931003,0.42108223,0.7397281,0.98102,3.4838255e-27,0.20282027,1.5972785,0.37745157,0.7332344
hsa-mir-454,0.051549736,1.1674375e-05,0.22009335,0.1225776,0.10956706,1.02448935e-11,0.010102614,0.19586968,1.1314907e-10,3.2858005e-10
hsa-mir-455,8.411484,1.7791382,0.00028197942,2.6909048e-11,9.189423,0.0,5.1908577e-05,28.79366,1.8143535,6.6511874
hsa-mir-466,0.0,0.06476235,0.0,0.0,0.0,0.0,0.0,0.0,0.0,0.0
hsa-mir-483,0.0,0.0,0.0,2.8533096e-22,0.0,1.4959453,0.0,0.099015355,0.0,0.0
hsa-mir-484,0.23390721,0.18132755,0.4802347,0.93986696,1.8860549,3.1239848e-11,0.37429422,1.6468481,0.57549584,4.6729485e-23
hsa-mir-485,0.0,0.0,0.07060052,0.028611263,2.1467139e-10,9.040851e-25,0.0,0.040543023,0.0,0.0
hsa-mir-486,0.0,10.63521,6.6723723,1.9124024,1.3378442e-18,0.0,0.0,7.966891e-28,7.461906,1.2739387e-22
hsa-mir-487a,0.0,0.0,0.019575937,0.0066939048,8.987171e-35,2.1226244e-17,0.0,0.0129413465,8.9822195e-28,0.0
hsa-mir-487b,0.0,0.0,0.082780145,0.030908711,4.7221922e-34,1.1403412e-17,0.0,0.034642015,0.0,0.0
hsa-mir-488,0.0037721854,0.0,0.0,0.0,0.0036488322,0.0,0.0,0.0,0.0,0.0
hsa-mir-489,0.0,0.0,0.014430322,0.035324007,0.01133809,4.543265e-05,0.12211602,0.00042801196,0.052599654,0.13520858
hsa-mir-490,7.402364e-18,0.0008639935,0.0002308867,0.0006850477,0.0005235406,9.302524e-05,6.131927e-16,0.0,1.9911434e-28,0.0
hsa-mir-491,0.019663122,0.032304373,0.00329441,2.3133452e-16,0.047937356,0.009910063,4.1369108e-16,0.08056662,0.0042785867,0.0
hsa-mir-492,0.0,0.0,0.0,0.0,0.00069376634,7.777554e-05,0.0,0.0,0.0,0.0
hsa-mir-493,0.0,0.0,0.47966102,0.09153335,0.0,0.0,0.0,0.14917517,0.0,0.0
hsa-mir-494,0.0,0.0,0.030865192,0.0073316847,0.0,9.017535e-19,0.0,0.009707848,0.0,0.0
hsa-mir-495,0.0,0.0,0.12823081,0.049168643,4.3014815e-18,0.01624211,0.0,0.051759113,7.913258e-05,0.0
hsa-mir-496,0.0,0.0,0.024944887,0.013337323,3.078962e-20,1.1650825e-12,0.0,0.014691144,0.0,0.0
hsa-mir-497,1.189075e-18,4.166433e-12,0.0021130466,0.16294351,0.42633942,0.028062625,0.26561594,0.61448103,0.6603991,2.8866182e-18
hsa-mir-498,0.0,0.0,0.0,0.0,0.0,0.0,0.0,0.0,0.0,0.0
hsa-mir-499,0.00771137,0.0,0.008171942,0.0,0.00594035,1.8138542e-12,0.0065590446,0.0076498864,0.0017100931,0.0065731043
hsa-mir-500a,5.8474517,7.4858384,2.3147604,3.606702e-38,2.2885945,3.84785,1.9199604e-13,0.0,6.3039255e-34,0.0
hsa-mir-500b,0.06440314,0.21157967,0.09758344,0.00012710398,0.05714377,0.066929474,9.9454175e-18,2.4063782e-11,0.00029097384,0.019966668
hsa-mir-501,1.6233283,1.2831436,1.1029946,9.911204e-35,0.86556554,0.46462536,0.007499603,0.20849207,4.1667087e-33,0.0
hsa-mir-502,0.1925139,0.32924387,0.110536985,7.246379e-11,0.12782328,0.13627101,0.02328741,2.7183875e-11,0.031945456,4.9862297e-15
hsa-mir-503,0.4069715,0.0,2.8159819,0.29728663,1.2260041,7.248338e-36,1.670286e-14,1.2162825,0.0,0.0
hsa-mir-504,3.8524042e-24,0.013960665,1.0097242e-23,0.0,1.3081243e-05,0.0067477343,0.0077553177,0.019657103,0.038303524,9.761466e-19
hsa-mir-505,0.15624519,0.27594724,0.16208582,0.24872988,0.5337364,0.12751547,0.30104098,1.2286171,0.40410408,0.24462362
hsa-mir-506,2.0539555e-12,0.0,0.015666334,0.0,0.0,1.5708878e-07,0.033292465,0.0,0.0,0.0
hsa-mir-507,1.0886784e-24,0.0,0.0018948453,0.0,0.0,4.4666447e-28,0.0056953514,0.0,0.0,0.0
hsa-mir-508,0.0029817536,0.0003287614,0.8681722,0.0,0.0,1.5206348e-07,1.3444356,0.0,0.0,0.0
hsa-mir-509-1,0.011867708,0.04700526,0.072214544,0.0,1.9240527e-25,2.7406122e-38,0.07940883,0.0,0.0,0.0
hsa-mir-509-2,0.011252364,0.04059309,0.08609535,0.0,2.218811e-30,2.611926e-37,0.07841108,0.0,0.0,0.0
hsa-mir-509-3,0.010049074,0.049192507,0.09315401,0.0,0.0,9.1521666e-35,0.11662554,0.0,0.0,0.0
hsa-mir-510,9.319924e-24,0.0,0.0012940896,0.0,0.0,0.0,0.0011451624,0.0,0.0,0.0
hsa-mir-511-1,0.0,0.015861528,0.04211339,0.08333325,0.046290625,0.010997007,0.00041518075,0.06465663,0.034091037,0.0
hsa-mir-511-2,0.0,0.012908158,0.024395866,0.0782078,0.05192987,0.006137131,9.763777e-05,0.06167355,0.058653828,0.0
hsa-mir-512-1,0.0,0.0,0.00762011,0.0014965093,0.0,0.0,0.0,0.0,0.0,0.0
hsa-mir-512-2,0.0,0.0,0.004682347,0.0018119718,0.0,0.0,0.0,0.0,0.0,0.0
hsa-mir-513a-1,2.782503e-18,1.5372225e-15,0.0008113206,0.0,0.00069534493,0.0,0.0026061398,0.0,0.0,0.0
hsa-mir-513a-2,5.18464e-15,0.0,0.0015828602,0.0,0.0,1.06026195e-11,0.0019608815,0.0,0.0,0.0
hsa-mir-513b,0.0,6.321714e-33,7.9703476e-16,0.0012472747,0.0025221468,0.0,0.0017764409,0.0,0.0,0.0
hsa-mir-513c,3.2186406e-07,0.0023409259,0.002652486,0.00038767085,0.0062771053,0.0,0.0056149154,0.0,0.0,0.0
hsa-mir-514-1,9.9724464e-05,0.056630373,0.18029931,0.0,0.0,6.4687985e-29,0.28201616,0.0,0.0,0.0
hsa-mir-514-2,0.0018638833,0.056456424,0.19239454,0.0,0.0,2.7598736e-27,0.29234177,0.0,0.0,0.0
hsa-mir-514-3,0.0009612028,0.053781804,0.1840353,0.0,0.0,4.5252356e-23,0.29960877,0.0,0.0,0.0
hsa-mir-514b,8.801937e-17,4.0956688e-13,1.2141048e-22,0.0,0.0,0.0,0.032741576,0.0,0.0,0.0
hsa-mir-515-1,0.0,0.0,0.00039415908,4.4849858e-05,0.0,2.436536e-13,0.0,0.0,0.0,0.0
hsa-mir-515-2,0.0,0.0,0.0,0.0003129708,0.0,0.0,0.0,0.0,0.0,0.0
hsa-mir-516a-1,0.0,0.0,0.0,0.0012560036,0.0,0.0,0.0,0.0,0.0,0.0
hsa-mir-516a-2,0.0,0.0,0.0,0.0012587556,0.0,0.0,0.0,0.0,8.76941e-05,0.0
hsa-mir-516b-1,0.0,0.0,0.0014614117,0.0004227876,0.0,0.0,0.0,0.0,0.0,0.0
hsa-mir-516b-2,0.0,0.0,0.00030751605,1.590852e-05,0.0,5.810095e-29,0.0,0.00038712515,0.0,1.3572805e-05
hsa-mir-517a,0.0,0.0,0.002081211,0.0014785458,0.0,0.0,0.0,0.0,0.0,0.0
hsa-mir-517b,0.0,0.0,0.002081211,0.0014785458,0.0,0.0,0.0,0.0,0.0,0.0
hsa-mir-517c,0.0,0.0,0.0,0.0007187795,2.6878256e-06,0.0,0.0,0.0,0.0,0.0
hsa-mir-518a-1,0.0,0.00019721231,0.0,0.00012398086,0.0,0.0,0.0,0.0,1.7290115e-05,0.00019947298
hsa-mir-518a-2,0.0,2.4929908e-05,0.0,0.00035632684,0.0,0.0,0.0,0.0,0.0,0.0
hsa-mir-518b,0.0,0.0,0.005944417,0.0015438255,0.0,0.0,0.0,0.0,0.0,0.0
hsa-mir-518c,0.0,0.0,0.004941511,0.0013830513,0.0,0.0,0.0,0.0,0.0,0.0
hsa-mir-518d,0.0,0.0,0.0,0.0,0.0,0.0,0.0,0.0,0.0,0.0
hsa-mir-518e,0.0,0.0,0.0,0.0009794568,0.0,0.0,0.0,0.0,0.0,0.0
hsa-mir-518f,0.0,0.0,0.0035908723,0.00092101336,0.0,0.0,0.0,0.0,0.0,0.0
hsa-mir-519a-1,0.0,0.0,0.0,0.0067467922,0.0,0.0,0.0,0.0,0.0,0.0
hsa-mir-519a-2,0.0,0.0,0.0033703381,0.001034991,0.0,0.0,0.0,0.0,0.0,0.0
hsa-mir-519b,0.0,0.0,0.0,0.0,0.0,0.0,0.0,0.0,0.0,3.2759723e-05
hsa-mir-519c,0.0,0.0,0.0013112068,0.00039488226,0.0,0.0,0.0,0.0,0.0,0.0
hsa-mir-519d,0.0,0.0,0.0029745654,0.0008648748,0.0,0.0,0.0,0.0011786555,0.0,0.0
hsa-mir-519e,0.0,0.0,0.0,0.00013467498,0.0,0.0,0.0,0.0,0.0,0.0
hsa-mir-520a,0.0,0.0,0.0023827625,0.0008407016,0.0,0.0,0.0,0.00077507866,0.0,0.0
hsa-mir-520b,0.0,0.0,0.0042963917,0.0011079849,0.0,0.0,0.0,0.0,0.0,0.0
hsa-mir-520c,0.0,0.0,0.0012007699,0.0004813746,0.0,0.0,0.0,0.0,0.0,0.0
hsa-mir-520d,0.0,0.0,0.0011036147,0.00036169056,0.0,0.0,0.0,0.0012855997,0.0,0.0
hsa-mir-520e,0.0,0.0,0.00022175602,0.0001581803,0.000155319,0.0,1.1639883e-29,0.0,0.0,0.0
hsa-mir-520f,0.0,0.0,0.0,0.0023940757,0.0,0.0,0.0,0.0,0.0,0.0
hsa-mir-520g,0.0,0.00039534195,0.001686632,0.0007390003,2.1273304e-23,0.0,0.0,0.0,0.0,0.0
hsa-mir-520h,0.0,0.0,0.0010489727,0.00042297394,0.0,0.0,0.0,0.0,0.0,0.0
hsa-mir-521-1,0.0,0.0,0.0,0.00015930137,0.0,0.0,0.0,0.0,0.0,0.0
hsa-mir-521-2,0.0,0.0,0.0,0.0,0.0,0.0,0.0,0.0,0.0,0.0
hsa-mir-522,0.0,0.0,0.0,0.0013748269,2.2788682e-34,0.0,0.0,0.0,0.0,0.0
hsa-mir-523,0.0,0.0,0.00096074573,0.00033680093,0.0,0.0,0.0,0.0,0.0,0.0
hsa-mir-524,1.8567506e-06,7.987979e-05,0.0,0.0,0.0,0.0,0.0,0.00019821087,0.0,0.0
hsa-mir-525,0.0,0.0,0.0018189474,0.0009917672,2.430709e-23,0.0,0.0,0.0,0.0,0.0
hsa-mir-526a-1,0.0,0.0,0.0,0.0,0.0,0.0,0.0,0.0,0.0,0.0
hsa-mir-526a-2,0.0,0.0,0.00035039417,5.8135323e-05,0.0,0.0,0.0,0.0,0.0,0.0
hsa-mir-526b,0.0,0.0,0.016413352,0.0045495615,4.1597294e-28,0.0,0.0,0.0,0.0,0.0
hsa-mir-527,0.0,0.0,0.0,0.00038081844,0.0,0.0,0.0,0.0,0.0,0.0
hsa-mir-532,14.777521,30.282295,13.6270485,5.492511e-07,5.1633463,9.840091,1.6420949e-16,1.3682072e-21,9.405751e-10,1.0231441e-09
hsa-mir-539,0.0,0.0,0.24667796,0.053043615,0.0,0.0,0.0,0.10715234,0.0,0.0
hsa-mir-541,0.0,0.0,0.014770311,0.0050306465,2.161357e-34,0.0,0.0,0.007026867,0.0,0.0
hsa-mir-542,0.82516396,5.716737,1.8037226e-10,0.34411094,13.181437,0.73881245,7.7579786e-26,10.192381,2.6568947,3.9822347
hsa-mir-543,0.0,0.0,0.02100436,0.0067800204,2.6975229e-06,0.00023179589,0.0,0.01124042,0.0,0.0
hsa-mir-544,0.0,0.000282731,9.211249e-05,0.000104859755,0.00013832739,0.0,0.0,0.0,0.0,0.0
hsa-mir-544b,0.00010188316,0.0,0.0,4.507444e-05,0.00074701535,0.0,0.0,0.0001705953,1.0603275e-06,0.0
hsa-mir-545,0.0023993745,1.990791e-33,1.9293774e-35,0.006548776,0.027268248,4.309911e-21,0.006369385,0.026491847,0.0006842552,2.4650722e-24
hsa-mir-548a-1,0.0,0.0,0.0,0.0,0.0,0.0,0.0,0.0,0.0,0.0
hsa-mir-548a-2,0.0,0.0,0.0,0.0,0.0,0.0,0.0,0.0,0.0,0.0
hsa-mir-548a-3,0.0,0.0,0.0,3.522128e-15,0.00077232684,0.0,0.0,0.0,0.0,0.00025802862
hsa-mir-548aa-1,0.0,0.0,0.0,0.0,0.0,0.0,0.0,0.0,0.0,0.0
hsa-mir-548aa-2,0.0,0.0,0.0,0.0,0.0,0.0,0.0,0.0,0.0,0.0
hsa-mir-548b,0.010850305,2.3632659e-37,8.1115e-12,0.0049459487,0.0003732123,0.0011778391,0.00580903,5.563027e-05,0.0022173147,0.0018658668
hsa-mir-548c,0.0,0.0,0.0,0.0,0.0,0.0,0.0,0.0,0.0,0.0
hsa-mir-548d-1,1.6386156e-36,0.0,0.00036140697,0.0008958994,0.0,0.0,0.0,0.0,0.0006408192,0.0
hsa-mir-548d-2,0.0,0.0,0.0018729658,0.0015052593,0.00044558194,0.0,0.0,1.3780854e-07,0.0,0.0
hsa-mir-548e,0.0036142776,2.500703e-19,0.011799148,0.0020865465,0.0053454344,0.00019190775,3.5433734e-22,0.00143327,0.0017238833,0.00078224484
hsa-mir-548f-1,0.0,0.0,0.0,0.00048267754,0.0030652366,0.0,0.0,0.00017772206,0.0,2.5669053e-05
hsa-mir-548f-2,0.0,0.0,0.0,0.0,0.0,0.0,0.0,0.0,0.0,0.0
hsa-mir-548f-3,0.0,0.0,0.0,0.0,0.0,0.0,0.0,0.0,0.0,0.0
hsa-mir-548f-4,0.0,0.0,0.0,0.0,0.0,0.0,0.0,0.0,0.0,0.0
hsa-mir-548f-5,0.0,0.0,0.0,0.0,0.0,0.0,0.0,0.0,0.0,0.0
hsa-mir-548g,0.0,0.0,0.0,0.0,0.0,0.0,0.0,0.0,0.0,0.0
hsa-mir-548h-1,0.0,0.0,1.7707373e-05,0.0,0.0,6.46464e-06,0.0,0.0,2.9468056e-05,0.0
hsa-mir-548h-2,0.0,0.0,0.0,0.0,0.0,0.0,0.0,0.0,0.0,0.0
hsa-mir-548h-3,0.0,0.0,0.0,0.0,0.0,0.0,0.0,0.0,0.0,0.0
hsa-mir-548h-4,0.0,0.0,0.0,0.0,0.0,0.0,0.0,0.0,0.0,0.0
hsa-mir-548i-1,0.0,0.0,0.0,0.0,0.0,0.0,0.0,0.0,0.0,0.0
hsa-mir-548i-2,0.0,0.0,0.0,0.0,0.0,0.0,0.0,0.0,0.0,0.0
hsa-mir-548i-3,0.0,0.0,0.0,0.0,0.0,0.0,0.0,0.0,0.0,0.0
hsa-mir-548i-4,0.0,0.0,0.0,0.0,0.0,0.0,0.0,0.0,0.0,0.0
hsa-mir-548j,0.0,0.0056282342,0.00065147784,0.006288612,0.0034970418,9.789621e-37,0.0,0.0,0.0003286859,0.0
hsa-mir-548k,2.4619623e-21,0.0033474928,3.8738812e-13,1.8576528e-21,0.004699364,0.0,4.1902671e-35,0.00052168116,0.0,0.0014550898
hsa-mir-548l,0.00022432102,7.45486e-37,0.00015814451,3.7654564e-09,0.0016272003,0.0001511625,5.03108e-12,0.0018911778,0.000483133,4.427746e-05
hsa-mir-548m,0.0,0.0,0.0,0.0,0.0,0.0,0.0,0.0,0.0,0.0
hsa-mir-548n,1.1611629e-05,0.0,0.00057837,0.0001797451,0.0,0.00015580261,0.0,1.3571081e-38,0.00037927224,0.0
hsa-mir-548o,0.0,0.005610068,0.0030268708,0.002918134,0.01130864,0.0007429469,0.0,0.00035253397,0.0023631523,0.0019689717
hsa-mir-548p,0.0,0.0,0.0,0.0,0.0,0.0,0.0,0.0,0.0,0.0
hsa-mir-548q,4.691184e-23,0.003466048,0.0033158252,0.0,0.0011773295,0.00042126168,0.00445305,0.0044234656,0.0011999806,0.0032793607
hsa-mir-548s,0.0010464073,0.0016254272,0.0033494316,0.0023827206,0.008072496,0.0015908983,7.40023e-08,0.0043021385,0.0,0.0
hsa-mir-548t,0.0,0.0010277459,0.0,0.0005513886,0.0,7.232252e-34,0.0,0.0,0.0,0.00064627995
hsa-mir-548u,3.5259443e-05,0.0,0.0,5.881397e-05,7.8621735e-05,0.0,0.0,0.0,0.0,5.8141304e-05
hsa-mir-548v,0.007135907,0.0041923914,0.009682202,0.003305781,0.0045452635,0.0027328504,1.02643075e-16,0.024625534,0.0005334418,0.0
hsa-mir-548w,0.0,0.0,0.0,0.00014922627,0.0,0.0,0.0,0.0,0.0,0.0
hsa-mir-548x,0.0,0.0,0.0,0.0,0.0,0.0,0.0,0.0,0.0,0.0
hsa-mir-548y,0.0,0.0,0.0,0.007974676,0.0,0.0,0.0,0.0,0.0,0.0
hsa-mir-548z,0.0,0.0,0.0,0.0,0.00010053555,3.9857132e-05,4.06435e-37,0.0,8.498313e-12,0.0
hsa-mir-549,0.0,0.0,0.00069999805,0.0005029111,0.0,0.0,1.3758616e-15,0.0,0.0,0.0
hsa-mir-550a-1,1.5230006e-06,2.9290082e-05,2.1763618e-09,0.05019688,0.0646649,0.0012932688,3.6967354e-09,0.075702146,0.025772173,0.0
hsa-mir-550a-2,7.025237e-05,0.0034352958,4.9602275e-15,0.030243948,0.07080042,0.0030775166,9.986352e-09,0.05367365,0.024093617,0.0
hsa-mir-550b-1,0.0,0.0,0.0,0.00028145287,0.0003386307,0.0,0.0,0.0,0.0,0.0
hsa-mir-550b-2,0.00024425652,0.0,0.0002946025,2.2610267e-05,0.0,4.427379e-27,0.0,0.0,3.8914243e-26,0.0
hsa-mir-551a,9.996203e-35,0.0,3.866106e-10,0.002041376,0.0005692098,8.682701e-21,0.0013125195,0.0067225513,0.002425998,0.0
hsa-mir-551b,0.041216493,0.0074934345,1.3878871e-31,0.011622124,6.0548318e-27,0.0,1.2678695e-05,0.05658777,0.0030529094,0.0
hsa-mir-552,0.004183443,0.0004708554,0.0060933535,7.649831e-32,0.0069856024,0.0,1.7080926e-31,5.5716104e-05,1.1253866e-22,0.0021202061
hsa-mir-553,0.0,7.235955e-07,0.0,2.8481307e-05,0.0,0.0,0.0,0.0,0.0,0.0
hsa-mir-554,0.0,0.0,0.0,0.0,0.0,0.0,0.0,0.0,0.0,0.0
hsa-mir-555,6.574252e-08,1.4563624e-30,8.517017e-05,0.00028079603,0.0,0.0,0.00040124432,0.0,0.00040581654,1.9692205e-19
hsa-mir-556,0.0010200265,0.0,0.0,0.0,0.00059110066,0.0013774531,0.0033535545,0.0,0.0,0.0
hsa-mir-557,0.0,0.0,0.0,0.0,0.0,0.0,0.0,0.0,0.0,0.0
hsa-mir-558,0.0,0.0,0.0,0.0,0.0,0.0,0.0,0.0,0.0,0.0
hsa-mir-559,0.0009410847,0.0,0.0,0.0,0.0,0.00067548983,6.4544997e-06,0.0,0.0,0.0
hsa-mir-561,0.010690591,0.019120099,0.003055259,0.0061010406,0.010086814,0.0,0.0,3.2785746e-15,0.0,0.0
hsa-mir-562,0.0,0.0,0.0,0.0,0.0,0.0,0.0,0.0,0.0,0.0
hsa-mir-563,0.0,0.0,0.0,0.0,0.0,0.0,0.0,0.0,0.0,0.0
hsa-mir-564,0.0,2.4548038e-24,0.00023018064,0.0,2.9999614e-05,0.00031937932,0.0002559816,0.0009808003,0.0001806908,3.0466224e-30
hsa-mir-566,0.0,0.0,0.0,0.0,0.0,0.0,0.0,0.0,0.0,0.0
hsa-mir-567,0.0,0.0,0.0,0.0,0.0,0.0,0.0,0.0,0.0,0.0
hsa-mir-568,0.0,0.0,8.921515e-31,0.0,0.0,0.0,0.0,0.0,7.619967e-05,0.0
hsa-mir-569,0.0,0.0,0.0,0.0,0.0,0.0,0.0,0.0,0.0,0.0
hsa-mir-570,7.830169e-06,4.5425233e-15,0.0014265339,0.0054691266,0.013775688,0.0028197651,0.0040553985,0.0150599275,0.00020896613,2.6637097e-05
hsa-mir-571,0.0,0.0,0.0,0.0,0.0,0.0,0.0,0.0,0.0,0.0
hsa-mir-572,0.0,0.0,0.0,2.789538e-11,0.00014415289,8.6900305e-05,0.0,6.1047134e-30,0.0,0.00033289526
hsa-mir-573,0.0,0.0,0.0,0.00046126972,0.0011883087,6.383457e-25,0.0,0.0,0.0,0.0
hsa-mir-574,0.32001433,3.2561724e-11,0.96896935,0.45967728,0.7014654,0.34236452,2.25075e-09,1.6805558,0.32397407,2.901535e-26
hsa-mir-575,0.0,0.0,0.0,0.0,0.0,0.0,0.0,0.0,0.0,0.0
hsa-mir-576,0.05484195,1.9078248e-05,0.25201726,0.111727245,0.16818036,1.18526636e-07,0.056430306,0.30339122,1.1350812e-07,0.04223004
hsa-mir-577,0.64318585,0.000110753244,0.0,0.0,2.1180916e-14,0.4795652,1.3255543e-07,0.6559505,0.0,0.0
hsa-mir-578,0.0,0.0,1.7295888e-13,0.0037729016,6.2179063e-18,0.0005344953,0.0,9.308256e-10,0.0010225432,0.0
hsa-mir-579,0.001918609,4.914794e-07,0.001539444,0.005475431,0.019998131,9.823243e-08,1.1045605e-05,0.018744955,0.0037657965,0.0029507917
hsa-mir-580,0.0,0.009017916,0.005139717,0.002676188,0.00670141,0.0,9.118751e-12,2.0777524e-11,0.0002770207,0.0011750003
hsa-mir-581,0.0075846976,2.7219996e-19,0.011154249,0.003767565,0.012299208,0.0059415717,4.4577553e-10,0.02634809,0.0017189849,3.601477e-17
hsa-mir-582,0.022531416,9.6592726e-36,0.56698406,2.971521,13.516397,2.291043,2.4062893,8.636293,0.2580532,1.06755385e-32
hsa-mir-583,0.0,0.0,0.0,0.0,0.0,0.0,0.0,0.0,0.0,0.0
hsa-mir-584,0.0,0.00017511292,0.19308165,0.47267553,1.2408376e-06,0.17864864,1.1563254e-14,0.8626459,0.93064797,0.6378677
hsa-mir-585,0.0062828283,0.0018044744,0.010930344,4.0690696e-28,0.0052944086,0.010803477,0.012148117,0.010277506,0.023429528,0.0
hsa-mir-586,0.0,0.0,0.00011319991,0.0,0.0,0.0,0.0,0.0,0.00010283564,4.2321215e-05
hsa-mir-587,0.0010214695,0.00048631156,0.0,0.0,0.0,0.0,1.1046395e-11,0.0013560547,2.752741e-12,0.0008448345
hsa-mir-588,0.0,0.00017312524,0.0,1.8480548e-10,0.0,0.0,0.0,0.0,0.0006968158,3.9121966e-05
hsa-mir-589,0.017235776,1.3581227,0.08305233,0.4781969,0.5714436,0.2008349,3.623525e-10,0.13030529,0.04772664,0.36230946
hsa-mir-590,0.042241357,0.048591796,0.13325067,0.17618562,0.2871216,0.013995218,0.009325348,0.47733372,0.054704484,0.08178893
hsa-mir-591,0.0,0.0,0.0,0.00013467498,0.0,0.0,0.0,0.0,0.0,0.0
hsa-mir-592,0.1608192,0.0,0.04612487,0.06394601,0.39269122,3.5788334e-30,0.443742,0.44777104,1.2939537e-12,0.16714518
hsa-mir-593,0.0,0.0,0.0,0.0,0.0,0.0,0.0,0.0,0.0,0.0
hsa-mir-595,0.0,0.0,0.0,0.0,0.0,0.0,0.0,0.0,0.0,0.0
hsa-mir-596,0.0,6.6090004e-05,0.0,0.0,0.0,0.0,0.0,0.0,6.186178e-05,4.336732e-05
hsa-mir-597,0.0,0.0,0.002537759,0.0009789072,6.0699636e-05,0.0,0.0007043166,0.0020002942,0.0,1.0969153e-18
hsa-mir-598,0.05089511,0.4019031,2.4652328e-20,0.18740708,0.4629117,0.12144644,0.0,0.2861725,0.07689426,0.10776987
hsa-mir-599,0.15321475,0.0,0.47297958,0.0,0.0,0.0,0.0,0.0,0.0,0.25639853
hsa-mir-600,0.00022735997,5.879128e-23,0.0,0.00042703818,0.00063566107,0.0,0.0,0.0,0.00019156728,0.0
hsa-mir-601,0.0,0.0,0.0,0.0,0.0,0.0,7.826057e-05,0.0,0.0,2.3525681e-05
hsa-mir-602,0.0,0.0,0.0,0.0,0.0,0.0,0.0,0.0,7.0606984e-05,8.1306636e-05
hsa-mir-603,0.0,0.0,1.2284158e-16,0.0,0.0,0.0,0.0,0.00015066097,8.6836546e-05,4.109988e-05
hsa-mir-604,0.0,0.0,0.00021099442,9.8401506e-05,0.0,0.0,0.0,0.0,0.0,0.0
hsa-mir-605,0.0,0.0,0.0053457157,7.913652e-27,1.4320657e-29,0.003007566,0.0016466184,0.01057242,0.0109102875,0.0
hsa-mir-606,0.0,0.0,2.3986175e-05,0.0,0.0,8.473562e-05,0.0,2.0309577e-07,7.939675e-05,6.9749236e-05
hsa-mir-607,2.4201272e-36,0.0065920064,0.0054589193,0.004404428,0.003491983,5.1821085e-24,0.0005324776,0.0,2.0765445e-13,1.6069362e-29
hsa-mir-608,0.0,0.0,0.0,0.0,0.0,0.0,0.0,0.0,0.0,0.0
hsa-mir-609,4.2043383e-19,0.0,0.00014491302,0.0,0.0,8.479177e-06,0.0,0.0,0.0,6.616003e-05
hsa-mir-610,0.0,0.0,0.00014649468,1.3696638e-05,0.0,0.0,0.0,0.0,0.0,0.0
hsa-mir-611,1.1410573e-33,0.00013012426,0.0,0.0,7.372657e-10,0.00014320693,0.0,0.0008205078,0.0,0.00021448918
hsa-mir-612,0.0,0.0010395257,0.0,0.003880249,0.0,0.0,0.0,0.0,0.0,0.0
hsa-mir-613,0.0,0.0,0.0,0.0,0.0,0.0,0.0,0.0,0.0,0.0
hsa-mir-614,0.0,0.0,0.0,0.0,0.0,0.0,0.0,0.0,0.0,0.0
hsa-mir-615,0.043095406,0.07108899,1.7202103e-17,0.049668636,0.18745689,0.008237131,0.09633659,0.222775,0.11253993,0.0
hsa-mir-616,0.015098359,0.045159034,0.024850078,0.04685491,0.14183563,9.331084e-13,9.201688e-24,0.12777245,3.2341993e-20,0.0
hsa-mir-617,0.0,0.0,0.0,0.0,0.00122916,1.1719089e-17,0.0,0.0009902724,0.0,0.0
hsa-mir-618,0.003976481,0.021861445,0.0153675545,0.0,2.6699698e-05,0.00058109354,4.0595938e-24,0.026470093,0.010975648,0.01752818
hsa-mir-619,0.0,0.0,0.0,0.0,0.0,0.0,0.0,0.0,0.0,0.0
hsa-mir-620,0.0,0.0,0.0,0.0,0.0,0.0,0.0,0.0,0.0,0.0
hsa-mir-621,0.00031033347,0.0,0.0,0.0,0.0,0.00012870798,0.0,0.0,0.0,0.0
hsa-mir-622,3.156393e-10,0.0,7.549499e-05,0.0,0.0,0.0,6.6573404e-05,0.0,0.0,0.0
hsa-mir-623,0.0,0.0,0.0,0.0,0.0,0.0,0.0,0.0,0.0,0.0
hsa-mir-624,6.2366436e-28,0.008041735,0.015449725,0.016433211,0.0006662034,0.0044368673,0.0006119629,0.019258838,0.007057149,0.007153344
hsa-mir-625,2.1210755e-09,1.3959534,5.895774e-16,2.46209,1.631961,0.1560322,0.0001331473,1.3972119,6.691019e-07,2.8902794e-30
hsa-mir-626,0.0,0.0,0.0,0.0,0.0,0.0,0.0,0.0,0.0,0.0
hsa-mir-627,1.7156955e-07,0.0035405715,0.011742749,0.01347473,0.012515234,0.00026063406,0.012827055,0.00043347228,0.0039616516,0.0
hsa-mir-628,0.63370764,6.7912787e-10,0.0,8.423088e-35,1.3795636,1.2108884e-27,0.001742454,1.6598293,7.4665095e-06,0.0
hsa-mir-629,1.4041519e-09,0.3272021,0.7635706,0.6554267,0.99835163,0.2321222,0.0013307594,1.3326541,0.20410846,1.1724473
hsa-mir-630,2.6794492e-06,0.0,0.00021048154,6.06693e-05,0.0,0.0,0.00010085085,1.0173589e-11,0.0,0.0
hsa-mir-631,0.0,0.0,0.0,0.0,0.0,0.0,0.0,0.0,0.0,0.0
hsa-mir-632,1.07443874e-07,0.0008392695,1.3056349e-10,0.003486994,0.0049422453,0.00044167732,0.0030119698,0.0050102547,8.3469104e-07,0.002299795
hsa-mir-633,0.0,0.0,0.0,0.0,0.0,0.0,0.0,0.0,0.0,0.0
hsa-mir-634,0.0,0.0,0.0,0.0,0.0,0.0,0.0,0.0,0.0,0.0
hsa-mir-635,0.0004500684,0.0,0.0,0.0,0.0,0.0,0.0,0.0,0.0,0.0
hsa-mir-636,0.0,0.0038083813,1.1631882e-17,0.00079462177,0.010237091,0.0,4.0006835e-05,0.0034404022,1.8059287e-27,0.0016696068
hsa-mir-637,0.0,0.0,0.0,0.0,0.0,0.0,0.0,0.0,0.0,0.0
hsa-mir-638,0.0,0.0,0.0,0.0,0.0,0.0,0.0,0.0,0.0,0.0
hsa-mir-639,4.8352235e-06,0.0040101786,0.0017316112,0.0013763172,0.0029753721,1.8370336e-15,0.005627851,0.008508259,7.74905e-30,0.0029486523
hsa-mir-640,0.0,0.0,0.0,0.0,0.0,0.0,0.0,0.0,0.0,0.0
hsa-mir-641,0.0026297392,0.00051525835,0.0009374808,0.0,9.95687e-10,0.0011724152,3.5567296e-20,0.0034100364,0.0,0.0
hsa-mir-642a,0.057179417,0.013000548,3.5511115e-15,0.017986752,0.08570167,0.021173734,3.0758055e-27,0.010271793,5.491984e-27,0.0
hsa-mir-642b,0.0007247155,0.0002276372,0.001116371,8.417018e-34,0.0,1.7547407e-33,3.3219704e-14,0.0,0.0,0.0
hsa-mir-643,0.00046139743,0.0059659146,0.011872259,0.004514357,0.004420967,0.00010370745,1.2925139e-14,0.017936677,6.671611e-26,0.0049213646
hsa-mir-644,0.0,0.0,0.0,0.0,0.0,0.0,0.0,0.0,0.0,0.0
hsa-mir-645,0.0,6.0608436e-36,0.0,0.00010245285,0.0,2.4127625e-05,0.0,6.9665166e-06,0.0,9.291184e-05
hsa-mir-646,0.0,0.0,0.0,0.0,0.0,0.0,0.0,0.0,0.0,0.0
hsa-mir-647,0.0,0.0,0.0,0.0,0.0,0.0,0.0,0.0,0.0,0.0
hsa-mir-648,0.0,0.0,0.0,0.0,0.0,0.0,0.0,0.0,0.0,0.0
hsa-mir-649,0.0,0.0,0.0,0.0,0.0,0.0,0.0,0.0,0.0,0.0
hsa-mir-650,0.0,0.0,0.0,0.0,0.0,0.0,0.0,0.0,0.0,0.0
hsa-mir-651,0.003741747,0.0568363,0.00576372,0.017477086,1.9217452e-25,0.013169484,9.501576e-27,0.0011649422,1.53887e-11,0.023606664
hsa-mir-652,0.09374965,0.29088658,0.22882561,0.1750347,0.24925472,0.101056956,0.04630947,0.15244885,0.045760013,5.8679187e-11
hsa-mir-653,0.0,0.0,2.4496222,1.059089,3.7608883e-05,1.2708817e-07,2.0116348,1.8562098,0.0,2.137895
hsa-mir-654,0.0,0.0,0.21094665,0.0913565,0.0,0.00036388502,0.0,0.1616919,3.8076183e-12,0.0
hsa-mir-655,0.0,0.0,0.040024783,0.012142203,4.5133764e-36,0.0,0.0,0.0104806395,0.0,0.0
hsa-mir-656,0.0,0.0,0.007308486,0.002849337,9.835084e-32,0.00029253872,0.0,0.0015859301,5.6986426e-32,0.0
hsa-mir-657,4.2767482e-05,0.0,0.0,0.0,0.0,0.0,0.0,0.0,8.043064e-05,8.060292e-06
hsa-mir-658,0.0031374611,0.0034612145,5.390085e-38,1.3123356e-23,0.0009862493,2.8718782e-38,0.00021540864,0.0042575924,1.9524934e-05,0.00015414428
hsa-mir-659,0.0066934093,0.016391767,0.0065655513,0.017159602,0.013567398,4.292271e-14,0.0006990938,0.029198384,1.9492254e-05,0.0025364193
hsa-mir-660,0.46828064,1.6570083,0.7564312,3.209883e-06,1.0237991e-17,0.5806145,3.030088e-29,0.0,1.1014532e-16,0.40618044
hsa-mir-661,0.0,0.0,0.0,0.0,0.0,0.0,0.0,0.0,0.0,0.0
hsa-mir-662,4.3459095e-05,0.0,0.0,0.0,0.0,0.0,1.5529435e-05,0.0,9.916151e-06,0.0
hsa-mir-663,0.0,0.0020005894,0.0,0.012038583,0.0,0.0,0.0,0.0,0.0,0.0
hsa-mir-663b,0.0,0.0,0.0,0.0,0.0,0.0,0.0,0.0,0.0,6.113983e-05
hsa-mir-664,0.39923173,1.1370337,0.7025827,0.12318865,0.5194203,0.27187398,6.266169e-17,0.7914423,7.698812e-28,3.0807526e-15
hsa-mir-665,0.0,0.0,0.0036289669,0.0019096398,4.2119614e-06,0.0005500098,2.5011052e-30,0.0053386036,8.09276e-16,0.0
hsa-mir-668,0.0,0.0,0.0015772496,2.3600613e-05,0.0,0.0,0.0,0.0021658926,0.0,0.0
hsa-mir-670,0.0,1.6436522e-07,0.0,0.0,0.00048312516,3.7343303e-05,0.00061530375,0.0,3.5043123e-21,0.0
hsa-mir-671,0.017891444,0.091069534,0.014296657,0.09941686,0.029277675,0.001540231,2.1683575e-22,0.06094629,7.023462e-05,0.0
hsa-mir-675,0.0,0.0,0.0,0.39043123,0.0,4.7830796,0.0,9.452497e-28,0.0,0.0
hsa-mir-676,0.001932312,0.0004549974,0.019007577,0.0052371803,0.030468654,0.009552727,0.0017951056,0.028439716,0.0094921775,0.0075628236
hsa-mir-7-1,0.17869477,9.787907e-19,0.41124558,0.11320442,0.3095909,6.999517e-05,0.0697003,0.32869887,9.952281e-05,0.08874122
hsa-mir-7-2,0.00080758205,0.00025507665,0.008458906,0.0042253835,5.726672e-09,3.861681e-26,1.1153151e-06,2.9937708e-21,0.0010541147,0.0
hsa-mir-7-3,0.0,0.0,0.00859593,0.0025451207,1.4062512e-23,3.0606543e-26,4.5478205e-34,0.0021862225,0.0,0.0
hsa-mir-708,0.434457,0.000121003475,0.9850693,1.5071064,0.5303004,0.0,0.017567327,2.6451495,1.5184023e-18,4.0173757e-11
hsa-mir-711,0.0,0.0,0.0,0.0,0.0,0.0,0.0,0.0,0.0,0.0
hsa-mir-718,0.0,0.0,0.0,0.0,0.0,0.0,0.0,0.0,0.0,0.0
hsa-mir-720,2.1225817e-06,0.0006714476,5.5181554e-05,0.0,0.0009581389,0.00021601364,5.736823e-30,0.0,0.0006577794,0.0003452549
hsa-mir-744,0.3770033,0.44515306,0.0862613,0.052580368,0.36701858,0.012687169,1.1504069e-12,0.86111045,0.13083044,0.07115857
hsa-mir-758,0.0,0.0,0.21488416,0.083066516,0.0,1.3850237e-16,0.0,0.10351367,0.0,0.0
hsa-mir-759,0.0,0.0,0.0,0.0,0.0,0.0,0.0,0.0,0.0,0.0
hsa-mir-760,0.008024892,0.00019092268,0.0,0.021559913,0.051324703,0.0,0.0,0.04928764,1.2874753e-22,2.6282162e-08
hsa-mir-761,0.0,0.0,0.0,0.0,0.0,0.0,0.0,0.0,0.0,0.0
hsa-mir-762,0.0,0.0,0.0,0.0,0.0,0.0,0.0,0.0,0.0,0.0
hsa-mir-764,0.0,0.0,0.0,0.0,0.0,0.0,0.0,0.0,0.0,0.0
hsa-mir-765,0.0026381544,0.0032522099,0.0023304399,4.8298306e-30,1.0913256e-09,0.0,3.1819413e-15,0.0057422756,0.00017744189,0.0
hsa-mir-766,0.040442135,0.06797586,0.10026029,0.07752946,0.09547763,0.030447762,1.4380502e-11,0.09202428,1.5414114e-14,0.0
hsa-mir-767,0.0,0.0,0.0,0.04676209,0.0,0.0,0.0,0.0,0.0,0.0
hsa-mir-769,0.04698274,0.09948005,0.040698685,0.10454674,0.15214613,0.028953401,0.018944692,0.30493006,0.14820324,0.07540611
hsa-mir-770,0.0,0.0,0.0025107532,0.0004620419,0.0,0.0,0.0,0.0017852479,0.0,0.0
hsa-mir-802,0.0,0.009757158,0.0,0.0,0.40662813,0.0,0.0,0.0,0.0,0.0
hsa-mir-873,0.0,0.0,0.004897529,0.0032449898,7.2560824e-06,1.293929e-14,0.0,0.0014029825,0.0,0.0
hsa-mir-874,0.0,1.3558986,0.17785268,0.0,0.07943948,0.21365736,0.0,0.0,0.0,0.0
hsa-mir-875,0.014921806,6.85687e-13,0.023919435,0.0,0.0,0.0,0.0,9.799013e-07,0.0,0.028666398
hsa-mir-876,0.0,0.0,0.0014754541,0.0022163226,0.0,4.2945436e-16,0.0,0.00093279465,0.0,0.0
hsa-mir-877,0.013859796,0.02262687,0.01350711,0.012304983,0.00019165865,0.0,1.61431e-36,0.025004664,0.0051159924,4.467982e-18
hsa-mir-885,0.0,2.4585563e-27,0.0,0.0,0.62062854,0.14862277,2.3530707e-30,0.9508071,1.1896415e-13,0.0001874329
hsa-mir-887,0.034939382,0.0113724405,0.07856708,0.025736492,0.0051869242,0.021890244,0.00063654926,0.12201101,0.04458345,7.1679396e-17
hsa-mir-888,0.0,0.6364845,0.0,0.0,0.0,0.0,0.0,0.0,0.0,0.0
hsa-mir-889,0.0,0.0,0.17634,0.06276779,2.6279765e-29,0.004601171,0.0,0.050081484,9.907974e-07,0.0
hsa-mir-890,0.0,0.048211586,0.0,0.0,0.0,0.0,0.0,0.0,0.0,0.0
hsa-mir-891a,0.0,101.67399,0.0,0.0,0.0,0.0,0.0,0.0,0.0,0.0
hsa-mir-891b,0.0,0.32126382,0.0,0.0,0.0,0.0,0.0,0.0,0.0,0.0
hsa-mir-892a,0.0,0.97016895,0.0,0.0,0.0,0.0,0.0,0.0,0.0,0.0
hsa-mir-892b,0.0,0.28013763,0.0,0.0,0.0,0.0,0.0,0.0,0.0,0.0
hsa-mir-9-1,0.0,0.0,7.1185766e-13,34.755264,0.0,29.98629,2.6298735e-10,0.0,0.0,0.0
hsa-mir-9-2,0.0,0.0,2.3711987e-12,34.591305,0.0,30.010712,7.0569367e-10,0.0,0.0,0.0
hsa-mir-9-3,0.0,0.0,2.3396624e-29,0.04184797,0.0,0.04148474,6.6391992e-15,0.0,0.0,0.01396077
hsa-mir-920,0.0,0.0,0.0,0.0,0.0,0.0,0.0,0.0,0.0,0.0
hsa-mir-921,0.0,0.0,0.0,0.0,0.0,0.0,0.0,0.0,0.0,0.0
hsa-mir-922,0.0,0.0,7.310756e-05,0.0,6.0194256e-05,1.9751864e-05,0.0,0.0,6.448037e-05,0.0
hsa-mir-924,0.0,0.0,0.0,0.0,0.0,0.0,0.0,0.0,0.0,0.0
hsa-mir-92a-1,0.00027071845,2.4426832,4.1758494,3.2453923,0.00503661,1.7398835,0.0031251363,4.4843693,0.07223,5.024408
hsa-mir-92a-2,8.865995,24.33092,38.806072,49.683952,29.43517,38.99093,5.0459905,100.82464,33.09526,56.158207
hsa-mir-92b,8.152051e-05,0.0031793446,0.19375144,1.1131773,0.3954488,0.43424997,4.1427893e-06,0.7931596,0.38211504,0.31411532
hsa-mir-93,1.6160326,36.450073,18.413927,35.34658,3.263257e-08,4.1150475,3.1220632e-05,40.97123,4.9173675,58.60291
hsa-mir-933,0.0,0.00013538769,0.00028607962,2.7045375e-05,0.0,0.0,2.4146152e-23,0.0,0.0,0.0
hsa-mir-934,0.00026824602,0.0,0.0,0.0,0.0,0.10026428,0.0,0.0,0.0,0.0
hsa-mir-935,0.0,1.2520412e-16,0.021205107,0.032323338,7.4192674e-10,0.0065703955,0.0,0.03419803,1.7068024e-11,0.0
hsa-mir-936,0.0,0.0,0.0,0.0,0.0,0.0,0.0,0.0,0.0,0.0
hsa-mir-937,0.0022719207,0.012350186,8.118758e-19,4.0156363e-12,0.0075409845,0.0,8.409405e-06,0.020316066,1.6165132e-11,0.0123702055
hsa-mir-938,3.3111885e-28,0.0,0.00021625798,0.0,0.0,0.0,0.0,0.00021281753,0.0,0.0004964056
hsa-mir-939,0.00028895694,0.0011833,2.5529402e-13,0.0039057361,0.010286541,1.5938498e-05,1.855493e-06,0.010466112,0.0041110213,0.003276855
hsa-mir-940,0.0023862484,0.022165434,0.0,0.00851318,0.02219039,1.9677655e-15,0.0074495194,0.05010365,0.016571423,0.0
hsa-mir-941-1,0.0,0.0,0.0,0.0,0.0,0.0,0.0,0.0,0.0,0.0
hsa-mir-941-3,6.9507616e-05,0.0,0.0,0.0,0.0,0.0,0.0,0.00027932713,0.0,0.0
hsa-mir-941-4,0.0,0.0,0.0,0.0,0.0,0.0,0.0,0.0,0.0,0.0
hsa-mir-942,0.00041591158,0.07549147,0.06299483,0.06661681,0.04662946,3.0646896e-23,1.0150425e-06,0.036996372,0.011281166,1.9161975e-26
hsa-mir-943,0.0004130882,0.0,1.04996814e-19,0.0003597624,0.0013469898,2.4875872e-05,0.0005823307,2.273321e-05,5.1037196e-20,0.00055699114
hsa-mir-944,8.586601e-34,0.0022043474,0.005575721,0.004375493,6.0589595e-05,0.00084174494,0.0,1.0391553e-37,0.0011635375,1.155116e-19
hsa-mir-95,0.046907388,0.051451195,0.034754448,0.00932447,0.08903404,0.0,3.748844e-28,0.01784386,0.02690381,0.0
hsa-mir-96,0.03941357,0.16955698,1.2942369e-24,0.063251615,0.0010596794,0.024512386,0.0,0.0,0.0,0.0
hsa-mir-98,0.57575554,0.43359894,1.4221196,0.18478146,0.17361267,0.015484131,9.1310716e-07,1.2403431,0.17277245,0.63821507
hsa-mir-99a,6.055008,6.5992956,2.1838135e-08,5.169883e-30,5.2271843,2.7758577,4.348039,11.473783,7.9476004,6.689339
hsa-mir-99b,213.77115,74.440994,0.02458708,0.15054296,240.17805,341.91394,125.564896,1707.4021,262.0754,3.784991e-10
