hsa-let-7a-1,34.164562,67.40755,46.365326,3.3025784,37.003174,15.282076,26.451649,13.864552,47.614742,43.357224
hsa-let-7a-2,68.74331,133.7699,92.36125,6.6836996,74.55841,30.57599,52.278057,27.040237,95.28797,85.65042
hsa-let-7a-3,34.49292,67.65931,46.193283,3.5533469,37.62815,15.204285,26.072248,14.063003,47.859173,42.98234
hsa-let-7b,98.416405,128.99016,0.8657772,3.1523533e-20,113.6589,7.834815e-09,106.452545,1.859895e-05,31.052588,94.5468
hsa-let-7c,1.4327665e-20,5.059662,0.0,2.0236492,6.0736713,1.4428518,10.055363,4.4367873e-32,5.2296123e-06,8.920404
hsa-let-7d,3.84729,0.499066,7.36246,1.8246004e-22,9.479689,4.472183e-19,5.0641046,0.19625948,1.9592553,5.7959914
hsa-let-7e,2.7784448,11.473284,3.3035918e-05,0.81047356,4.6200542,3.4007545,8.953618,0.9841407,2.2213514,4.886177
hsa-let-7f-1,0.06361426,0.11013446,0.23600966,0.02334164,0.15013072,0.02153853,0.07270717,0.05517364,0.062744945,0.042723596
hsa-let-7f-2,16.436357,73.682816,200.14018,20.850163,73.393265,57.226357,0.0065766233,35.450516,97.66786,79.02877
hsa-let-7g,2.1227443,2.1411147,13.543203,1.0798478,2.4841068,1.3541685,1.6077561,0.9954796,8.060842,1.9026178
hsa-let-7i,2.145171,10.563306,1.2391027,0.72476035,2.2513402,0.5186114,3.5976872,0.0021468108,4.781128,4.662201
hsa-mir-1-1,8.319012e-05,0.0,0.0,0.0015021471,9.460895e-06,0.0008925919,9.116879e-06,6.730102e-05,3.9697956e-05,0.0
hsa-mir-1-2,1.0516725e-09,0.0,0.0,1.1162336,0.04233104,0.6469684,0.20842358,1.4385592e-17,0.033562966,6.5152527e-12
hsa-mir-100,2.0064506e-21,40.870125,0.0,7.7035213,28.701485,2.717829,48.769497,2.2064499e-32,4.4990006e-12,31.811663
hsa-mir-101-1,35.931904,93.517494,88.810555,11.360924,5.6677985,34.218586,4.5879455,0.0050274385,80.26811,19.911968
hsa-mir-101-2,0.0019974664,0.010599958,0.032834526,0.0026157326,0.036269713,0.0057923864,0.0,0.0016032255,0.008550968,2.4315003e-07
hsa-mir-103-1,114.622025,140.11444,150.92607,11.490969,228.14899,1.9806432e-06,44.570114,61.357536,84.22479,82.899956
hsa-mir-103-1-as,0.0,0.0,0.0,0.0,0.0,0.0,0.0,0.0,0.0,0.0
hsa-mir-103-2,0.011364005,0.017198736,0.1383828,0.013270469,0.015392152,6.0966116e-17,0.024410626,7.1366094e-12,0.048648898,0.019689074
hsa-mir-103-2-as,0.0,0.0,0.0,0.0,0.0,0.0,0.0,0.0,0.0,0.0
hsa-mir-105-1,0.3192958,0.026241072,4.103239e-24,0.0,0.04993467,0.02794765,2.647323e-25,1.0916788e-23,0.0,0.0
hsa-mir-105-2,0.36152238,0.025654996,3.8722997e-36,0.0,0.029072763,0.025944263,2.4661984e-19,6.0929343e-25,0.0,0.0
hsa-mir-106a,2.3852579e-05,0.017993834,0.38851696,0.01970878,0.18571663,1.8744561e-09,0.005281785,0.052794196,0.10487925,5.165404e-22
hsa-mir-106b,5.1218953,2.4629006,13.6202545,0.01186941,8.8167715,0.4963517,2.5836685,1.4112551,4.0906215,3.9334674
hsa-mir-107,16.755558,20.374006,23.031933,1.1595602,23.13175,0.005136643,10.945682,3.7875996,10.752839,14.90986
hsa-mir-10a,10.083138,134.67038,173.35991,2.9691951,0.19546728,214.9213,57.95869,3871.2307,0.12962838,77.85053
hsa-mir-10b,229.02496,2.9342704e-08,100.15717,8.3820744e-08,140.12228,4.3366322e-07,0.022943735,134.06357,3.180902,2154.9607
hsa-mir-1178,0.0,0.0,2.191788e-05,0.0,0.0,3.2837677e-05,0.0,0.0,0.0,0.0
hsa-mir-1179,0.00021546317,0.0016445572,0.00021530528,0.0005605958,0.00023929549,0.0,2.4306116e-24,7.0183114e-30,0.0018466794,9.6328375e-05
hsa-mir-1180,0.45938686,0.15324669,0.08912121,0.0,0.314446,0.0,6.733538e-27,1.3438337e-14,5.8025527e-26,0.19879624
hsa-mir-1181,0.01015819,0.0008306661,0.0062382375,0.0,0.0049399994,1.7223089e-06,0.0035526073,0.00032045104,0.0029155407,0.0027260047
hsa-mir-1182,0.0,0.0,0.0001899155,0.0,6.1895366e-19,0.0,0.0,0.0,0.0,0.00010227386
hsa-mir-1183,0.0,0.0,0.0,0.0,0.0,0.0,0.0,0.0,0.0,0.0
hsa-mir-1184,0.0,0.0,0.0,0.0,0.0,0.0,0.0,0.0,0.0,0.0
hsa-mir-1185-1,2.4346877e-08,0.004489677,0.00050008594,0.0010947187,0.0006128463,0.00043038922,0.0030169548,0.0018900036,5.3126454e-09,0.0010913346
hsa-mir-1185-2,0.000463667,0.0016842774,0.0001856047,1.5623442e-28,0.00036761633,0.0011614541,0.0013032285,0.0007581188,0.0009858989,9.24476e-24
hsa-mir-1197,0.0001472341,0.0011921846,0.00010168719,0.00038170628,0.0020613337,0.00036904047,6.9549383e-16,0.0,0.00112227,0.0026711503
hsa-mir-1200,0.0,0.0,0.0,0.0,0.0,0.0,0.0,0.0,0.0,0.0
hsa-mir-1201,1.2994046e-12,0.0,0.22836612,0.0,0.17317937,0.0,0.0,2.2815264e-15,0.16209662,1.6833887e-21
hsa-mir-1202,0.0,0.0,0.0,0.0,0.0,0.0,8.793992e-05,0.0,0.0,1.2444504e-34
hsa-mir-1203,0.0,2.425119e-06,0.0,8.848887e-13,0.0,0.0,0.0,3.40083e-05,1.3641382e-37,0.0
hsa-mir-1204,2.875305e-32,5.1030613e-05,0.00011615336,0.0,0.0,0.0,0.0,0.0,0.0,0.0
hsa-mir-1205,0.0,0.0,0.0,0.0,0.0,0.0,0.0,0.0,0.0,0.0
hsa-mir-1206,0.0,0.0,0.0,0.0,0.0,0.0,0.0,0.0,0.0,0.0
hsa-mir-1207,0.0,0.0,0.0,0.0,0.0,0.0,0.0,7.5640135e-05,0.0,0.0
hsa-mir-1208,0.0,0.0,0.0,0.0,0.0,0.0,0.0,0.0,0.0,0.0
hsa-mir-122,0.0,0.0,0.06891561,0.0,0.0,0.0,0.0,0.0019993503,0.082191266,0.0
hsa-mir-1224,0.3217696,0.0,0.0,0.040656716,5.2318373e-05,0.0,0.0,0.0,0.0,0.04021816
hsa-mir-1225,0.00013260197,0.0,0.0005408562,0.0,0.0007480432,0.0,0.00044376543,0.0,0.0002245203,0.00047822174
hsa-mir-1226,0.0219809,0.00018654334,0.018858487,2.9621509e-15,0.059656225,7.33742e-28,0.01816164,0.031313628,2.258308e-09,0.0064947065
hsa-mir-1227,0.01376558,0.0,0.0086783385,0.0,0.030849356,0.0,0.015640467,0.0016851241,0.0051324815,0.009210274
hsa-mir-1228,0.0011452247,0.0072731473,0.005430053,0.0,0.008238846,1.7819417e-36,0.013483136,6.4604926e-08,0.0047582225,0.0069891065
hsa-mir-1229,0.000547008,0.00062952284,0.01221799,9.134538e-33,0.011030529,0.0,0.0074313204,0.007094538,0.004880789,1.08281245e-14
hsa-mir-1231,2.55854e-05,8.057763e-05,0.0,0.0,0.00028644668,0.0,0.0,4.580641e-11,0.0007119823,3.365604e-05
hsa-mir-1233,0.0,4.3725863e-06,0.0,7.1344806e-07,0.0,5.5261735e-05,0.0,0.0,0.0,1.7566232e-12
hsa-mir-1234,0.00029918586,7.3529645e-07,0.0009487173,0.0,0.000741843,0.0002071247,0.00050519285,0.00044594184,4.7782556e-05,0.0
hsa-mir-1236,1.307296e-23,3.350318e-38,0.00032159107,0.0,0.00065615587,0.0,6.9326234e-07,0.0,0.0,0.0028929277
hsa-mir-1237,0.0023778146,1.019494e-09,0.010028313,0.0,0.010138824,0.0,0.008119333,1.8524448e-08,3.7743847e-24,6.3109454e-08
hsa-mir-1238,7.783171e-21,0.00030459336,5.9315156e-05,4.5367002e-17,0.00051864516,0.0,0.0,0.0,1.8916929e-26,2.377777e-35
hsa-mir-124-1,0.0034244673,0.0,0.0,0.002111387,0.0,0.0,0.0,0.0,0.0,0.00087052863
hsa-mir-124-2,0.0018100865,0.0,0.0,0.0008342065,1.9820215e-08,0.0,0.0,0.0,0.0,0.0014528689
hsa-mir-124-3,0.0029073325,0.0,0.0,0.0009290116,0.0,0.0,0.0,0.0,0.0,0.0008998579
hsa-mir-1243,8.301517e-05,8.987645e-05,0.00020422509,0.00031809162,0.0,0.0,0.00046603015,0.00041164583,5.074195e-09,2.2795569e-15
hsa-mir-1244,0.0,0.0,6.2947e-06,0.0,0.0,0.0,0.0,0.0,0.00015815353,0.00039784118
hsa-mir-1245,1.8504212e-14,0.032762002,5.070549e-09,0.0059160246,0.005146161,0.002606501,0.0075930315,4.063735e-09,0.009470692,0.0065595084
hsa-mir-1246,0.00037271166,0.0016075266,0.004790462,0.0,2.0675966e-37,0.00024832628,0.0,0.0017031407,0.0,0.001864947
hsa-mir-1247,0.74841565,0.0,9.392865,0.35765612,9.78905,1.9514108e-16,1.3066043,4.3417072e-16,4.1122827e-23,0.0
hsa-mir-1248,0.0,0.0050658546,0.04570723,1.8203862e-26,0.02414543,0.011872413,1.2569912e-21,0.033327088,2.8744314e-08,0.018941578
hsa-mir-1249,0.016629113,0.007720568,1.4018185e-22,0.0,0.033750065,4.5266012e-35,0.0,1.707131e-22,0.0,0.052900195
hsa-mir-1250,0.0,0.0,0.0030510658,4.9414233e-31,0.0,0.00017062006,0.0005806042,0.0,0.0,0.0
hsa-mir-1251,0.0010219002,0.0003405147,0.0,0.0003348413,0.0,0.0,8.7109855e-13,0.0,0.000216139,0.00019918125
hsa-mir-1252,0.00021450742,0.0,1.8126171e-32,0.0,0.0010688148,0.0,0.0,0.000102949874,0.0,0.0
hsa-mir-1253,0.0,0.0,5.394412e-05,0.0,0.0,0.0,2.6389073e-06,0.0,0.0,0.0
hsa-mir-1254,0.0025122745,0.0052591297,0.009386383,0.0,0.02410459,0.0,0.0,3.9276193e-07,9.011153e-19,0.014697285
hsa-mir-1255a,0.0072212513,0.0058176247,0.0038243036,0.00011887047,0.0031289738,4.797688e-18,3.3934282e-06,0.0,0.006767958,1.3892628e-11
hsa-mir-1255b-1,0.0,0.0,0.0,0.0,0.0,0.0,0.0,0.0,0.0,0.0
hsa-mir-1255b-2,0.0,0.0,0.0,0.0,0.0,0.0,0.0,0.0,0.0,0.0
hsa-mir-1256,0.0011088178,0.0006485898,0.00030329698,0.0,0.00050089834,0.0,0.0003356175,0.0,0.0012116007,7.997807e-31
hsa-mir-1257,0.0008163357,0.0,0.0012569412,0.0,0.0,0.0,0.00112793,0.0,0.0,0.0
hsa-mir-1258,1.4509097e-32,5.4403867e-05,0.0,0.00156739,0.006389425,0.0019910245,0.0076978854,0.0,0.0,0.005517082
hsa-mir-1259,2.7946133e-22,2.4576257e-19,1.0528703,0.0,0.86562306,0.0,0.0,1.314721e-10,0.32996508,0.6947493
hsa-mir-125a,0.7396229,0.8749225,1.4594129e-24,0.0,5.8533306,2.3795486e-34,5.2960863,1.536357e-09,3.9862135e-25,4.316515
hsa-mir-125b-1,1.6812503e-16,0.2621159,0.0,2.896417e-13,5.3048778,3.5241882e-29,7.4248123,0.0,0.0,4.5149655
hsa-mir-125b-2,8.212938e-17,0.018739711,0.0,0.005124853,0.097350106,0.0071806884,0.15421955,0.0,1.5121861e-15,0.104236506
hsa-mir-126,7.226606e-06,9.631434,20.6989,3.5532587,1.5771958,5.353848e-06,11.735166,8.014601e-09,24.931902,6.2950726
hsa-mir-1260,3.6317917e-29,0.0,0.0,0.0,0.0,0.0,0.0,0.00010406267,0.00012689605,0.0
hsa-mir-1261,0.0,0.0,0.0,0.0,0.0,0.0,0.0,0.0,0.0,0.0
hsa-mir-1262,0.0069883512,0.0077518723,0.012051477,0.0020871905,0.012940651,0.0012476615,0.0037510744,0.003791256,0.002106617,0.008122381
hsa-mir-1263,0.00011081717,0.0,0.0,0.0,0.0,0.0,0.0,4.0897576e-05,0.0,0.0
hsa-mir-1264,0.0,0.0,0.0,0.0,0.0,0.0,0.0,0.0,0.0,0.0
hsa-mir-1265,3.7407226e-05,0.0,7.8357e-05,2.9903927e-10,0.0,0.0,0.00013244139,0.0,0.0,2.7005814e-05
hsa-mir-1266,0.4058924,0.09369522,0.6650043,3.3886887e-34,0.54727036,0.0,2.3896193e-19,4.6241063e-08,1.262189e-35,0.31572866
hsa-mir-1267,0.0,0.0001485448,1.5959706e-38,0.0,0.0,0.0,0.0,0.0,0.00029761274,0.0
hsa-mir-1268,0.0,0.0,0.0,0.0,0.0,0.0,0.0,0.0,0.0,0.0
hsa-mir-1269,0.0,0.0,0.041272316,0.0,5.361513,0.0,0.0,0.0,2.4223545,0.0
hsa-mir-127,0.8792924,11.348832,5.147903e-16,1.7613597e-07,14.140703,2.2341753e-14,19.164719,6.968556e-23,0.19306262,13.998493
hsa-mir-1270,0.009182438,0.013361596,0.0039230483,7.604618e-29,0.0042565283,0.0068043536,0.0062623587,4.446506e-12,2.8991397e-07,0.00011421625
hsa-mir-1271,0.0002944294,0.014473615,0.0042320834,1.1158142e-27,0.010255168,5.5831345e-18,0.023033613,0.0,0.011870395,0.009914833
hsa-mir-1272,0.0,0.0,0.0,0.0,0.0,0.0,0.0,0.0,0.0,0.0
hsa-mir-1273,0.0,0.0,0.0,0.0,0.0,0.0,0.0,0.0,0.0,0.0
hsa-mir-1274a,0.0,0.0,0.0,0.0,0.0,0.0,0.0,0.0,0.0,0.0
hsa-mir-1274b,0.039223712,2.1327362e-05,0.06185103,0.0,0.09077706,3.2536917e-21,0.084030606,9.8788834e-05,2.1046034e-10,0.030124275
hsa-mir-1275,0.0,0.0,0.08392881,0.0,0.08653199,0.00802006,3.896872e-12,5.6719506e-26,0.00015415586,0.05361129
hsa-mir-1276,0.00093462766,0.001389418,0.0045954073,1.4864683e-35,0.003049143,1.4814479e-17,0.0,2.8953175e-11,1.04425195e-32,0.0024980723
hsa-mir-1277,8.265739e-35,0.0010468793,0.023568733,1.8115574e-25,0.0,0.002069651,0.0032834262,0.0012876713,0.01955899,2.6244072e-06
hsa-mir-1278,1.1310635e-16,0.00028104786,0.00030402467,4.2629254e-05,4.6091515e-08,0.0,0.0,0.00033810674,0.0011746088,0.0
hsa-mir-1279,0.0,0.0,0.0,0.0,0.0,0.0,0.0,0.0,0.0,0.0
hsa-mir-128-1,0.665944,0.8256482,1.5250909,3.101343e-05,0.6121658,2.0917133e-13,0.22932148,0.0029054738,0.2546129,0.6754009
hsa-mir-128-2,0.5626856,0.7660416,1.3126059,0.0013715032,0.48716503,1.0996591e-05,0.16248576,0.0022458117,0.24166851,0.58489215
hsa-mir-1280,0.0005292022,0.00025396617,0.00027022162,0.00012537686,0.0,1.5722324e-21,0.0,0.0005134101,0.0,2.7110949e-11
hsa-mir-1281,0.00068503927,0.0,0.0,0.0,0.0,0.0,0.0,0.0,0.0,0.0
hsa-mir-1282,0.0,0.0,0.0,0.0,0.00069245975,0.0,0.0,0.0,0.0,0.0
hsa-mir-1283-1,0.0,0.0,1.382308e-35,0.0,0.0,3.468393e-05,9.383732e-10,0.0,6.874359e-05,7.3812926e-17
hsa-mir-1283-2,0.00027271837,0.0,0.0,0.0,0.000378944,0.0,0.0,0.0,0.0,0.0
hsa-mir-1284,0.005783073,0.0029303585,0.003741663,1.3438209e-13,4.8014805e-05,4.3844253e-33,0.0018925625,3.2391196e-29,1.1717478e-12,0.00089907116
hsa-mir-1285-1,0.000101865546,8.611738e-05,0.000119419914,0.0,0.0,0.0,0.0,0.0,0.0,0.0
hsa-mir-1285-2,0.0,0.0,0.0,0.0,0.0,0.0,0.0,0.0,0.0,0.0
hsa-mir-1286,0.0016118205,0.00075906527,4.8903963e-05,0.0,9.0372984e-26,0.0,8.75482e-14,5.442675e-15,0.00042132114,0.0
hsa-mir-1287,0.13046713,0.22494103,0.10519544,1.5949566e-16,0.08310839,4.1509574e-09,0.15100135,0.0014961322,0.060742907,0.17109667
hsa-mir-1288,0.010325092,0.0067949747,0.006560118,0.0,0.001214868,9.623863e-17,0.0045804563,2.689077e-07,0.003960827,0.0010837681
hsa-mir-1289-1,0.0,0.0,0.0006747447,6.8765625e-11,0.00022387432,2.0494159e-24,0.000114853196,0.00039244574,0.0,0.0
hsa-mir-1289-2,0.0,0.0,0.0,0.0,0.0,0.0,0.0,0.0,0.0,0.0
hsa-mir-129-1,0.0804654,0.0,0.0,0.033542875,0.03318776,0.0,2.82222e-33,0.0,0.0,0.084289186
hsa-mir-129-2,0.094576195,0.0,0.0,0.041334264,0.030024977,0.0,1.1875933e-38,0.0,0.0,0.08117765
hsa-mir-1290,0.00011483727,0.0014449132,4.2930074e-05,0.0,0.0,0.0,0.0,0.0002662236,0.0,0.0
hsa-mir-1291,0.0,7.034037e-34,0.023676189,0.0,0.0035674674,0.0,0.0,9.687487e-13,0.016870573,2.3398816e-06
hsa-mir-1292,0.00079069467,0.0,0.014665098,0.0,0.015612864,0.0,0.0045447284,2.1014143e-13,0.0005667308,0.009759115
hsa-mir-1293,0.003444849,0.0057513625,0.0017310684,0.0,0.0026979325,0.0,0.009534891,0.0012252843,0.0,0.0012527802
hsa-mir-1294,0.0018573691,0.002817515,0.005403932,0.0,0.006304532,2.9502295e-29,0.005364967,3.9606909e-16,5.56381e-26,0.00047190013
hsa-mir-1295,0.0037968548,0.0034429582,0.0004681048,1.3471118e-05,0.0012388079,3.411977e-13,0.003478405,0.00025358915,0.0052475915,2.299995e-21
hsa-mir-1296,0.03284504,0.0028645634,0.10613778,2.7488524e-33,0.12718643,0.0,0.0,7.8313066e-17,5.4661474e-08,0.08320039
hsa-mir-1297,0.0,0.00011459331,0.0,0.0,0.0,1.8821649e-05,5.4328546e-05,0.0,0.0,0.0
hsa-mir-1298,0.00028227337,0.0,7.454611e-09,0.0,0.00023225001,0.0,0.0,0.00022468918,0.0007215294,0.0
hsa-mir-1299,0.0,0.00023159057,2.9953793e-29,0.0,0.0,0.0,0.0,0.0,0.0,0.0
hsa-mir-1300,0.0,0.0,0.0,0.0,0.0,0.0,0.0,0.0,0.0,0.00020796052
hsa-mir-1301,0.032838315,0.011649809,0.13782567,0.008508671,0.11040059,1.1439465e-28,0.029041545,9.153345e-16,0.01596209,0.075253926
hsa-mir-1302-1,0.0,0.0,0.0,0.0,0.0,0.0,0.0,0.0,0.0,0.0
hsa-mir-1302-2,0.0,0.0,0.0,0.0,0.0,0.0,0.0,0.0,0.0,0.0
hsa-mir-1302-3,0.0,0.0,0.0,0.0,0.0,0.0,0.0,0.0,0.00018051175,0.0
hsa-mir-1302-4,0.0,0.0,0.0,0.0,0.0,0.0,0.0,0.0,0.0,0.0
hsa-mir-1302-5,0.0,0.0,0.0,0.0,0.0,0.0,0.0,0.0,0.0,0.0
hsa-mir-1302-6,0.0,0.0,0.0,0.0,0.0,0.0,0.0,0.0,0.0,0.0
hsa-mir-1302-7,0.0,0.0,0.0,0.0,0.0,0.0,0.0,0.0,0.0,0.0
hsa-mir-1302-8,0.0,0.0,0.0,0.0,0.0,0.0,0.0,0.0,0.0,0.0
hsa-mir-1303,0.00011783462,0.0,0.00047445402,0.0,5.5290626e-29,4.1384727e-05,2.0642421e-05,2.283672e-14,0.0,5.5549495e-05
hsa-mir-1304,2.913965e-10,3.8814636e-33,0.17891383,0.0,0.13002051,1.2948603e-20,2.723682e-24,3.0595403e-12,0.011913687,1.708056e-16
hsa-mir-1305,0.0004229482,0.001979158,0.0006996288,1.15515e-09,0.0,0.0,0.0005292549,2.3798863e-14,0.0,0.00052106
hsa-mir-1306,0.04216495,5.02702e-07,0.15530851,0.0,0.116108246,0.0,0.0784242,5.635189e-23,1.1794508e-10,0.07732313
hsa-mir-1307,7.5648236,5.530489,39.50806,0.0,23.063715,0.0,9.1154585,4.2341576e-06,2.1173035e-05,11.922174
hsa-mir-1308,1.1646603e-26,0.0053475476,0.010562808,0.0,0.008623888,0.0,0.0,2.0019306e-10,0.0043751807,2.1650283e-21
hsa-mir-130a,0.00018023838,0.31763196,0.0004118921,0.09182968,0.03926284,1.7035505e-09,0.28282335,7.249996e-17,0.39088845,0.23079152
hsa-mir-130b,0.2558927,0.1149149,0.6174546,7.578211e-07,0.38775602,6.89784e-24,0.13937792,0.119463325,0.31326136,0.058924664
hsa-mir-132,1.3946022,1.4917978,0.30613196,3.735103e-14,0.693282,1.1171361e-10,1.2292144,7.091254e-06,3.208055e-10,1.3929334
hsa-mir-1321,0.0,0.0,0.0,0.0,0.0,0.0,0.0,0.0,0.0,0.0
hsa-mir-1322,0.0,0.00011819006,0.00037149256,0.0,6.3024845e-06,6.4440545e-05,1.777312e-05,1.9548715e-33,0.0,7.226056e-27
hsa-mir-1323,0.0011563386,0.0,9.847597e-37,0.0,0.0,0.00040566217,0.00022733622,6.18448e-38,0.00057029043,0.0
hsa-mir-1324,0.0,0.0,0.0,0.0,0.0,0.0,0.0,0.0,0.0,0.0
hsa-mir-133a-1,0.029914083,0.0,0.0,0.4149416,0.30518544,0.08235124,0.37543046,0.0,0.0,1.5615514e-11
hsa-mir-133a-2,8.272222e-18,0.0,0.0,0.052109264,0.022328662,0.012589548,0.040188022,0.0,0.0,1.4801602e-28
hsa-mir-133b,4.6700572e-14,0.0,0.0,0.20410235,0.094930366,0.057759363,0.14585625,0.0,0.0,6.102227e-27
hsa-mir-134,0.75523305,4.765113,0.00046152223,0.16332737,2.6382644,1.945291e-05,4.654015,9.668297e-12,1.4364761,3.1680658
hsa-mir-135a-1,0.0009372414,4.3479326e-12,0.0030702383,0.0056481585,0.0029130653,1.2786325e-10,0.00047841787,4.3648783e-11,0.002354765,0.0070421253
hsa-mir-135a-2,0.0009063519,3.6175277e-07,0.0,0.00015998016,0.0002223033,2.545494e-32,0.0,0.0,0.0,2.1390268e-35
hsa-mir-135b,0.0,0.36031565,0.50045264,2.4609969e-20,0.8654206,0.03702737,0.0,1.3847201,0.3069383,0.0017487985
hsa-mir-136,1.4158203e-16,0.4373733,0.11915006,0.023394145,0.0,3.818981e-11,0.0963987,3.0254961e-27,0.14438,0.005944554
hsa-mir-137,1.27995345e-05,0.0031837625,3.548768e-37,0.0020506035,0.000995231,0.0024325936,0.00078501244,0.0022296065,4.4053715e-16,0.0004940367
hsa-mir-138-1,0.007300193,0.0040235906,8.988581e-05,0.0008840577,7.669986e-06,0.0010256895,0.0022441999,0.0,0.004367245,0.005336326
hsa-mir-138-2,0.002434047,0.0055142986,6.685402e-07,0.0025023555,0.00020990243,0.0006828334,2.592954e-21,0.0,0.0053387256,0.0004421739
hsa-mir-139,1.291417e-22,0.0,0.0,1.736572e-10,0.6109373,0.0,0.915284,0.0,0.0,0.5292435
hsa-mir-140,6.34441,9.285619,1.4540305,4.2161487e-18,9.154498,1.0267044e-20,11.912501,1.08562865e-08,0.083600864,8.452056
hsa-mir-141,12.533227,6.3773026,40.958057,0.010582076,10.106609,9.1493627e-07,1.0291656e-05,4.621509,6.0463867,3.7827938
hsa-mir-142,0.25228363,20.481178,15.526728,0.0029324354,1.727703e-32,9.9845366e-33,8.736877,1.4904245e-28,18.436962,6.071594
hsa-mir-143,144.48921,598.59174,9.356015,3585.731,1091.107,3677.036,2090.5513,27.18721,991.8797,742.20215
hsa-mir-144,2.590108e-05,0.27265757,3.039734,1.1267047e-10,3.1036544e-38,0.0,1.3967464e-29,0.0,1.02201665e-16,1.181952
hsa-mir-145,3.257665e-25,0.0,0.0,12.88583,43.545982,3.686561e-19,62.2238,0.0,0.0,30.57346
hsa-mir-1468,0.035836358,0.025570432,0.069514714,0.0057348837,0.09000549,9.153041e-29,1.3221194e-13,0.0021272572,0.017268442,0.04360407
hsa-mir-1469,0.0,0.0,0.0,0.0,0.0,0.0,0.0,0.0,0.0,0.0
hsa-mir-146a,3.1669123,2.0300267,2.4262376,0.0,1.4297918e-30,4.0397927e-26,3.0332307e-19,2.333546,4.4322147,0.011563217
hsa-mir-146b,1.8993512,10.905697,0.0941401,1.3246875e-05,2.1739454,1.39808234e-11,4.682602,0.3967095,1.4271593,3.5096173
hsa-mir-147,0.0,0.0,0.0005200347,0.0,2.8957404e-05,0.0,0.0,0.0,0.0,0.0
hsa-mir-1470,0.0,0.0,0.0,0.0,0.0,0.0,0.0,0.0,0.0,0.0
hsa-mir-1471,0.0,0.0,0.0,0.0,0.0,0.0,0.0,0.0,0.0,0.0
hsa-mir-147b,0.033604663,0.01691245,0.20391397,9.1916796e-33,0.0,5.5223594e-16,0.020589923,0.0,0.052668616,2.6756196e-20
hsa-mir-148a,403.66074,7.707369e-10,762.38196,8.534298e-19,9.81106e-06,1.4615745e-15,9.086841e-11,181.99599,1690.4333,0.02201983
hsa-mir-148b,2.5710707,1.4311222,5.1388855,0.3876052,2.1629572,0.018405199,0.27670836,1.0492929,2.0499537,2.280868
hsa-mir-149,0.06425803,4.9809016e-05,2.11032e-14,0.0,0.33733004,0.0,0.0,1.5683837e-23,5.523876e-26,0.3632195
hsa-mir-150,2.2845507,0.79828626,1.6941505e-30,0.0,6.5279155,0.0,9.387937,0.0,0.00072689,8.296007
hsa-mir-151,13.492984,10.816296,74.85839,1.2196526e-05,62.723083,10.110973,1.809273,9.610357,22.300686,24.634441
hsa-mir-152,0.20431632,3.6634023,3.136443e-05,0.7306762,0.58889717,0.7473932,2.0700023,0.21312056,2.792705,1.3687718
hsa-mir-153-1,1.6009717e-05,0.0046450235,0.037834898,0.003943215,0.015629213,0.00092082017,8.69469e-22,0.003388177,0.029262135,0.009540527
hsa-mir-153-2,0.41343608,0.11204235,0.6395205,1.2863988e-31,0.120340526,0.0,1.0343088e-31,2.2677056e-09,0.4161878,0.4106122
hsa-mir-1537,0.0008062173,0.0031091066,0.002966426,3.8057058e-23,0.0,0.0,0.00123993,0.0,0.0013104989,0.00014066252
hsa-mir-1538,0.001981067,0.00087372673,0.0022938976,0.0,3.4804856e-05,0.0,0.0029550774,0.0004976884,1.444652e-38,0.00057298545
hsa-mir-1539,0.00012508985,0.0,4.2097065e-05,0.0,0.0,0.0,0.00034158205,0.0,0.00014195406,0.0
hsa-mir-154,0.0036390685,0.072146446,0.0015898844,0.003042641,0.012684932,2.4519199e-18,0.04645288,1.8875573e-11,0.043008685,0.01892139
hsa-mir-155,1.7731695,5.740369,2.371951,0.38539883,0.7908147,4.736698e-10,2.041303,0.0002940461,1.2934796,4.357798
hsa-mir-15a,0.192462,1.1762804,2.2770445,6.056595e-13,0.87223154,0.026147412,0.13237777,0.637028,0.82097936,0.0021168033
hsa-mir-15b,1.745906,0.61463827,4.3604355,0.107872926,1.8583844,0.19064207,0.6834813,0.5769505,1.9066213,0.77399063
hsa-mir-16-1,0.6881049,1.5396382,10.285865,0.0626525,2.585338,0.39440227,0.8627663,1.7411973,6.113244,0.79178387
hsa-mir-16-2,0.025682865,0.039546162,0.16765516,1.36802e-05,0.039563347,2.6156414e-25,0.018108526,0.031686533,0.101753324,0.012814423
hsa-mir-17,9.414307e-13,7.7296066,34.651463,2.1106404e-32,20.683567,2.4817242e-12,1.5774723e-29,7.241453,3.6790392,8.84083e-21
hsa-mir-181a-1,5.734376,15.91173,0.004626217,0.0,11.590717,1.5193278e-22,6.1232095,1.716879,5.983412,10.005737
hsa-mir-181a-2,5.770149,1.7889498,3.6095774,9.901649e-11,8.80012,0.36045614,3.8570223,2.0492117,1.9489077,9.099641
hsa-mir-181b-1,1.296791,3.028776,0.34911615,6.224374e-27,3.6465054,1.3454347e-19,2.4055998e-08,1.3035889,2.3137171,3.5785131
hsa-mir-181b-2,0.01086738,0.005652199,0.025302343,0.0007425352,0.0104819285,0.000660387,1.0842785e-11,0.012570384,0.009735882,0.021790719
hsa-mir-181c,0.31853354,0.86517316,0.80214113,3.432365e-10,1.1184002,0.15396659,0.17128861,0.790268,0.07886596,1.0604597
hsa-mir-181d,4.3363573e-37,0.18838774,0.30282634,7.1181294e-12,0.562592,0.031403624,0.0,0.3830593,1.3738532e-23,0.47665998
hsa-mir-182,249.70157,2.73864,111.58696,14.872078,536.77905,2.1019018e-09,0.0,159.78735,0.008010333,36.739548
hsa-mir-1825,0.0,8.2663354e-36,0.0022190916,0.0,0.0,1.7553506e-06,1.1136055e-19,0.0,0.0,2.6508511e-30
hsa-mir-1826,5.2583947,0.0,21.286833,0.0,21.31067,0.0,0.0,4.3262226e-05,21.009779,21.022694
hsa-mir-1827,0.0,0.00021739973,2.3586451e-26,0.0,0.0,6.676562e-05,0.0,0.0,0.0,0.0
hsa-mir-183,150.02917,5.686297e-15,46.244614,9.5610485,286.9899,5.945815e-30,0.0,85.94996,3.0153556e-17,8.794727
hsa-mir-184,0.0,0.0,5.5976797e-22,0.0,0.21290375,0.0,0.0,9.451645e-06,3.4549125e-10,0.0
hsa-mir-185,0.27007392,0.82530475,1.1302967,9.3396204e-07,0.14265966,5.0402473e-16,0.4250126,0.00030938102,0.1896229,0.21045992
hsa-mir-186,1.0630642,1.065754,5.02267,0.0956124,1.8692069,5.5043414e-11,1.0711888,0.00010673617,1.1861677,0.9019385
hsa-mir-187,0.017734857,0.0,0.0,0.029835703,0.01864293,5.238679e-35,0.0030254717,0.0,0.0,0.033623926
hsa-mir-188,0.0,5.84038e-24,0.29897633,0.0074206553,0.016872838,7.712843e-08,1.1170554e-11,4.5477857e-37,0.10042577,8.406115e-29
hsa-mir-18a,2.7324275e-05,0.14033203,0.81063247,3.384876e-16,0.43351236,3.4441468e-22,5.610015e-29,0.027975058,0.112160735,7.139872e-27
hsa-mir-18b,0.007954834,0.0065969783,0.058881033,0.0034701545,0.022616133,0.0011799132,2.3680609e-07,0.009387692,0.013591509,2.917233e-20
hsa-mir-190,0.053121902,0.03130894,0.14150815,2.4887525e-16,1.478648e-10,0.009729054,0.0084258085,0.0057933847,0.025698824,0.015519494
hsa-mir-1908,0.00030332556,0.00016662607,0.0017265368,0.0,0.0,0.0002803521,2.2433013e-09,3.7122191e-10,0.0,0.00034918595
hsa-mir-1909,0.0012309646,5.040603e-10,0.0029983893,4.4319536e-06,0.00074753514,0.00011822176,0.00062707084,5.2724746e-33,3.581192e-05,0.0011216414
hsa-mir-190b,0.0016990625,0.0015427498,0.0030234773,0.00035400363,0.0008022166,0.0,0.0,1.1507727e-16,1.8970766e-15,4.9564028e-14
hsa-mir-191,2.128112,6.981602e-16,18.162107,0.0154034095,7.758882,0.00039688783,1.8649269,2.1152068e-06,4.954684,2.3198364
hsa-mir-1910,9.141617e-23,0.0014949612,0.0,0.00032915184,0.0019896468,1.3309486e-22,0.00061654253,0.00015034768,0.0,1.9303141e-05
hsa-mir-1911,0.020554347,5.841696e-23,0.0019321631,0.0,0.0,3.5310494e-12,0.0,4.0646282e-21,0.0053563504,0.0
hsa-mir-1912,1.0265327e-05,3.639487e-06,0.0,0.0,3.358647e-05,0.0,1.4709269e-05,0.0,1.1772367e-05,0.0
hsa-mir-1913,3.4241648e-12,7.11419e-05,0.0,0.0,0.00065651553,0.0,0.0,0.0,0.0,0.0010323199
hsa-mir-1914,4.600364e-22,7.2040165e-11,0.0031597996,0.0,0.00031673853,0.0,0.00070106337,2.3050825e-24,0.0016614301,6.730148e-05
hsa-mir-1915,0.00011660361,0.0001851556,0.0,0.0,7.4279786e-05,0.0,0.0,4.222754e-11,0.0,3.255796e-05
hsa-mir-192,5.7125754,0.0010516717,2297.8083,6.616644e-10,1.789801e-08,0.01383176,153.83746,4.297318,0.009451339,0.01771897
hsa-mir-193a,0.3768218,1.5276132,1.0672021,3.6144792e-30,2.5640607,0.006459286,2.2464936,0.27434453,0.012443218,1.7506677
hsa-mir-193b,0.036568195,0.26846156,0.11493265,0.0,0.5547403,2.6397033e-37,0.64709485,3.4032452e-21,0.16200422,0.30239713
hsa-mir-194-1,37.354366,24.703697,303.54236,1.3022433e-16,44.721775,6.956094,21.685099,31.052965,1.6280012e-12,7.170744e-05
hsa-mir-194-2,40.508865,24.623907,320.4513,1.1597951e-16,48.379066,6.3649096,24.080816,32.41683,3.7554023e-13,0.00014339248
hsa-mir-195,0.1789834,0.09425407,0.044294152,0.2850285,0.1271475,0.12643464,0.25500044,5.0117584e-16,0.3960433,0.35827407
hsa-mir-196a-1,0.0,0.922006,5.5847707,0.009891251,1.9609569,6.7876455e-13,8.6023464e-23,3.9069397,1.6660943,6.495586e-23
hsa-mir-196a-2,0.0,0.000110182526,0.026008451,8.163435e-17,0.015962914,6.789501e-22,0.0,0.010685331,0.005925911,0.0
hsa-mir-196b,0.0,5.713131e-08,101.32997,1.0508293,16.736795,3.0999494,0.31329113,0.015490594,20.76229,1.2917924e-10
hsa-mir-197,2.4633176,0.124599196,2.9336376,0.0,4.621212,0.0,3.4603584,2.906985e-17,1.0793177e-05,1.9386284
hsa-mir-1972,0.0,0.0,0.0,0.0,0.0,0.0,0.0,0.0,0.0,0.0
hsa-mir-1973,0.0,4.612132e-05,0.0,0.0,0.0,0.0,0.0,0.0,0.0,0.0
hsa-mir-1974,1.187866e-29,0.0052532037,16.576382,0.0,12.432319,5.4539523,2.6010279e-27,0.27184862,8.948578,9.209251
hsa-mir-1975,0.67503196,5.824355,19.202976,0.0,8.446838,0.0,5.4645392e-14,1.2872556,2.3684478,9.14603
hsa-mir-1976,0.10838084,0.06539728,0.11153142,0.0,0.16161622,0.0,0.14458,0.00012184423,9.163827e-07,0.038038325
hsa-mir-1977,0.0,0.0013057787,0.66298914,0.0,0.18529493,0.026897658,0.0,0.09667267,0.23918445,1.6403254e-09
hsa-mir-1978,0.0,0.0,1.1004742,0.0,0.24422185,2.3356533e-10,0.46085724,0.7120266,0.59664935,5.4498464e-19
hsa-mir-1979,0.00011571927,1.783154e-05,1.6336208e-32,0.0,0.0,0.0,0.0,0.0,8.0217906e-05,0.0
hsa-mir-198,0.0,0.00014367634,0.0,2.5718167e-05,0.0,0.0,2.4915864e-05,0.00018949654,0.00017934728,0.0
hsa-mir-199a-1,1.12213724e-10,16.282846,0.0013385648,0.3590075,1.1070182e-05,1.4154993,6.219453,8.8500226e-16,6.158278,3.5173383
hsa-mir-199a-2,4.11675e-14,27.52674,0.09460396,0.6764649,1.8419723e-08,2.9683297,9.536592,2.8374343e-17,11.645532,5.0067606
hsa-mir-199b,1.6503806e-18,35.531338,0.60752976,0.9304623,4.822749e-13,4.6363015,10.765749,1.05942327e-19,17.078844,5.1705537
hsa-mir-19a,1.7405979e-08,0.23326424,1.0090883,0.011867424,0.28424066,0.0069943075,1.8545706e-18,4.777461e-10,0.06234975,2.1112018e-30
hsa-mir-19b-1,2.3577078e-17,0.06690855,0.3396052,0.000223626,0.10182043,0.009337793,8.50933e-06,0.02937738,0.0455697,2.4259204e-19
hsa-mir-19b-2,1.4498742e-07,0.68857884,4.03349,5.9163898e-12,2.3398404,0.34375983,4.0239708e-32,0.49376044,0.70740026,3.8408555e-37
hsa-mir-200a,25.059216,9.391498,54.716713,3.6342835e-28,18.967915,1.2548935e-23,5.5771065,13.138074,7.8443966,0.0016040198
hsa-mir-200b,17.715107,8.317043,53.987194,3.5600542e-10,26.979576,8.186847e-06,3.2893338,14.013304,13.685881,5.423144e-09
hsa-mir-200c,167.68796,11.007481,285.1131,1.3382493e-27,270.8529,4.23817e-17,1.062719e-12,61.137016,0.41453215,78.2527
hsa-mir-202,0.0008397167,0.0012885433,0.0,0.0019758306,0.00079681975,9.00492e-36,0.0051163114,0.0,3.667637e-11,0.004587299
hsa-mir-203,2.4824054e-08,97.267075,432.63986,5.6180573,312.46606,6.971398e-12,4.4369644e-15,53.653458,3.6339152e-23,2.3257205e-17
hsa-mir-204,0.0,0.0,6.7655646e-06,0.0,0.33951262,0.0,0.0,0.0,0.2647012,0.0
hsa-mir-205,0.0,0.07117651,0.0,0.0,0.10634494,0.0,0.16185066,0.0,0.0,0.0
hsa-mir-2052,0.0,1.602375e-05,0.0,1.1503211e-05,0.0,0.0,0.0,0.0,0.0,0.0
hsa-mir-2053,0.0,0.0,0.0,0.0,0.0,0.0,0.0,0.0,0.0,0.0
hsa-mir-2054,0.0,0.0,0.0,0.0,0.0,0.0,0.0,0.0,0.0,0.0
hsa-mir-206,1.2272724e-21,0.0,0.014622884,0.0,0.0,0.0,0.0,0.017710714,0.016270472,0.0
hsa-mir-208a,0.0,0.0,0.0,0.0,0.0,0.0,0.0,0.0,0.0,0.0
hsa-mir-208b,0.00018199187,0.0,0.0,0.00014855144,0.0,0.0,0.0,0.0,1.1786305e-32,6.390505e-05
hsa-mir-20a,2.3848067e-29,2.8599627,14.324937,6.0720914e-38,8.286892,1.5646348e-16,0.0,2.9433103,1.0434828,2.5785306e-32
hsa-mir-20b,0.0019662052,0.04416871,0.06337404,0.045156617,3.260568e-15,9.906913e-34,0.04610294,0.0,1.4475559e-15,4.8112285e-11
hsa-mir-21,764.90894,4468.95,1815.466,31.32161,25.1808,868.7187,0.90916324,350.5348,54.562805,596.35175
hsa-mir-210,10.312792,4.8525734,12.893027,0.0,1.5656257e-35,0.0,2.8521857,3.818658e-21,2.9431988e-35,3.2034787e-19
hsa-mir-211,0.00087567756,0.0,7.619577e-22,0.0,4.6027538e-36,0.0,0.0,0.000760574,0.00049574685,0.0
hsa-mir-2110,0.031361915,0.0032525717,0.037615508,4.305123e-33,0.044674236,9.551005e-27,0.031208096,2.7547077e-12,6.496605e-08,0.021587001
hsa-mir-2113,0.0006250518,0.0,0.0,2.9287783e-05,0.0,0.0,0.0,0.0,0.0,0.0
hsa-mir-212,0.103951514,0.09137207,0.020658404,0.009825095,0.04082379,0.0067560724,0.075182535,2.508218e-07,0.037473507,0.1130027
hsa-mir-214,0.0038813085,0.21305972,2.5771997e-31,0.014846368,0.2838445,0.00033281744,0.49969736,8.37522e-33,0.09907807,0.3319634
hsa-mir-215,23.152935,1.7536568e-37,32.02821,0.0,0.0,0.0,9.1851015,0.0033436872,0.0,0.7261908
hsa-mir-216a,0.014205119,0.018527316,0.0,0.014351255,0.0009073034,0.0,0.0008734246,9.905103e-18,0.009441233,0.023907823
hsa-mir-216b,0.013856217,0.0,0.0,0.0058645196,0.0,0.0,0.0,0.0,0.0,0.0018797436
hsa-mir-217,0.47209537,0.46060932,1.1440129e-37,0.33348534,0.19381088,1.5119837e-29,0.15826474,2.111729e-17,0.20979762,0.4563284
hsa-mir-218-1,5.681378e-16,0.0058983085,0.0,0.0008640469,0.00048977847,0.00077777833,0.005586944,0.0,0.0015660031,0.002533268
hsa-mir-218-2,2.1220514e-07,0.37253782,0.0,0.10544534,0.00038898812,0.112704515,0.14617029,4.0595655e-08,0.19700168,0.07705935
hsa-mir-219-1,0.06607194,0.018497244,0.081101656,0.0,0.03770804,1.4340607e-31,8.092328e-05,0.0068915854,0.0067308117,0.01638775
hsa-mir-219-2,0.001037006,0.0025923296,0.0028992472,4.5972733e-37,0.0004794845,0.00010252576,0.0012324759,0.0005232291,0.007244737,6.510431e-18
hsa-mir-22,256.92758,918.3156,46.00191,1.915045e-12,72.527245,5.114407e-08,599.69995,2.7380729,142.72687,226.1144
hsa-mir-220a,0.0,9.168506e-05,0.0,0.0,0.0,0.0,0.0,0.0,0.0,2.3920772e-06
hsa-mir-220b,0.0,0.0,0.0,0.0,0.0,0.0,0.0,0.0,0.0,0.0
hsa-mir-220c,0.0,0.0,0.0,0.0,0.0,0.0,0.0,0.0,0.0,0.0
hsa-mir-221,5.9974786e-07,2.837597,3.6110258,1.1585415e-24,2.6921055,6.564841e-05,1.2157569,0.3763571,1.5272987,1.6316171
hsa-mir-222,1.5618134e-07,0.7012407,1.3663526,0.0,0.5811325,6.3129313e-34,0.47970667,0.0010294339,0.46590233,0.5032385
hsa-mir-223,7.09933,9.642062,1.4089244e-29,0.11236064,0.5776405,4.80131e-24,2.365096,1.1819174e-05,2.579478e-29,2.281001
hsa-mir-224,0.0,0.75584966,2.0195098,3.5838385e-22,0.8594988,0.09415206,0.0,0.0,0.20035012,1.5601897e-22
hsa-mir-23a,2.0169985,33.649014,27.606476,7.8659974e-11,29.809065,2.7646601,23.894245,6.0311623,15.475173,16.878271
hsa-mir-23b,8.3222885,8.343884,0.46732992,0.018544663,10.998002,1.3367646,9.765442,0.950112,5.9709463,9.072725
hsa-mir-24-1,0.17826104,0.03607769,0.031719554,0.0021320663,0.26189813,0.0003237541,0.17365976,4.975174e-06,0.08552036,0.20503256
hsa-mir-24-2,11.054643,27.041386,14.383176,4.8771825,39.309288,7.745524,15.372832,12.537813,21.867325,13.756348
hsa-mir-25,56.97262,70.473885,196.53156,4.2199264,137.30235,10.461915,1.4055592e-16,0.8826484,5.945308,78.69152
hsa-mir-26a-1,0.0002807967,0.008231455,0.0443004,0.0010502493,0.009437754,2.0561917e-34,0.008194586,0.013934675,0.007782079,0.0024181718
hsa-mir-26a-2,6.2849927,13.577871,13.829518,4.0938406,10.569328,7.1025357,6.0352216,3.6989388,19.910683,13.2038
hsa-mir-26b,2.0558567,3.291747,7.6434903,1.449456,3.1664164,0.6505219,0.71865356,2.4155605,7.913708,2.5553637
hsa-mir-27a,3.3340578,20.082611,17.106398,1.1118559,8.834935,6.0588202,6.042889,4.4989486,12.0518465,2.287293
hsa-mir-27b,13.363105,12.764164,5.4945903,2.1413832,9.333272,5.4048376,4.9968057,3.983238,13.998934,8.476213
hsa-mir-28,41.659706,17.158482,42.93734,8.0915165,77.5182,9.177516,59.07811,4.206359,7.2224364,56.22446
hsa-mir-296,0.019393122,0.006093781,0.08861184,0.0,0.046696767,1.281256e-25,0.05024683,0.0,0.027499657,4.3359384e-15
hsa-mir-297,0.0,0.0,0.0,0.0,0.0,0.0,0.0,0.0,0.0,0.0
hsa-mir-298,0.0,0.0,0.0,0.0,0.0,0.0,0.0,0.0,0.0,0.0
hsa-mir-299,0.016630871,0.049195927,0.00029257478,0.006150919,0.039344724,5.607223e-05,0.049335677,1.23978e-09,0.02050006,0.025307857
hsa-mir-29a,18.65341,44.461605,125.29375,0.16825691,97.47766,48.23164,12.876549,68.160065,83.83383,10.019012
hsa-mir-29b-1,0.0,0.6761457,7.778287,0.18974987,2.3917978,0.35698754,0.13268046,2.037111,2.7812667,5.244656e-27
hsa-mir-29b-2,0.0,0.7740489,7.6609573,0.22399409,2.4786975,0.28368735,0.26759866,2.0173676,2.7667615,1.8141837e-24
hsa-mir-29c,9.50282,8.4483,1.7372092,2.9517078,3.8808882e-17,5.4486146,7.421853,2.7977746e-20,18.537216,10.503537
hsa-mir-300,0.0,0.0,0.0,0.0,0.0,0.0,0.0,0.0,0.0,0.0
hsa-mir-301a,0.019723497,0.027695974,0.14051303,0.011712998,0.05311311,2.129326e-13,2.0952139e-05,0.04062344,0.05791505,0.0036574723
hsa-mir-301b,0.013322141,2.653031e-18,0.03483064,9.456844e-12,0.022836734,6.321524e-14,0.0006915437,0.015781641,0.017481297,7.3469807e-34
hsa-mir-302a,0.0,0.00030809324,0.0,0.0,0.0,0.0,0.0,0.0,0.0,0.0
hsa-mir-302b,0.0,2.480044e-05,0.0,0.0,0.0,0.0,0.0,0.0,0.0003455297,0.00015323119
hsa-mir-302c,0.0,4.833328e-05,0.0,3.2974494e-05,0.0,0.0,0.0,0.0,0.0,4.7630278e-05
hsa-mir-302d,0.0,3.3928984e-05,0.0,0.0,0.0,0.0,0.0,0.0,0.0,0.0
hsa-mir-302e,0.0,0.0,0.0,0.0,0.0,0.0,0.0,0.0,0.0,0.0
hsa-mir-302f,0.0,0.0,0.0,0.0,0.0,0.0,0.0,0.0,0.0,0.0
hsa-mir-30a,14.584093,41.021576,0.20612593,32.600212,42.582394,22.963505,39.855232,5.6268544,21.91127,49.423717
hsa-mir-30b,2.8035169,0.7296958,3.3279598,0.50367206,4.60173,0.6695865,0.0002492439,0.00022574556,5.2253633,1.0722672e-24
hsa-mir-30c-1,1.8459668e-13,0.00010666077,0.048313517,1.16405725e-10,0.008998954,2.5006742e-17,0.013712298,0.003748495,0.022273766,3.0561861e-15
hsa-mir-30c-2,1.2910681,0.35214543,3.8103201,0.46922517,3.4442506,0.14721784,1.6802481,0.00065943494,1.7249113,1.63549
hsa-mir-30d,49.42881,23.234852,49.35561,1.9269316e-22,123.53837,3.2778218,28.689257,12.518151,25.526709,7.5969768
hsa-mir-30e,58.13125,51.439945,157.4379,23.905098,58.465153,18.311802,24.550447,0.38893765,69.20622,62.745876
hsa-mir-31,0.43586147,0.24226554,0.0,0.0,0.09151738,0.0,2.5225187e-14,0.14688885,0.21244723,0.0
hsa-mir-32,0.10290745,0.04326147,0.728756,0.012933994,0.17403154,0.097286515,9.359558e-15,0.014101111,0.378599,0.084328644
hsa-mir-320a,5.7714353,0.73563194,6.7221813,0.9498383,13.112378,8.438092e-12,4.504954,0.000111500376,0.19720651,6.522568
hsa-mir-320b-1,0.0,0.0,0.0,0.0,0.0,0.0,0.0,0.0,0.0,0.0
hsa-mir-320b-2,0.54898685,0.024609044,0.5445491,0.117831156,1.1620234,0.0082067745,0.6727955,2.637744e-10,0.092371866,0.9903201
hsa-mir-320c-1,0.00858331,1.6005488e-06,8.681907e-13,0.0,0.01690515,0.0,0.0,6.4641135e-27,2.98588e-23,0.018037617
hsa-mir-320c-2,0.0108418055,0.0,0.0,0.0,0.021045383,0.0,0.0,0.0,0.0,0.0
hsa-mir-320d-1,0.00082128466,1.8658842e-05,0.0028126359,3.4952363e-06,0.009002428,0.0023267707,0.0024983408,0.0015855526,0.005068307,0.003016575
hsa-mir-320d-2,1.55845e-05,3.6405588e-14,0.0053351065,0.00091595016,0.005792182,0.0035107709,8.407461e-06,0.00080766325,0.008902031,0.0009572427
hsa-mir-323,0.0055303806,0.013525247,0.0011883769,0.0,0.03418708,0.0,0.06491247,5.5883987e-13,0.025111105,0.020226473
hsa-mir-324,0.40123048,0.1504441,0.46395323,0.0,0.45297238,0.0,0.35521415,2.0455165e-05,0.0950896,0.20914735
hsa-mir-325,0.0,0.0,0.0,0.0,0.0,0.0,0.0,0.0,0.0,0.0
hsa-mir-326,0.54835296,0.17974481,0.18330763,3.8613373e-25,0.41146037,1.8786546e-17,0.7111032,1.5984437e-13,5.688429e-15,0.22039118
hsa-mir-328,0.054212045,0.038711037,0.07045987,0.0,0.31226268,0.0,0.28728884,3.2581598e-24,0.07354499,0.19221626
hsa-mir-329-1,0.0006242261,0.0033960291,7.8638945e-15,0.0010480207,0.0038832608,5.0572474e-21,0.006378729,1.975736e-07,9.945997e-22,0.005311863
hsa-mir-329-2,0.001025295,0.002895859,7.564752e-18,0.0007956486,0.005617165,0.00063070265,0.0063716783,2.0117522e-28,2.991926e-30,0.006806476
hsa-mir-330,0.63468426,0.43068877,0.011449296,2.9533151e-36,0.5846185,2.2421012e-20,0.5411191,0.16528623,1.307863e-13,0.67727
hsa-mir-331,0.20189054,0.09059337,0.2740496,0.0,0.3078567,0.0,0.2614251,7.223833e-05,0.08859018,0.23519902
hsa-mir-335,5.1976137e-13,0.47412556,6.3416815,0.22761603,3.5758376,0.08477723,6.3311584e-34,0.49060258,1.2560794,1.8333345e-05
hsa-mir-337,0.02684486,0.2838095,0.025893962,0.0378031,0.10326332,8.548023e-10,0.25693384,0.000398796,0.19520102,0.21372876
hsa-mir-338,2.4430306e-17,4.038625,8.532835,7.3878885e-25,1.2545424,0.46186712,2.3528326,1.810173,3.3757626e-26,1.6223798e-14
hsa-mir-339,0.024731716,0.00070575543,0.44730985,1.3746967e-24,0.48806292,1.2649108e-31,0.2516546,9.627334e-05,0.2379461,5.5101426e-09
hsa-mir-33a,5.777003e-23,0.0,1.8102099,1.5846894e-13,0.011533807,0.08558225,0.09451537,0.02837515,0.4858723,3.2282945e-32
hsa-mir-33b,0.027802195,2.2185029e-07,0.13485077,0.0,1.9332468e-08,9.826146e-32,0.04489744,0.012926343,0.018898157,1.0257497e-09
hsa-mir-340,0.11217555,0.17174058,0.3050654,0.08481409,0.07457463,0.09609495,0.0037800744,0.08604598,0.12839831,0.052378803
hsa-mir-342,0.22432087,0.43456474,3.3705356e-24,4.4595328e-33,0.8756632,0.0,1.1211017,2.1254641e-26,0.11720332,0.97169435
hsa-mir-345,0.11871092,1.7574323e-05,0.42136103,0.0,0.13691716,0.0,0.13228922,1.0441437e-18,0.1603419,0.05941981
hsa-mir-346,0.0007375538,0.00013114887,7.063126e-06,2.6780493e-24,0.0012857732,0.0,0.0011734001,0.0,3.1647107e-06,0.0010282546
hsa-mir-34a,0.81305414,1.4436224,0.62534267,6.821703e-12,0.7766594,0.08954945,0.3252555,0.14801817,1.3280257,1.0351157
hsa-mir-34b,0.0015239277,0.011990459,3.790595e-22,0.0,0.0007787217,1.2773822e-12,0.0057359845,2.7594417e-08,0.0017495429,0.0054021277
hsa-mir-34c,0.010827056,0.06769768,0.0,0.0023529034,0.014135163,0.014400698,0.027885366,1.1319821e-29,0.00088300556,0.029650234
hsa-mir-361,0.068466924,2.5626872,7.481488,0.00051810197,6.0607634,0.19956683,2.928716,3.3023636e-07,1.6663884,4.4167824
hsa-mir-362,0.0,5.831375e-29,0.61300105,4.3091037e-05,0.2651865,1.3325638e-33,0.0,7.9401116e-23,0.15593371,3.676578e-18
hsa-mir-363,0.017852604,0.023475965,0.02746815,0.0952806,0.045147836,0.020597609,0.08017119,8.7196566e-32,1.7366523e-09,0.06057848
hsa-mir-365-1,0.011116813,0.099112466,4.91951e-07,0.015338274,0.24608809,8.849293e-05,0.153061,0.020816084,0.040618256,0.1832481
hsa-mir-365-2,0.005239141,0.1024753,6.16425e-05,0.0114133,0.24205278,0.0012109112,0.15709554,0.02455427,0.035044324,0.1896921
hsa-mir-367,0.0,0.0,0.0,0.0,0.0,0.0,0.0,0.0,0.0,0.0
hsa-mir-369,0.010745375,0.1428955,0.012126004,0.025282774,0.05022982,0.013297406,0.12144411,3.4424666e-08,0.14803398,0.08568347
hsa-mir-370,0.016196065,0.15182975,0.00648664,1.8275961e-25,0.054727137,1.5809078e-17,0.15294158,2.38175e-17,0.023706967,0.07075778
hsa-mir-371,0.0,0.0,0.0,0.0,0.0,0.00096292305,0.0,0.00030218603,0.0,0.0
hsa-mir-372,0.0,0.0,0.0,0.0,0.0,0.022106282,0.0,0.0036235908,0.0,0.0
hsa-mir-373,0.0,0.0,0.0,0.0,0.0,0.0011653851,0.0,0.0009959944,0.0,0.0
hsa-mir-374a,5.89203e-10,6.1582828,25.179123,1.926213,11.177251,3.0701408,1.7488685e-34,4.0977225,6.564206,7.7794895
hsa-mir-374b,0.07299042,0.19232444,1.7834324,0.1721799,0.81781,0.30368844,5.118133e-12,0.08166413,0.48008668,0.36994907
hsa-mir-375,2212.6084,3.8846597e-06,61.13828,6.9402236e-06,5.1673603e-09,0.0013029639,5.8283105,95.86629,6.446223e-10,2.44869e-10
hsa-mir-376a-1,4.441444e-10,0.011301982,0.0061869263,0.00630957,8.5554284e-08,0.0027242708,0.008428234,0.002444655,0.022951107,0.00083685224
hsa-mir-376a-2,0.0033102694,0.0086405715,0.0029110601,0.002437021,0.0017568641,4.1944328e-05,0.007416238,1.3500219e-12,0.009364484,0.0012281804
hsa-mir-376b,0.0041609025,0.018993683,0.011182148,0.005976961,4.5147585e-14,0.0021155893,0.008448702,0.0007778203,0.026748087,3.5567266e-06
hsa-mir-376c,0.018649708,0.08131358,0.007970112,0.023936639,0.00072980864,0.011113886,0.023893729,4.135871e-06,0.09544704,0.017646508
hsa-mir-377,0.0046918946,0.0163813,1.574535e-22,0.0,0.057440564,2.527131e-33,0.074666366,8.4751e-18,1.756112e-11,0.03884004
hsa-mir-378,3.1102037,0.042181775,10.686366,8.377729e-13,5.709884,1.792753e-15,3.693008,1.4751036e-14,0.29041618,1.0045329
hsa-mir-379,0.41828945,16.332954,0.47051167,2.8835669,3.3094091,1.8904172,6.816566,0.032829415,5.909752,7.879757
hsa-mir-380,0.005559605,0.013805779,4.2573935e-09,0.0053342585,0.005468153,0.0033215526,0.007217972,2.5967159e-15,0.003438192,0.002882666
hsa-mir-381,0.17634234,1.1963536,0.37149355,0.12611753,0.22073887,0.00020272582,0.523249,1.2261247e-15,0.3442347,0.38806102
hsa-mir-382,0.022460485,0.3868434,0.0003611607,0.0016502988,0.08158054,1.901847e-12,0.21413271,1.4341497e-16,0.06252843,0.11477171
hsa-mir-383,5.818929e-17,0.0,1.2740765e-34,0.008863403,0.0168824,0.010527486,0.005462285,0.001663653,7.69291e-22,0.0037232742
hsa-mir-384,0.0,0.0,0.0,0.0,0.0,0.0,0.0,0.0,0.0,0.0
hsa-mir-409,0.055726,0.38098413,0.013371318,0.0016878166,0.2145616,1.6330834e-14,0.44136742,8.516821e-18,0.12305113,0.23002537
hsa-mir-410,0.06530394,0.17727365,0.012678774,0.01843693,0.116928,0.018537097,0.17702767,0.00019950615,0.010875569,0.09371737
hsa-mir-411,5.627337e-06,0.15932958,0.033534262,0.03860862,0.005375347,0.031447854,0.065304846,2.345034e-07,0.14852118,0.047516264
hsa-mir-412,0.00055232254,0.03705901,2.9634396e-06,0.004146817,0.0894388,0.00015538595,0.072213255,2.7134323e-07,3.3778055e-29,0.095539324
hsa-mir-421,3.8191214e-08,1.9321702e-15,0.22526123,0.013429276,0.125329,0.010974972,6.716616e-24,0.0044671823,2.0917956e-10,0.045603015
hsa-mir-422a,0.0002442223,0.0,0.00020725575,1.4687734e-28,0.0,0.0,4.1800342e-07,1.22470585e-08,0.00032025174,0.0
hsa-mir-423,0.9710875,0.62499106,2.5954964,3.4006166e-17,2.285809,2.7669234e-09,1.1598448,1.976569e-09,0.19723025,1.2254095
hsa-mir-424,0.0,0.301326,2.7664225,0.091863796,0.0007988414,0.8676629,0.59488434,8.207999e-06,2.0173597,0.15114294
hsa-mir-425,1.5768257,5.6029634e-09,8.168341,1.1711962e-21,4.9463897,0.36628062,8.604139e-15,3.833206e-10,3.0927029,0.8980876
hsa-mir-429,2.9469416,0.4563442,8.230328,1.6492325e-15,4.02071,9.902037e-18,0.20431,3.4431572,3.4708624,2.1777322e-22
hsa-mir-431,0.078815944,0.08113135,2.9952236e-07,9.586375e-10,0.23671381,0.0002392841,0.25027242,3.6598564e-11,3.6638332e-14,0.11486757
hsa-mir-432,0.022773303,0.09571598,1.548414e-19,4.494514e-17,0.096580304,1.3887577e-26,0.14715108,9.300046e-18,3.4930158e-14,0.08124574
hsa-mir-433,0.008426879,0.007738105,0.0,0.0,0.03577798,0.0,0.0,0.0,0.0,0.047688745
hsa-mir-448,0.00022684965,6.682544e-05,0.00011791258,0.0,0.0,0.0,2.3615184e-29,9.0420384e-05,0.0,0.0
hsa-mir-449a,0.00304034,0.0022082815,2.082911e-32,0.0014252922,0.00043085174,0.0,4.463444e-19,0.0,0.00086597836,0.0
hsa-mir-449b,0.0006108931,0.00031719042,8.754782e-22,0.00026192347,0.0006403348,0.0,1.1951548e-16,0.0,0.0,0.00014768456
hsa-mir-450a-1,6.9556656e-08,0.029577194,0.04661661,0.005540686,5.382261e-05,0.007556739,0.0060071656,0.0037578521,0.029878056,0.009588124
hsa-mir-450a-2,1.0252819e-06,0.028964061,0.048208624,0.0060105007,0.0044395407,1.2254011e-07,0.014202462,0.0068800673,0.02164776,0.011195419
hsa-mir-450b,1.0707862e-13,0.07117136,0.17634447,0.013013326,5.242481e-05,0.022821436,1.540832e-05,0.006046978,0.06325064,0.048991006
hsa-mir-451,0.0006771146,1.1461624,10.066115,1.3700545e-25,2.3445715e-13,0.0,4.7758346e-30,0.0,9.064523e-08,5.220461
hsa-mir-452,0.0,1.4937977,2.822088,6.702038e-05,1.4219373,0.44385657,1.3953259e-22,1.8117545e-18,0.7982811,2.1286472e-14
hsa-mir-453,0.0,0.0004265092,0.0,0.0,1.8400316e-32,0.0,7.942936e-05,0.00012684637,0.0,0.0
hsa-mir-454,0.020656431,0.028834347,0.14252084,0.011421996,0.04535876,0.018964704,1.8978217e-16,0.024495777,0.056963485,0.002057755
hsa-mir-455,0.7518691,1.4378,3.320661,2.622889e-12,0.27951208,1.5565398e-32,0.95336133,4.094471e-22,1.9358733,1.5679079
hsa-mir-483,0.0,0.0,0.0028358689,0.15519428,3.5571897,0.0,0.0,0.08649134,0.0,1.153926
hsa-mir-484,0.283094,0.20558938,0.73967034,2.2308347e-24,0.5911591,1.5094888e-33,0.49888018,8.268502e-08,0.33512083,0.25387046
hsa-mir-485,0.025647208,0.03074163,0.0,0.0,0.07259913,0.0,0.0,0.0,0.0,0.101580985
hsa-mir-486,0.46621847,0.0,3.3362486e-30,0.0,3.6277547,0.0,0.0,0.0,0.0,6.3095636
hsa-mir-487a,0.0016488633,0.0121408105,0.00080089335,0.0004888565,0.0116514405,4.693084e-28,0.021023957,0.0,0.009581936,0.015851676
hsa-mir-487b,0.021851486,0.0566593,1.2044767e-06,0.008315205,0.024022698,1.9894424e-05,0.05900148,5.4226727e-12,0.02378239,0.026190454
hsa-mir-488,0.000963071,0.0,0.0,0.0005577957,0.0,0.0,3.190022e-07,0.0,0.0,0.00071464287
hsa-mir-489,0.0011761122,3.9713635e-30,1.9535291e-10,0.0,1.3231073e-29,0.003221898,0.0,0.0029167263,0.0032916707,1.8187127e-32
hsa-mir-490,0.0,0.0,0.0,0.061837614,0.022657054,0.044676997,0.123148546,0.0,0.0,0.0
hsa-mir-491,0.01835326,7.910268e-06,0.033367127,1.4026557e-05,0.042743497,2.2800841e-09,0.026969464,5.0164806e-07,0.0040878663,0.012917738
hsa-mir-492,0.0018272449,6.223632e-10,0.0019938163,1.4490921e-14,2.1149522e-38,0.0,1.288259e-05,0.0013785918,0.0,9.819822e-13
hsa-mir-493,0.033009306,0.28547347,0.029645069,0.047155302,0.028503686,0.0054691993,0.10512498,0.00035547695,0.13273558,0.0665541
hsa-mir-494,0.008045584,0.016505029,4.038255e-06,0.0070249015,0.010346625,0.0022369837,0.016412333,1.0417034e-06,0.017606132,0.009843591
hsa-mir-495,0.021612193,0.07406683,0.016752802,0.019477712,0.014421243,0.0015458806,0.046801798,0.0017674386,0.054089375,0.033552483
hsa-mir-496,0.007107547,0.04584725,0.0020702188,0.0019946373,0.0045093372,4.4164542e-05,0.03351956,0.00078839756,0.010462441,0.010972933
hsa-mir-497,0.056802996,0.19801822,0.014598731,0.06457614,0.06760987,0.021049622,0.21872386,4.554488e-29,0.11314329,0.11083118
hsa-mir-498,0.0,0.00046119958,0.0,0.0,0.00020530082,5.1654293e-05,0.0,0.0,0.0,0.0
hsa-mir-499,0.014254607,0.0,5.7906e-11,0.0,0.057941254,0.0,0.0,0.0128553,0.0042741974,0.0
hsa-mir-500,1.1565844e-11,0.00029872885,10.90224,0.30349207,4.2486997,2.3013405e-27,0.01267878,3.7790094e-16,1.9791515,2.3290722
hsa-mir-501,0.028361427,5.645888e-05,1.6848929,1.3370424e-17,0.9492814,0.0,9.225707e-07,6.7152917e-21,0.26423222,0.754089
hsa-mir-502,1.8836117e-05,0.023399606,0.30164856,1.9638668e-07,0.10266131,1.0001825e-24,0.07623814,2.3358923e-34,0.10727323,0.040453415
hsa-mir-503,0.0,0.012597977,0.33378834,7.610518e-19,5.236768e-19,0.053902227,0.01422203,0.0,0.020913497,0.021753078
hsa-mir-504,0.0033040692,0.0,0.0,0.0,0.028779615,0.0,0.0,8.887897e-25,0.0,0.0
hsa-mir-505,0.04373256,0.07142119,1.1344569,0.04143282,0.63457173,4.089167e-11,0.18259886,3.573083e-11,0.21581274,0.4389591
hsa-mir-506,0.011530096,0.0,0.008831807,0.0,0.0,0.0,0.0,0.0,0.00447212,0.0
hsa-mir-507,0.00517633,0.0,0.0,0.0,0.0,0.0,0.0,6.52624e-05,0.0004049075,0.0
hsa-mir-508,0.92014045,0.0,0.3014284,0.0,0.0035808869,0.0,0.0,0.0,0.2535827,0.0
hsa-mir-509-1,0.08533129,0.0,0.051483694,0.0,0.014317063,0.0,0.0,0.0,0.024246637,2.172765e-33
hsa-mir-509-2,0.09203332,0.0,0.04207216,0.0,0.018441912,0.0,0.0,0.0,0.021329142,6.034618e-30
hsa-mir-509-3,0.09024189,0.0,0.053100914,0.0,0.023225544,0.0,0.0,0.0,0.029772589,8.834248e-25
hsa-mir-510,0.0,0.0,0.0002987315,0.0,0.0,0.0,0.0,0.0,0.0,0.00011115522
hsa-mir-511-1,0.013466884,0.055554256,1.8232683e-06,5.5218454e-14,0.007486123,0.008258605,0.046306446,5.345784e-05,0.008393292,0.026922658
hsa-mir-511-2,0.010923499,0.05472538,1.4817417e-05,4.4717105e-14,0.0030539774,0.007536678,0.04880087,2.0102721e-13,0.015882479,0.023346646
hsa-mir-512-1,3.447811e-12,1.4189299e-09,0.00029912434,0.0,0.0013816981,0.0,0.0020181169,0.0,0.0024478214,2.6265317e-08
hsa-mir-512-2,8.316691e-05,0.0014718305,4.993282e-11,1.2982573e-14,0.00024320603,0.0007299017,2.7383835e-09,6.968162e-21,0.002145815,5.8369504e-19
hsa-mir-513a-1,0.00039670206,0.0,0.0010328273,0.0,0.0,0.0,0.0,0.0,0.0,0.00018503914
hsa-mir-513a-2,0.001563051,0.0,0.00018996588,1.3900427e-23,0.0,0.0,0.0,0.0,0.0004785177,0.0
hsa-mir-513b,0.0018033936,0.0,0.0003602766,0.0,0.0,0.0,0.0,9.97714e-14,0.0001300565,0.0
hsa-mir-513c,0.0067508267,0.000724132,5.1018782e-05,3.3998117e-06,0.0,0.0,0.0,0.0,0.0010690974,0.0
hsa-mir-514-1,0.17345515,0.0,0.0025380559,0.0,0.0,0.0,0.0,0.0,0.06860361,2.626772e-20
hsa-mir-514-2,0.18023168,0.0,0.0020713985,0.0,0.0,0.0,0.0,0.0,0.06724132,1.3877723e-16
hsa-mir-514-3,0.18748273,0.0,0.00081793044,0.0,0.0,0.0,0.0,0.0,0.06258655,3.5510315e-26
hsa-mir-515-1,0.00022144531,0.0,0.0,0.0,0.0011374018,0.0,0.0,0.00014189842,0.0,0.0
hsa-mir-515-2,1.2619306e-07,0.0,0.0,0.0,0.0010101263,0.0,0.0,0.0,0.0,0.0
hsa-mir-516a-1,0.0012056263,0.0013081366,0.0,0.00021426455,0.00031356383,0.0007196825,3.170128e-28,0.0014021057,0.0,0.0
hsa-mir-516a-2,0.00065631646,0.00065531017,0.0,4.467133e-19,0.002238508,0.00068402436,2.52246e-05,1.2917416e-08,1.7353018e-27,1.5872183e-15
hsa-mir-516b-1,5.1188455e-12,0.0,0.0,0.0,0.00020727966,0.0,0.00080714026,0.0,5.6088737e-30,0.0006349436
hsa-mir-516b-2,0.00023222217,3.5576638e-33,0.0,0.0,0.0,0.00014054794,6.168602e-33,0.00022186137,0.00058996235,0.00032737036
hsa-mir-517a,4.0681833e-08,0.0,0.0,0.0,9.374067e-05,0.0014242133,0.0034132923,0.0,0.0029553203,0.0
hsa-mir-517b,1.113657e-07,0.0,0.0,0.0,9.75004e-05,0.0014096787,0.0034005279,0.0,0.002961338,0.0
hsa-mir-517c,8.019146e-13,7.930773e-26,0.0,0.0,0.00044707872,6.938908e-11,0.0011974849,7.9178764e-28,0.00023050237,0.0001816499
hsa-mir-518a-1,0.00025949828,0.0,2.3484547e-23,0.0,0.0,0.0003156704,0.0,5.8085465e-05,0.00092327833,0.0
hsa-mir-518a-2,0.0,0.0,0.0,0.0,0.00054837624,0.0,0.0008736671,0.0,1.8766425e-05,0.0
hsa-mir-518b,4.6762463e-05,2.285275e-17,0.0,0.0,0.0013007217,0.00012995792,0.0032434072,1.7941956e-33,0.0038591116,2.4498017e-05
hsa-mir-518c,0.0018539613,9.664008e-10,0.0,0.0,0.0012281532,1.2579613e-20,0.0022093921,6.3347576e-09,0.0015618157,0.0
hsa-mir-518d,0.0,0.0,0.0,0.0,0.0,0.0,0.0,0.0,0.0,0.0
hsa-mir-518e,0.0015880017,0.0,0.0,0.0,0.0029253156,0.0,0.0,0.0012162785,0.0,0.0
hsa-mir-518f,3.7072539e-06,5.289294e-05,1.1604186e-27,0.0,0.0006200368,0.0,0.0,4.2351354e-16,3.4172886e-20,0.00092352665
hsa-mir-519a-1,0.002042179,0.0013697506,9.373871e-25,0.0003223638,0.0,0.00057750975,9.821308e-09,5.0654765e-38,0.0006969887,1.1382875e-22
hsa-mir-519a-2,3.7179347e-05,0.00038908768,0.00032001818,3.7895862e-07,0.00067165605,0.00028605227,0.00085028895,1.1208079e-12,0.0013467846,0.0019159362
hsa-mir-519b,1.4822539e-29,0.0006280385,1.911082e-10,0.0,0.0,0.0,0.0,0.0,0.0,0.0
hsa-mir-519c,1.5428461e-09,1.0572673e-16,4.6736454e-07,4.230466e-09,0.0,0.00021483652,0.0,0.00077547296,0.0006359423,0.0
hsa-mir-519d,0.00067379104,0.0005194883,0.0,0.0,0.0006246091,0.0,0.0,4.4559052e-21,0.0,0.0
hsa-mir-519e,0.0,4.624465e-05,0.0,0.0,0.0,3.8952385e-17,0.00014567666,0.0,1.740022e-05,3.5508034e-05
hsa-mir-520a,0.00078118214,0.0008364507,0.0009798829,2.6145088e-07,0.0008999784,0.00041289633,0.002073472,2.6042076e-20,0.0018493858,4.0725598e-05
hsa-mir-520b,0.0005425932,0.00069524016,0.0006588443,0.0,0.0018316755,0.0,0.0,8.9074964e-10,1.7055801e-05,0.0
hsa-mir-520c,0.00052482594,0.00023324353,6.3925574e-05,0.0,0.0002058372,0.00018489432,0.0,6.667105e-05,0.00014500518,0.0
hsa-mir-520d,0.00022761393,0.00014177646,0.0,0.00011499265,9.396062e-17,0.00018744862,0.0003403931,0.0,0.00047882384,0.0
hsa-mir-520e,0.0,0.0001673139,0.0,7.452711e-26,0.0,8.793407e-05,5.5475954e-05,0.0,1.5673834e-26,0.00017184381
hsa-mir-520f,1.4025311e-10,0.00087521673,0.0,3.2363408e-25,5.653646e-11,0.00045069915,0.0,1.06270626e-07,0.0017594497,1.3871904e-05
hsa-mir-520g,0.00069197326,0.0007377865,0.0,2.8059168e-11,0.00033739483,8.339935e-05,0.0,0.0,0.00014518575,0.0006531323
hsa-mir-520h,0.0004892201,0.0005263446,0.0,8.307974e-20,0.0004173243,0.00017312595,0.0,0.0,3.937157e-06,0.00048924575
hsa-mir-521-1,2.9450474e-08,0.00018798528,0.00012698975,0.0,0.0,0.00018509646,0.0,0.00029936014,0.0,0.0
hsa-mir-521-2,0.0,0.0,0.00010694628,0.0,0.0,0.0,0.0,0.0,5.775776e-05,0.0
hsa-mir-522,0.00047674857,1.180649e-28,0.0,0.00024108565,0.00019964231,0.00020198757,0.00066506176,1.1833721e-09,1.0836886e-07,0.00073437666
hsa-mir-523,7.5328608e-06,3.564935e-37,0.0,0.0,0.00022945701,0.00033200454,0.00025457598,0.0,0.0005165742,0.0
hsa-mir-524,0.0,0.0,0.0,0.0,0.0001315514,0.0001641132,0.0,0.00026561425,1.1952532e-05,0.0
hsa-mir-525,0.0018463136,0.0,0.0,0.0,0.0042573833,0.0,0.0,0.0,0.0004885089,0.0
hsa-mir-526a-1,0.0,0.0,0.0,0.0,0.0,0.0,0.0,0.0,0.0,0.0
hsa-mir-526a-2,0.0,0.0,0.0,0.0,0.0,0.0,0.0,0.0,0.0,0.0
hsa-mir-526b,0.0011348305,0.00018743674,0.0019299788,0.00050669326,1.5585117e-19,0.0014017735,0.0018045054,2.8300115e-05,0.0048031174,1.4362606e-37
hsa-mir-527,0.00022618102,0.0,0.0,0.0,0.0004033613,0.00016366041,0.0,0.0,0.0006202915,0.0
hsa-mir-532,0.0,4.778308,41.149235,2.4782958e-06,11.28362,2.9525726e-10,2.2144217,2.1368909e-20,12.584502,2.2861402
hsa-mir-539,0.005810973,0.06930401,0.0533679,0.010664784,0.013280363,1.8611491e-16,0.04119217,0.0006957209,0.051378824,0.021336801
hsa-mir-541,0.0018710761,0.0011490309,1.4674442e-38,3.924312e-31,0.016862959,1.0018901e-05,0.017400436,3.3727716e-19,0.0,0.009259872
hsa-mir-542,8.223612e-05,1.9433825,2.26565,0.2427978,0.4915733,0.5695217,0.022631533,0.9531524,1.8406317,0.7776346
hsa-mir-543,0.0014070405,0.022519529,0.0026822558,0.004422308,0.011675426,4.1737845e-13,0.0130409,5.63688e-07,0.006491922,0.004524372
hsa-mir-544,5.5969373e-05,0.0,2.8253924e-05,0.0,0.0,0.0,6.238861e-05,4.7145983e-05,4.365445e-16,6.847416e-36
hsa-mir-545,5.452249e-23,6.635632e-05,0.018784003,0.00022251507,0.002049324,1.92844e-10,0.0021089723,1.7791703e-05,0.0016782291,0.0033329676
hsa-mir-548a-1,0.0,0.0,0.0,0.0,0.0,0.0,0.0,0.0,0.0,0.0
hsa-mir-548a-2,0.0,0.0,0.0,0.0,0.0,0.0,0.0,0.0,0.0,0.0
hsa-mir-548a-3,6.66282e-06,5.07132e-13,0.0018454189,0.0,0.00047950412,0.0,0.0,0.0,0.0003212604,2.0222815e-22
hsa-mir-548b,0.0014291285,0.0005921507,7.355503e-08,0.0,0.007942522,0.0,0.0,0.0,0.00014021045,0.006253789
hsa-mir-548c,0.0,0.0,0.0,0.0,0.0,0.0,0.0,0.0,0.0,0.0
hsa-mir-548d-1,0.0,7.907456e-12,0.007817524,0.0,0.002094995,0.0,0.0,0.0,0.00031055234,0.0
hsa-mir-548d-2,0.0,7.788518e-37,0.0028056225,0.0,0.0021933345,0.0,0.0,2.7593436e-13,0.0025836942,0.0
hsa-mir-548e,0.0046313005,0.0041720434,0.012400507,9.603592e-11,0.00035755537,0.0012268479,0.00026793915,8.131579e-05,0.0022196337,0.0053006844
hsa-mir-548f-1,0.0,3.721541e-35,0.021828536,0.0006595073,0.051839277,1.0952388e-20,0.0,0.0036286127,2.7567788e-24,0.0
hsa-mir-548f-2,0.0,0.0,0.0,0.0,0.0,0.0,0.0,0.0,0.0,0.0
hsa-mir-548f-3,0.0,0.0,0.0,0.0,0.0,0.0,0.0,0.0,0.0,0.0
hsa-mir-548f-4,0.0,0.0,0.0019495068,0.0,0.005381357,3.9206154e-24,0.0,0.0026632794,0.0,0.0
hsa-mir-548f-5,0.0,0.0,0.0,0.0,0.0,0.0,0.0,0.0,0.00013661192,0.0
hsa-mir-548g,0.0,0.0,0.0,0.0,0.0,0.0,0.0,0.0,0.0,0.0
hsa-mir-548h-1,0.0,0.0,0.0,0.0,0.0,0.0,0.0,0.0,0.0,0.0
hsa-mir-548h-2,0.0,0.0,0.0,0.0,0.0,0.0,0.0,0.0,0.0,0.0
hsa-mir-548h-3,0.0,0.0,0.0,0.0,0.0,0.0,0.0,0.0,0.0,0.0
hsa-mir-548h-4,0.0,0.0,0.0,0.0,0.0,0.0,0.0,0.0,0.0,0.0
hsa-mir-548i-1,0.0,0.0,0.0,0.0,0.0,0.0,0.0,0.0,0.0,0.0
hsa-mir-548i-2,0.0,0.0,0.0,0.0,0.0,0.0,0.0,0.0,0.0,0.0
hsa-mir-548i-3,0.0,0.0,0.0,0.0,0.0,0.0,0.0,0.0,0.0,0.0
hsa-mir-548i-4,0.0,0.0,0.0,0.0,0.0,0.0,0.0,0.0,0.0,0.0
hsa-mir-548j,0.0022716057,0.00025328415,8.8063004e-23,0.0,0.0067658713,0.0,0.0,0.0,0.0036597855,0.0033042782
hsa-mir-548k,0.0013506317,0.0010476621,0.006000831,0.00066897867,0.0006232721,1.2194865e-06,4.655637e-34,3.4280806e-06,0.0017597436,1.3408323e-14
hsa-mir-548l,0.0,0.0015455794,0.0018989266,0.0,0.0013135433,1.9634922e-30,0.0,0.0006398974,0.0006203485,1.9464957e-10
hsa-mir-548m,0.0,0.0,0.0,0.0,0.0,0.0,0.0,0.0,0.0,0.0
hsa-mir-548n,0.00021601327,0.0,0.0006246432,0.0,0.00059147656,8.196635e-05,0.000153687,3.558599e-07,0.0,0.00025769617
hsa-mir-548o,1.1930739e-28,0.007821216,0.026605204,2.3400666e-29,0.010351638,0.0024088484,7.081446e-05,4.2289103e-06,0.0028028574,0.0044146664
hsa-mir-548p,0.0,0.0,8.553781e-05,0.0,0.0,0.0,0.0,0.0,2.3226532e-05,0.0
hsa-mir-549,0.007150526,0.008872849,0.033010606,7.933471e-27,0.019836204,5.2109623e-09,0.0,0.004223366,2.4062897e-35,0.014947608
hsa-mir-550-1,0.009923636,2.3589731e-05,0.12786092,0.0057223164,0.056691863,1.807287e-20,0.027042195,3.5949195e-29,0.020883895,5.8593334e-05
hsa-mir-550-2,0.022259686,8.101446e-05,0.15212595,0.016196942,0.07005217,0.004858362,0.022677077,9.406738e-31,0.04104867,2.5494855e-06
hsa-mir-551a,0.010821372,0.004816565,0.0014101743,0.0,0.00037126814,0.0,0.0071454686,0.0,0.0,0.0036233857
hsa-mir-551b,0.011836029,0.004606207,0.0061284667,1.6638625e-10,5.4489004e-09,1.857623e-05,0.0074047046,0.0006568136,0.010381051,0.006729365
hsa-mir-552,0.0,0.5092843,6.931888,2.2733076e-26,3.861511,0.94076073,2.065228e-35,9.904857e-06,6.4695445e-09,1.9541618e-23
hsa-mir-553,0.0,0.0,0.0,0.0,0.0,0.0,0.0,0.0,0.0,0.0
hsa-mir-554,1.0448685e-05,0.0,9.6265794e-05,0.0,8.3090454e-05,0.0,0.0,0.0,5.617381e-06,0.0
hsa-mir-555,3.236597e-05,0.0,0.0007801097,0.0,0.0008101023,0.0,0.0,2.7026058e-16,0.0,0.0013285723
hsa-mir-556,0.006146073,0.00032334626,0.031775538,0.000919168,0.011814167,0.0016594671,2.4435101e-18,0.0031253633,0.013890939,1.8852425e-15
hsa-mir-557,0.0,0.0,0.0,0.0,0.0,0.0,0.0,0.0,0.0,0.0
hsa-mir-558,0.0,0.0,0.0,0.0,0.00046170305,0.0,0.0,0.0,0.0,0.0
hsa-mir-559,1.7827817e-35,0.00054647,0.026281627,1.34471675e-17,0.010459412,0.00019887848,2.743693e-16,0.0027069394,4.979266e-28,6.466632e-28
hsa-mir-561,3.5683356e-35,0.010852026,0.0013172008,1.537654e-34,0.00333565,0.0010021912,0.0,0.00075250637,0.0,6.1709216e-06
hsa-mir-562,0.0,0.0,0.0,0.0,0.0,0.0,0.0,0.0,0.0,0.0
hsa-mir-563,0.0,0.0,0.0,0.0,0.0,0.0,0.0,0.0,0.0,0.0
hsa-mir-564,0.0,6.841892e-31,0.0017739269,5.3840846e-05,0.0,3.5839497e-19,1.0780311e-37,0.0,0.0008626123,0.0
hsa-mir-566,0.0,0.0,0.0,0.0,0.0,0.0,0.0,0.0,0.0,0.0
hsa-mir-567,9.1478925e-37,0.00013061626,3.5149802e-13,0.00010827641,0.0,7.15922e-05,0.0,0.00028845252,0.00016537902,1.9404556e-37
hsa-mir-568,0.0,0.0,0.0,0.0,0.0,0.0,0.0,0.0,0.0,0.0
hsa-mir-569,0.0,0.0,0.0,0.0,0.0,0.0,0.0,0.0,0.0,0.0
hsa-mir-570,0.00086134556,3.51625e-33,0.038081925,7.4020527e-09,0.00014904728,0.0,0.0022064594,9.950863e-22,0.009320089,2.9161122e-34
hsa-mir-571,0.0,0.0,0.0,0.0,0.0,0.0,0.0,0.0,0.0,0.0
hsa-mir-572,3.8476143e-19,6.233318e-17,0.0007233701,3.0628023e-32,0.0,0.0,0.00036562895,0.0009026787,0.00039515243,0.0
hsa-mir-573,1.1549229e-06,0.00084979425,0.010263729,0.0,0.0,0.0,0.002908374,0.0,2.8806215e-25,0.0022552582
hsa-mir-574,0.97069544,0.044782273,1.0816056e-29,0.0,1.1199282,0.0,1.3632092,1.1862043e-16,0.08677304,0.5223904
hsa-mir-575,0.0,0.0,0.0,0.0,0.0,0.0,0.0,0.0,0.0,0.0
hsa-mir-576,0.058109663,0.05201643,0.1970512,1.1409912e-13,0.03949608,1.9891936e-33,0.015376875,9.916411e-07,0.021727601,0.027367732
hsa-mir-577,0.68452525,9.2074876e-11,1.3600874,0.0,2.0446343e-32,0.0,1.5981643e-05,0.11499792,0.43011957,4.668541e-19
hsa-mir-578,0.00015756367,2.9309134e-31,0.00041276155,0.00028372253,0.00032651803,0.0,0.0,2.6561018e-17,0.00024144963,0.00022203979
hsa-mir-579,0.0005897288,0.0029734566,0.015452471,4.1527626e-38,0.004325961,0.0,0.0004884953,4.6836746e-17,0.0044216965,0.0024825102
hsa-mir-580,0.0031942672,0.008384884,0.01503782,0.00027022188,3.2009626e-07,2.2948893e-38,0.00016778079,6.4057892e-09,0.001601117,0.0002495515
hsa-mir-581,0.0008108968,0.0033128706,0.009353828,0.00071410794,0.0020609454,2.3721986e-22,0.0006882358,0.0022278728,2.9018878e-08,0.003206799
hsa-mir-582,6.3422523,2.6980166,1.5073754,0.7669632,1.4863385,0.0011790833,0.15734932,1.7075794,2.4368792,2.2137883
hsa-mir-583,0.0,0.0,0.0,0.0,0.0,0.0,0.0,0.0,0.0,0.0
hsa-mir-584,3.5147831,4.919968,2.864657,0.0,6.043004,3.0542388e-15,1.0517381e-34,6.336905,1.2849087e-14,0.005690716
hsa-mir-585,0.0026976343,0.0025041264,3.8195034e-05,0.0015231436,0.003882117,0.00020343157,0.0033115014,1.5006445e-27,6.0852635e-06,4.3445317e-11
hsa-mir-586,0.0,5.9399325e-05,0.0,0.0,0.0,0.0,0.0,9.405483e-05,5.1593273e-05,0.0
hsa-mir-587,0.0,0.0,0.0,0.0,0.0,0.0,0.0,0.0,0.0,0.0
hsa-mir-588,0.0013795916,0.00021013284,2.1248763e-05,1.7535656e-05,0.00047088417,0.00016379918,0.0,0.0,0.0,0.002568748
hsa-mir-589,0.4953862,0.39332458,0.87936795,0.00754367,0.5516357,1.7798692e-10,0.37234685,4.4952235e-14,0.11995949,0.16868676
hsa-mir-590,0.064623274,0.105707936,0.45242533,0.013759094,0.049121134,2.5101597e-08,0.002115627,0.0009992353,0.18626168,4.1578696e-06
hsa-mir-591,7.635637e-05,0.0,9.516249e-21,0.0,0.0,0.0,0.00025054536,0.0,0.0,0.0
hsa-mir-592,0.0,0.0,1.499508,0.00047163552,0.17842044,0.069396235,2.3450838e-35,0.0032278234,0.00042617632,3.29085e-36
hsa-mir-593,0.0,0.0,0.0,0.0,0.0,0.0,0.0,0.0,0.0,0.0
hsa-mir-595,0.0,0.0,0.0,0.0,0.0,0.0,0.0,0.0,0.0,0.0
hsa-mir-596,2.194213e-08,8.025873e-07,0.00011454041,3.0400544e-27,0.00014651367,6.6830304e-05,0.00017188641,0.00024230489,0.0,0.00027211226
hsa-mir-597,0.0,0.0007089984,0.0011535732,3.3374675e-11,5.3838927e-33,0.0,0.0001813672,0.0003764457,0.0012935549,0.00013694302
hsa-mir-598,0.16311955,0.1356846,0.28323033,0.051711526,0.0847841,6.8135233e-07,0.024894066,0.01873677,3.734956e-14,0.11050664
hsa-mir-599,0.005184363,0.0,0.0,0.0,0.005137661,0.0014565976,0.0011872251,2.14089e-12,0.0,0.0
hsa-mir-600,0.0010930755,0.0,0.0016630568,0.0,0.0,1.0816239e-05,0.0,0.00080797204,0.0016439238,4.864252e-19
hsa-mir-601,0.0,0.0,0.0,4.741369e-22,0.0,0.0,0.0,0.000116774914,0.0,0.0
hsa-mir-602,7.361676e-05,0.0,0.00032742423,0.0,0.0,1.8875884e-05,0.0,3.2608881e-19,0.0,7.330991e-27
hsa-mir-603,0.0,0.0,4.6240806e-10,0.0,0.00018886704,0.0,0.0,5.1618787e-05,4.4938562e-05,0.0
hsa-mir-604,0.0,0.0,0.00023801785,0.0,0.0,5.407369e-08,0.0,0.0,0.0,1.3233201e-05
hsa-mir-605,0.0003658902,1.5215739e-34,0.011053326,2.2364085e-05,0.014382997,1.5584097e-14,0.0042751357,0.00016433252,0.002490987,2.7306787e-05
hsa-mir-606,0.0,0.0,0.0,0.0,0.0,0.0,0.0,0.0,0.0,0.0
hsa-mir-607,1.1868144e-05,0.0037076878,0.0066755274,0.0004599548,0.0007452051,4.1113286e-19,0.0028339094,0.0014941816,2.5314812e-22,1.1832168e-11
hsa-mir-608,0.0,0.0,0.0,0.0,0.0,0.0,0.0,0.0,0.0,0.0
hsa-mir-609,0.0,0.0,0.0,0.0,2.8787279e-05,0.0,0.0,0.0,0.00018639037,3.5606942e-09
hsa-mir-610,0.0,4.669177e-05,0.00011113387,4.544532e-27,0.0,1.5398618e-09,0.0,3.3345684e-06,5.030569e-05,0.0
hsa-mir-611,2.788263e-07,0.0,8.886417e-05,8.675884e-14,7.3224666e-09,0.0,0.00052462367,0.00020283947,0.0011208163,0.0
hsa-mir-612,0.0,0.0046935943,2.5526295e-27,0.0,0.0,0.0,0.0,0.002686516,1.9725634e-17,0.0
hsa-mir-613,0.0,0.0,0.0,6.3283354e-05,0.0,0.0,0.0,0.0,0.0,0.0
hsa-mir-614,0.0018752718,0.002089229,0.00085244636,0.0,0.0019419055,0.0,0.0,0.0016846025,1.4721269e-09,5.6980875e-23
hsa-mir-615,0.10123297,3.2930738e-13,0.0,0.0,0.014552854,0.0,0.0,8.055937e-27,0.0,0.059941385
hsa-mir-616,0.021156937,0.014172281,0.05613149,0.0,0.0071025314,0.0,0.010180438,9.5332747e-20,0.0053912997,0.004894727
hsa-mir-617,0.0,7.393246e-05,0.0,0.0,0.0,0.0,0.0,1.7112705e-05,0.0,0.0
hsa-mir-618,1.2226506e-11,0.00023845703,7.692747e-06,0.0,0.025471859,0.0,0.0,0.01553443,0.0,0.0
hsa-mir-619,0.00027018366,0.0,0.0,1.5393432e-05,0.0,0.0,0.0,0.0,0.0,0.0
hsa-mir-620,0.0,0.0,0.0,0.0,0.0,0.0,0.0,0.0,0.0,0.0
hsa-mir-621,0.0,0.00013524697,6.032966e-20,0.0,3.827273e-21,1.6922372e-20,0.0,3.1541372e-06,0.0004549588,0.0
hsa-mir-622,0.0,0.002273399,0.002855972,0.0,0.0,1.1792973e-38,0.0,0.002564825,0.0,0.0
hsa-mir-623,0.0,0.0,1.1213031e-05,0.0,0.0,0.0,9.348691e-05,0.00018093138,0.0,0.0
hsa-mir-624,0.014669751,0.011681093,0.023399804,0.0008395549,0.004803177,4.3225703e-16,0.005819598,1.3712501e-05,0.00034113388,0.0025208064
hsa-mir-625,18.610586,7.061324,2.8883586,0.0,5.748368,0.0,1.4756274e-28,2.1226909e-17,0.0,4.967483
hsa-mir-626,0.0,0.0,0.0,0.0,0.0,0.0,0.0,0.0,0.0,0.0
hsa-mir-627,4.6618066e-27,3.10235e-05,0.055122353,0.0037649642,0.028101487,0.00034926663,1.3088026e-31,1.2576252e-05,0.018990815,0.009915837
hsa-mir-628,0.057462092,0.07241216,0.05910005,0.015875814,0.01259737,3.834155e-10,0.025218857,7.3299724e-08,0.049347498,0.072575256
hsa-mir-629,1.7659594,1.0835183,2.055747,5.528401e-27,1.333055,2.4810334e-25,0.0057651172,3.6330938e-10,8.004717e-08,1.1347578
hsa-mir-630,6.191759e-05,0.0,9.938831e-05,3.0308123e-05,0.0,0.0,5.3604716e-05,0.0,0.0,0.0
hsa-mir-631,0.00010451973,0.0,0.0,0.0,0.0,0.0,0.0,0.00016634581,0.00011470291,0.0
hsa-mir-632,0.0018668871,0.0020870098,0.007088705,0.0,0.0010645078,0.0013064721,0.001132122,1.8278132e-11,0.0034289437,0.0041081887
hsa-mir-633,0.0,0.0,0.0,0.0,0.0,0.0,0.0,0.0,0.0,0.0
hsa-mir-634,0.0,0.0,0.0,0.0,0.0,0.0,0.0,0.0,0.0,0.0
hsa-mir-635,1.5364165e-05,0.0,0.00028607796,0.0,0.0,0.0,0.0,0.00020435762,0.00022815172,0.0
hsa-mir-636,0.00044628375,0.0013086948,0.0015640992,6.2592715e-35,0.0034637938,0.0,0.0027540682,4.047921e-07,0.0020675578,0.0006616733
hsa-mir-637,0.0,1.4340593e-05,2.4168885e-05,0.0,0.0,0.0,7.773269e-05,7.812564e-05,0.0,0.0
hsa-mir-638,2.0172356e-05,0.0,0.00019661382,0.0,0.0,0.0,0.00020890748,0.0,0.0,0.0
hsa-mir-639,0.008024059,0.0021943888,0.008976725,2.6662863e-25,0.002829468,4.679954e-05,0.0034263425,0.00088017737,0.0047991197,0.0025450496
hsa-mir-640,0.0,0.0,0.0,0.0,0.0,6.2924555e-05,0.0,6.242502e-05,0.0,0.0
hsa-mir-641,0.00067674357,0.001568999,0.00712358,0.0,0.0015496307,0.0007241844,0.00027305153,3.350408e-05,2.8712466e-12,0.001689493
hsa-mir-642,0.052859433,0.007544258,5.8890084e-08,0.0,0.017387308,0.0,0.047395192,3.1989635e-37,0.01982507,0.0031774917
hsa-mir-643,0.006001018,0.0077792783,0.015806478,0.0,0.0031257453,0.0,4.603174e-05,1.1063901e-08,0.0014043689,0.00539802
hsa-mir-644,0.0,0.0,0.0,0.0,0.0,0.0,0.0,0.0,0.0,0.0
hsa-mir-645,0.0,0.0,0.0,0.0,0.0,0.0,0.0,0.0,0.0,0.0
hsa-mir-646,0.0,0.0,0.0,0.0,0.0,0.0,0.0,0.0,0.0,0.0
hsa-mir-647,0.0003134677,0.0,0.0,2.7236149e-05,0.0,8.3359446e-05,0.0,1.3943045e-29,0.0,0.0
hsa-mir-648,0.0,0.0,0.0,0.0,0.0,0.0,0.0,0.0,0.0,0.0
hsa-mir-649,0.0,0.0,0.0,0.0,0.0,0.0,0.0,0.0,0.0,0.0
hsa-mir-650,0.00025206883,0.0003019413,0.0,0.0,0.00021385196,0.0,0.0,0.0,0.0,0.0
hsa-mir-651,0.000117180374,0.015022123,0.105965756,3.3525917e-38,0.026548501,0.0021545093,5.855062e-20,0.0014947403,8.638525e-07,0.0189663
hsa-mir-652,0.22281961,0.40333638,1.2163769,1.8807718e-37,0.48827425,3.5897668e-25,0.37210307,7.653501e-13,1.188474e-05,0.25724092
hsa-mir-653,0.008381089,0.039390028,0.037963226,0.0,5.5346285e-23,0.049351446,0.0,0.05242414,0.033092313,9.3285737e-23
hsa-mir-654,0.099882014,0.3845229,5.750735e-13,0.011214318,0.29538995,5.317898e-13,0.5019063,6.925787e-15,0.016879957,0.3354723
hsa-mir-655,0.00859977,0.03425384,1.7204388e-07,0.008681934,0.0012531463,2.6901807e-06,0.010907336,1.1603626e-06,0.021162601,0.005558329
hsa-mir-656,7.8459483e-20,0.007550787,1.2073353e-06,0.0019327734,0.004080702,0.0016862119,0.0040308842,1.2227598e-09,0.004317521,0.005360737
hsa-mir-657,0.0,0.00017090283,0.0,0.0,1.901694e-05,0.00012563565,0.0,0.0,2.4521683e-05,4.9627855e-05
hsa-mir-658,0.001796261,0.00036356476,0.002099509,9.431392e-28,0.0061420924,0.0,0.0043303086,1.4226095e-09,7.432711e-25,0.00446748
hsa-mir-659,0.0076196655,0.005552138,0.012838892,5.3907937e-05,0.0056371144,1.4160629e-19,0.008154086,0.0017159696,0.0065441686,0.011977681
hsa-mir-660,3.6879315e-17,0.41356903,1.2479981,0.013175177,0.30923292,3.8259673e-06,3.7032725e-12,9.051881e-14,0.39278054,5.069456e-08
hsa-mir-661,0.0,4.966311e-06,1.3925286e-05,0.0,0.0,4.19185e-05,2.3346382e-05,1.06177e-05,4.544489e-06,0.0
hsa-mir-662,3.3423643e-05,0.00050923845,0.0,0.0,0.0,7.0418473e-31,0.0,0.0,0.0,1.5374685e-21
hsa-mir-663,0.0008351425,0.014716914,0.02266697,0.0,0.008377843,0.0,0.009209287,0.012802483,0.009106324,2.0415096e-26
hsa-mir-663b,0.0035244331,0.0033727046,0.020822467,0.0,0.012651333,0.0002455874,0.016439367,0.01686992,0.022959068,1.0386607e-33
hsa-mir-664,0.078585155,0.093584456,5.873447e-05,8.408221e-31,0.32831448,9.919683e-26,0.025415003,0.053852003,0.024852794,0.3685439
hsa-mir-665,0.00018509412,0.003219219,1.366085e-13,0.00016669533,0.0035557149,0.0,0.00387236,6.0358906e-27,8.385341e-07,0.0021470983
hsa-mir-668,8.87654e-05,0.0013433868,1.561583e-08,0.0,0.0004461374,0.0,0.0016908272,0.0,0.0,0.0
hsa-mir-671,0.044800624,0.039123744,0.16582632,9.484201e-37,0.067584515,3.6075944e-30,0.054084647,3.4614524e-05,0.024914306,0.04777124
hsa-mir-675,0.23975585,0.0,0.31677634,0.0,0.43349597,0.0,0.0,0.6172465,0.0,0.0
hsa-mir-7-1,0.44547826,0.22425707,1.2444679,0.07868009,0.3020402,0.046891782,0.0081742825,0.2673646,0.047347456,0.27562428
hsa-mir-7-2,0.006404638,0.0056758984,0.07403415,0.005903252,0.025555627,0.0068544196,3.77414e-15,0.018094867,0.0030929227,8.8866964e-10
hsa-mir-7-3,0.01650334,0.0030760132,0.070282385,0.006049619,0.038042262,0.0027130002,1.2841826e-07,0.017450146,5.3189737e-08,0.00282648
hsa-mir-708,1.9884715e-12,1.1806935,2.4396137e-21,0.03972885,3.707402e-12,0.101481274,0.26586396,1.9008097e-11,0.36344782,0.18288957
hsa-mir-720,0.003663283,8.160637e-31,3.7105208e-19,0.0,0.0028964144,0.0,0.0,0.0022541408,0.0022381744,0.0
hsa-mir-744,0.54259443,0.09559941,0.56455815,0.0,0.47974107,0.0,0.43632358,3.21667e-08,2.471957e-13,0.23036982
hsa-mir-758,0.04649594,0.32249993,6.3376247e-06,0.05740079,0.14611652,0.019437743,0.23338044,1.4568796e-05,0.042909805,0.15699248
hsa-mir-760,0.02409329,7.351886e-06,0.017610999,1.8189267e-14,0.027736261,0.0,0.009604132,0.00490706,0.01797982,0.014669483
hsa-mir-765,7.256951e-05,0.00042797098,0.0034138109,0.0009060356,1.9753523e-05,0.00015568233,0.0020072262,0.0017034776,0.0014905665,0.00012640195
hsa-mir-766,0.062134188,0.020497615,0.013717513,0.0,0.12085881,0.0,0.15646331,2.226789e-30,6.82834e-20,0.075981714
hsa-mir-767,0.34707874,0.08956318,1.9499562e-25,0.0,0.0,1.4453781e-05,2.3262214e-34,0.0,0.0,0.0
hsa-mir-769,0.07716688,0.082546815,0.6715529,3.803235e-15,0.391785,0.018854717,0.00780021,1.3570186e-09,0.037991904,0.36130577
hsa-mir-770,0.0007079549,0.0,0.0,0.0,0.001966083,0.0,0.0,0.0,0.0,0.0029416597
hsa-mir-802,0.0,0.0,0.011093746,0.0,0.0,0.0,0.0,0.00061691727,0.0,0.0
hsa-mir-873,0.0,0.00012100597,0.0,1.5593078e-13,0.001049418,0.0,0.0012747482,0.0,0.0,0.001289202
hsa-mir-874,0.03223241,0.23342541,0.3631439,0.02093075,0.27179652,0.006343971,0.09991912,1.794156e-17,0.024359632,0.15430148
hsa-mir-875,1.3117787e-05,0.0,0.0,1.3308432e-33,0.0008966021,3.2233835e-05,0.0,3.967658e-08,2.2061829e-35,0.0
hsa-mir-876,0.00021164764,0.00034120644,4.4415427e-21,0.0002337448,0.0007089016,4.1514192e-12,0.0,0.0,0.00013847428,3.0446286e-25
hsa-mir-877,0.030969424,0.0015278012,0.035208885,0.0,0.053865854,0.0,0.043613292,0.008902355,0.013820954,0.017824626
hsa-mir-885,0.00070733076,0.0,0.0,2.5857162e-06,0.0014673981,0.0,2.3873388e-34,2.208257e-35,0.0014526648,0.005002589
hsa-mir-886,2.5339007,3.4673903,0.0058715893,1.6345662e-23,3.6786408,1.1714097e-35,2.9883847,0.010041242,4.4545192e-13,2.6758766
hsa-mir-887,0.0007401296,0.019542148,0.006997938,0.008781375,0.003086037,3.358019e-09,0.024179114,4.462994e-18,0.029911697,0.013241469
hsa-mir-888,0.0,0.0,7.2668576e-05,0.0,0.0,0.0,0.0,2.2231136e-05,0.000103638355,0.0003100624
hsa-mir-889,0.013460745,0.26176286,0.09210167,0.024846071,0.005455008,0.051309217,0.086531185,0.005651385,0.103868075,0.06871795
hsa-mir-890,0.0,0.0,0.0,0.0,0.00014194581,0.0,0.0,0.0,0.0,0.0
hsa-mir-891a,0.0,0.0,0.090537,0.0,2.6005665e-18,0.0,2.1889675e-23,0.0,1.3360243e-11,0.0
hsa-mir-891b,0.0,0.0,0.0003950473,0.00015657507,0.0,0.0,0.0,0.0,0.0,0.0
hsa-mir-892a,1.0706695e-18,0.0,0.00090548955,0.0,0.0,0.00017808127,1.6589604e-23,0.0,2.4012803e-27,0.0
hsa-mir-892b,0.0,6.216287e-05,0.0,0.0,0.0,0.0,4.2750708e-05,0.0,0.0,2.7513957e-38
hsa-mir-9-1,1.3355701,1.538366,0.00074997335,1.3129458,0.0,0.5200588,0.0,0.0,5.07927,4.644971e-21
hsa-mir-9-2,1.4129283,1.5236629,0.0007288997,1.3322083,0.0,0.52505654,0.0,0.0,5.021272,3.769643e-20
hsa-mir-9-3,0.0001548885,3.7072411e-06,0.0,0.00017140369,0.0,0.0,0.0,0.0,0.0,3.9723013e-35
hsa-mir-920,0.0,0.0,0.0,0.0,0.0,0.0,0.0,0.0,0.0,0.0
hsa-mir-921,0.00012958409,0.0,0.0,0.0,0.0,0.0,0.0,0.0,0.0,0.0
hsa-mir-922,0.0,0.0,4.1908606e-05,0.0,0.0,0.0,0.00026057335,1.635191e-05,0.0,0.0
hsa-mir-924,0.0,0.0,0.0,0.0,0.0,0.0,0.0,0.0,0.0,0.0
hsa-mir-92a-1,0.0,0.3161207,3.4221969,0.0,6.504147,7.9191614e-26,0.0,1.6908787,2.8595865e-08,6.372941e-29
hsa-mir-92a-2,3.4816327e-12,50.249405,617.7487,7.72872e-33,701.361,5.905067e-09,0.0,125.62558,1.0049851,3.052512e-10
hsa-mir-92b,1.6619097,0.72564423,0.0015383891,0.0,1.2748506,0.0,1.5340676,5.5786553e-09,5.389154e-35,0.51476353
hsa-mir-93,38.716644,42.02173,115.736046,6.882271e-19,60.221035,7.710317e-20,1.5164262e-29,14.22903,1.1205183,18.50561
hsa-mir-933,0.0,8.057979e-06,4.5030458e-05,2.2914585e-06,5.1379793e-05,0.000108680266,0.0,9.5993414e-32,0.00016255748,0.0
hsa-mir-934,3.6974743e-09,0.0025270323,3.8823798e-09,0.0008713249,0.004088088,0.0027599852,0.0,0.0031320641,0.0,0.0
hsa-mir-935,0.028260235,0.019715426,0.24141628,0.0,0.19451256,0.0,0.0,0.033287767,0.0,0.08682224
hsa-mir-936,0.00049232744,0.00017248561,9.2088885e-05,4.586699e-18,0.0,3.5218713e-05,2.832182e-32,0.00022176674,0.0,0.0
hsa-mir-937,0.008536364,0.033626497,0.018496076,0.0,0.08168684,0.004485737,0.0145611465,0.0065254555,0.017465224,0.0022639441
hsa-mir-938,0.0,4.161238e-31,0.00049684045,6.7460605e-05,0.00072893855,4.7222627e-05,0.0,5.132744e-07,1.7938878e-25,0.0
hsa-mir-939,0.0024890658,0.005572464,0.037347995,0.0,0.034403253,0.0029013937,1.39065505e-05,0.0047780992,0.0123224305,0.0020809704
hsa-mir-940,2.414612e-12,4.648621e-08,0.13423714,2.2381028e-10,0.06215739,0.0043233507,0.046217322,1.4460676e-26,0.058556255,4.969576e-07
hsa-mir-941-1,0.0007389431,4.7761638e-05,0.00015098114,0.0,7.1482145e-06,0.0,0.0,0.0,0.0,0.0
hsa-mir-941-2,0.0,0.0,0.0,0.0,0.0,0.0,0.0,0.0,0.0,0.0
hsa-mir-941-3,0.0,0.0,0.0,0.0,0.0,0.0,0.0,0.0,0.0,0.0
hsa-mir-942,0.073006324,0.107218325,0.39359736,8.633608e-34,0.09281254,0.0,0.0005330214,4.676981e-22,0.040245082,0.006208804
hsa-mir-943,0.0037834635,0.00043534156,0.0015974282,0.0,0.0035060018,0.0,0.0,0.00025797504,0.0,0.0037306843
hsa-mir-944,2.526098e-13,0.010574287,0.0,4.53275e-09,0.0011463043,2.8411514e-29,0.0074208677,2.50685e-15,0.0033809845,0.0055255727
hsa-mir-95,1.6104446e-29,0.012255827,0.38172263,2.5168677e-26,0.20922522,0.03714122,0.005311325,0.055717736,0.22508684,2.0684554e-16
hsa-mir-96,0.23816755,0.0119790975,0.21379548,0.013296588,0.34585404,4.5514092e-08,0.0,0.13957307,0.12741175,7.804782e-13
hsa-mir-98,1.2952081e-22,0.39328343,1.3546621,0.10957325,0.6193163,0.11369694,2.062737e-15,0.1131889,0.4460568,0.48378107
hsa-mir-99a,6.405324e-27,1.4474419,0.0,0.014402366,1.6009275,0.07445291,3.4728272,0.0,8.334825e-17,2.3230884
hsa-mir-99b,46.90718,35.745083,3.0682426e-10,0.0,264.92758,4.0066606e-26,222.62119,0.000636547,1.8451228e-20,215.79459
