TCGA.A6.2675.01,0.7098436,0.8087714,0.45268786,1.6530371,0.90215933,0.63289887,1.2684627,1.1903546,1.2472428,1.1109161
TCGA.A6.4105.01,0.85185903,1.4927577,0.9245186,0.5376132,1.0764898,1.2109951,0.28066292,1.1052988,1.5702592,1.354835
TCGA.A6.5656.01,0.6832467,0.5513165,0.5718579,0.025983766,2.4630017,2.0570734,1.9630804,0.5616817,0.8760606,0.45303977
TCGA.A6.5657.01,1.0679706,0.87861246,1.3953193,0.98160946,1.8030863,0.0134118395,1.2057128,0.35712186,0.46922964,1.3579798
TCGA.A6.5659.01,0.9201238,1.392471,1.0898094,0.75567305,1.1847978,0.6769066,1.9342797,0.9633439,0.8532976,0.8433291
TCGA.A6.5660.01,1.5365267,1.5171374,0.7647189,1.0998735,0.8875583,0.9072131,1.2790709,1.2074151,0.47994122,0.7318636
TCGA.A6.5661.01,0.7522444,1.5018029,1.337998,1.2871197,0.83888876,0.80675405,0.9883253,1.4503874,1.1762389,0.46750447
TCGA.A6.5662.01,0.75273603,2.6543782,0.31066462,1.2408897,1.4453079,1.4809057,0.8875837,0.5165935,0.0035670516,0.93340856
TCGA.A6.5664.01,0.7065424,0.5051797,0.8865333,0.31104514,2.3536794,2.1175811,1.9380741,0.027191048,1.1901549,0.05265814
TCGA.A6.5665.01,0.63921237,1.5204177,1.0532444,1.0036504,0.8755317,1.4683646,0.55048,1.3225133,1.2499316,0.93164384
TCGA.A6.5666.01,1.6306014,1.1005913,0.7100196,1.2079746,0.59300077,0.9483073,0.9920785,1.4891089,0.70800996,0.8330147
TCGA.A6.5667.01,1.1291478,0.41706622,0.3835248,1.6622611,1.4986161,0.6266043,1.3748654,0.59456766,0.0030738942,1.4205662
TCGA.A6.6137.01,1.240415,0.72264034,0.817884,1.1936388,0.94145113,0.7857375,0.5814936,1.9633781,1.074383,0.9962472
TCGA.A6.6138.01,1.1678137,0.77677435,0.9003251,0.45077986,1.0843378,0.60659087,0.83510286,0.82090575,1.650996,1.8392004
TCGA.A6.6140.01,1.1132752,0.73451996,0.57444304,0.4694696,0.93792313,0.8973689,1.2269162,2.147047,1.353183,0.9990184
TCGA.A6.6141.01,1.0045031,0.6933893,1.3966128,0.6875567,1.0290308,1.5658238,0.81868345,0.4971256,1.4307948,1.327925
TCGA.A6.6142.01,0.76884115,1.0035337,0.90027267,1.0371597,1.7458827,0.9938764,1.1136756,0.60899657,1.2460911,0.936118
TCGA.A6.6648.01,0.75887746,0.6642005,1.1221375,0.79991204,1.1882172,1.1536334,0.676277,1.9393784,1.3291702,0.90910625
TCGA.A6.6649.01,0.7903478,0.64637893,1.543486,0.6881901,1.371123,0.96065915,0.96368563,0.686063,0.92043054,1.6483145
TCGA.A6.6650.01,0.612781,1.3894019,0.41487417,0.4557716,1.3633087,1.5523481,0.7005569,1.8600616,0.8355443,1.1073983
TCGA.A6.6651.01,0.27317455,0.39446497,1.4342257,1.3342907,1.8175861,0.22458333,0.72048193,0.0014955747,0.4277349,2.3231363
TCGA.A6.6652.01,1.3297211,1.2124177,0.8287708,0.4639413,1.3728739,1.2255361,0.951549,0.49534956,0.9620203,1.5513774
TCGA.A6.6653.01,0.68193537,1.1676408,1.416039,0.9776074,0.95155925,1.4466063,0.7529324,1.641299,1.0777004,0.47006208
TCGA.A6.6654.01,0.57288164,0.449429,0.9404004,1.2629933,1.759205,0.5586507,0.82485086,0.22058377,0.6819071,1.7213236
TCGA.A6.6780.01,0.6043423,0.9247937,1.119381,1.4173309,0.7998465,0.8325138,0.49419233,2.3081756,1.3436159,0.68029076
TCGA.A6.6781.01,1.3685635,0.651585,1.0192828,2.1184723,0.5914275,0.7701272,0.6664898,0.7285211,1.9716715,0.31371528
TCGA.A6.6782.01,1.0815748,0.58538085,1.1252815,0.8659998,1.3260362,1.0142689,1.1036081,0.63168377,1.208756,1.4241596
TCGA.AA.3489.01,1.1878096,0.60479546,1.6388767,1.0701602,1.0659728,0.43124586,0.55509514,0.4468551,1.577198,1.5955195
TCGA.AA.3496.01,1.3984497,0.23843981,0.86660486,1.1256309,0.4393922,0.8857735,1.4186803,1.4785643,1.2149184,1.0980449
TCGA.AA.3511.01,1.1809875,1.0311261,0.5091602,0.97670907,1.2229437,1.4892633,0.004042361,0.84523916,0.8130525,1.674526
TCGA.AA.3655.01,1.6936306,1.4352206,0.9484827,1.1753237,0.34892103,1.3513206,0.5317963,0.9962775,0.80687857,0.8724217
TCGA.AA.3660.01,1.1493192,1.2492869,1.1859158,0.99302065,0.9744726,1.2063404,0.6144953,1.0126283,0.8964066,1.1077764
TCGA.AA.3662.01,2.1597862,1.1519688,0.9298739,0.9772116,0.805271,0.77536696,1.1269686,1.1215228,0.6219976,0.70810366
TCGA.AA.3663.01,1.1009057,1.1905212,1.8601776,0.9413262,0.94431156,1.052939,0.4953199,1.6113715,0.78649926,0.6048816
TCGA.AA.3697.01,1.4597796,0.90620667,0.6503411,1.1118497,0.62748784,0.8367779,1.0231866,1.5172572,1.0059873,1.0813832
TCGA.AA.3712.01,1.5152644,0.7896333,0.78000325,0.9207293,0.60566807,0.95903933,1.6879475,1.0769764,1.1988684,0.9783559
TCGA.AA.3713.01,0.4028653,1.2900176,1.1646742,1.1341058,1.0892005,1.5395643,0.3207612,1.4832376,1.0353878,0.9395312
TCGA.AD.5900.01,0.35876602,0.8889127,1.1078194,1.1666486,1.2921402,0.3785309,1.584296,0.80270356,1.1361545,1.3234037
TCGA.AD.6548.01,1.0386077,0.62512237,1.0489491,1.2843617,1.3437709,0.7900092,0.50472075,0.8186235,0.74786687,1.7532765
TCGA.AD.6888.01,1.1129118,0.9407127,0.637619,0.70230913,0.8939283,0.9876653,0.88289094,1.5608413,1.685176,1.0749549
TCGA.AD.6889.01,0.87656116,1.6849906,0.91537106,1.3338982,0.3564654,1.6928387,0.38584945,1.1494501,1.0415015,0.5222666
TCGA.AD.6890.01,1.4024045,0.53534245,0.61921746,1.4221951,0.44481283,1.1096072,1.0321722,1.0794859,1.6633652,0.95521945
TCGA.AD.6895.01,0.81032246,0.6607705,1.0767627,2.0135071,1.3680099,0.50234115,0.46246484,0.52520376,1.2217087,1.0986037
TCGA.AD.6899.01,1.4090669,0.5570556,1.1981562,1.354363,1.1723813,0.79311,0.23506401,1.0200653,1.1164104,1.1891665
TCGA.AD.6901.01,1.4646674,1.0146159,0.7129069,1.6579735,1.3115451,0.6462585,0.55135417,0.45982152,1.417543,0.76175606
TCGA.AD.6963.01,1.7154158,0.5511313,0.19484134,1.0052235,0.7565541,0.38440403,0.82470834,0.80112183,2.2824888,1.3788558
TCGA.AD.6964.01,1.1388022,0.72137064,0.59643495,1.7359818,0.18920897,1.0711746,0.7361756,0.78435314,1.8753582,1.0395004
TCGA.AD.6965.01,1.1962746,1.2707733,0.46215957,1.3609519,0.6109806,1.432626,0.9912481,1.0167419,1.0581186,0.9600109
TCGA.AM.5820.01,0.939352,1.0298179,0.88744265,1.1657917,1.7061292,0.0072777527,1.2486733,1.2877759,0.0011278156,1.3188746
TCGA.AM.5821.01,1.373149,1.4081123,0.90120584,1.1305555,1.0178243,0.6173394,1.3011775,0.55559534,1.6018488,0.56455284
TCGA.AU.3779.01,1.6861806,1.1213678,1.1928993,1.0802786,0.86163074,0.85642505,0.37228775,1.0205086,1.1147679,1.013904
TCGA.AU.6004.01,0.5236023,1.6920533,0.97700596,1.2632917,1.4143171,0.6700644,0.8502577,1.0026028,1.0535274,0.9214275
TCGA.AY.5543.01,1.3984389,1.4830164,1.1129216,0.5751392,0.533561,0.88089776,0.9257568,1.236174,1.0855318,1.2049706
TCGA.AY.6196.01,0.8379156,0.8889485,1.2395675,1.4035598,0.91425526,0.7811756,1.2273542,0.60089296,1.8138798,0.7229247
TCGA.AY.6197.01,0.6578146,1.0903188,0.3007111,1.4301504,1.187662,0.9443399,0.8672499,2.2687852,1.1468786,0.4343062
TCGA.AY.6386.01,1.002224,1.229886,1.5886714,1.083969,0.26720962,1.0232153,1.330313,1.2147104,0.78792214,1.0058125
TCGA.AZ.4323.01,0.66341203,0.46492678,1.8376637,0.700929,0.41272345,1.4220722,2.0567808,0.17732696,0.87428784,1.5605642
TCGA.AZ.4616.01,0.6089634,0.5390124,1.0987699,1.5112213,1.1645582,0.52054214,1.3102907,0.76575685,0.93563926,1.2819743
TCGA.AZ.5403.01,1.0291195,0.8710322,0.7365068,1.6340449,1.2646587,0.5102045,1.1237209,0.7077591,0.8622071,1.1515647
TCGA.AZ.5407.01,1.4019042,1.288519,1.3580054,1.0095692,0.36520317,1.0814062,1.0677652,1.3445196,0.42270157,0.99126107
TCGA.AZ.6598.01,1.3956444,0.5553524,1.496359,0.7265063,0.33873641,1.3364968,1.4432925,1.4269782,1.2697073,0.40960458
TCGA.AZ.6599.01,0.5906961,1.1552022,1.5836022,0.61275977,0.42034277,1.8945625,0.42049742,1.1478907,0.78099334,1.6141557
TCGA.AZ.6600.01,0.97775763,0.87379014,1.5448776,0.9870384,1.459181,0.8577047,0.3846038,1.0434589,1.051777,1.2076958
TCGA.AZ.6601.01,0.53145885,0.89740765,1.2857819,1.5804424,1.278767,0.4022088,0.8676645,1.1758384,1.2445483,0.9944972
TCGA.AZ.6603.01,0.8078709,0.43167523,0.61767596,1.186284,1.6096137,0.9442702,1.1529145,1.0173348,0.68214005,1.4350121
TCGA.AZ.6605.01,0.6515567,0.634269,1.0698775,0.92977405,1.4131674,0.7280202,1.1503398,0.6298865,1.4139826,1.4963386
TCGA.AZ.6606.01,1.0767329,1.1779445,0.84891313,0.779251,1.0947838,1.2513795,0.765423,1.3407944,0.94347835,1.1144373
TCGA.AZ.6607.01,0.9536582,1.5126352,1.1771749,1.4335653,1.232792,0.07311354,1.9292091,0.104427464,0.9483388,0.596797
TCGA.AZ.6608.01,1.2787538,0.713574,0.12370885,0.776373,1.3428572,1.6675745,0.48415804,1.8456665,0.5181295,1.1587403
TCGA.CA.5254.01,0.79775834,0.5425326,1.0888251,1.0213498,1.9406154,1.985135,0.73335546,0.64350253,1.56674,0.00089570915
TCGA.CA.5255.01,0.49383813,0.39730847,0.68454266,0.3293021,2.386518,2.1766691,1.5755087,0.5204115,1.2192757,0.43531927
TCGA.CA.5796.01,0.7452966,1.676654,1.9222074,1.0377393,0.518657,1.4482293,0.063809365,1.1966393,0.85228145,0.88276297
TCGA.CA.5797.01,1.3597616,0.82319254,0.74402153,1.3425122,2.009888,0.77239054,0.5927527,0.98511666,0.39808604,0.9724398
TCGA.CA.6715.01,1.4947814,0.5877637,1.012533,0.73708016,1.3959396,0.9570329,0.5739986,1.8184934,1.0003443,0.8366441
TCGA.CA.6716.01,0.5945913,1.8274969,0.78013414,0.48946208,0.9390643,0.8899557,1.9074742,1.083878,0.61864287,1.2131733
TCGA.CA.6717.01,0.21063319,0.5644283,1.5155646,1.3349125,1.4213009,0.4178249,1.1136144,0.6156501,0.4974111,1.7017379
TCGA.CA.6718.01,0.31956086,0.923111,1.8034577,1.4326982,0.9087819,0.517397,1.4334915,0.70619017,0.6593974,1.2791373
TCGA.CA.6719.01,0.9221288,1.0352708,0.96666944,1.1194289,1.6232278,0.30918685,1.2174714,0.7922476,0.08685776,1.4796916
TCGA.CK.4947.01,1.5334337,0.7756767,1.4750779,1.5068871,0.76492107,0.94141906,0.6586048,1.0846694,0.36456412,1.0671058
TCGA.CK.4948.01,1.4200032,0.92257077,0.17876664,1.4293187,0.8849204,0.40067303,1.6141782,0.8605829,1.2986851,0.98084253
TCGA.CK.4950.01,0.5026841,0.974112,1.4333537,1.0513976,0.5306954,1.2479874,0.8122736,1.2936932,1.3257983,1.1959344
TCGA.CK.4952.01,1.71071,1.5074817,1.3067089,0.5900128,0.4573712,1.9184468,0.53658456,1.251837,0.47430655,0.14244868
TCGA.CK.5912.01,1.5823147,0.6902054,1.3617581,0.6842592,1.3774501,0.75450516,1.0161889,1.6655328,0.79711574,0.6575955
TCGA.CK.5913.01,1.0237943,1.3135561,1.0930941,1.9506029,0.5593213,0.8204485,1.2325901,1.4264882,0.4955495,0.25398436
TCGA.CK.5914.01,1.7412679,0.85646445,0.30639938,0.98629254,0.72961175,0.7262893,1.8219448,1.2656218,1.0748914,0.7296871
TCGA.CK.5915.01,1.2545966,1.0203516,0.667833,0.94245946,0.90829504,1.18474,1.1265405,2.418486,0.06743698,0.51728076
TCGA.CK.5916.01,0.7972554,1.7440591,1.354763,1.1073966,1.5078552,0.5661075,0.8486387,0.5999187,0.77203935,1.0178738
TCGA.CK.6746.01,1.4528761,0.4350244,2.1686294,0.6161737,1.1187631,1.5258895,0.8624847,0.60641795,0.9251687,0.5385305
TCGA.CK.6747.01,0.70167524,1.075234,1.1731879,1.2371782,0.89843917,1.5353532,0.2553258,1.2521406,0.86432594,1.2058339
TCGA.CK.6748.01,0.61267704,1.4287063,1.2048621,0.77327573,1.13194,1.3030616,1.022547,0.6860274,0.8613276,1.410162
TCGA.CK.6751.01,0.6505092,1.0225804,1.3901727,1.2145189,0.865265,1.0865432,0.928265,1.0407513,1.0203929,1.2554668
TCGA.CM.4743.01,0.993821,1.3413215,1.0850033,1.3282648,1.1005367,0.7312366,0.9341676,1.1092526,1.6624858,0.27605394
TCGA.CM.4751.01,0.9182851,0.9151196,1.5669464,1.2679383,0.8267717,0.7894914,0.9654863,1.0265346,0.5156504,1.4414229
TCGA.CM.5344.01,1.0432421,0.75601184,0.7102675,1.562764,0.9941647,0.57804054,1.5203156,0.89228743,0.8858142,1.0477586
TCGA.CM.5348.01,0.54758334,1.0772538,1.4010613,1.3270576,1.3272122,0.48118165,1.2562925,0.90243655,0.9684582,1.0386652
TCGA.CM.5349.01,0.38582638,0.8269704,0.928042,0.9349676,1.1059443,0.7415151,1.9039438,0.7552335,1.1452818,1.4830976
TCGA.CM.5860.01,1.3469974,0.8179209,1.4164871,1.4061449,1.36988,0.29235247,0.93475443,0.87101644,1.2719879,0.6151605
TCGA.CM.5861.01,0.92611176,1.3376558,1.6556877,1.5342823,1.5028461,0.5756621,0.7522655,0.79900503,0.9549426,0.4009014
TCGA.CM.5862.01,2.1668642,0.80499446,1.0722667,0.2891455,0.9039234,0.74140376,1.7116237,0.85536146,0.23601453,1.2739528
TCGA.CM.5863.01,0.7137235,1.0483934,1.624892,1.1811728,0.7586562,1.0103506,1.0516846,0.8026481,0.8076132,1.3728645
TCGA.CM.5864.01,1.9827356,1.1331435,1.0662807,0.70788205,0.926524,0.81585807,1.1189736,1.2452193,0.38281,0.87481785
TCGA.CM.5868.01,1.455213,0.7130891,1.0735631,1.4878306,1.2432302,0.6909165,0.5654451,0.5782203,1.0643066,1.0944667
TCGA.CM.6161.01,1.4600443,1.2890638,1.2772442,0.83332306,0.24465886,0.66533107,1.9357185,1.5202396,0.09563297,0.87187827
TCGA.CM.6162.01,0.8325775,0.846084,1.9684752,1.3669039,1.3484886,0.8765296,1.1005836,0.60571593,0.8078733,0.6297952
TCGA.CM.6163.01,1.677875,0.77850056,0.8443744,1.1802064,1.0124086,1.0350591,0.98230124,0.59580696,0.9163668,1.1683872
TCGA.CM.6164.01,1.1493359,0.7338483,0.5345563,1.4533346,0.95809495,0.49844742,1.625249,0.8698004,0.9632048,1.2060565
TCGA.CM.6165.01,1.1784079,0.7523352,1.0671082,1.4965484,1.351691,1.0675552,1.1194408,1.098013,0.20413546,0.7795473
TCGA.CM.6166.01,0.48726174,1.504348,0.91744417,0.67602026,1.7595749,0.7899739,1.2772322,0.9258344,0.9475364,1.1401792
TCGA.CM.6167.01,0.002800516,0.59105647,1.6663901,0.62930024,2.467299,0.17623654,1.2844182,0.014442469,0.3914695,1.8412168
TCGA.CM.6168.01,0.6794948,0.855797,1.5393397,1.1844441,1.6862153,0.24794161,1.3502808,0.69613373,0.89403194,0.9839174
TCGA.CM.6169.01,1.1547961,1.2921696,0.9702385,1.0191146,1.5613801,0.44799587,1.4516295,1.197667,1.0505087,0.49566144
TCGA.CM.6170.01,1.3758625,1.3358554,0.53174144,1.2959285,0.5788839,1.2721623,1.0350343,1.0740712,0.733328,1.054002
TCGA.CM.6171.01,0.58944166,1.315824,1.6381066,0.5971966,0.15829705,1.7771411,1.345859,1.5263411,1.0882103,0.2934588
TCGA.CM.6172.01,1.3074415,0.8375882,1.6716136,0.72118604,1.0116296,0.8759546,1.2016866,1.2019666,1.0644046,0.7829363
TCGA.CM.6674.01,0.018540593,0.43201625,1.4325209,1.3734187,1.1590608,0.6453728,1.2548143,0.71771467,0.6989047,1.69297
TCGA.CM.6675.01,0.92695856,1.2963097,0.7554823,1.3430113,1.1995288,0.6184078,0.76276916,1.7314817,0.9642008,0.7364233
TCGA.CM.6676.01,1.2727603,0.37326866,0.8184111,1.0214863,1.4111904,1.0434184,0.9833948,0.6388223,0.9734152,1.547968
TCGA.CM.6677.01,1.1230763,0.5688902,0.8554128,1.3304672,1.164122,0.5815266,0.96147555,0.7954993,1.0219831,1.5376351
TCGA.CM.6678.01,0.864734,1.0098988,1.100582,0.7122579,1.0934296,0.8011667,1.1717651,0.9977947,1.2232578,1.597933
TCGA.CM.6679.01,0.70338315,0.5619281,0.74482733,1.2215364,1.2357231,0.7828678,1.3878624,0.64522153,0.95465094,1.5194278
TCGA.CM.6680.01,0.41143304,0.894845,1.4451709,1.0334628,0.4468367,1.2890687,1.3567047,0.85905224,0.68587106,1.7135172
TCGA.D5.5537.01,1.5649896,1.027462,1.1726192,1.0553263,0.84332097,0.8845606,0.63226694,1.2424663,1.0762131,0.8347685
TCGA.D5.5538.01,0.87990904,1.8374969,1.0727257,1.0962459,1.072726,0.8831136,0.5651304,0.655426,1.2588013,1.072449
TCGA.D5.5539.01,0.9610315,1.3230373,1.4090722,1.2776115,1.1196014,1.0831518,0.5427105,0.64173496,1.2676264,0.9826431
TCGA.D5.5540.01,0.590124,4.072556,0.5907877,0.11463465,1.7505882,1.5428917,0.35981244,0.536807,0.52172875,0.88473195
TCGA.D5.5541.01,1.7171289,0.77102965,0.9116889,1.0273718,0.70388395,0.49774867,1.1167036,1.2921914,1.118131,0.98147607
TCGA.D5.6529.01,1.0433745,0.9037294,1.7085907,1.0805365,0.82728845,0.8461741,0.7108449,0.99597716,1.5299828,0.98851186
TCGA.D5.6530.01,1.3475525,1.3537356,0.70829344,1.0775795,0.14637657,1.9077075,0.33384255,1.0521796,1.1267351,0.7715478
TCGA.D5.6531.01,1.102523,1.0756198,1.2696608,0.9425616,0.95396286,1.0845432,1.7859681,1.0775915,0.6825359,0.6394002
TCGA.D5.6532.01,1.2266762,1.2883607,0.48369896,0.6743788,1.2063442,1.3574104,0.7862817,1.0062699,1.0929008,1.1801093
TCGA.D5.6533.01,0.6896774,1.400137,0.7977217,1.108891,1.2806207,0.57858646,1.1434574,1.220633,1.3579134,0.801096
TCGA.D5.6534.01,1.3556565,1.1552666,1.3069538,1.1902751,1.5058956,0.5684193,0.97533894,0.64179397,1.6125596,0.3178798
TCGA.D5.6535.01,1.4338614,1.898086,1.2497064,0.7451262,0.87333274,0.83481354,0.6044359,1.1859854,1.0241129,0.79454243
TCGA.D5.6536.01,1.4454945,1.3826923,1.2693073,0.7722277,0.27846506,1.5729661,1.4201362,0.5689429,0.64721674,1.0913674
TCGA.D5.6537.01,1.2947255,1.2806591,0.21885063,1.3814901,0.3887236,0.602976,1.8635457,1.2668568,1.4188288,0.5177067
TCGA.D5.6538.01,1.6178843,1.3307103,0.7442,0.7027402,0.94098395,1.2067702,1.4740992,1.1827769,0.25598,0.9940773
TCGA.D5.6539.01,0.7760348,1.1902121,1.5328201,0.9711666,1.0071654,1.0212328,0.8311787,1.7564328,0.7493131,0.8318816
TCGA.D5.6540.01,1.0888313,1.2747471,0.6724544,1.4747161,1.1251434,0.88743335,1.122386,0.9738427,1.607364,0.27380717
TCGA.D5.6541.01,1.1998929,1.4915458,0.5703663,1.0865448,1.1806662,0.5414893,1.2981533,0.7318541,1.2266651,0.9064208
TCGA.D5.6898.01,1.2375797,0.44052365,0.18265061,2.0884647,1.232723,0.8618768,1.0812516,0.93316084,0.5983176,0.91810524
TCGA.D5.6920.01,0.86091673,0.5177628,1.0822713,1.6208408,0.5355495,1.1680748,0.2801567,1.8716908,1.0555999,0.98265374
TCGA.D5.6922.01,1.0088603,0.26818827,0.10754353,2.016183,2.062319,0.9504029,0.3665802,0.8086146,0.3380386,1.2036133
TCGA.D5.6923.01,1.5892614,0.8857745,0.30336297,1.4626577,1.6269878,0.39435115,0.5053237,1.0359172,1.5477889,0.6361005
TCGA.D5.6924.01,2.0560577,0.30578542,0.5820837,1.4963034,0.7359798,0.7061544,0.52335566,0.91061395,1.1855409,1.2711244
TCGA.D5.6926.01,1.3803182,0.7364427,0.3294219,1.6205057,1.3036011,0.63846564,0.7743545,1.0145301,1.3383977,0.8748382
TCGA.D5.6927.01,1.0299376,1.0060858,0.32993853,1.7704126,1.2371528,0.81680125,0.2373419,0.94835675,1.4995576,1.0298792
TCGA.D5.6928.01,1.1108141,0.805913,1.39421,1.3467833,0.79789233,0.5762102,0.5141173,0.7910635,2.0148225,0.92643094
TCGA.D5.6929.01,1.5975939,0.5239201,0.85059375,1.4196769,0.6018752,0.7622935,0.4652961,1.1284494,1.5008827,1.2181671
TCGA.D5.6930.01,0.62515056,0.6433737,0.8938562,1.7426187,1.0984681,0.9072149,0.70089215,0.5082045,1.2934589,1.3581755
TCGA.D5.6931.01,1.2667087,1.0170547,1.1867106,1.6611755,0.38202825,0.74683946,0.54835796,1.3901372,0.976755,1.0617609
TCGA.D5.6932.01,1.5986267,0.3574146,0.013136918,1.3695583,0.74711215,1.3645959,1.2755451,0.4266733,0.8489837,1.6010454
TCGA.D5.7000.01,0.85890293,1.0629606,0.6970389,1.6876997,0.94223416,0.7391692,0.9700862,1.1889923,1.1887786,0.7996122
TCGA.DM.A0X9.01,1.1418862,1.1211492,1.5624542,0.43789253,0.91416657,0.8515799,0.68147016,1.9590043,1.0191476,1.0245184
TCGA.DM.A0XD.01,1.2005007,0.8362709,1.0278324,0.9035468,0.9679666,0.5858797,1.0420078,1.2057084,1.6414559,1.0519985
TCGA.DM.A0XF.01,1.495606,0.5484497,0.8696501,0.78774536,1.1783619,0.8903609,0.4365971,0.7880334,1.6639421,1.5006036
TCGA.DM.A1D0.01,1.9192054,1.5466604,0.6025736,0.47362986,1.2327867,1.3153613,0.41840512,0.7695577,0.6513769,1.1028768
TCGA.DM.A1D4.01,0.51724684,1.4503813,0.31319642,0.6862861,0.55847204,1.9030379,0.94050115,1.434946,1.1515822,1.3679903
TCGA.DM.A1D6.01,1.5261995,0.28901327,0.78356355,1.0413613,0.9667661,1.7457238,0.9264824,0.68602556,1.0549744,1.0257959
TCGA.DM.A1D7.01,1.1256696,1.3845996,0.70916224,0.7552573,1.1007167,1.1025593,0.6809529,0.8739706,1.3881824,1.3767384
TCGA.DM.A1D8.01,1.1313545,0.980212,1.3567264,0.36238778,0.9056243,1.1001679,0.77995616,1.0959492,1.4463195,1.345854
TCGA.DM.A1D9.01,1.0308893,1.3573118,1.0163598,0.5770755,0.9485223,1.3804717,0.7466856,1.0404104,1.161737,1.2686214
TCGA.DM.A1DA.01,0.88032603,1.5554285,0.8623372,0.451847,0.98272365,0.9016924,0.60035336,2.598488,1.0133792,0.63360083
TCGA.DM.A1DB.01,0.97967416,0.3823958,0.93070734,0.0009449393,1.1307297,0.4153786,0.88942426,3.1534185,1.6705687,0.5132538
TCGA.DM.A1HA.01,1.2002944,1.8232892,0.4845024,0.6278461,0.6003286,0.9478745,1.5653656,1.2623991,1.1246525,0.9574203
TCGA.DM.A1HB.01,0.79159445,1.0247004,0.6672815,1.1149391,1.1190258,0.99902654,1.4464376,1.0268828,1.422943,0.91703206
TCGA.DM.A280.01,0.88617504,0.9263702,1.0694795,1.1643945,0.7919376,0.5396617,1.3293875,1.0229125,1.3765856,1.2726246
TCGA.DM.A282.01,0.7813375,0.92356294,0.7453508,0.76777637,1.2957237,0.756259,1.4535296,1.1930478,1.2185441,1.3192034
TCGA.DM.A285.01,1.247437,0.7936244,1.1229391,1.5733047,1.4617761,0.40422806,0.8996541,0.6609362,0.5708079,1.1829958
TCGA.DM.A288.01,0.7940705,1.501208,0.6197662,0.6860598,1.2170118,0.6101351,1.331781,1.1259367,1.1124943,1.2538909
TCGA.DM.A28A.01,1.3753241,1.429584,0.25835013,0.99537706,0.66769046,0.9245579,0.9630917,1.0032235,0.92519426,1.5653639
TCGA.DM.A28C.01,0.8517634,0.7463878,1.1145072,0.7650633,1.1970581,1.0530126,0.9938295,1.5250725,1.3097903,1.0026574
TCGA.DM.A28E.01,0.6332209,1.2045405,0.5454713,0.36828363,1.4487376,1.2667515,1.0352603,1.3633008,1.2334044,1.336835
TCGA.DM.A28F.01,0.9088919,0.9919787,0.39964917,1.1994338,1.300375,1.2912871,0.38960567,1.7646426,0.5801424,1.2727281
TCGA.DM.A28G.01,0.83082825,1.3488742,1.0577545,0.807808,0.82841104,1.3247995,1.3574924,1.1067464,0.8206095,1.2012743
TCGA.DM.A28H.01,0.7425173,0.94561034,1.4176936,0.59498453,1.1280879,1.1441982,0.7703816,1.2301983,0.81724864,1.5399846
TCGA.DM.A28K.01,0.89007926,1.328476,0.8333511,0.83306926,0.59283274,1.6544933,1.019241,1.0571297,0.93899137,1.2546203
TCGA.DM.A28M.01,0.69561625,1.0890812,0.5466712,0.76090884,0.9193466,0.8647562,1.1649201,1.5903437,1.3178686,1.3974556
TCGA.F4.6459.01,0.4094224,0.6802179,0.797762,1.271046,1.2435958,0.8279018,1.2823101,0.7309208,0.8961037,1.637927
TCGA.F4.6460.01,0.98052007,0.69058716,1.2961574,0.42180306,1.2781427,0.6940329,1.459545,0.85189664,0.5878058,1.8912814
TCGA.F4.6461.01,1.0523349,0.61280096,1.3894271,0.73699665,0.60987025,1.5024872,1.3892069,0.66587245,1.2879252,1.1898719
TCGA.F4.6463.01,0.9329008,1.3018126,1.2810191,1.1631434,1.134765,1.1191463,1.957907,0.81385595,0.4556271,0.45303756
TCGA.F4.6569.01,1.0402044,0.8589755,1.4623742,1.5451308,1.3393406,0.25044024,0.6684692,0.5835,1.3101333,1.0502082
TCGA.F4.6570.01,0.99924767,0.82957613,1.4485395,1.3063323,1.2371,0.8010054,0.28221828,1.0591416,1.3945525,1.0871286
TCGA.F4.6703.01,0.6770063,0.8176044,2.0116475,1.4579303,1.0467857,0.102516845,0.7669564,0.12630859,1.3751446,1.4437718
TCGA.F4.6704.01,0.7081614,0.18927296,1.2810727,1.3970987,0.9555856,1.0612859,1.3751142,0.36944637,0.2428085,1.7262856
TCGA.F4.6805.01,0.5698473,0.7105917,1.0354049,1.3883054,1.6352845,0.8167972,1.0011433,0.5656342,0.24261494,1.4668385
TCGA.F4.6806.01,0.6687366,0.93824804,1.0573595,0.86398125,1.0868452,1.4780751,0.65951294,1.0202941,1.306697,1.4165157
TCGA.F4.6807.01,0.62006044,0.9558569,1.365025,1.122947,1.82701,0.6969949,0.8728112,0.5542211,0.8205352,1.3239676
TCGA.F4.6808.01,1.198643,0.047138326,0.59586287,1.1202239,0.82270753,1.2959838,0.6939969,1.4856731,1.2641146,1.371264
TCGA.F4.6809.01,0.51432484,0.6236108,1.5595874,1.0527092,2.21048,0.8234485,0.7819019,0.5592318,0.7651331,1.1322803
TCGA.F4.6854.01,1.3819759,0.66773343,0.42206886,1.1918515,1.1178433,1.1511757,0.57650965,0.9742948,1.1799272,1.4118339
TCGA.F4.6855.01,1.2270733,0.99203646,0.42249808,1.7302028,0.87860453,0.93695986,0.3785601,0.92211634,1.7646742,0.78113014
TCGA.F4.6856.01,1.3218182,0.60801095,1.775285,1.5651151,0.37906963,1.0205042,0.95065683,0.6563425,1.2787927,0.8191817
TCGA.G4.6293.01,1.5400825,1.0919077,1.6475471,1.0861952,0.10079635,0.39361942,1.3949465,1.6108397,0.6140997,0.83460987
TCGA.G4.6294.01,1.4171964,1.2848259,0.5289284,0.6783762,1.4665377,1.2592791,0.14916666,0.83850753,0.88223207,1.583012
TCGA.G4.6295.01,1.5023282,1.5198331,0.08756513,0.5292926,0.5438871,1.6902579,1.719993,1.1260369,0.5710324,0.90487576
TCGA.G4.6297.01,1.2774984,1.1338404,0.47416604,1.196256,1.5073617,0.7025839,1.0675024,0.93931127,1.0744815,0.86247706
TCGA.G4.6298.01,0.5907781,2.5926518,0.49315482,0.67132246,0.83266526,1.2939323,1.5758002,0.63902324,0.65133786,1.338803
TCGA.G4.6299.01,1.4266595,0.93116623,0.98396474,1.0703206,0.68687993,0.7915066,0.8209337,0.5323943,1.8451365,1.242958
TCGA.G4.6302.01,0.0018104119,0.15699308,1.5212696,1.1834853,1.9323628,0.0024120163,1.2893809,0.001984255,0.0100118555,2.294371
TCGA.G4.6303.01,0.9994729,0.55354375,0.7606178,0.9841568,1.7984123,0.9860716,0.641642,1.218313,0.41755182,1.6582646
TCGA.G4.6304.01,0.8183387,1.7348984,1.1364931,0.9179376,0.045736037,1.4891263,1.3398951,1.177871,1.2457393,0.681676
TCGA.G4.6306.01,0.85999274,1.1910001,0.35061207,0.5107725,0.95883,1.2981026,1.1666523,1.5898582,1.4003876,1.240821
TCGA.G4.6307.01,1.4845182,0.9095933,0.49775553,1.3419766,0.4343168,1.222424,1.66445,1.4280266,0.50404507,0.72452235
TCGA.G4.6309.01,0.69160485,1.0645092,1.1371522,1.1534381,1.1959376,1.4436564,0.64408016,1.5363381,0.7972965,0.89023316
TCGA.G4.6310.01,0.0025724762,0.27255228,1.152602,0.27860975,1.9339998,0.40947458,1.9794323,0.3231073,0.77096385,2.189382
TCGA.G4.6311.01,1.1825157,1.0531632,0.8959433,1.0923972,0.8480444,0.72740966,1.0823506,0.9097852,1.273557,1.1846249
TCGA.G4.6314.01,0.15161042,1.2880933,1.0863192,0.9790313,1.4615842,0.65055734,1.8274405,0.6120442,0.59975374,1.320864
TCGA.G4.6315.01,0.7974627,0.85954416,1.0519688,0.79056513,0.60207874,1.1480193,1.8286958,1.1980661,1.0934844,1.2485363
TCGA.G4.6317.01,1.5489786,0.9919302,0.40483883,1.2395656,0.637629,0.8870387,1.293515,0.63696444,1.4358708,1.1108764
TCGA.G4.6317.02,1.4977055,0.9775636,0.054739825,1.4019536,1.0416077,1.3282311,0.41808444,1.5714083,0.51304775,1.0788136
TCGA.G4.6320.01,0.9823544,1.1020713,1.1742023,0.7303643,0.24880326,1.339657,1.7234608,1.1159881,1.0294294,1.1219239
TCGA.G4.6321.01,0.14111231,0.8643971,1.2329199,1.054375,0.40873137,1.1977988,1.3350244,1.2289027,1.2241999,1.6011707
TCGA.G4.6322.01,0.78532565,0.57087773,1.407922,1.3375181,0.0028931238,1.8761177,1.1704766,1.2982153,0.6744217,0.9057655
TCGA.G4.6323.01,0.8899985,1.2742171,1.4917196,0.908332,0.3245959,0.9887894,1.2751199,1.3816797,1.1555963,0.9945583
TCGA.G4.6586.01,0.4340601,1.346667,0.4847892,0.94846857,1.4373306,1.4454049,0.4364668,1.4149905,1.4967003,1.0093662
TCGA.G4.6588.01,1.0497243,0.8175349,1.1022155,0.90858537,0.9534362,0.7932433,1.1002631,1.0885165,1.5297687,1.1449933
TCGA.G4.6625.01,0.75800395,0.6029506,0.53728586,0.5880601,0.94659257,1.1512514,1.4535545,0.9068165,1.5565089,1.7960612
TCGA.G4.6626.01,1.5279548,0.60012877,0.22553459,0.5956135,0.1526004,1.2811636,1.0922732,1.0898008,1.4707841,1.9176514
TCGA.G4.6627.01,0.065814786,0.41155392,1.3710304,1.5556927,1.2122672,0.32647693,1.2687998,0.6328136,0.31743446,2.093408
TCGA.G4.6628.01,0.82542557,1.0047503,1.0408939,0.8961091,1.4565578,0.48177642,1.3837036,0.4381872,1.2380817,1.2750579
