ebv-miR-BART1-3p,1.4944775,1.4881923,1.4109327,1.6598076,1.4987339,1.7461596,1.3397268,1.5547205,1.5005153,1.3848711
ebv-miR-BART1-5p,1.4567037,1.5067129,1.5652864,1.5399972,1.5145289,1.8063709,1.3522564,1.491598,1.4694647,1.3745009
ebv-miR-BART10,1.4176328,1.5616275,1.6415251,1.5249363,1.5549912,1.7786697,1.3677632,1.509461,1.4662764,1.4052422
ebv-miR-BART11-3p,1.7294447,1.4002628,1.2294165,1.8932234,1.6423396,1.77235,1.3511269,1.7433704,1.6496693,1.4242991
ebv-miR-BART11-5p,1.4218308,1.5047877,1.5549606,1.5559008,1.4779158,1.8246166,1.3699921,1.4359564,1.4677552,1.3892051
ebv-miR-BART12,1.4563606,1.439569,1.5192322,1.6321381,1.5234485,1.8330079,1.3716149,1.5232658,1.5190895,1.4128017
ebv-miR-BART13,3.2804043,0.6797903,2.060387,2.003677,3.036031,1.9729992,0.74372005,3.8949428,2.4605122,1.271342
ebv-miR-BART14-3p,1.4221846,1.5285579,1.6633266,1.4860954,1.5679653,1.8298153,1.33755,1.4541111,1.4794075,1.3798888
ebv-miR-BART14-5p,1.526315,1.4291339,1.3174976,1.7353616,1.4513303,1.7732166,1.3916296,1.5869962,1.5500402,1.3911046
ebv-miR-BART15,1.4280663,1.5015553,1.5273522,1.5848135,1.4798874,1.8558666,1.3844094,1.4164182,1.4999163,1.3983786
ebv-miR-BART16,1.806464,1.0512455,1.052785,2.0991242,1.5515208,1.5481406,1.1733474,2.0929177,1.6927305,1.4568629
ebv-miR-BART17-3p,1.7861105,1.192056,1.1544842,1.8826202,1.6191661,1.6720444,1.2161808,1.8728918,1.6013947,1.3221128
ebv-miR-BART17-5p,1.5407687,1.4492822,1.6251177,1.5194292,1.6243111,1.7969251,1.2390369,1.6082048,1.5229514,1.3491983
ebv-miR-BART18,1.5000176,1.4524134,1.4035734,1.6768022,1.4994607,1.7447548,1.3337955,1.5723808,1.4985905,1.3778932
ebv-miR-BART19,3.5981977,0.2278513,1.2014897,1.7443526,3.927015,0.69821644,0.18505463,6.019339,2.1820076,0.716487
ebv-miR-BART2,1.6899829,1.278368,1.1836628,1.888028,1.5560145,1.6086329,1.2143103,1.8816196,1.5855029,1.3761694
ebv-miR-BART20-3p,1.511963,1.4230436,1.3420966,1.676924,1.4917506,1.7670494,1.3502153,1.6031505,1.5026888,1.3843932
ebv-miR-BART20-5p,1.4696692,1.4880795,1.4858409,1.5714456,1.4936734,1.8215079,1.3710982,1.5031878,1.4836603,1.394253
ebv-miR-BART3-3p,1.4103398,1.5048637,1.5973102,1.5114307,1.5136486,1.8226715,1.3724964,1.4556552,1.4633194,1.3647059
ebv-miR-BART3-5p,1.4839102,1.4541428,1.4236702,1.6419705,1.4590979,1.8314639,1.3750985,1.503016,1.5194569,1.4024371
ebv-miR-BART4,1.4828153,1.4971526,1.5891598,1.597343,1.548343,1.783907,1.3393782,1.5497246,1.5122107,1.4283084
ebv-miR-BART5,1.5685918,1.3698356,1.4918778,1.6098456,1.5650033,1.7508727,1.2445152,1.7117467,1.5260603,1.3619248
ebv-miR-BART6-3p,1.4464579,1.5075656,1.4828023,1.5915289,1.4744674,1.7826177,1.3627152,1.4988993,1.4695851,1.3790658
ebv-miR-BART6-5p,1.4353937,1.4795303,1.4831047,1.6001703,1.4782703,1.840345,1.3741323,1.4797766,1.4845215,1.3852162
ebv-miR-BART7,2.2525127,0.92863727,1.7491953,1.5796221,2.3718703,1.652733,0.87200445,2.5739682,1.8231486,1.1690459
ebv-miR-BART8-3p,1.8395431,1.2175484,1.5940813,1.5615041,1.9796691,1.74089,0.9919759,1.977504,1.640242,1.2920911
ebv-miR-BART8-5p,1.425653,1.5009402,1.5442545,1.559859,1.4764445,1.8342253,1.3852472,1.4424206,1.4761652,1.38023
ebv-miR-BART9,1.5415491,1.4236088,1.4767557,1.6139985,1.5610436,1.7516434,1.275788,1.6464595,1.517482,1.347295
ebv-miR-BHRF1-1,2.0820637,0.90605074,1.2224139,1.8424046,1.7521542,1.8320882,1.0098681,2.065419,1.6786815,1.2504296
ebv-miR-BHRF1-2,1.4442704,1.5158732,1.5759037,1.5214652,1.5238737,1.8168659,1.3341597,1.4733427,1.4741743,1.3642746
ebv-miR-BHRF1-2*,1.4775183,1.5323261,1.5624294,1.5535192,1.5807456,1.7927355,1.305473,1.4922808,1.4978418,1.3702123
ebv-miR-BHRF1-3,1.393414,1.5392998,1.5808923,1.5413209,1.4732736,1.8102021,1.39182,1.4348329,1.4561653,1.3815314
hcmv-miR-UL112,1.3997269,1.5934856,1.7240411,1.4202486,1.5706477,1.7781593,1.3298404,1.511232,1.4468066,1.3747994
hcmv-miR-UL148D,1.7013131,1.244144,1.0281484,2.2523177,1.577223,1.6844264,1.5412079,1.9262276,1.6617343,1.4633398
hcmv-miR-UL22A,1.619879,1.3142934,1.4635952,1.6672336,1.6225339,1.7806998,1.2765343,1.8014793,1.5570567,1.3440087
hcmv-miR-UL22A*,1.3521963,1.5686085,1.617997,1.50089,1.4729456,1.8300309,1.4258331,1.4014785,1.4325829,1.394937
hcmv-miR-UL36,1.7578329,1.1837602,2.0757895,1.4794422,1.9785953,2.1070094,1.3533986,2.0285683,1.6820151,1.3665364
hcmv-miR-UL70-3p,2.9928517,1.0032564,2.1750956,1.8578279,3.4628408,1.6965513,0.009124468,3.1330457,2.3922615,1.6920552
hcmv-miR-UL70-5p,1.4833729,1.4443654,1.512921,1.5888484,1.5209873,1.7547548,1.3141395,1.5615153,1.4787894,1.3528298
hcmv-miR-US25-1,1.8843138,1.1398823,1.4564532,1.6799147,1.8768766,1.8064841,1.0514085,2.0180666,1.6716167,1.2970271
hcmv-miR-US25-2-3p,1.4704312,1.4678333,1.6037049,1.5204695,1.5095396,1.8406454,1.3051742,1.516444,1.5051707,1.3685126
hcmv-miR-US25-2-5p,1.5404772,1.3588979,1.8347265,1.4699976,1.6916583,1.9299846,1.3411517,1.7616823,1.5317187,1.374559
hcmv-miR-US33,1.7550343,1.3158563,1.5595286,1.8447022,1.7719415,2.0766208,1.6520438,2.0389366,1.8386099,1.4635763
hcmv-miR-US4,2.8369489,0.6038727,2.0319843,1.5946177,3.1109507,1.5106618,0.15800643,3.121093,2.0506806,1.1998758
hcmv-miR-US5-1,1.5118812,1.4321312,1.7162335,1.4660417,1.6138074,1.8550378,1.2729698,1.6645924,1.5246103,1.3272077
hcmv-miR-US5-2,1.3922734,1.5385479,1.5909268,1.5068011,1.4828299,1.8421575,1.3984039,1.4120502,1.4502119,1.3803506
hsa-let-7a,3.068607,4.472264,3.7828982,3.8991427,2.9348855,4.5581737,4.058028,2.642686,3.4122033,3.6130133
hsa-let-7b,4.496113,4.028691,3.3756876,3.843168,3.8649173,3.9231894,2.9670892,3.081096,3.831787,3.2087467
hsa-let-7c,3.6967325,4.058615,2.4221108,4.2728662,2.9458597,3.57654,3.3992085,2.590549,3.436478,3.206295
hsa-let-7d,2.6468554,3.3899856,2.790848,3.557869,2.6574678,3.8107467,3.2819684,1.9895713,2.9720645,3.0431023
hsa-let-7e,2.7111619,3.9353626,2.6977603,3.3220377,3.0125072,3.1506577,3.7131772,2.1197855,3.0313692,2.7699766
hsa-let-7f,1.8906964,4.114128,3.458584,3.669516,2.3733027,4.2119555,4.3472652,2.0169725,2.7483644,3.468774
hsa-let-7g,1.880462,3.7630363,3.3692749,3.0622904,2.5340862,4.27488,3.5510888,1.0521199,2.696886,2.9825885
hsa-let-7i,2.9697998,2.0534458,2.1312523,3.6424778,1.9561485,3.8544881,3.3655882,1.9456675,3.230185,2.7596748
hsa-miR-1,1.2604645,1.838872,1.8437114,1.5074195,1.6537826,1.9607123,1.4051894,1.0943363,1.4000417,1.4524235
hsa-miR-100,2.77719,2.7583153,1.4387702,4.161145,2.2911038,3.5508032,3.670352,1.4047737,3.1666002,2.7276824
hsa-miR-101,1.2937493,4.006571,3.2907991,2.3545728,2.1771963,3.3808203,3.2888129,1.4690511,2.379145,3.2079062
hsa-miR-103,1.9705143,3.5738573,3.5319607,2.4594517,2.2742412,3.9610212,2.9888113,1.883349,2.2919605,2.7723982
hsa-miR-105,1.3918084,1.5990006,1.5682975,1.5910599,1.4530317,1.7900605,1.3535433,1.4765608,1.454969,1.4295725
hsa-miR-106a,2.355801,3.3324664,4.1276865,1.7904277,0.9213169,4.5649853,2.0815516,0.59720105,2.910276,2.9782686
hsa-miR-106b,2.9509742,3.074415,3.6774397,2.6152818,1.4295198,4.8022118,2.1168604,1.1457465,3.4110043,2.9854171
hsa-miR-107,2.088391,3.4346685,3.5448422,2.6817641,2.4801505,3.6671855,3.0836892,2.1359947,2.4750257,2.8128104
hsa-miR-10a,1.7733284,1.7810594,1.8851837,2.0709548,1.0473067,2.5290341,3.115645,1.1554058,1.3491848,1.4006102
hsa-miR-10b,3.3898764,4.125726,2.7262123,2.288056,0.018516093,3.7046595,0.8379656,0.2328708,2.7263439,2.6448479
hsa-miR-122a,1.3819245,1.5489396,1.5775028,1.5680565,1.4634273,1.87002,1.4389974,1.3995949,1.4771872,1.4179287
hsa-miR-124a,2.261688,8.305945,0.21582584,2.9671326,3.169527,0.0048081847,0.19533744,2.7421978,1.328509,3.0419405
hsa-miR-125a,2.4519982,3.57638,2.152079,3.1909842,2.5866077,2.3944652,3.776033,2.2649102,2.8729696,2.613775
hsa-miR-125b,3.596084,4.2000566,2.16608,5.164078,2.9587853,3.4619713,3.965362,2.2944489,3.7039492,3.4260528
hsa-miR-126,1.0343637,4.243707,5.4386015,1.2257912,2.816299,4.717407,4.1392775,1.6331135,1.8778927,2.7348695
hsa-miR-126*,0.25702435,2.2336044,2.9867136,1.1795216,1.3841684,2.5472114,3.0218933,0.9267425,1.0517462,1.7810379
hsa-miR-127,1.0976601,3.3977716,3.4250996,0.9538464,2.0313697,1.7839751,2.0288286,3.3515089,0.89661366,1.8568609
hsa-miR-128a,0.66447526,4.3962626,1.6797554,2.011977,1.6185358,1.2360996,1.9410559,1.2380811,1.2324176,2.6565971
hsa-miR-128b,0.38416454,5.2349305,2.0786755,1.9219381,1.6567105,1.1704314,2.068074,1.1314934,1.1412561,2.8909564
hsa-miR-129,1.5886497,3.478619,0.6349016,2.2840524,2.177725,0.4734711,1.2449957,2.1348512,1.3544616,1.9421525
hsa-miR-130a,1.6430825,2.427782,4.8112917,1.9703976,1.9013885,4.653783,3.2460885,1.9973125,2.3882473,2.969314
hsa-miR-130b,1.9934117,2.1682096,4.55637,0.81000465,0.54808724,4.4274797,1.1734256,1.7431507,2.5874066,2.4856162
hsa-miR-132,1.5879314,2.928314,1.5959975,2.4628887,2.076259,2.1311257,2.3663394,1.7309698,1.7154027,1.799942
hsa-miR-133a,1.8947972,1.4235754,1.2233925,1.9090984,1.853502,1.9407058,1.0589727,1.6310607,1.6520154,1.3878247
hsa-miR-133b,2.0340078,1.6080711,1.1305342,2.0466294,1.9931773,1.8028834,0.89480716,1.6188469,1.7641482,1.4390544
hsa-miR-134,2.3185933,1.3940039,2.4415174,1.2117647,2.456037,2.1523669,0.77011573,2.3891027,1.8592775,1.2653761
hsa-miR-135a,0.48239768,2.9611995,1.2454684,2.7654586,0.73909414,2.0550601,3.3056853,1.0760064,1.3601407,2.3677688
hsa-miR-135b,1.5461088,1.7872219,1.8611721,1.4941441,1.2242826,2.312652,1.8642546,1.068824,1.6536151,1.3881385
hsa-miR-136,1.4914287,3.946764,1.8064833,1.9764342,2.4214015,0.9723725,1.8498133,2.298575,1.1274707,1.8603873
hsa-miR-137,0.289132,4.703831,1.4818373,1.8035185,1.9274112,1.1106135,1.7380766,1.2464626,0.645473,1.9380022
hsa-miR-138,1.6776935,3.8171947,1.4374776,2.051561,2.2060773,1.4078507,0.1388143,0.8527904,1.8046242,1.8008888
hsa-miR-139,0.9310064,5.109748,1.6393746,1.6270345,2.3622668,0.9484907,1.2272562,0.62194246,1.0027057,2.3776562
hsa-miR-140,1.1932865,3.4119303,2.8431013,2.1992297,1.45668,3.4503553,2.244712,0.55100983,1.9359045,2.5033188
hsa-miR-141,1.5897135,1.4368148,1.3997847,1.8438076,1.8150681,2.050397,1.4609369,1.5860387,1.654349,1.4461938
hsa-miR-142-3p,1.5361774,2.2026412,2.5288007,2.7289896,3.7731326,4.718446,2.952445,0.58737093,1.9033098,1.5813193
hsa-miR-142-5p,1.4702023,1.4676073,1.8792597,2.431822,3.236965,3.7613053,2.1946654,0.6154468,1.874782,1.3041021
hsa-miR-143,0.5963925,3.6280766,4.95059,0.6677829,2.539715,4.1464934,3.3990319,1.4801022,1.4064867,2.2518768
hsa-miR-144,0.9819509,1.2161852,2.9740632,1.6112909,1.81182,3.3328023,1.8976128,1.0360557,1.8728474,1.6687642
hsa-miR-145,1.5476409,3.6890223,4.670551,0.9746821,3.0574353,4.0556693,2.9871993,2.082608,1.7866824,2.2252393
hsa-miR-146a,0.9642083,2.388252,2.1355255,1.9028363,2.0031202,2.6372468,2.5589893,0.81564087,1.4142486,1.6817094
hsa-miR-146b,1.43723,1.3047601,1.5573827,2.60817,2.7332318,4.213485,3.0816808,0.59962964,2.1958604,1.2441308
hsa-miR-147,1.5034528,1.4536843,1.492674,1.5863048,1.5337466,1.7967703,1.3209811,1.5585148,1.5121837,1.3640922
hsa-miR-148a,1.1571256,2.258319,2.716488,1.7461699,2.1136975,4.224187,3.4783583,1.1504788,1.6463203,1.0775136
hsa-miR-148b,0.9877159,2.1153865,2.0918152,2.2531376,1.3578913,2.7914891,2.6940556,1.5125419,1.7789692,2.1040232
hsa-miR-149,2.814517,3.0745933,1.4657604,3.8057554,1.4692018,2.4666712,1.9492275,1.4568875,2.8012657,2.1443799
hsa-miR-150,1.1368458,1.941632,1.6827443,1.7204169,1.7503225,1.9616113,2.1923482,1.275778,1.2760297,1.4966407
hsa-miR-151,1.589836,2.3952887,2.6652286,1.7963017,1.5837433,3.0101874,2.0845945,1.4805069,2.0543973,2.2694385
hsa-miR-152,1.1815515,1.5667934,1.9477143,1.7820587,2.4296782,3.300949,3.4256105,1.3474109,1.8281124,1.5515877
hsa-miR-153,1.130159,1.9641005,1.8410013,1.4933908,1.3781382,1.8058412,1.4991367,1.1874387,1.390571,1.6685721
hsa-miR-154,1.2737617,2.1215065,1.7396826,1.5823482,1.5260062,1.874044,1.6151445,1.713301,1.3017759,1.5865779
hsa-miR-154*,0.41943818,2.3972976,3.0567281,0.4948808,1.2918463,2.2500172,1.8908491,1.9989003,0.713863,1.695319
hsa-miR-155,2.8478518,0.9317632,1.5212759,2.2965631,2.8405316,3.8076522,2.6595945,1.7863424,2.6907198,0.8948232
hsa-miR-15a,1.6900898,3.1532187,3.0588458,2.428206,1.9245709,3.704603,3.2152414,0.8231516,2.460448,2.5427954
hsa-miR-15b,2.808963,2.4165425,4.167962,2.6115112,1.5333034,5.267463,2.7771513,1.582234,3.3657534,2.4573743
hsa-miR-16,1.7720828,3.2148285,4.5968966,2.394465,2.1600997,5.126132,3.490116,1.2968351,2.8804367,2.8546164
hsa-miR-17-3p,1.2167846,2.2088847,3.9305966,0.59539294,0.966911,3.2997167,1.9669046,1.8774388,1.79461,2.5821083
hsa-miR-17-5p,1.8704478,3.1097128,3.742569,1.6793962,0.57348007,4.1800475,2.168046,0.8058551,2.5865276,2.9298499
hsa-miR-181a,2.590318,3.8927631,2.911991,2.7710583,1.8458741,2.3656695,2.0347545,1.6289873,2.634805,2.951061
hsa-miR-181a*,0.75173527,2.4513423,3.2500541,0.9699704,0.7969013,2.837971,1.9508761,1.4525499,1.4140633,2.2224786
hsa-miR-181b,3.3069637,3.2880957,2.3909247,2.8468633,2.1291385,2.3861396,1.4673114,2.3764784,3.0574534,2.697103
hsa-miR-181c,2.3693178,3.1764693,1.6981012,2.5731342,1.225921,2.1151993,2.5309038,0.91759306,2.634518,2.79422
hsa-miR-181d,2.937468,2.9810073,2.2183588,2.7428925,1.1452262,2.1235712,2.3036807,1.7314502,2.7937822,2.7539086
hsa-miR-182,2.7555163,2.4072838,4.1698017,0.1271028,0.16443598,3.2334902,1.440393,0.89235014,3.0592473,2.4952621
hsa-miR-182*,1.3351722,1.6640382,1.7080148,1.4777135,1.3877894,1.8364567,1.5120131,1.5121506,1.579352,1.4486903
hsa-miR-183,1.9520983,1.8923998,3.0077002,0.70195955,0.63954985,2.3758624,1.3264991,1.0967654,2.2327921,1.9409041
hsa-miR-184,1.8037385,1.4665216,1.8335006,1.4670917,2.011197,1.7972378,1.1327279,1.9540356,1.6070237,1.3839748
hsa-miR-185,2.5874515,2.370786,1.7596174,2.5557673,2.8998475,3.0670407,1.4948112,1.6111755,2.4642978,1.8772562
hsa-miR-186,1.2139822,2.0272503,2.1622543,2.3394318,1.3796364,3.1923265,2.2386508,0.7926677,1.9846859,2.2520237
hsa-miR-187,1.4473103,1.1760085,1.4947022,1.7617526,1.6439314,2.0754225,1.4472524,1.4876212,1.6413378,1.4152756
hsa-miR-188,3.401672,0.2106513,1.6913639,1.8620002,3.2619967,1.4078009,0.07853355,4.475875,2.3399477,1.1627184
hsa-miR-189,1.4499824,1.9004723,1.5553172,1.6672198,1.521839,1.9607834,1.4823507,1.1633832,1.5408162,1.447036
hsa-miR-18a,1.9736478,2.451247,3.3019104,1.3155919,1.0776517,3.7657464,1.2657723,0.7669166,2.3425033,2.262782
hsa-miR-18a*,1.5515451,1.3188399,1.5333252,1.6499422,1.3853246,1.8350189,1.2784113,1.8948965,1.5698124,1.5006523
hsa-miR-18b,1.2759415,2.0151567,2.2643933,1.3234339,1.220535,2.4994736,1.4946624,0.97739995,1.6042819,1.686287
hsa-miR-190,1.1140236,1.7423948,1.6095587,1.7747229,1.4316976,2.003987,1.8439099,1.0713999,1.4027692,1.5258355
hsa-miR-191,1.3492676,2.1877277,1.8069696,2.4796736,1.8136215,2.8098733,2.443946,1.0525047,1.9614272,1.9822636
hsa-miR-191*,1.9688066,0.9574222,1.2565333,1.7217239,1.6710432,2.102177,1.1721787,1.8386267,1.7106264,1.3544146
hsa-miR-192,1.9770066,1.7191657,1.2374697,2.4051034,1.6118735,3.0295315,1.7230052,0.9555126,2.1154156,1.8256003
hsa-miR-193a,1.5217986,1.0880651,1.3369483,2.5193744,2.419976,3.1254277,2.3790472,2.2357254,1.7935947,1.3304636
hsa-miR-193b,2.6560202,1.5578672,1.079467,3.5855594,2.3547738,2.852692,2.2927055,1.749687,2.806833,1.8630612
hsa-miR-194,1.2185756,2.0043468,1.6044812,2.0203097,1.4638623,2.5834913,1.9432828,0.9031759,1.7671798,1.7871127
hsa-miR-195,2.3681462,3.3296404,2.6017306,3.5371628,2.0807445,4.037264,3.940427,1.0208919,3.314231,3.0260456
hsa-miR-196a,2.598153,1.5269909,1.6082268,1.8731544,0.8072329,2.7388177,1.1292325,1.2651887,2.0335627,1.3861489
hsa-miR-196b,2.1059856,1.9936984,1.3045211,2.2433524,0.7005063,2.8574371,0.91865003,1.5266731,1.6242951,1.7114866
hsa-miR-197,2.0636673,1.2491546,1.8841431,2.5495732,1.5367218,2.509783,1.3167781,2.6833086,2.4971385,2.4465654
hsa-miR-198,3.1875246,0.309011,2.1854613,1.5252573,3.5019531,1.8045585,0.054088492,3.681417,2.2818213,1.0652932
hsa-miR-199a,0.84950954,1.9163724,3.7916782,0.011463811,2.22709,3.8134763,1.6848264,1.3626544,0.8417803,1.2579421
hsa-miR-199a*,0.12304618,1.1737659,5.3073177,6.767754e-05,1.7669212,5.098154,2.3069692,2.1560702,0.47786182,1.4452587
hsa-miR-199b,0.82215106,1.9322451,3.4778402,0.24894789,1.6138036,3.477732,1.5592787,1.1062323,0.99680233,1.4684306
hsa-miR-19a,0.8139851,3.0567129,4.9609833,0.7903863,0.7754099,4.4938188,2.3840997,1.413361,1.99651,3.1449566
hsa-miR-19b,1.5390307,3.5148084,5.160133,1.3156682,1.1840905,4.6196785,2.6102602,1.9140005,2.3636255,3.360852
hsa-miR-200a,1.1156912,1.5849164,1.6721185,1.6702647,1.5074518,2.1607676,1.9285946,1.349872,1.4390444,1.4092152
hsa-miR-200a*,2.1235242,1.3567863,1.3361642,2.0040064,2.2951233,1.5924534,0.86299723,2.143333,1.84787,1.5024663
hsa-miR-200b,1.2806354,1.524749,1.3429551,1.8201852,1.520211,2.168083,1.9098032,1.5597231,1.5729827,1.3845748
hsa-miR-200c,1.4445924,1.5128865,1.478984,1.7681202,1.7308893,2.3409393,1.637493,1.4097286,1.6193151,1.4432029
hsa-miR-202,2.936318,0.6357046,2.0352457,2.4201174,2.815533,2.3827567,1.3081123,3.6296675,2.4708874,1.4951774
hsa-miR-202*,1.4219052,1.5228622,1.5126935,1.5745515,1.4561579,1.8671516,1.4071596,1.417897,1.495331,1.3924035
hsa-miR-203,1.2921649,1.8753768,1.5567235,1.5881304,1.5487204,1.6503676,1.5300132,1.5085382,1.3514496,1.4482254
hsa-miR-204,1.4199826,1.3147177,0.34134644,3.045976,1.7808858,1.8588032,6.402398,2.2466605,2.472676,1.3457217
hsa-miR-205,1.520422,1.4851854,1.5785695,1.6385175,1.6136601,1.8511066,1.4948891,1.6410044,1.5139859,1.3830689
hsa-miR-206,1.8794234,1.1333243,1.3176149,1.9234408,1.6754473,1.4822975,1.0498868,2.3054786,1.6225221,1.4603857
hsa-miR-208,1.429736,1.4802251,1.4846158,1.5867535,1.4762497,1.8163188,1.3668894,1.428821,1.4933567,1.3735577
hsa-miR-20a,2.1456895,3.2535758,4.09546,2.067105,0.7492876,4.3856635,2.5733874,0.8709607,2.8348513,3.1797316
hsa-miR-20b,1.2378147,3.4423046,3.813334,1.3896207,0.6952701,3.8179352,2.3179803,0.4473004,2.0826461,2.6102755
hsa-miR-21,4.4580812,1.3491589,2.5313737,4.727297,5.0492015,7.349199,3.4130077,1.526635,4.3482466,2.3184803
hsa-miR-210,4.2526174,0.45915228,1.5915599,2.5742414,2.7756286,5.2185755,0.7091596,1.1316715,4.143006,1.345264
hsa-miR-211,1.6293797,1.5629585,1.2824999,1.9368738,1.4995953,1.6151482,1.3034259,1.6704865,1.6348423,1.365874
hsa-miR-212,2.3463533,1.7996165,1.111687,3.0943184,2.4785738,2.2565498,2.413691,2.873863,2.3803189,1.8564495
hsa-miR-214,1.1633933,0.7380707,4.586215,0.00017909314,2.5621336,3.9848301,1.146839,3.077783,0.93775964,1.1593082
hsa-miR-215,1.4464546,1.7837334,1.4616688,1.9608732,1.5585971,2.4095387,1.7505431,1.2342175,1.7484064,1.639748
hsa-miR-216,1.5224202,1.5797162,1.6225195,1.5404235,1.4343466,1.8586677,1.2334217,1.387065,1.5131226,1.4295046
hsa-miR-217,1.6009064,1.6532499,1.68142,1.5324748,1.305375,2.085358,1.17586,1.2384467,1.5663652,1.5215366
hsa-miR-218,0.55497116,4.488424,1.6241809,1.5964334,1.8580524,1.3085898,1.8064985,1.3224944,0.63561636,1.9346775
hsa-miR-219,1.7304722,8.480416,0.36901924,3.9252028,4.147659,1.0277317,0.013285283,0.29138228,1.9464782,3.3825715
hsa-miR-22,3.3871486,2.4065962,1.8885088,3.824353,4.4086037,3.7774513,2.5943985,2.6850016,3.0282886,1.9539163
hsa-miR-220,1.4052675,1.5407085,1.5600685,1.5788693,1.4725986,1.8280395,1.397487,1.4466004,1.4728109,1.3884296
hsa-miR-221,1.2540778,1.1932786,1.873723,2.679297,2.3346848,2.8974662,4.1220117,1.1061292,1.5694286,1.027614
hsa-miR-222,3.3605795,0.60037845,0.75799274,3.865138,3.7949216,3.1352715,4.0927043,2.0015714,2.6855397,0.61996585
hsa-miR-223,2.2927625,0.9366727,2.7332842,2.7812357,4.417613,5.40242,2.2973874,0.6969721,2.8843977,1.5159999
hsa-miR-224,1.2805135,1.3225063,1.8498068,1.7051343,1.2127926,2.2108698,1.7622615,1.5112268,1.3671485,1.402146
hsa-miR-23a,2.2159,1.8745553,2.471987,2.790386,2.9416695,3.988654,3.8324764,1.788767,2.6213558,2.0017753
hsa-miR-23b,2.1627157,4.493233,3.3153431,2.4828975,2.5583866,3.5978723,2.3751295,1.5266998,2.4471185,2.430972
hsa-miR-24,3.0016642,2.7207913,3.057041,3.0485928,3.2541137,4.2357435,2.9078624,2.583334,3.0437741,2.2813869
hsa-miR-25,2.2674785,2.727323,4.647809,1.1468756,1.3442954,4.821951,2.1803656,1.0991647,2.9166238,2.4713187
hsa-miR-26a,3.080048,5.0384326,3.4633315,2.9375534,3.2311351,4.1135597,2.8412862,0.835792,3.4045837,3.4585054
hsa-miR-26b,0.6497758,2.684728,2.4106526,2.7281036,1.5149196,3.3415573,4.2107134,1.012742,2.0284379,2.7595603
hsa-miR-27a,2.4355018,1.5233141,2.2164862,2.9395506,2.7826607,3.5012217,3.9310958,2.5832212,2.6645727,1.9518361
hsa-miR-27b,1.680601,3.9712946,3.0685506,2.064158,2.095677,3.0449288,2.5146701,1.3965218,2.0134208,2.1992989
hsa-miR-28,1.2524908,2.0650177,1.9851263,2.3215673,1.8026874,3.328829,2.434349,0.2852273,1.9786066,2.0195365
hsa-miR-296,3.0181625,0.37637332,0.95425516,2.390241,2.0044215,1.9055365,0.8447861,2.7981727,2.196832,1.3072406
hsa-miR-299-3p,0.93474346,1.89578,2.9616654,0.7558806,1.5476328,2.4843543,1.4909103,2.1992593,1.2622116,1.5582402
hsa-miR-299-5p,1.0633295,2.54894,2.0335264,1.4307927,1.2677951,2.238935,1.6542614,1.7488178,1.2531861,1.7976431
hsa-miR-29a,2.882002,3.4077673,1.5281138,4.560387,4.360152,3.3559854,3.838186,2.3014896,3.33311,2.8195295
hsa-miR-29b,1.6644701,3.9739382,1.1453924,4.557201,4.046476,2.6921318,3.9998467,1.4099426,2.472708,2.6579037
hsa-miR-29c,1.6857473,3.973926,1.1426214,3.8981357,3.774755,2.1445708,3.0765967,1.7125056,2.213319,2.4399192
hsa-miR-301,1.0008974,2.9814215,3.4691434,1.8471736,0.80556196,3.4843976,2.3991156,1.141039,1.7647778,2.991649
hsa-miR-302a,1.4922163,1.458226,1.4566852,1.6642282,1.5031193,1.8370711,1.3754667,1.5497541,1.5257715,1.3961717
hsa-miR-302a*,1.4386783,1.5034666,1.5172983,1.6049049,1.4676881,1.8303976,1.3975366,1.4661454,1.499551,1.4184382
hsa-miR-302b,1.3868023,1.5396206,1.6293461,1.5169088,1.4841506,1.8714913,1.4140896,1.3883992,1.4604686,1.3925638
hsa-miR-302b*,1.4715694,1.4926696,1.4818964,1.5881019,1.5151418,1.8023692,1.3591653,1.5169635,1.5067861,1.3833534
hsa-miR-302c,1.509914,1.4518206,1.4087037,1.6691657,1.5035074,1.7943938,1.3563242,1.5646622,1.5191011,1.3871129
hsa-miR-302c*,1.6660141,1.340545,1.6980393,1.5668316,1.8520112,1.9123218,1.2953467,1.798865,1.6076322,1.3730187
hsa-miR-302d,1.3344232,1.6115242,1.7016349,1.4598193,1.4920906,1.8428634,1.4444245,1.3928998,1.404823,1.3921844
hsa-miR-30a-3p,0.984262,2.254431,2.0811982,1.8126879,1.6059196,2.0571666,3.2990556,1.3593266,1.540851,1.7817671
hsa-miR-30a-5p,2.8600903,2.9871783,1.6839074,3.9666953,2.913265,2.3254082,3.9900355,2.4415832,2.966725,2.4141934
hsa-miR-30b,0.8427829,2.410674,1.8246853,2.6950018,1.3978494,2.284774,3.199815,1.5298425,1.8335359,2.5547695
hsa-miR-30c,2.0305557,2.6921341,1.6031555,3.584974,2.192593,1.9902571,3.4428844,1.7944276,2.3224366,2.5352156
hsa-miR-30d,2.920584,2.5089238,1.7937887,3.663587,2.4032264,2.5611167,2.3745852,2.8083093,3.0064976,2.7032607
hsa-miR-30e-3p,0.5677206,2.3390374,2.6149092,1.7543273,1.4631784,2.5952833,3.1212416,1.2086213,1.4627306,2.1839294
hsa-miR-30e-5p,1.2684548,2.3822234,1.2715253,3.2029996,2.223611,2.3041,2.9769695,1.8420569,2.119414,2.5338244
hsa-miR-31,1.1618365,2.178055,1.99002,1.3773328,1.9823877,2.3751218,2.328076,0.5841027,1.4192634,1.3348137
hsa-miR-32,1.0265145,2.1343088,1.8969012,2.1478627,1.2454395,2.6015406,2.5165877,0.72637105,1.8164053,2.1699588
hsa-miR-320,4.177036,1.4116756,2.736144,2.880815,2.9342787,2.783497,0.92385286,3.9002166,3.348953,2.2199512
hsa-miR-323,0.64335126,2.670326,2.491375,0.929916,1.403626,1.7768645,1.8097837,1.8483171,0.86637425,1.6762519
hsa-miR-324-3p,3.4470537,0.96662074,1.7121843,3.3417785,2.8117685,2.6407547,1.5529531,3.9471822,2.8755062,1.9282485
hsa-miR-324-5p,2.2167737,2.7100418,1.8165431,2.5868661,1.4445012,2.7576828,1.8581396,1.0801123,2.2222402,2.375445
hsa-miR-325,1.4326698,1.5174335,1.5776005,1.5460004,1.5008934,1.8044195,1.3730869,1.4902765,1.4705737,1.3781346
hsa-miR-326,1.6696037,1.4620851,1.1212751,1.9662907,1.6364174,1.5798618,1.1895627,1.9192284,1.5682591,1.4801657
hsa-miR-328,1.8605174,1.1772759,0.79905134,2.514425,1.3320682,1.5526817,1.3764067,2.3900332,1.942831,1.8672818
hsa-miR-329,0.7786762,2.3032837,2.1422434,1.1598066,1.3710909,1.8308742,1.6369164,1.8614908,1.0223999,1.6585282
hsa-miR-33,1.3336431,3.419356,2.359935,1.7696817,1.1192946,2.1004012,2.2834346,1.3021876,1.6844527,2.4154375
hsa-miR-330,1.4499927,3.020023,1.8738029,1.5763725,2.2718008,1.5298829,1.0523659,1.5565747,1.4083139,1.57835
hsa-miR-331,2.4744956,3.3084705,2.4434903,2.9421535,2.051558,2.640812,2.4840968,2.4503226,2.498471,2.6033957
hsa-miR-335,0.8422686,2.4751728,2.8143134,2.083543,1.260196,2.646002,3.640183,0.9384385,1.4697555,1.8737787
hsa-miR-337,1.3716627,1.4191449,1.632213,1.5308323,1.4418842,1.8566148,1.4048059,1.811648,1.4162706,1.407687
hsa-miR-338,1.3619337,7.6197257,1.552486,2.8519022,3.2083542,1.7313858,0.48422566,0.5529039,1.8054923,3.0093343
hsa-miR-339,2.416989,1.7317531,1.4543294,2.8642292,1.4432133,3.0472994,2.1119642,1.570118,2.8668528,1.5093362
hsa-miR-33b,1.3874207,1.5376993,1.5613198,1.5406018,1.4562086,1.838863,1.4173497,1.4086168,1.4578269,1.3854543
hsa-miR-340,1.0177581,2.238413,2.4502337,1.5444858,1.2061613,2.629157,1.629701,0.9090743,1.5105407,2.1046045
hsa-miR-342,2.2964609,3.3247356,2.581817,2.2047865,2.6089215,2.861302,1.5566486,1.9249102,2.2028677,2.47348
hsa-miR-345,2.231468,1.4224625,1.8549587,1.9503009,1.8123697,2.2591064,1.3943782,1.7178298,2.206804,1.7927727
hsa-miR-346,1.6449691,1.4867359,1.1595223,1.9547669,1.6177912,1.6251609,1.1577927,1.7758539,1.6358314,1.5435828
hsa-miR-34a,2.364116,2.2623293,1.4824826,3.166155,3.9616964,3.1757593,4.6669683,1.7510984,2.1582057,1.0148212
hsa-miR-34b,1.4292114,2.064652,1.4941276,2.3405693,3.204835,2.9528446,3.69662,0.7115826,1.4203315,1.1079752
hsa-miR-34c,0.95475924,1.9586935,1.6776856,1.7251605,2.1350214,2.3848991,2.3063207,0.8073315,1.0588826,1.2845931
hsa-miR-361,1.9682833,2.7425983,2.502735,2.4365783,1.8702911,3.151955,2.4520133,1.1630373,2.6054077,2.4192486
hsa-miR-362,1.4610854,1.8707515,1.8598989,1.7889112,1.4929181,2.6714516,1.7981069,0.99352694,1.8501939,1.7543751
hsa-miR-363,1.1490993,4.0556154,3.7212582,1.2164967,1.1417315,3.1334026,2.240639,0.7250509,1.6814669,2.4602523
hsa-miR-363*,1.3929478,1.5698969,1.578049,1.513539,1.4860845,1.8159474,1.3862303,1.4185354,1.4524684,1.3947077
hsa-miR-365,1.0615143,1.3633176,1.7425859,2.301739,1.7957883,2.8411558,2.418377,1.7253381,1.4881911,1.6788478
hsa-miR-367,1.564635,1.4626937,1.5890124,1.5938812,1.6881231,1.8501872,1.3007096,1.5774919,1.564467,1.3857076
hsa-miR-368,0.468735,2.2912924,3.8551922,0.4223428,1.3830869,2.7106504,1.9903892,1.883234,0.8511145,1.7567667
hsa-miR-369-3p,1.1188134,1.6097207,1.9747771,1.2146295,1.4193561,1.9659537,1.5539838,1.5887587,1.266941,1.4457257
hsa-miR-369-5p,1.2792525,1.7825704,1.6423868,1.6001654,1.4635708,1.8449663,1.5499841,1.6277839,1.3544348,1.4877431
hsa-miR-370,4.9953527,0.3784547,2.988975,1.8389056,5.1891317,0.53402215,0.021291686,6.8980713,2.4919615,0.53244346
hsa-miR-371,1.7720982,1.2267275,1.3156009,1.7197506,1.7247758,1.6683196,1.1365211,1.9864835,1.6300167,1.2827644
hsa-miR-372,1.4528445,1.4973559,1.4819262,1.502492,1.4816518,1.8924977,1.3689053,1.5223011,1.542713,1.3918414
hsa-miR-373,1.668038,1.426583,1.2963567,1.7169952,1.7001141,1.7652342,1.2849318,1.8611937,1.7125098,1.372825
hsa-miR-373*,2.3215728,0.64221627,1.6766136,1.7074018,1.5995988,2.1970048,1.1777489,2.1703358,2.0364919,1.3399268
hsa-miR-374,0.49483523,2.934859,2.5628324,2.4853,0.98445374,3.7691016,3.406111,0.4771649,1.9888065,2.9889865
hsa-miR-375,1.4708917,1.5913427,1.6042429,1.5202523,1.5255647,1.8454131,1.3095694,1.457802,1.4849832,1.3681256
hsa-miR-376a,0.5626462,3.246465,4.747147,0.41153598,1.7511667,2.6040008,2.23617,2.6470642,0.5667834,1.9650712
hsa-miR-376a*,1.3425708,1.696017,1.6442318,1.5385946,1.4851644,1.814193,1.4480468,1.4476708,1.3927195,1.4214307
hsa-miR-376b,0.62328297,1.9420371,3.4240763,0.41932482,1.144255,2.73334,1.6782033,1.8547667,0.95242363,1.680144
hsa-miR-377,0.6143058,3.372796,3.9161453,0.54310936,1.8768113,2.2070796,2.1988392,2.503349,0.6927238,1.9053341
hsa-miR-378,1.4164757,1.5044305,1.6168002,1.5327134,1.5410154,2.0198975,1.4849379,1.389876,1.576608,1.4169827
hsa-miR-379,0.87365496,3.8436642,2.5836263,1.3401049,1.9101645,1.9434391,1.9038959,1.366513,1.0349874,1.8450055
hsa-miR-380-3p,1.138914,1.6645497,1.9977485,1.2319906,1.3769038,1.9537483,1.5091826,1.6210717,1.2661707,1.458218
hsa-miR-380-5p,1.4525031,1.4921627,1.5855523,1.5103781,1.5136318,1.8195419,1.3320382,1.4702343,1.4734781,1.3684134
hsa-miR-381,0.9215935,2.1781902,2.6305497,0.8538561,1.602968,1.9265516,1.5127317,2.3611312,0.9761357,1.6632208
hsa-miR-382,1.5806984,1.9369968,1.5221012,1.8478849,1.8917782,1.6622204,1.4684346,2.1269782,1.5529641,1.5811285
hsa-miR-383,1.1475767,2.2019615,1.465322,1.7154789,1.5725349,1.4988868,1.6307874,1.599608,1.2464832,1.7200462
hsa-miR-384,1.3594308,1.5658729,1.612363,1.4985117,1.4598093,1.8316091,1.435533,1.3963162,1.418925,1.3856524
hsa-miR-409-3p,1.2091107,2.041609,2.9378326,0.9906604,1.8347769,2.486312,1.7605035,2.7073839,1.3435466,1.6793243
hsa-miR-409-5p,1.2834604,1.9085233,1.7716242,1.5646963,1.4977144,1.9204894,1.5582101,1.4323263,1.3886024,1.4970514
hsa-miR-410,0.52925646,3.6617177,3.072034,0.79594207,1.755262,1.8164698,2.035656,2.3163166,0.6666258,1.8666736
hsa-miR-411,0.8651473,2.4965794,2.130132,1.3052279,1.4409015,1.9815751,1.7932296,1.5171696,1.1026012,1.6355186
hsa-miR-412,1.5111747,1.4292812,1.4120647,1.6597501,1.4926983,1.7566167,1.330034,1.5746808,1.4930682,1.3659055
hsa-miR-421,1.4720929,1.8044581,1.8193868,2.0443308,1.5487388,2.1856143,2.1494527,1.6118307,1.7920175,1.7746714
hsa-miR-422a,1.8345695,1.229193,1.7424283,1.4822936,1.983407,1.8017635,1.0272235,1.9884148,1.7048092,1.2857459
hsa-miR-422b,2.2367222,1.2375351,3.2332003,0.98698413,2.6142707,3.177668,1.3272866,2.0255733,2.274481,1.4825327
hsa-miR-423,1.6413808,1.3595694,1.6994517,1.6750162,1.5077572,1.87307,1.4255142,1.7817421,1.7026082,1.5526359
hsa-miR-424,1.2603866,2.7095196,3.8320873,1.598431,1.2671958,4.3809266,2.5560148,0.3038996,1.991375,2.3739173
hsa-miR-425-3p,1.4408892,1.4012716,1.5407041,1.6094586,1.4793977,2.0383825,1.4248753,1.6726366,1.5324752,1.5224628
hsa-miR-425-5p,2.3108335,1.9857107,1.7502843,2.5384436,1.8613296,3.1444855,2.1317368,1.1202759,2.5100756,1.7578825
hsa-miR-429,1.2793964,1.5685812,1.6497978,1.5202581,1.4772049,1.9036143,1.5260798,1.4918076,1.3932773,1.3842803
hsa-miR-431,1.7361578,1.5297989,1.8185202,1.4367789,1.747388,2.0099673,1.2545743,1.8754543,1.5357075,1.338066
hsa-miR-432,2.1516254,1.832117,1.4955108,1.9377247,2.0490112,1.5093148,1.2471291,2.731009,1.6669956,1.5253015
hsa-miR-432*,1.6033672,1.335401,1.2536,1.7871963,1.4723598,1.6333572,1.2858393,1.8671381,1.5243026,1.4053292
hsa-miR-433,1.1521448,1.8986452,1.8550808,1.2861545,1.4903901,1.6332047,1.4249866,2.1044319,1.153175,1.5065813
hsa-miR-448,1.3677793,1.5967604,1.6106485,1.5191073,1.479154,1.8171093,1.4062556,1.3809745,1.4160635,1.3891221
hsa-miR-449,1.4403607,1.6503522,1.784111,1.3027047,1.541542,2.0644548,1.4115025,1.3978842,1.5761555,1.40047
hsa-miR-449b,1.4524856,1.524048,1.6206194,1.4876201,1.519672,1.9059565,1.3838588,1.4671489,1.5015298,1.4068143
hsa-miR-450,1.3098166,1.6576035,2.09115,1.6371106,1.2052828,2.6080878,1.5700072,0.7224354,1.7140847,1.6332647
hsa-miR-451,1.3417649,1.8006428,4.489081,2.0899117,2.4714968,4.5974736,2.705521,1.8312101,2.2485747,2.3146043
hsa-miR-452,3.0362446,0.8265121,2.1089766,1.5850382,3.0351245,1.7966176,0.5041857,3.6736112,2.0961986,1.1839118
hsa-miR-452*,1.4087836,1.298742,1.6437985,1.7587379,1.3742949,1.9871523,1.4749558,1.5664684,1.464147,1.3781555
hsa-miR-453,1.7285185,1.213123,1.12637,1.9404571,1.5562124,1.5681888,1.21924,2.0108812,1.6159202,1.3693548
hsa-miR-454-3p,0.92873114,1.9167414,2.7005699,1.4156142,0.7249474,2.9705315,2.1971922,0.9216998,1.5646658,2.0436738
hsa-miR-454-5p,1.4643197,1.4864265,1.5685793,1.6493651,1.4090228,1.886897,1.377135,1.4917094,1.5232434,1.4812733
hsa-miR-455,1.428733,1.1999604,1.6993499,1.7248199,1.3101372,2.3191323,2.2572124,1.3065023,1.7017243,1.4575069
hsa-miR-483,1.7832866,1.0941019,1.247718,1.9489307,1.3082994,1.5811077,1.2483795,2.3863785,1.6706259,1.595292
hsa-miR-484,1.9484897,1.4192238,1.4706594,2.4641016,1.5144658,2.3692272,1.5071179,1.9287479,1.9918387,1.8566294
hsa-miR-485-3p,1.9031973,1.3199699,1.1349138,2.0475924,1.3931888,1.4879686,1.1592267,2.846042,1.6938807,1.6973112
hsa-miR-485-5p,1.3989381,1.9471054,1.583429,1.6016309,1.627629,1.6651075,1.3460064,1.5419078,1.4252061,1.4721123
hsa-miR-486,3.0161,0.58192265,2.951453,1.6261795,2.4364424,2.8471413,0.69533265,2.4169917,2.4736211,1.4015986
hsa-miR-487a,0.85605294,2.3179257,2.672361,1.0940679,1.4768476,2.3753254,2.091299,2.0848722,1.2656801,1.7161987
hsa-miR-487b,1.2096088,3.3880467,2.286655,2.0255585,2.224456,2.1708581,2.584436,3.108738,1.588113,2.0505333
hsa-miR-488,1.3098205,1.8471366,1.5602937,1.8125772,1.2978866,1.7118345,1.837071,1.3856689,1.5460876,1.644952
hsa-miR-489,1.4682944,1.4260812,1.7515984,1.513335,1.696771,2.1091747,1.5135384,1.3884355,1.4522141,1.4011052
hsa-miR-490,1.5768603,1.7018623,1.6989082,1.4279623,1.8256441,1.5626161,1.0803186,1.8336294,1.4664105,1.4280751
hsa-miR-491,1.1853672,2.6084878,1.5968043,2.0399082,1.9855018,1.8366802,1.7427516,1.0783582,1.4978708,1.7950162
hsa-miR-492,1.8648471,1.145348,1.7380556,1.470571,1.6396858,1.9537978,1.1273861,1.908477,1.7421736,1.3131227
hsa-miR-493-3p,1.8631663,0.70147276,2.4131985,0.88919765,2.3840897,1.811328,0.61125624,3.2112546,1.4435626,1.117381
hsa-miR-493-5p,1.1502445,1.6639043,2.332795,1.0538707,1.4918257,2.3383424,1.6153586,1.4853703,1.3160245,1.4455457
hsa-miR-494,4.095209,0.7200518,1.9572259,2.5695045,3.8836234,1.3724645,0.5568939,5.380555,2.7162404,1.1958365
hsa-miR-495,0.79628295,2.0473468,2.642595,0.8720127,1.538985,2.060229,1.7243388,1.9211923,1.0610411,1.601464
hsa-miR-496,1.286688,1.6086496,1.7364973,1.4131254,1.4595883,1.8501198,1.430931,1.4596806,1.3821883,1.3948898
hsa-miR-497,1.5915545,2.075592,1.1246474,3.163741,1.209393,2.5657887,3.0651176,1.2065896,2.3159585,2.3850107
hsa-miR-498,2.4095871,0.67579955,1.5082456,1.8255026,2.132352,1.9078729,0.72026,2.450026,2.0151718,1.3461488
hsa-miR-499,1.368173,1.5780677,1.6100949,1.5741137,1.4794943,1.8753167,1.4442712,1.3300295,1.4804217,1.4207829
hsa-miR-500,1.1670585,1.6168981,2.058335,1.4750202,1.4951309,2.4965763,1.8051609,1.6310822,1.6204802,1.6743196
hsa-miR-501,1.8482599,0.99939793,1.6864616,1.7306867,1.8548423,2.0340981,1.3483293,2.2016587,1.8312697,1.3821037
hsa-miR-502,1.3815862,1.6263567,1.5489869,1.7025255,1.4638838,2.1663437,1.6387808,1.3452027,1.6707134,1.5370545
hsa-miR-503,1.3875048,1.7143718,2.1878889,1.3424501,1.5199381,2.5344408,1.4572518,0.9419723,1.5813918,1.5041658
hsa-miR-504,1.3833554,1.837719,1.2077388,2.086416,1.6472992,1.5203477,1.1549984,1.6178877,1.3783207,1.8389622
hsa-miR-505,1.4765599,1.4389431,1.674932,1.641259,1.5210259,1.9635863,1.3368466,1.4619524,1.5974936,1.4876391
hsa-miR-506,1.5601804,1.3770564,1.4162469,1.7679756,1.533758,1.7644631,1.3525673,1.7668704,1.5504084,1.3842782
hsa-miR-507,1.4995612,1.4894605,1.5807501,1.5469241,1.5674086,1.822396,1.3181516,1.5439913,1.5103838,1.366515
hsa-miR-508,1.4283468,1.4490278,1.7686596,1.4936832,1.559503,1.963131,1.3898299,1.5834842,1.4848069,1.3928928
hsa-miR-509,2.2108774,0.5694621,1.7093631,2.0661616,2.1204722,2.1647089,1.355707,2.6778212,2.083761,1.3291432
hsa-miR-510,1.6944506,1.4933732,1.7378558,1.400442,1.8392243,1.7324653,1.1133502,1.874149,1.5648855,1.3687731
hsa-miR-511,1.418378,1.5140172,1.5155083,1.5678318,1.4637046,1.8298144,1.3876835,1.4525044,1.4747006,1.3959347
hsa-miR-512-3p,1.4904162,1.4900341,1.7235342,1.606363,1.7055038,1.7510357,1.614601,1.8324983,1.5627707,1.5528948
hsa-miR-512-5p,1.4869037,1.4688132,1.5203077,1.6116124,1.5391697,1.7721775,1.3306261,1.5874952,1.4927485,1.3654641
hsa-miR-513,3.6253567,0.07795987,2.0203812,1.6263535,3.5059671,1.2168565,0.15336004,4.707198,2.0989919,0.7711111
hsa-miR-514,1.3920091,1.5505589,1.6097009,1.518539,1.4752151,1.8334948,1.4002225,1.44619,1.4725893,1.3914135
hsa-miR-515-3p,1.5071504,1.4405909,1.5413462,1.6113111,1.5256907,1.8008345,1.2996687,1.6697301,1.4790616,1.3716493
hsa-miR-515-5p,1.3913336,1.5285178,1.5704215,1.543261,1.4787394,1.8041857,1.3914459,1.4501429,1.4583507,1.3854566
hsa-miR-516-3p,1.617575,1.3622859,1.486302,1.6030273,1.6887306,1.7877169,1.1824025,1.7531996,1.5749345,1.3539604
hsa-miR-516-5p,1.746942,1.3725053,1.8243588,1.3815683,1.9698236,1.7921773,0.9846026,1.866064,1.5769593,1.2726156
hsa-miR-517*,1.4515702,1.5265443,1.6077902,1.5435048,1.5432512,1.8127358,1.3667687,1.5079216,1.4835505,1.3826268
hsa-miR-517a,1.5087173,1.4375007,1.4504303,1.6902626,1.5243535,1.7994035,1.3452001,1.636186,1.5219277,1.3827268
hsa-miR-517b,1.4545219,1.4824934,1.516967,1.642257,1.5188652,1.7752982,1.3908678,1.7232015,1.4580401,1.3987215
hsa-miR-517c,1.3850731,1.6373516,1.4576056,1.4959836,1.4606177,1.9075766,1.4146994,1.5076457,1.4962819,1.4316691
hsa-miR-518a,1.5705669,1.3789237,1.3322444,1.767452,1.5029132,1.7118422,1.3043237,1.7239968,1.5217195,1.3808287
hsa-miR-518b,1.745452,1.1932946,1.1315496,1.8008174,1.5747254,1.7738307,1.2222481,1.8603101,1.5871356,1.3299092
hsa-miR-518c,1.4673887,1.4653502,1.4527749,1.6312025,1.4746279,1.8217783,1.3643774,1.4835954,1.5013114,1.3720315
hsa-miR-518c*,2.009411,1.3657311,1.8374203,1.414293,2.2533867,1.7001679,0.8951808,2.3536468,1.7495716,1.3373103
hsa-miR-518d,1.5399873,1.4223696,1.4697764,1.659738,1.5386556,1.7709999,1.3269992,1.6606414,1.5090141,1.3769983
hsa-miR-518e,1.5615659,1.3865184,1.3131436,1.7375547,1.4767234,1.7375865,1.2797977,1.6815776,1.539516,1.3734417
hsa-miR-518f,1.4418036,1.5007583,1.5794145,1.5466678,1.5043676,1.8583663,1.3567349,1.4770713,1.4728649,1.3741071
hsa-miR-518f*,1.75492,1.3911557,1.7209342,1.49362,1.9874388,1.7645934,1.1204355,2.0553017,1.6603779,1.3523756
hsa-miR-519a,1.455599,1.4790393,1.5101391,1.6039448,1.4893502,1.8287363,1.3812659,1.4784329,1.4792188,1.3850719
hsa-miR-519b,1.4140662,1.4982625,1.5103848,1.6025277,1.4552494,1.8401685,1.4237711,1.4823217,1.4782404,1.4148488
hsa-miR-519c,1.3563101,1.5620931,1.6555839,1.4695134,1.4915411,1.8975462,1.4237317,1.3884351,1.4317433,1.3952118
hsa-miR-519d,1.6974378,1.3130263,1.2163172,1.8743829,1.5280129,1.6440585,1.2355565,1.852934,1.5661579,1.3616511
hsa-miR-519e,1.5717936,1.4328061,1.0739752,1.9518486,1.4303243,1.7420957,1.4879066,1.9050237,1.7004906,1.4213438
hsa-miR-519e*,1.9226774,1.2464447,1.5707926,1.7901301,2.0861287,2.0273573,1.4160641,2.37418,1.9216669,1.3767681
hsa-miR-520a,1.627305,1.3465409,1.2331966,1.8505887,1.4947294,1.715613,1.2832276,1.7187041,1.5632772,1.3847647
hsa-miR-520a*,1.4657668,1.5262011,1.6501157,1.4753321,1.6063427,1.8064909,1.2941101,1.5153956,1.4779788,1.3702551
hsa-miR-520b,2.0985525,0.7952003,1.6463549,1.5314702,2.1892292,1.8144819,0.74563664,2.3736985,1.8239689,1.1724284
hsa-miR-520c,1.5083978,1.4298944,1.4382257,1.6618786,1.5302384,1.8115518,1.3224331,1.5897521,1.540047,1.3695508
hsa-miR-520d,1.5749959,1.4268368,1.378776,1.7036582,1.5561824,1.751661,1.2939295,1.7743903,1.5686346,1.3793384
hsa-miR-520d*,1.904119,1.2644236,1.3710147,2.056226,2.0497234,1.9323896,1.4943943,2.0568461,1.7862287,1.4347477
hsa-miR-520e,1.7988713,1.1261867,1.6501019,1.5282676,1.8014296,1.8555471,1.0749741,1.9155593,1.6593347,1.2772726
hsa-miR-520f,1.5644013,1.3809294,1.3774654,1.7040192,1.5381392,1.7977859,1.2856299,1.6246622,1.5687431,1.3793893
hsa-miR-520g,1.5261546,1.4197057,1.404912,1.7096208,1.50475,1.7435619,1.3411652,1.634967,1.4911202,1.3801545
hsa-miR-520h,1.4861034,1.4514643,1.45705,1.6474038,1.4753157,1.7970511,1.347505,1.5545772,1.501429,1.3837873
hsa-miR-521,1.591681,1.4067576,1.300775,1.8016845,1.5203339,1.6519855,1.2813473,1.7750207,1.5194148,1.3909016
hsa-miR-522,1.4900088,1.5116735,1.472607,1.6297039,1.5155718,1.8268363,1.3872235,1.5425383,1.5249912,1.3850745
hsa-miR-523,1.791919,1.0978417,1.6226102,1.5170039,1.872779,1.8160262,1.0087262,1.9546599,1.6704366,1.2422683
hsa-miR-524,1.5462819,1.3787364,1.345953,1.7297394,1.4797204,1.7676386,1.3224429,1.6342322,1.5406526,1.3720288
hsa-miR-524*,1.5075196,1.5146587,1.5462905,1.522899,1.6625783,1.7969999,1.345376,1.8503801,1.5756762,1.3729866
hsa-miR-525,1.5229164,1.4688177,1.5285506,1.558216,1.6239804,1.8314658,1.2958305,1.7798282,1.5609325,1.3877488
hsa-miR-525*,1.5849744,1.4122946,1.3524692,1.7174368,1.5394527,1.6841731,1.2718682,1.6901951,1.5260496,1.3660129
hsa-miR-526a,1.7316313,1.4309827,1.8013403,1.4248389,1.9978263,1.7449269,1.1404341,2.094442,1.6088836,1.3308873
hsa-miR-526b,1.6717933,1.3882083,1.5496973,1.5649291,1.7954286,1.8414478,1.2104099,1.8949435,1.652267,1.3651638
hsa-miR-526b*,1.59627,1.3925643,1.3872124,1.7051805,1.5285975,1.7576208,1.27933,1.6759412,1.5264745,1.3704596
hsa-miR-526c,1.4965444,1.5239092,1.6956697,1.4877082,1.6293707,1.8129096,1.2889527,1.5232034,1.4909526,1.3841336
hsa-miR-527,2.06282,1.2110965,1.4284542,1.9267337,2.220557,1.8452139,1.2896681,2.117945,1.8222811,1.397569
hsa-miR-532,1.1101861,2.0271516,2.1388464,1.6031197,1.3537796,3.014098,2.1743147,0.97727257,1.7405794,1.9682398
hsa-miR-539,1.3880007,1.6416206,1.5504174,1.5861114,1.4911606,1.8008776,1.4245819,1.4931413,1.4353617,1.4281405
hsa-miR-542-3p,1.2052844,1.6610543,2.5194676,1.4658183,1.1068617,2.887351,1.6373891,1.0305208,1.5549623,1.7833055
hsa-miR-542-5p,1.658629,1.8170656,2.0729265,1.7725091,1.0880793,2.8277307,1.3865949,0.8454198,1.9026843,1.7532052
hsa-miR-544,1.4105524,1.5146636,1.524598,1.5660714,1.4475769,1.8386338,1.3987079,1.4524714,1.4726679,1.3849128
hsa-miR-545,1.2065951,1.6529443,1.8244706,1.4979187,1.3990848,2.0209422,1.6304319,1.2592889,1.4282681,1.5443227
hsa-miR-548a,1.3903606,1.580687,1.584152,1.5226028,1.4761709,1.8163996,1.3906698,1.3957615,1.4382682,1.3929294
hsa-miR-548b,1.4900626,1.463056,1.4487416,1.6610498,1.4540768,1.8150706,1.362708,1.5033222,1.5096335,1.3993804
hsa-miR-548c,1.3866723,1.5615141,1.5654665,1.5512087,1.4723215,1.8302798,1.4460294,1.4111848,1.4530344,1.3968582
hsa-miR-548d,1.4541777,1.4854723,1.499872,1.6077718,1.4701068,1.8236468,1.3672969,1.4780066,1.4879974,1.3900232
hsa-miR-549,1.4166249,1.5109344,1.6194608,1.5039413,1.516139,1.8371487,1.3800964,1.4509014,1.456027,1.3773769
hsa-miR-550,1.4434365,1.7346057,1.8678309,1.7132144,1.1088374,2.777924,1.777559,0.97216415,2.0240474,1.6868517
hsa-miR-551a,1.4143499,1.5037866,1.5430738,1.5934836,1.4460903,1.8277262,1.4154019,1.4699267,1.4818227,1.3968246
hsa-miR-551b,1.7968374,1.8231583,1.5749261,2.9036968,0.78157127,2.8919833,1.9569044,1.0565745,2.2112741,2.248068
hsa-miR-552,1.377952,1.6058568,1.7700349,1.4051716,1.5343857,1.9380382,1.4019724,1.2751656,1.4566529,1.3954123
hsa-miR-553,1.3473222,1.5809196,1.6498736,1.4892412,1.4483836,1.8717943,1.4377267,1.3764694,1.4324212,1.4028971
hsa-miR-554,1.4724658,1.4331313,1.4746913,1.611577,1.4970794,1.7804015,1.3389671,1.5575241,1.4953066,1.3900273
hsa-miR-555,1.4745367,1.4781778,1.4900497,1.5903639,1.5115099,1.7872363,1.3221003,1.5013095,1.5007169,1.376773
hsa-miR-556,1.412441,1.5230432,1.564853,1.5237241,1.4587415,1.8341981,1.394371,1.4251305,1.4669542,1.3795425
hsa-miR-557,3.1267405,0.3070607,1.4812363,2.1839278,2.7899673,1.5148885,0.41835734,3.5085118,2.2846584,1.3289804
hsa-miR-558,1.4412557,1.5185893,1.5205736,1.5627887,1.5054293,1.7814724,1.3574456,1.4830749,1.4685731,1.3739146
hsa-miR-559,1.428282,1.5296477,1.5476036,1.5378267,1.4790196,1.8431562,1.3631543,1.4344761,1.4731284,1.3858843
hsa-miR-560,2.4385893,0.88921577,2.0705738,1.3964062,2.4865441,1.9397207,0.6510958,2.5890071,1.9545256,1.291819
hsa-miR-561,1.3800784,1.5288801,1.5880021,1.5126973,1.4659975,1.874026,1.4167641,1.3952562,1.440344,1.3860953
hsa-miR-562,1.3937207,1.5523509,1.637587,1.5063853,1.4657197,1.8499713,1.4144315,1.3841971,1.4352944,1.3829435
hsa-miR-563,1.8062141,1.0438838,1.1336135,1.798855,1.5391726,2.0257535,1.2538543,1.5638317,1.6381228,1.3333225
hsa-miR-564,2.6989064,0.9172275,1.3292668,2.0795653,2.5924175,1.6071575,0.9078925,2.8608932,2.0270207,1.3083174
hsa-miR-565,1.3543625,2.227447,2.933134,1.6495628,1.0102553,3.329359,2.654984,1.7144924,2.002997,2.130158
hsa-miR-566,1.753638,1.3683388,1.3760155,1.7118424,1.7187891,1.6850871,1.1609998,1.875793,1.6488253,1.3976446
hsa-miR-567,1.5306319,1.4703541,1.6419396,1.5269686,1.641335,1.8219647,1.2809066,1.591553,1.5089839,1.3565164
hsa-miR-568,1.5119871,1.417963,1.376168,1.6809064,1.4390842,1.8236428,1.3252152,1.5069841,1.5360283,1.4207693
hsa-miR-569,1.4540768,1.5089735,1.5509176,1.5285621,1.5143372,1.8075264,1.3476757,1.4860557,1.4721808,1.3662031
hsa-miR-570,1.4362136,1.4974549,1.5223062,1.5587311,1.460179,1.8471689,1.372973,1.4419571,1.4891241,1.3800967
hsa-miR-571,1.4379504,1.4736509,1.6023841,1.6282747,1.5547167,1.8419366,1.4483842,1.4960439,1.5235603,1.3896624
hsa-miR-572,2.6186686,0.74725705,1.6767042,1.8765357,2.8729208,1.6661035,0.350836,3.12837,2.1735287,1.5276425
hsa-miR-573,1.4257394,1.5042046,1.4987915,1.562405,1.4637166,1.8166957,1.3950946,1.4661331,1.4639816,1.3892149
hsa-miR-574,2.4937236,0.48148528,1.4031856,2.6132896,1.6225349,2.3332226,1.4150785,3.4651334,2.4911063,2.166266
hsa-miR-575,3.5982387,0.63091326,2.0627687,2.102075,3.9801893,1.7558626,0.13813664,4.646375,2.578333,1.3308405
hsa-miR-576,1.5133483,1.4336764,1.3929139,1.6692396,1.4647105,1.7845917,1.3481315,1.5545475,1.5068585,1.3790252
hsa-miR-577,1.289423,1.7771987,1.7915754,1.4172928,1.4848623,1.9019051,1.3414279,1.2355539,1.4304893,1.4592814
hsa-miR-578,1.3962616,1.5360268,1.550485,1.5567583,1.4497117,1.8270023,1.4074776,1.4503644,1.4570448,1.3937567
hsa-miR-579,1.3894676,1.5051097,1.6220856,1.4948245,1.4683913,1.8452885,1.3936994,1.4651923,1.4516046,1.3839502
hsa-miR-580,1.3985488,1.5313526,1.6309125,1.4889956,1.4914123,1.8464905,1.3754171,1.4247394,1.4614137,1.3773774
hsa-miR-581,1.4245671,1.5084891,1.5312102,1.5495474,1.4681305,1.8367906,1.3960733,1.4257874,1.4813795,1.3791475
hsa-miR-582,1.2266877,1.8792343,1.8301845,1.5495709,1.3649623,2.2013469,1.4773985,1.0131576,1.5797079,1.6269678
hsa-miR-583,1.8314759,1.1640977,1.8593704,1.3838917,2.0601301,1.759876,0.9907658,2.03006,1.5706198,1.2811438
hsa-miR-584,2.029321,1.5328406,1.7806872,1.4926296,2.192518,1.7936743,0.8417809,2.07072,1.7384107,1.3487773
hsa-miR-585,1.4072157,1.5240583,1.6640321,1.4980992,1.5168468,1.8557606,1.3797771,1.4943851,1.461431,1.3972812
hsa-miR-586,1.4158398,1.4998615,1.5431869,1.5435933,1.4684837,1.871605,1.3941399,1.4323667,1.4798918,1.3891759
hsa-miR-587,1.4058346,1.5254192,1.572105,1.5169972,1.4886805,1.8010033,1.381155,1.4594709,1.4556026,1.3745947
hsa-miR-588,1.4154222,1.5247998,1.5431769,1.5671172,1.4920291,1.8142142,1.3671343,1.4477017,1.4758343,1.3898861
hsa-miR-589,1.475662,1.4709396,1.4773397,1.6195002,1.4908972,1.8010486,1.3408352,1.5346756,1.4987295,1.3847654
hsa-miR-590,1.2722018,2.062311,2.4328249,1.9700859,1.3342676,3.1087012,2.3226237,0.3636109,1.9127513,1.897189
hsa-miR-591,1.4349033,1.5343304,1.5790088,1.5283711,1.476278,1.8418937,1.3910471,1.401838,1.4781704,1.3813803
hsa-miR-592,1.0498564,1.9333729,1.6204045,1.4590275,1.275479,2.2872934,1.7785968,1.244136,1.5169618,1.617575
hsa-miR-593,1.4462043,1.4952142,1.539252,1.563596,1.4849039,1.7943339,1.3505778,1.4972352,1.4762024,1.3666855
hsa-miR-595,2.2369664,0.55239743,0.567447,2.6522458,1.6212193,1.380822,0.9608847,2.7333965,1.9621322,1.4787486
hsa-miR-596,1.5774816,1.3223817,1.5660856,1.5649638,1.5565063,1.8019531,1.2472335,1.6779864,1.5617651,1.3452041
hsa-miR-597,1.4376373,1.5141536,1.526383,1.6044289,1.4655029,1.7978951,1.4137843,1.4893333,1.4882839,1.3997282
hsa-miR-598,1.1767578,2.2363186,1.8070471,1.7730452,1.3372643,1.8822929,2.0136764,1.1786349,1.5044293,1.8394277
hsa-miR-599,1.4458506,1.482549,1.4946152,1.5949839,1.4684584,1.8325334,1.3904208,1.4356555,1.4831028,1.3829443
hsa-miR-600,1.3878225,1.5324498,1.6106881,1.4904588,1.4787188,1.840756,1.392475,1.4093298,1.4357096,1.3740134
hsa-miR-601,2.895801,0.87498826,2.2133598,1.7350444,3.38532,2.018813,0.26567665,3.2888288,2.2981687,1.4690584
hsa-miR-602,2.4133925,0.6467192,1.40392,1.9506742,1.7717017,2.246727,1.0569286,2.182639,2.0102139,1.3209817
hsa-miR-603,1.4142752,1.5084593,1.5354543,1.563259,1.4667829,1.8324525,1.3798361,1.4384781,1.4683862,1.3948513
hsa-miR-604,1.5800205,1.4372927,1.4870749,1.614503,1.6189054,1.7606326,1.2471027,1.6429535,1.5483268,1.3418576
hsa-miR-605,2.2953424,1.3487285,1.2230179,2.1326263,2.4030542,1.507406,0.9041051,2.2407694,1.878224,1.5867773
hsa-miR-606,1.4244204,1.4971997,1.496284,1.5678583,1.471364,1.8131082,1.3719906,1.4654537,1.4612354,1.3721806
hsa-miR-607,1.4327623,1.5070983,1.5059236,1.551448,1.4597199,1.8197495,1.3673934,1.4768173,1.4790057,1.3718649
hsa-miR-608,1.5153581,1.4421297,1.5567389,1.5476501,1.5817561,1.8092095,1.2743657,1.5865213,1.5217204,1.3607023
hsa-miR-609,1.5447365,1.3740872,1.3780499,1.7146204,1.4074332,1.7554615,1.3549632,1.6888307,1.5737509,1.4797494
hsa-miR-610,2.4698849,1.3623127,1.4183604,2.1147835,2.57974,1.5938698,0.78212196,2.462113,1.98288,1.6107689
hsa-miR-611,1.431141,1.5454235,1.4211693,1.6857401,1.5853817,1.7938449,1.4532807,1.6686556,1.5479939,1.4165944
hsa-miR-612,1.4590516,1.4849579,1.46803,1.6194069,1.5063365,1.7647897,1.3527709,1.5391198,1.4879428,1.3758612
hsa-miR-613,1.6147692,1.3445919,1.3017625,1.7598156,1.5163113,1.7414612,1.2674813,1.7114843,1.5440601,1.4067894
hsa-miR-614,1.567322,1.4695363,1.6528331,1.5045937,1.6598213,1.7714827,1.2727304,1.6700974,1.5335641,1.3767796
hsa-miR-615,2.1776006,0.7179317,0.80350655,2.3118083,1.4326559,1.5540475,0.9713558,2.486721,2.0035207,1.5740981
hsa-miR-616,1.4683397,1.4744991,1.4687185,1.6165278,1.4724325,1.7721218,1.3507774,1.539692,1.4873072,1.3838766
hsa-miR-617,1.8833861,1.1342702,1.4581501,1.6540117,1.9006373,1.7690604,0.937856,2.1882432,1.7391045,1.340477
hsa-miR-618,1.4312048,1.5279799,1.5333966,1.5858202,1.4809142,1.7775033,1.387189,1.483918,1.4580536,1.3892797
hsa-miR-619,1.4239606,1.5240633,1.5838093,1.5361322,1.4584285,1.8240846,1.3875927,1.477256,1.4669933,1.3892622
hsa-miR-620,1.4677407,1.4785484,1.4520057,1.6087645,1.4723834,1.8097087,1.3566701,1.5049359,1.4937024,1.3844435
hsa-miR-621,1.4523785,1.4540182,1.448987,1.619094,1.4540193,1.8119358,1.3702328,1.4651177,1.4960026,1.373731
hsa-miR-622,2.3706002,0.8917163,1.876112,1.4758075,2.6349175,1.5927998,0.5870676,2.9627964,1.8818414,1.1987766
hsa-miR-623,2.552313,0.6201534,1.0465008,2.3790615,2.3194592,1.1953496,0.4623504,3.3793478,2.001085,1.3859049
hsa-miR-624,1.4430063,1.5103449,1.5057869,1.6442331,1.4481276,1.8676496,1.4453113,1.4236664,1.5011159,1.4186201
hsa-miR-625,1.3571178,2.1797926,2.296337,1.3834075,1.8647394,2.3747349,1.6282816,0.92838573,1.71453,1.6801693
hsa-miR-626,1.4162863,1.5181944,1.4858524,1.5862267,1.4581405,1.816521,1.3908001,1.4600054,1.4727627,1.3889475
hsa-miR-627,1.3405598,1.4698399,1.9913005,1.3307272,1.6924292,2.1165779,1.4320711,1.4969617,1.5172188,1.450025
hsa-miR-628,1.2219081,2.0591981,1.6198545,1.6422142,1.6817907,1.8939613,1.8875029,1.3632455,1.504118,1.6362107
hsa-miR-629,2.458546,0.4403486,1.950157,1.5378444,1.8063498,2.236622,0.7736359,2.877254,2.1877117,1.3514246
hsa-miR-630,3.4451938,0.038793128,3.612904,0.95991427,4.3165035,1.493524,0.027410168,4.566725,1.9586188,0.64056206
hsa-miR-631,2.4542615,0.6332742,1.0116546,2.2068803,2.0933433,1.4729646,0.52795064,2.7642052,2.0218196,1.3644779
hsa-miR-632,1.6417726,1.3707083,1.4787738,1.6478454,1.6539932,1.7482133,1.2248591,1.7631083,1.5731063,1.3545861
hsa-miR-633,1.3718721,1.5524945,1.6156961,1.4847293,1.4751335,1.8638537,1.419491,1.393515,1.4502534,1.3839191
hsa-miR-634,1.7419039,1.265923,1.1130935,1.9591383,1.6040027,1.7834148,1.3881149,1.8899084,1.6590575,1.4333624
hsa-miR-635,1.5511124,1.4562731,1.5584695,1.5389602,1.6416652,1.8039194,1.2683737,1.5748966,1.5232636,1.3614769
hsa-miR-636,2.1311464,0.74499625,1.1336457,2.0737228,1.8101234,1.6892301,0.95200974,2.5916686,1.9132687,1.4395238
hsa-miR-637,1.5676845,1.396682,1.4413038,1.6666338,1.5909055,1.7087497,1.2666137,1.7083335,1.5456362,1.3579435
hsa-miR-638,3.9938438,1.0234544,2.3260374,2.3088968,4.330064,2.0483167,0.05310588,4.932316,3.056883,1.8751762
hsa-miR-639,1.5270853,1.4347838,1.5966481,1.5322133,1.5707798,1.7818062,1.2746494,1.6128141,1.522235,1.3547062
hsa-miR-640,1.847886,1.158391,1.3301669,1.8859881,1.7564236,1.6303886,1.0919926,2.1357613,1.6764088,1.3849344
hsa-miR-641,1.3679918,1.5450544,1.5805124,1.5969285,1.4249246,1.884587,1.465502,1.4231523,1.4972528,1.4570752
hsa-miR-642,1.4334968,1.510874,1.5401202,1.5706224,1.4682908,1.8362827,1.3737892,1.4156219,1.479176,1.3857857
hsa-miR-643,1.4370307,1.5008345,1.5674601,1.5463628,1.4868942,1.8355811,1.3554156,1.4710187,1.4879539,1.3682475
hsa-miR-644,1.3414668,1.6094705,1.6709647,1.46944,1.4859594,1.8275638,1.4173732,1.3875201,1.4200965,1.3849983
hsa-miR-645,1.4411874,1.5351796,1.6017468,1.5361204,1.5295538,1.827375,1.3480071,1.5306925,1.4941305,1.3895459
hsa-miR-646,1.5303773,1.4242299,1.4099356,1.6271068,1.525784,1.7728138,1.2647815,1.6243267,1.5412345,1.3635142
hsa-miR-647,1.6753395,1.2420793,1.2003919,1.8764112,1.3792233,1.6735601,1.2610295,1.8630259,1.657951,1.5209503
hsa-miR-648,2.0220366,1.190788,1.6968482,1.5242443,2.2285192,1.657979,0.81512934,2.1964207,1.7303652,1.2744396
hsa-miR-649,1.4015838,1.535337,1.5972502,1.5268642,1.4806726,1.8511391,1.392011,1.4265689,1.4582238,1.3975321
hsa-miR-650,1.8619294,1.6559643,1.0886519,2.5805566,1.9988937,1.7644343,2.0594633,2.515208,1.9650998,1.7197682
hsa-miR-651,1.415535,1.5076534,1.5402873,1.5658588,1.4603349,1.8405869,1.3896339,1.4217469,1.469936,1.3889534
hsa-miR-652,2.0024314,2.1931474,1.8253052,2.4060316,1.9075853,2.8397071,2.3593218,1.2434051,2.1634188,2.1515443
hsa-miR-653,1.3970774,1.5219288,1.5558112,1.5652838,1.5255069,1.8776759,1.4301362,1.4029481,1.446508,1.3968463
hsa-miR-654,1.6800764,1.3407496,1.8296931,1.591176,1.7679328,1.9989966,1.1019044,1.7578726,1.6362015,1.3947119
hsa-miR-655,1.2558054,1.6273588,1.7481208,1.405532,1.4602404,1.870319,1.4869097,1.3933548,1.3783951,1.4063199
hsa-miR-656,1.2060757,1.6755753,1.7956473,1.3729786,1.464487,1.8344743,1.5215334,1.6189841,1.2694129,1.4551789
hsa-miR-657,1.6551192,1.3352714,1.1930485,1.8182634,1.5068907,1.6157956,1.2665908,1.8236865,1.5589248,1.3662373
hsa-miR-658,1.6373386,1.3925374,1.6408114,1.5305746,1.736952,1.7754362,1.1895063,1.7646866,1.5379419,1.3142016
hsa-miR-659,2.1878307,0.9914311,1.814622,1.4856944,2.3773,1.9434202,0.7917232,2.2470512,1.8595505,1.2928683
hsa-miR-660,1.1526769,2.1568384,2.015631,1.8501164,1.5345665,2.8495424,2.254655,0.65565,1.7524519,1.8820933
hsa-miR-661,1.4875892,1.4570094,1.5288006,1.5768346,1.5514482,1.7488028,1.3143734,1.5957215,1.491407,1.3651204
hsa-miR-662,2.4338777,0.879327,1.4953915,1.5941291,2.0736558,1.4313346,0.660965,2.6262593,1.880904,1.1722037
hsa-miR-663,3.3810158,1.0674263,2.6194384,1.5832342,2.9780219,2.0473926,0.05149578,3.7458317,2.4044664,1.6377681
hsa-miR-668,1.6628537,1.3500104,1.2318935,1.8729608,1.5654233,1.6030297,1.2589644,1.9811802,1.5475601,1.3841509
hsa-miR-671,3.3836281,0.58079857,1.9336641,1.7688104,3.6240315,1.1375353,0.020767463,4.626913,2.2501779,1.2944518
hsa-miR-675,1.5095662,1.4666831,1.5867735,1.526969,1.5776927,1.7741809,1.2713314,1.5663785,1.4838841,1.3600994
hsa-miR-7,0.6710742,6.3003106,2.1687393,1.700763,1.8781117,1.059695,1.733477,0.99922806,0.5800875,2.2916322
hsa-miR-758,1.2918282,2.0760937,2.2344232,1.2981194,1.3469902,2.0629523,1.4519396,1.9614241,1.2313956,1.7433069
hsa-miR-765,3.20349,0.7858144,1.6418881,1.7737356,3.5999315,1.1486152,0.030345341,4.2277193,2.1172454,1.2754021
hsa-miR-766,2.0240853,0.70893824,1.4883451,2.0113804,1.6154709,1.9754175,1.2106915,2.8328605,1.9461421,1.7265058
hsa-miR-767-3p,1.504545,1.3903445,1.5440568,1.5394325,1.4988449,1.9792873,1.372419,1.375826,1.5115725,1.3680698
hsa-miR-767-5p,1.3549609,1.6249894,1.7120237,1.585435,1.4905734,1.9491261,1.3977605,1.4975104,1.5315326,1.5178841
hsa-miR-768-3p,2.3467572,2.7527692,2.976293,2.313396,2.8931706,2.5919359,2.9448366,2.265841,2.282387,2.6728184
hsa-miR-768-5p,2.6508932,1.4492742,2.4404056,2.136188,2.6520216,2.1578677,1.7485665,2.321199,2.430987,2.1763926
hsa-miR-769-3p,1.9872023,1.1783152,1.4893652,1.7282522,2.1711733,1.6432779,1.0563153,2.2662537,1.697621,1.2999916
hsa-miR-769-5p,1.5522112,2.3659642,1.6329029,1.7955273,1.4119569,1.7209656,1.7987975,1.4045161,1.6276916,1.6227707
hsa-miR-770-5p,2.1427264,1.7323459,1.0821422,2.5716062,2.1892743,1.9887596,1.9977986,2.7142572,2.1694846,1.6797076
hsa-miR-801,3.9542954,1.3651727,2.105959,1.959816,3.4083652,1.246563,0.07084015,4.36307,2.832591,1.5920253
hsa-miR-802,1.3952283,1.5263767,1.5342493,1.5380334,1.4572046,1.8308656,1.4000621,1.4296408,1.44951,1.3821492
hsa-miR-9,1.9230406,4.806281,2.9626706,4.7296367,0.7046551,2.8402157,4.6561317,1.5811766,3.2486415,4.0756364
hsa-miR-9*,3.1458101,5.05299,3.2830327,4.924024,1.8201224,3.2994332,4.24966,1.9789282,4.146339,4.1640964
hsa-miR-92,2.8950796,2.3531003,3.7683065,1.7699978,1.4731714,3.8461509,1.6457374,2.892611,3.067558,2.996834
hsa-miR-92b,2.7688274,1.2644836,0.57661736,3.8151212,1.4328587,2.092588,2.8526957,2.0257187,2.7527018,1.9823921
hsa-miR-93,2.2848423,2.6386952,3.1149368,2.2229378,0.7242694,3.8881097,1.8757198,0.9013207,2.7361112,2.540936
hsa-miR-95,0.75712115,2.5669363,1.9052281,2.0054855,0.9996762,2.0040107,2.240146,1.0627183,1.4820708,1.9497045
hsa-miR-96,1.4924577,1.535392,1.996187,1.3068937,1.2852215,2.0302474,1.3464549,1.3286871,1.7009676,1.6318979
hsa-miR-98,0.92849493,2.7547197,2.1121104,2.8163538,1.2660223,2.4613266,3.151496,0.8933108,1.7089843,2.4823902
hsa-miR-99a,2.3093448,3.7210622,2.0444841,3.1898441,1.7855685,3.4424808,3.433543,1.002426,2.6600425,2.94729
hsa-miR-99b,1.8080149,2.591055,1.7689915,2.4401484,1.927184,1.7592727,3.117512,1.7367359,2.08033,1.8273602
hsv1-miR-H1,2.905019,0.59583265,1.9831471,1.2710725,3.3701985,1.4103216,0.06923215,3.8279605,2.0689244,1.0261723
kshv-miR-K12-1,1.4892089,1.517817,1.6181952,1.5497433,1.5504522,1.8171067,1.33881,1.5632056,1.4928367,1.3748319
kshv-miR-K12-10a,2.4310842,0.72972083,1.6124488,1.6161648,2.2008502,1.7121398,0.67468804,2.365506,1.812201,1.1188295
kshv-miR-K12-10b,2.4271843,0.74956864,1.6637739,1.5770111,2.207468,1.7513905,0.6722723,2.2568932,1.809931,1.1254522
kshv-miR-K12-11,1.5005424,1.4737009,1.439621,1.6357987,1.4972285,1.74559,1.3422316,1.5773396,1.491559,1.3634137
kshv-miR-K12-12,1.7402489,0.98084754,1.4250816,1.9412366,1.1413106,1.4938831,1.4137138,2.401218,1.7208986,1.6661646
kshv-miR-K12-2,1.5293256,1.4297882,1.5870882,1.5351353,1.6205851,1.749963,1.271302,1.6250101,1.496003,1.3349404
kshv-miR-K12-3,3.44626,0.3127003,1.9198866,1.7774522,2.8092742,1.7535077,0.40964654,3.8397682,2.4185982,1.1336893
kshv-miR-K12-3*,1.3737984,1.5502102,1.5741715,1.5054405,1.481013,1.7932022,1.392011,1.4349082,1.4356042,1.3789651
kshv-miR-K12-4-3p,1.408777,1.5547591,1.8057489,1.389457,1.6134108,1.8312079,1.319318,1.4595249,1.4494522,1.3419131
kshv-miR-K12-4-5p,1.5154887,1.4091579,1.4379512,1.6858581,1.497875,1.8418938,1.3582836,1.6548475,1.5572572,1.3741885
kshv-miR-K12-5,1.4345788,1.479328,1.5590467,1.5536565,1.4791715,1.8194684,1.3571957,1.4977331,1.4897631,1.37977
kshv-miR-K12-6-3p,1.4601376,1.5280201,1.5088754,1.535534,1.5096171,1.8249174,1.3514348,1.4974428,1.4919721,1.3706119
kshv-miR-K12-6-5p,1.449572,1.4904054,1.4634429,1.6007438,1.4584247,1.8134094,1.3684183,1.4937186,1.4871684,1.3762106
kshv-miR-K12-7,2.00797,1.1817625,1.7308496,1.4230181,2.0399153,1.5830253,0.9237927,2.1612859,1.6286501,1.2002931
kshv-miR-K12-8,1.6383084,1.4632722,1.8944435,1.4142349,1.8718426,1.7977055,1.1443549,1.9169177,1.5579169,1.3857776
kshv-miR-K12-9,1.3806883,1.5099996,1.5506878,1.5250154,1.4566679,1.8127493,1.3837601,1.4179989,1.4408265,1.3706002
kshv-miR-K12-9*,1.6399251,1.2649739,1.351487,1.6546715,1.5585399,1.958534,1.3222405,1.5868858,1.5868176,1.3799905
