TCGA.02.0001.01,0.14228527,0.60910076,0.029662786,0.22985923,0.4835676,0.7604593,0.44933754,0.4154308,0.39900786,0.19938618
TCGA.02.0003.01,0.58732104,0.75659347,0.017016195,0.079221405,0.24973686,0.8062028,0.41145247,0.3455643,0.20751536,0.31030193
TCGA.02.0007.01,0.04587045,0.58634764,0.018591233,0.05747086,0.23084311,0.34557188,0.58930093,0.52681994,1.0968107,0.35871494
TCGA.02.0009.01,0.38092074,0.5096786,0.05059534,0.032161504,0.29898354,0.56179833,0.62540615,0.41184676,0.7254302,0.26536182
TCGA.02.0010.01,0.3634803,0.24024858,0.11175824,0.055464122,0.24391505,0.5387904,0.19871089,0.41301942,0.2768626,1.435043
TCGA.02.0011.01,0.023460666,0.5261598,0.112841696,0.43637484,0.18482304,0.6182561,0.17169805,0.7265287,0.30810407,0.6167967
TCGA.02.0014.01,0.2868492,0.25017673,0.5402765,0.4378084,0.024509419,0.3324289,0.0044557396,0.33964348,0.2610372,1.3712037
TCGA.02.0021.01,0.0405867,0.50637203,0.16681851,0.058293246,0.18364285,0.4207968,0.551938,0.81979513,0.88666606,0.22272055
TCGA.02.0024.01,0.058979712,0.55731523,0.2340444,0.28203696,0.25664282,0.6586439,0.12653649,0.8878317,0.15750307,0.515302
TCGA.02.0027.01,0.22140762,0.52550024,0.0046710647,0.14818394,0.6398343,0.66890705,0.48766494,0.3920459,0.42551467,0.35798034
TCGA.02.0028.01,0.6634098,0.16410875,0.018997667,0.021290056,0.45923615,0.61964786,0.13096711,0.29041147,0.2287153,1.2975361
TCGA.02.0033.01,0.2428419,0.40775642,0.02795496,0.17821209,0.70516294,0.80894995,0.36564127,0.45326436,0.25992733,0.24485448
TCGA.02.0034.01,0.2930786,0.51173484,0.23305291,0.19279642,0.6961218,0.93156075,0.10434939,0.43657795,0.10040728,0.11087599
TCGA.02.0038.01,0.09020705,0.66521955,0.08978213,0.12652954,0.1261831,0.54270023,0.52145845,0.78133386,0.6243905,0.1919963
TCGA.02.0043.01,0.79605156,0.46181795,0.061666172,0.05052036,0.07617938,0.7413306,0.5617769,0.46260205,0.3320733,0.28214175
TCGA.02.0047.01,0.06678955,0.4827443,0.0585846,0.30412897,0.47479963,0.49020806,0.023729196,1.0327483,0.34654814,0.45645046
TCGA.02.0052.01,0.35721365,0.70671356,0.05971304,0.0725553,0.40548828,0.85429645,0.28869534,0.59068406,0.14814575,0.26656312
TCGA.02.0054.01,0.09938066,0.54343253,0.09838455,0.31073976,0.40959883,0.69140035,0.38627592,0.45227015,0.57438296,0.13564862
TCGA.02.0057.01,0.077129625,0.57109874,0.093057126,0.10970506,0.590813,0.54195243,0.4270837,0.5917188,0.63480973,0.19619717
TCGA.02.0058.01,0.08857835,0.27585772,0.0067880587,0.16688217,0.57071775,0.4321604,0.35183975,0.2572766,0.4429387,1.2760442
TCGA.02.0060.01,0.08559359,0.6768989,0.044343423,0.20492512,0.6289786,0.67552227,0.40679184,0.35532418,0.5060401,0.24665926
TCGA.02.0064.01,0.6194009,0.22400361,0.41285035,0.2399106,0.5786747,0.47897655,0.31273177,0.57564586,0.2153362,0.16750155
TCGA.02.0069.01,0.05156421,0.55235404,0.67480636,0.44808403,0.16548556,0.56861067,0.1050901,0.33982322,0.43403995,0.38652518
TCGA.02.0071.01,0.4894325,0.42483276,0.41450745,0.44913378,0.36504358,0.41596153,0.46275803,0.43449146,0.18744062,0.18204287
TCGA.02.0074.01,0.15138131,0.6242813,0.5732994,0.449075,0.31958067,0.2989469,0.12548338,0.35665327,0.7370658,0.20115502
TCGA.02.0075.01,0.40714318,0.30459762,0.38965258,0.47439837,0.36056045,0.57890016,0.592067,0.39842075,0.13845575,0.14748117
TCGA.02.0080.01,0.2967313,0.13672695,0.33728078,0.35872817,0.45398217,0.14479953,0.2861711,0.052759748,0.13853228,1.7305813
TCGA.02.0083.01,0.2058462,0.44695383,0.4183176,0.5571436,0.13235325,0.2827582,0.45444176,0.36698884,0.84026855,0.13065772
TCGA.02.0085.01,0.22331001,0.5960416,0.4177489,0.23667479,0.76560104,0.24746636,0.27146205,0.45062593,0.48293105,0.1768849
TCGA.02.0086.01,0.1556141,0.18194962,0.38081187,0.49760056,0.49129742,0.37625107,0.6283472,0.28506124,0.62461454,0.25524563
TCGA.02.0089.01,0.5061526,0.46880367,0.2903352,0.50565636,0.45877096,0.33926222,0.4165345,0.40944007,0.18522687,0.25397235
TCGA.02.0099.01,0.6710273,0.53684425,0.29575482,0.3951639,0.19841535,0.6547662,0.46285498,0.38121212,0.08720005,0.09468278
TCGA.02.0102.01,0.7400594,0.37886423,0.41009897,0.15304141,0.25925967,0.3140573,0.6689257,0.37345952,0.25379512,0.32078955
TCGA.02.0107.01,0.25252572,0.33767587,0.31237945,0.4656685,0.90097266,0.5500342,0.29989994,0.52288455,0.033005826,0.10977446
TCGA.02.0113.01,0.03047182,0.1480897,0.4627223,0.34238306,0.7462429,0.053378783,0.4266394,0.63074416,0.62207174,0.43828416
TCGA.02.0114.01,0.34744602,0.13653363,0.46542186,0.34210834,0.14038768,0.23536666,0.022868844,0.38106534,0.54056066,1.2885164
TCGA.02.0115.01,0.17720659,0.584156,0.2552814,0.65653825,0.5245374,0.34232584,0.5803872,0.29466802,0.12150309,0.27244648
TCGA.02.0116.01,0.4798047,0.61810535,0.10084534,0.10416074,0.0070475633,0.6431911,0.6730844,0.5455767,0.33085522,0.35633534
TCGA.02.2466.01,0.3819812,0.51428443,0.5520573,0.64843714,0.0019809694,0.66538256,0.045011364,0.47036847,0.123191185,0.32928985
TCGA.02.2470.01,0.28845772,0.6009134,0.32474253,0.6261391,0.55424875,0.42990512,0.28510785,0.48410502,0.07559528,0.13205951
TCGA.02.2483.01,0.54980254,0.110768594,0.44954738,0.28464442,0.266079,0.38664484,0.14587867,0.29800087,0.0829777,1.3834584
TCGA.02.2485.01,0.8707018,0.54421103,0.36653972,0.18567309,0.08540454,0.30130917,0.6843531,0.35316288,0.17581071,0.3384128
TCGA.02.2486.01,0.59131247,0.33317092,0.20326507,0.43473968,0.5032755,0.428631,0.50182307,0.43985158,0.21447505,0.21209683
TCGA.06.0122.01,0.47112808,0.34215596,0.32154202,0.2730142,0.44906437,0.1778904,0.45821032,0.34188035,0.73867446,0.33924517
TCGA.06.0124.01,0.45551538,0.25282723,0.35592687,0.3992824,0.56442314,0.46475932,0.45287663,0.4963445,0.17197481,0.18901673
TCGA.06.0125.01,0.3179181,0.37620908,0.54475737,0.25173783,0.21677053,0.19401693,0.57364535,0.32519087,0.84310925,0.23138659
TCGA.06.0126.01,0.5381446,0.47687855,0.4315503,0.26812634,0.3494987,0.26196927,0.5046893,0.38918063,0.2859818,0.30784595
TCGA.06.0128.01,0.47536212,0.22480655,0.3067029,0.41338658,0.3581321,0.3594954,0.12870346,0.16736102,0.09858141,1.3470982
TCGA.06.0129.01,0.42876324,0.28221813,0.3595738,0.5947537,0.079146646,0.38181922,0.009968848,0.2869495,0.0638059,1.383425
TCGA.06.0130.01,0.30694383,0.28346035,0.32561314,0.17307384,0.80966324,0.7330988,0.37529016,0.57827353,0.03600403,0.142424
TCGA.06.0133.01,0.3821702,0.44945648,0.30584568,0.5272837,0.5343117,0.26310065,0.2588738,0.5510496,0.18482608,0.32826054
TCGA.06.0137.01,0.29121846,0.49839395,0.41826084,0.20278803,0.33973053,0.3479147,0.49399868,0.15823083,0.7962706,0.22735587
TCGA.06.0139.01,0.1376315,0.18380426,0.2914751,0.46013105,1.0677651,0.669771,0.05813504,0.63931113,0.047335137,0.17409423
TCGA.06.0140.01,0.5840744,0.25248578,0.3492412,0.24054234,0.61271346,0.36090308,0.35259557,0.43935382,0.2014957,0.44866565
TCGA.06.0141.01,0.14718892,0.17985366,0.34595227,0.5298244,1.006703,0.4550589,0.1271174,0.5974287,0.07886124,0.2949416
TCGA.06.0142.01,0.10260611,0.8201235,0.29781425,0.4238056,0.8807539,0.22257526,0.19506626,0.33657834,0.091894455,0.41469795
TCGA.06.0143.01,0.3920455,0.34044522,0.43663442,0.6342428,0.4381976,0.60945845,0.13344721,0.43569124,0.153215,0.14661641
TCGA.06.0145.01,0.35121766,0.36280784,0.2941878,0.20559771,0.33323148,0.1776335,0.61366886,0.23432171,0.9698338,0.27354833
TCGA.06.0147.01,0.14174564,0.44266525,0.327281,0.3056878,0.7995551,0.57948214,0.39151573,0.24725202,0.4549706,0.1296636
TCGA.06.0155.01,0.5471067,0.37840235,0.5498528,0.14692675,0.3739611,0.68863994,0.3690876,0.49169037,0.08387518,0.09916789
TCGA.06.0169.01,0.3914224,0.20437011,0.38548914,0.30211192,0.73228014,0.4584751,0.27373278,0.5172176,0.2794176,0.19644403
TCGA.06.0875.01,0.18565112,0.561713,0.59397244,0.7608509,0.095940106,0.5769205,0.0028947173,0.43719852,0.3543504,0.14087541
TCGA.06.0876.01,0.2455389,0.30535892,0.5659253,0.37167916,0.50248647,0.23164076,0.3310652,0.46386218,0.6794511,0.15030415
TCGA.06.0877.01,0.71395534,0.15111987,0.38537973,0.15409474,0.46676826,0.23781027,0.6331601,0.37134936,0.28890008,0.48491523
TCGA.06.0878.01,0.32556793,0.22962135,0.43763646,0.7754244,0.29542124,0.6301721,0.38794723,0.4499084,0.13165654,0.06202681
TCGA.06.0879.01,0.5690937,0.32763976,0.41853058,0.38249952,0.2358862,0.4884636,0.6195558,0.29487267,0.2025697,0.25591737
TCGA.06.0881.01,0.25681517,0.20989533,0.34063128,0.33517972,1.1575197,0.5630064,0.02785363,0.7399847,0.050226044,0.07855368
TCGA.06.0882.01,0.12198965,0.5195621,0.34898117,0.68243295,0.68536186,0.39268574,0.38864213,0.41801754,0.044764716,0.16923593
TCGA.06.0939.01,0.27104697,0.5361782,0.17698623,0.34260237,0.61254317,0.30676582,0.31154817,0.3286397,0.7123481,0.21350017
TCGA.06.1084.01,0.28437862,0.2337615,0.30264467,0.36383528,0.7808699,0.59185576,0.31661794,0.57114035,0.19108973,0.113811485
TCGA.06.1086.01,0.16178362,0.35223994,0.5918076,0.10126487,0.70088893,0.5161467,0.17569777,0.86892,0.029295214,0.22597402
TCGA.06.1087.01,0.53083086,0.45554036,0.57961136,0.023092348,0.1806334,0.60355854,0.13020726,0.63961273,0.13285805,0.503368
TCGA.06.1800.01,0.44647914,0.4964509,0.45600292,0.37651822,0.4110079,0.7053481,0.1930587,0.39207685,0.037755955,0.21473116
TCGA.06.1801.01,0.15955596,0.59914774,0.55479044,0.61127055,0.3182607,0.43533608,0.06925643,0.34082237,0.37921005,0.2599095
TCGA.06.1802.01,0.5808202,0.5024413,0.43973836,0.3659011,0.3781717,0.42639413,0.20527385,0.40181306,0.28410026,0.19481458
TCGA.06.1805.01,0.25758973,0.23113014,0.4148515,0.33818793,0.594814,0.29585057,0.1256456,0.2310043,0.34520182,1.0389072
TCGA.06.2557.01,0.696692,0.45048782,0.33159435,0.4017733,0.22068213,0.41406783,0.47970107,0.36615226,0.16670492,0.34675413
TCGA.06.2558.01,0.23087381,0.65123236,0.5045521,0.5472177,0.32058716,0.3049022,0.12989399,0.44465944,0.47265998,0.24821141
TCGA.06.2559.01,0.50830126,0.5149632,0.48616534,0.60264164,0.066278666,0.5262453,0.26150683,0.43478164,0.11656345,0.2689085
TCGA.06.2561.01,0.13412906,0.51776963,0.35289955,0.5962927,0.5431612,0.19452511,0.47555673,0.3901321,0.50008506,0.161323
TCGA.06.2562.01,0.54851276,0.38557628,0.31995922,0.366152,0.4157807,0.36978644,0.67082673,0.38695022,0.139108,0.27564326
TCGA.06.2563.01,0.29701826,0.36114326,0.510762,0.29310122,0.28950283,0.09516487,0.593751,0.47378746,0.7408055,0.2705635
TCGA.06.2564.01,0.46797204,0.48422748,0.41296503,0.56060076,0.23944855,0.40680274,0.4764376,0.42444226,0.13212183,0.21997948
TCGA.06.2565.01,0.78356147,0.30289006,0.431048,0.17378677,0.1600945,0.30002356,0.6464987,0.4214054,0.23401067,0.44189322
TCGA.06.2566.01,0.04546078,0.30041835,0.40724054,0.5633027,0.6803573,0.1362295,0.43660748,0.49969983,0.42744046,0.39327058
TCGA.06.2567.01,0.42110875,0.46195516,0.34528238,0.62372774,0.3028945,0.47388867,0.44947115,0.4502787,0.12689444,0.17420657
TCGA.06.2569.01,0.05833824,0.092775606,0.7314019,0.03403466,0.41473353,0.5855822,0.31003326,0.8739676,0.019449877,0.67400515
TCGA.06.2570.01,0.32571882,0.27052245,0.46849757,0.5110746,0.30458292,0.27358067,0.05678058,0.3445299,0.20767498,1.1738031
TCGA.12.0670.01,0.6230598,0.4586705,0.40258616,0.28884742,0.28475922,0.18637414,0.48710948,0.36579734,0.35662264,0.39709115
TCGA.12.0820.01,0.3753303,0.4562675,0.6165276,0.34859434,0.29489467,0.37696844,0.38912258,0.39366856,0.2357123,0.3004237
TCGA.12.0821.01,0.26043734,0.52960473,0.5253152,0.91540104,0.02913242,0.7002912,0.15942529,0.4693379,0.019173626,0.056503247
TCGA.12.0822.01,0.1577192,0.373025,0.31987563,0.6145644,0.7030685,0.53194183,0.40416253,0.4080827,0.05024964,0.17186286
TCGA.12.0826.01,0.063774206,0.43972388,0.5558522,0.55590755,0.3964482,0.2907069,0.4813215,0.41776538,0.49566796,0.104889445
TCGA.12.0827.01,0.16620953,0.10442498,0.40179092,0.54288363,0.5599845,0.28547457,0.24910738,0.21881102,0.3460082,1.0226703
TCGA.12.0828.01,0.5176665,0.36986294,0.39710692,0.487742,0.33005428,0.4651028,0.42856684,0.34837615,0.17087561,0.24745399
TCGA.12.0829.01,0.32896173,0.38645485,0.38307828,0.4940297,0.6360729,0.4760519,0.35252768,0.3896419,0.15961614,0.17233577
TCGA.12.1088.01,0.046854313,0.42508632,0.46472758,0.8470066,0.3905417,0.59682286,0.046500307,0.32503358,0.43108186,0.11017951
TCGA.12.1089.01,0.32100487,0.61611587,0.40271065,0.5198242,0.38039246,0.32173336,0.4595895,0.34248748,0.18925717,0.19459672
TCGA.12.1090.01,0.22261077,0.381883,0.421405,0.64457947,0.19219193,0.57452697,0.47451672,0.41705632,0.24382615,0.11681671
TCGA.12.1091.01,0.36343694,0.40117064,0.50413114,0.70520943,0.03459,0.5548197,0.30461496,0.4165165,0.35960093,0.08319627
TCGA.12.1092.01,0.4691544,0.53950363,0.36591953,0.49670145,0.45870495,0.6625172,0.11007708,0.4068202,0.09498725,0.12059827
TCGA.12.1093.01,0.2079791,0.25535718,0.39997873,0.43989137,0.7724899,0.33639488,0.15369204,0.51805544,0.6324526,0.08930039
TCGA.12.1094.01,0.40633276,0.2467131,0.45293525,0.38276488,0.52702135,0.39011788,0.4885013,0.42158225,0.23850855,0.23731251
TCGA.12.1095.01,0.16047975,0.45998684,0.41443175,0.50617504,0.56425697,0.4010869,0.34452495,0.30778745,0.44527382,0.19968317
TCGA.12.1096.01,0.2165851,0.42903376,0.38323674,0.5401038,0.7793481,0.42811358,0.06399004,0.47593692,0.19164,0.24324742
TCGA.12.1097.01,0.4889496,0.52918464,0.3316118,0.5203535,0.287626,0.45955667,0.34879443,0.191981,0.22756068,0.37601486
TCGA.12.1098.01,0.28431445,0.27547187,0.37192374,0.26815,0.44334373,0.12359834,0.65317917,0.15895946,0.7560315,0.5607699
TCGA.12.1099.01,0.27578753,0.6479003,0.47495982,0.43811524,0.29983407,0.29330212,0.10746036,0.22773412,0.68216556,0.36299914
TCGA.12.1597.01,0.500225,0.572751,0.3758214,0.13522872,0.40130916,0.024812646,0.38083282,0.2598236,0.73315084,0.5933845
TCGA.12.1598.01,0.61763334,0.52610713,0.3663895,0.35594535,0.105265155,0.46828625,0.30477768,0.2936671,0.47318,0.2649356
TCGA.12.1599.01,0.2204844,0.46004894,0.43306637,0.43352103,0.5236016,0.25561872,0.4528339,0.2757595,0.65567553,0.117188185
TCGA.12.1600.01,0.6626237,0.34261078,0.4237824,0.1805888,0.25306055,0.27215755,0.6594918,0.37045753,0.33719492,0.34845942
TCGA.12.1602.01,0.61675304,0.42770195,0.4313513,0.2806497,0.60671866,0.32343847,0.019695867,0.6195697,0.2771151,0.17190534
TCGA.12.3644.01,0.20464768,0.5313352,0.45953453,0.41518798,0.46234852,0.39225608,0.043593857,0.5248042,0.64041406,0.15133421
TCGA.12.3646.01,0.5048454,0.52222335,0.47969532,0.25828522,0.1936854,0.1269912,0.20621617,0.46463808,0.76776516,0.38588127
TCGA.12.3648.01,0.32436967,0.28669226,0.5391149,0.31902185,0.22494629,0.21613076,0.661063,0.35485673,0.7178804,0.2554326
TCGA.12.3649.01,0.52853346,0.49684617,0.374072,0.39937142,0.26849416,0.26027867,0.69073355,0.3507089,0.24047932,0.26072246
TCGA.12.3650.01,0.6769837,0.5488742,0.43732828,0.33821976,0.13362916,0.2922889,0.4785211,0.47027615,0.24642648,0.2511982
TCGA.12.3651.01,0.4114572,0.663496,0.29361132,0.7331638,0.31464747,0.32042035,0.18788591,0.5597225,0.14402004,0.20352358
TCGA.12.3652.01,0.5216108,0.27882192,0.44246536,0.5267063,0.097340934,0.40686384,0.4490616,0.527398,0.28584018,0.2763128
TCGA.12.3653.01,0.28496927,0.2586542,0.49446315,0.5332133,0.044385966,0.37511683,0.64924055,0.4207692,0.46094087,0.35593355
TCGA.14.0736.01,0.2941643,0.43615362,0.3282744,0.6615339,0.39120626,0.72273695,0.40783876,0.2840185,0.06178707,0.074369766
TCGA.14.0783.01,0.3705333,0.20833112,0.4326247,0.37757576,0.23706752,0.34943342,0.43138394,0.3210483,0.8403742,0.2830158
TCGA.14.0786.01,0.16803537,0.17690024,0.5521867,0.39158592,0.33520788,0.22669713,0.6248178,0.2726753,0.8150343,0.28790635
TCGA.14.0787.01,0.6328802,0.2895543,0.34387162,0.38665274,0.20497833,0.37534672,0.6931099,0.26805183,0.24723002,0.39968592
TCGA.14.0789.01,0.52076066,0.2731986,0.35762468,0.47131908,0.41112378,0.6159482,0.5419709,0.33216408,0.12360263,0.13338967
TCGA.14.0790.01,0.64992416,0.3777883,0.44521394,0.13435717,0.12367961,0.033406053,0.76480794,0.35277337,0.78314024,0.3102933
TCGA.14.0812.01,0.5008785,0.64223546,0.23943314,0.42222112,0.46793064,0.42134264,0.37278613,0.2938284,0.20565023,0.19710498
TCGA.14.0813.01,0.4250677,0.5447357,0.42524752,0.6397712,0.28452483,0.49438435,0.19491304,0.5119092,0.14681558,0.0665421
TCGA.14.0817.01,0.41314495,0.50622296,0.36661705,0.4290412,0.21823962,0.36798576,0.42850047,0.30332282,0.6545692,0.14164503
TCGA.14.0865.01,0.2970254,0.4143846,0.5733322,0.63648295,0.020247007,0.5386067,0.03254198,0.40237802,0.24150829,0.57949036
TCGA.14.0866.01,0.58229625,0.50624806,0.38479504,0.37420905,0.30230784,0.39422062,0.3748069,0.3817247,0.23332122,0.24111454
TCGA.14.0867.01,0.4849825,0.47540343,0.44161686,0.38013354,0.35923263,0.5118808,0.3504654,0.37323865,0.16183482,0.2543259
TCGA.14.0871.01,0.01251431,0.07964321,0.8870102,0.04344115,0.45083115,0.68586767,0.02047667,1.1752361,0.0034900156,0.3211999
TCGA.14.1034.01,0.14811443,0.2799875,0.43465573,0.36917362,0.6017726,0.26924428,0.56797355,0.3645817,0.65466905,0.15115432
TCGA.14.1037.01,0.26671842,0.35594815,0.4071987,0.33548295,0.68532467,0.39123306,0.35364297,0.28307894,0.5747086,0.1591388
TCGA.14.1396.01,0.31257096,0.16212142,0.403534,0.33791822,0.43597746,0.3377052,0.34340438,0.47282305,0.8112917,0.21219991
TCGA.14.1401.01,0.3618373,0.56875604,0.4235309,0.5749166,0.48183683,0.39688706,0.10667944,0.47609666,0.16112575,0.20253545
TCGA.14.1402.01,0.22181849,0.17935061,0.4705865,0.20665258,0.57117635,0.14702271,0.3882516,0.40308705,0.9026675,0.3464015
TCGA.14.1451.01,0.3379049,0.574342,0.43748283,0.5768772,0.4138994,0.55730736,0.15610905,0.28963047,0.103371285,0.2886791
TCGA.14.1452.01,0.59312505,0.28096187,0.3447873,0.3376728,0.34935585,0.44683644,0.56836647,0.32894224,0.24256442,0.31126893
TCGA.14.1453.01,0.5776901,0.35853833,0.37757206,0.32615334,0.13034385,0.371124,0.6422404,0.32884407,0.2866469,0.42277998
TCGA.14.1454.01,0.21297155,0.70498246,0.58343667,0.35277316,0.14508253,0.32682207,0.08530405,0.29132426,0.74421114,0.3290701
TCGA.14.1455.01,0.2945881,0.5509725,0.51611537,0.8433804,0.09445787,0.7261594,0.022376057,0.43542358,0.05747784,0.09712949
TCGA.14.1456.01,0.3316455,0.09882884,0.3709638,0.27980033,0.70867175,0.11492323,0.2782185,0.26606944,0.14503393,1.3700632
TCGA.14.1458.01,0.24299051,0.39522547,0.31460333,0.33087587,0.72241944,0.015143632,0.28634572,0.1975203,0.07368515,1.3498514
TCGA.14.1459.01,0.17748484,0.39860615,0.41378847,0.6487988,0.27087972,0.40114224,0.28009427,0.3660763,0.6005391,0.19314186
TCGA.14.1794.01,0.5290328,0.44003677,0.45701757,0.28821775,0.47050908,0.5028497,0.2253892,0.47664213,0.15239711,0.21694177
TCGA.14.1795.01,0.629109,0.38901082,0.4795456,0.27014765,0.32162124,0.43312186,0.26075327,0.35508084,0.29318964,0.37763533
TCGA.14.1821.01,0.4154726,0.108545415,0.48229712,0.2362221,0.2800606,0.21939509,0.17304517,0.260071,0.1058107,1.6456311
TCGA.14.1823.01,0.49343687,0.28689107,0.17871049,0.39080167,0.38473526,0.47416914,0.5864199,0.16892272,0.46527967,0.35622734
TCGA.14.1825.01,0.4873289,0.6397768,0.5009616,0.57152617,0.056130987,0.5439592,0.04751427,0.43799898,0.17283265,0.2390085
TCGA.14.1827.01,0.31951493,0.52953005,0.35336524,0.6316023,0.34968325,0.41302106,0.41504708,0.35191256,0.15535995,0.22030026
TCGA.14.1829.01,0.46877664,0.52017903,0.23336321,0.44613343,0.39986363,0.61111635,0.42698812,0.25865856,0.19429052,0.12836808
TCGA.14.2554.01,0.3127317,0.40234554,0.33209735,0.5192353,0.35852754,0.3458531,0.5951188,0.27822354,0.5122452,0.19816639
TCGA.14.2555.01,0.16349137,0.19179218,0.48657337,0.34321725,0.44745046,0.2077388,0.44021735,0.5880636,0.81704587,0.15944463
TCGA.14.3476.01,0.35108396,0.64496577,0.33748132,0.42391253,0.42165133,0.58252716,0.12702997,0.32773164,0.20118223,0.27457795
TCGA.14.3477.01,0.08851094,0.43825987,0.53254175,0.84799814,0.042449526,0.52789915,0.022691939,0.5702824,0.16371828,0.50443834
TCGA.14.4157.01,0.31728184,0.123516105,0.40695924,0.2543032,0.48449606,0.041524094,0.22384425,0.34898818,0.18412848,1.6042349
TCGA.15.1446.01,0.5788271,0.553187,0.34063205,0.2859562,0.44882706,0.30369028,0.5955249,0.3486558,0.14651416,0.2211372
TCGA.15.1447.01,0.23437122,0.46777052,0.6569938,0.46435985,0.19389486,0.43465352,0.029668557,0.4879766,0.42316628,0.35025257
TCGA.15.1449.01,0.21547313,0.78341377,0.46105582,0.6431248,0.235824,0.42229903,0.065135956,0.49722788,0.15345226,0.23936483
TCGA.16.0846.01,0.64788663,0.721944,0.31369862,0.33168355,0.3499354,0.3067924,0.34263968,0.25951704,0.16775541,0.40165406
TCGA.16.0848.01,0.63795763,0.58759344,0.42481068,0.38875517,0.2831302,0.50514823,0.3420209,0.28353614,0.14586926,0.17793648
TCGA.16.0849.01,0.3842145,0.19335164,0.35318774,0.37907067,0.49855405,0.19219145,0.3159793,0.10449634,0.04971912,1.4636894
TCGA.16.0850.01,0.24051602,0.10362577,0.54317015,0.3041408,0.211663,0.1846184,0.14392509,0.17333558,0.43794948,1.5957103
TCGA.16.0861.01,0.2840849,0.49676716,0.45516476,0.9233308,0.18084678,0.59285253,0.11478061,0.43573296,0.106866084,0.090906136
TCGA.16.1045.01,0.16951905,0.3985858,0.3595394,0.62875307,0.5129925,0.49274337,0.32027912,0.29459405,0.493482,0.08090045
TCGA.16.1047.01,0.20215246,0.24196789,0.5145352,0.5883839,0.21321356,0.34648818,0.4551011,0.29412186,0.6556342,0.28064898
TCGA.16.1048.01,0.54072064,0.46964705,0.41850892,0.49294332,0.29482326,0.5000345,0.4322815,0.32711047,0.11351561,0.22262919
TCGA.16.1055.01,0.36481783,0.43845603,0.47502586,0.53906584,0.3177606,0.5941969,0.3582144,0.4090872,0.09977906,0.13861181
TCGA.16.1056.01,0.50593626,0.40916553,0.47994977,0.29367647,0.2556809,0.4650617,0.64736193,0.26729396,0.16148363,0.3066443
TCGA.16.1060.01,0.20716156,0.31188488,0.4600437,0.3306286,0.54956317,0.33577317,0.4187447,0.34559867,0.6809755,0.17942138
TCGA.16.1062.01,0.39512786,0.26813245,0.5172085,0.2389107,0.25426295,0.20821773,0.5751002,0.31802782,0.82921445,0.27406287
TCGA.16.1063.01,0.52792084,0.4076676,0.33320567,0.34083205,0.37632725,0.37824625,0.47142872,0.29205444,0.22309542,0.44460937
TCGA.16.1460.01,0.24086292,0.1286182,0.3143312,0.26912826,0.7348635,0.14632891,0.23545341,0.15938155,0.2923971,1.3846596
TCGA.19.0955.01,0.2543107,0.36249024,0.353027,0.4883635,0.6257081,0.3935316,0.6176407,0.30898196,0.14930552,0.22557051
TCGA.19.0957.01,0.45967576,0.5954013,0.48526725,0.29606745,0.38676614,0.3092111,0.07036143,0.3270157,0.62398344,0.273381
TCGA.19.0960.01,0.14689372,0.75283605,0.5814202,0.59941375,0.12451229,0.3740502,0.037826672,0.27259704,0.6340162,0.22274894
TCGA.19.0962.01,0.20961429,0.46067032,0.3693099,0.44330758,0.47623265,0.24898446,0.52852374,0.3057262,0.59440446,0.19403921
TCGA.19.0963.01,0.4326477,0.79253227,0.37115377,0.5690512,0.31001323,0.44863698,0.13239647,0.3836776,0.098446794,0.18691681
TCGA.19.0964.01,0.84621483,0.2790472,0.24877447,0.11279221,0.25216958,0.2184234,0.67400616,0.22138733,0.31379703,0.71183896
TCGA.19.1385.01,0.1913586,0.26517603,0.3981524,0.4319238,0.71292543,0.70438963,0.5281973,0.38681006,0.012382289,0.0913516
TCGA.19.1386.01,0.50673515,0.34575352,0.4564503,0.2540729,0.3135716,0.27148074,0.6969396,0.39634094,0.24963877,0.31316268
TCGA.19.1387.01,0.73056114,0.663186,0.2820049,0.3081185,0.2921154,0.4041675,0.2935916,0.23596807,0.21731664,0.3541689
TCGA.19.1388.01,0.34987497,0.5356626,0.38872483,0.68653226,0.27804577,0.5252107,0.17781001,0.43650842,0.07637812,0.26747903
TCGA.19.1389.01,0.19247071,0.40319142,0.32294846,0.56293136,0.6843345,0.6122759,0.3779634,0.38757122,0.053453147,0.14220053
TCGA.19.1390.01,0.40378734,0.59185237,0.57596606,0.41084453,0.07344881,0.27583173,0.13754171,0.48140132,0.60939693,0.3127382
TCGA.19.1392.01,0.50444067,0.4781287,0.3661498,0.358243,0.18000133,0.30681106,0.23619564,0.272246,0.5711476,0.55468065
TCGA.19.1786.01,0.3271448,0.50093174,0.50348043,0.52335435,0.17215082,0.37279746,0.5033966,0.31774816,0.43482122,0.086964674
TCGA.19.1787.01,0.4669904,0.4272808,0.28306437,0.44536337,0.31418517,0.4787504,0.65068495,0.3882805,0.11184743,0.3163109
TCGA.19.1788.01,0.29532385,0.36993465,0.25424024,0.3413044,0.6851884,0.04936844,0.28677467,0.1531883,0.05072115,1.4221987
TCGA.19.1789.01,0.28716627,0.46735698,0.46309477,0.24247131,0.32847378,0.06495008,0.633035,0.2932051,0.7978066,0.26914456
TCGA.19.1790.01,0.615039,0.26031017,0.23593408,0.34348232,0.48945916,0.55672884,0.4920246,0.3262063,0.23322454,0.2809236
TCGA.19.1791.01,0.11509036,0.45164287,0.48855838,0.613453,0.1573579,0.23728892,0.44826168,0.41836545,0.7060179,0.14192614
TCGA.19.2619.01,0.18770581,0.34780815,0.5592791,0.44379255,0.34967875,0.22654957,0.64073646,0.38264802,0.54193676,0.23510459
TCGA.19.2620.01,0.6128625,0.5647734,0.27715683,0.37579966,0.40078202,0.22770706,0.6273873,0.34698072,0.1670959,0.30210632
TCGA.19.2621.01,0.48394346,0.3623922,0.47425458,0.56320226,0.09460945,0.42730266,0.60891163,0.52058893,0.14454348,0.14852911
TCGA.19.2623.01,0.5198477,0.4018333,0.3814316,0.37766743,0.4042345,0.47934505,0.5578912,0.39481223,0.14717044,0.19384314
TCGA.19.2624.01,0.4569046,0.5899142,0.58758366,0.4257045,0.1319009,0.36267725,0.3256609,0.4348274,0.19239576,0.3223486
TCGA.19.2625.01,0.15409319,0.22586136,0.4705575,0.6410893,0.45253077,0.3008522,0.39110288,0.5069231,0.60174817,0.13213105
TCGA.19.2629.01,0.50061315,0.27295902,0.27803344,0.45981324,0.3848034,0.30598006,0.31837463,0.2578506,0.042530492,1.1552382
TCGA.19.2631.01,0.26312765,0.2902962,0.48519439,0.43065417,0.22351363,0.16895899,0.6391307,0.29315662,0.7508428,0.36266375
TCGA.19.4068.01,0.30879,0.27237287,0.3750811,0.4304736,0.4853029,0.032042235,0.5049516,0.6196662,0.57412314,0.30427203
TCGA.26.1438.01,0.26266605,0.3591109,0.38576397,0.5685785,0.62341243,0.65486455,0.32846612,0.28754202,0.051065426,0.19948246
TCGA.26.1439.01,0.42123947,0.2798054,0.45101282,0.4491829,0.44999692,0.41356277,0.45837185,0.523195,0.16930044,0.20091717
TCGA.26.1440.01,0.17681946,0.38399523,0.47695795,0.8216587,0.26545247,0.58010954,0.29899335,0.4018223,0.14816113,0.12582034
TCGA.26.1443.01,0.1318161,0.15116428,0.5661616,0.24969,0.47386336,0.17703663,0.45574036,0.3828532,0.90749353,0.34670514
TCGA.26.1799.01,0.5046882,0.57574356,0.41593477,0.32448387,0.35693222,0.30883834,0.45206895,0.39486063,0.19305634,0.27988935
TCGA.27.1830.01,0.5613706,0.31769255,0.3916857,0.4177097,0.4717237,0.5367547,0.22208871,0.3537586,0.07251503,0.4324741
TCGA.27.1831.01,0.3674582,0.31177622,0.36240104,0.5491959,0.39935952,0.5268283,0.5048941,0.47206777,0.12998645,0.13195583
TCGA.27.1832.01,0.13904792,0.25881764,0.3600805,0.42562708,0.68067795,0.50326675,0.49529827,0.3733787,0.45955977,0.07096937
TCGA.27.1833.01,0.33616346,0.24884528,0.492236,0.24925034,0.27528232,0.09241027,0.6762949,0.2885383,0.92893136,0.30616608
TCGA.27.1834.01,0.52634084,0.462841,0.2925811,0.5981117,0.33687338,0.48307285,0.32025182,0.32978824,0.11968408,0.29500884
TCGA.27.1835.01,0.19242482,0.35544682,0.5986051,0.44646424,0.16378751,0.2156372,0.62114024,0.43919998,0.6821116,0.1320691
TCGA.27.1836.01,0.04640288,0.5627461,0.5862051,0.59021646,0.44679436,0.26601246,0.097905405,0.47032806,0.51184106,0.20683224
TCGA.27.1837.01,0.44517782,0.46930814,0.47525564,0.61053824,0.21519181,0.40036467,0.33249515,0.49599478,0.10962464,0.25764376
TCGA.27.1838.01,0.25687778,0.35684082,0.560215,0.6677444,0.23109087,0.45316774,0.22684957,0.53180283,0.4390519,0.06246967
TCGA.27.2518.01,0.41183382,0.6597654,0.33848625,0.3461143,0.57737535,0.13455744,0.49421963,0.425393,0.26446527,0.20897715
TCGA.27.2519.01,0.5003251,0.4020208,0.3327392,0.5875783,0.40384015,0.47285843,0.33478013,0.34323147,0.16130373,0.28776902
TCGA.27.2521.01,0.3731581,0.16200268,0.42929688,0.52965707,0.19044264,0.35619888,0.18383479,0.251725,0.109935075,1.3097208
TCGA.27.2523.01,0.63793904,0.31026375,0.4552012,0.34518808,0.10044622,0.29942757,0.6173251,0.35483307,0.3080851,0.46792677
TCGA.27.2524.01,0.36654723,0.30230984,0.391155,0.38451162,0.47944206,0.37607828,0.5170011,0.45325834,0.2633558,0.337736
TCGA.27.2526.01,0.16750139,0.35249618,0.40834305,0.5843274,0.2988996,0.30474615,0.59908575,0.30514246,0.65385866,0.14604597
TCGA.27.2527.01,0.23995927,0.36093128,0.34754843,0.633548,0.6293428,0.52391636,0.42425555,0.38260582,0.05269975,0.19027358
TCGA.27.2528.01,0.44679648,0.25529346,0.5596736,0.26151004,0.38637885,0.3451456,0.5753175,0.52705866,0.25245422,0.25773787
TCGA.28.1745.01,0.3177374,0.37021276,0.3248979,0.4840155,0.71091217,0.5564027,0.3710059,0.3843954,0.06672644,0.14999674
TCGA.28.1746.01,0.32044762,0.59528774,0.56361395,0.4132249,0.19465634,0.26684,0.18279423,0.26314583,0.68058586,0.33587864
TCGA.28.1747.01,0.51352817,0.59229565,0.33044335,0.55142826,0.27264854,0.35151172,0.47043586,0.4451736,0.082032315,0.22151685
TCGA.28.1749.01,0.63878626,0.35883784,0.5036517,0.20968896,0.14045301,0.35639244,0.70274305,0.36988032,0.23451076,0.29980814
TCGA.28.1750.01,0.3251938,0.30894065,0.47025573,0.45734864,0.41116253,0.3553982,0.29382837,0.28099686,0.6881333,0.25050583
TCGA.28.1751.01,0.100813955,0.27534404,0.41174218,0.41736403,0.7413824,0.4868752,0.46058103,0.27257034,0.4550695,0.15863532
TCGA.28.1752.01,0.18909138,0.5893499,0.32411993,0.3918196,0.5921193,0.27343652,0.4427097,0.28718218,0.59986854,0.13420255
TCGA.28.1753.01,0.52326715,0.44081804,0.49290428,0.34100163,0.3575612,0.5474233,0.4071944,0.43372855,0.11629332,0.16907749
TCGA.28.1755.01,0.16655293,0.18234217,0.63386077,0.5839151,0.20900801,0.44844386,0.09274686,0.5832708,0.64181465,0.17152804
TCGA.28.1756.01,0.40031832,0.30905575,0.31455025,0.2886613,0.5670112,0.035594862,0.23162813,0.25634465,0.10759867,1.4836309
TCGA.28.1757.01,0.3627458,0.30863094,0.460295,0.41029066,0.49935716,0.32533628,0.4493892,0.47768605,0.26610893,0.20949507
TCGA.28.1760.01,0.21413992,0.17604864,0.5086036,0.44435564,0.6314475,0.39660603,0.4036016,0.45036307,0.32757053,0.24505736
TCGA.28.2502.01,0.44349718,0.4947422,0.33079714,0.46462893,0.47499198,0.5471603,0.49472633,0.3352583,0.078470275,0.15291503
TCGA.28.2506.01,0.12334119,0.5638991,0.37230864,0.552129,0.52000076,0.06804867,0.49254555,0.42056948,0.57263875,0.18895744
TCGA.28.2509.01,0.35006917,0.25406483,0.3526826,0.45124197,0.25238898,0.38877574,0.6869096,0.30055168,0.66718954,0.1548399
TCGA.28.2513.01,0.17813605,0.2484649,0.3987822,0.55386525,0.6128887,0.53251183,0.47063887,0.34069312,0.39939865,0.07435169
TCGA.28.2514.01,0.46539697,0.59823483,0.47826695,0.53608465,0.16035503,0.36798194,0.4570071,0.39222622,0.15424824,0.21911563
TCGA.32.1970.01,0.41511574,0.447843,0.5239139,0.46997055,0.286692,0.27299032,0.4315591,0.52349436,0.2429469,0.21572879
TCGA.32.1973.01,0.25211567,0.47657803,0.5177511,0.7336761,0.1316306,0.582425,0.074161164,0.48407885,0.13899945,0.35682315
TCGA.32.1976.01,0.5081813,0.6192967,0.46443972,0.5835765,0.11517505,0.44749767,0.13875857,0.36669788,0.20060177,0.39144075
TCGA.32.1977.01,0.35085684,0.291043,0.5291749,0.28709143,0.55665505,0.40605003,0.4464897,0.41785666,0.4198517,0.14441699
TCGA.32.1978.01,0.81100434,0.16571738,0.4353874,0.0988778,0.2481436,0.16772811,0.5498765,0.49514833,0.31907955,0.64644724
TCGA.32.1982.01,0.28747544,0.35238355,0.5302751,0.25561416,0.61100817,0.19316627,0.30054542,0.58016026,0.67380106,0.10470965
TCGA.32.1986.01,0.28220913,0.101596564,0.55425954,0.33357316,0.74046063,0.39761993,0.3740879,0.6358935,0.22158428,0.20293076
TCGA.32.1987.01,0.2012633,0.3570994,0.3834493,0.38812235,0.5294565,0.46418774,0.6831289,0.29824764,0.3760202,0.18073143
TCGA.32.1991.01,0.5546867,0.41460288,0.33152643,0.49622205,0.2695754,0.42654663,0.48772046,0.40945712,0.148628,0.281888
TCGA.32.2491.01,0.5021487,0.06002131,0.19378804,0.53301823,0.71959627,0.10863029,0.23395042,0.9630552,0.16253527,0.40376693
TCGA.32.2494.01,0.22052549,0.4136803,0.49532542,0.50146633,0.53475237,0.43503886,0.15238899,0.4969428,0.43085456,0.15073286
TCGA.32.2495.01,0.45551395,0.41176257,0.33904138,0.2549723,0.3871453,0.028015297,0.5911636,0.30663678,0.7321649,0.4609684
TCGA.32.2615.01,0.3367034,0.36364445,0.36139587,0.62442315,0.43541977,0.45528215,0.45011035,0.49737874,0.116270736,0.17900108
TCGA.32.2616.01,0.0699555,0.3559483,0.48035195,0.60003364,0.39249882,0.3567863,0.46765003,0.43963528,0.53536785,0.14830391
TCGA.32.2632.01,0.43236896,0.39925128,0.34274727,0.4459283,0.42192546,0.43641886,0.6065656,0.53628105,0.078792684,0.16366413
TCGA.32.2634.01,0.71937263,0.6910075,0.36949962,0.3042592,0.18488011,0.34019893,0.32914576,0.4641045,0.19188327,0.3023168
TCGA.32.2638.01,0.70698,0.32561317,0.37811938,0.26529235,0.338401,0.3566081,0.61963737,0.41932014,0.18969688,0.2956131
TCGA.32.4208.01,0.5158664,0.10077317,0.24409784,0.20759256,0.4969971,0.34252056,0.33311525,0.13396691,0.096403986,1.4824951
TCGA.32.4209.01,0.32573816,0.27667022,0.27892417,0.53879595,0.45457372,0.55625725,0.7481876,0.27930188,0.08655553,0.28118378
TCGA.32.4210.01,0.55221355,0.6288004,0.39452648,0.5230945,0.011016088,0.48868936,0.24958281,0.3108916,0.17985822,0.45630226
TCGA.32.4211.01,0.7511274,0.6071945,0.24225034,0.33986226,0.30685988,0.4631945,0.46146068,0.2280751,0.1416942,0.3032468
TCGA.32.4213.01,0.2986125,0.33154523,0.45055163,0.5707642,0.3217285,0.5054085,0.3125995,0.3546546,0.45947754,0.20694518
TCGA.32.4719.01,0.6907727,0.37933803,0.31748068,0.39556605,0.24592438,0.30923954,0.53656584,0.43867317,0.19950059,0.34964254
TCGA.41.2571.01,0.46262354,0.5702248,0.46199435,0.39813107,0.37951583,0.293476,0.103644915,0.4995773,0.22148597,0.4930361
TCGA.41.2572.01,0.7652013,0.26720136,0.37464127,0.18119359,0.43991122,0.10607622,0.38455817,0.7220342,0.32898563,0.32301673
TCGA.41.2573.01,0.3466957,0.8364996,0.40277568,0.6657747,0.29599473,0.3547107,0.16402121,0.44901612,0.09309105,0.21404071
TCGA.41.2575.01,0.39250943,0.53940696,0.412674,0.79003924,0.100787885,0.49122772,0.231973,0.40145224,0.14843607,0.265943
TCGA.41.3392.01,0.35769776,0.45104754,0.41277447,0.5784688,0.3165103,0.3047356,0.5035378,0.4142572,0.23584706,0.29981604
TCGA.41.3393.01,0.37200168,0.4701254,0.42080396,0.27567783,0.4189449,0.29570627,0.47035936,0.2892758,0.6696677,0.21994144
TCGA.41.3915.01,0.42355108,0.421053,0.37558883,0.51624316,0.3621874,0.61620945,0.31381127,0.3242744,0.09192916,0.3426792
TCGA.41.4097.01,0.29729518,0.450009,0.33830243,0.35552922,0.56284875,0.27291957,0.58585656,0.31213403,0.51062244,0.22038484
