ebv-miR-BART1-3p,0.94264144,1.3297579,0.9466504,0.6677046,1.1152426,1.00179,0.7001188,1.2354318,1.3395791,0.9679788
ebv-miR-BART1-5p,0.9857575,1.1726354,0.85212076,0.8502703,1.3290724,0.9482658,0.8738549,1.0010405,1.0233015,1.0579141
ebv-miR-BART10,0.95775115,1.261964,0.99497426,0.8579866,1.2153127,1.0290998,0.8949855,1.0500299,1.0544645,0.7820943
ebv-miR-BART11-3p,1.260119,0.8828242,0.84291553,0.59823185,1.4171242,0.86962175,1.0639795,1.4609939,0.9306781,0.9987989
ebv-miR-BART11-5p,0.9814399,1.1517209,1.1312536,0.9258656,0.9679596,1.1119534,0.9618502,1.0196755,0.9566327,0.8365645
ebv-miR-BART12,0.88098514,1.5396975,1.0391469,0.98485154,0.8602759,0.74835914,0.8841894,1.1424407,1.0176282,1.0889832
ebv-miR-BART13,0.64853156,1.18158,0.24991311,1.3963411,2.3276126,1.4222277,0.5354841,1.320477,1.1794151,1.4033471
ebv-miR-BART14-3p,1.0103574,1.2282839,0.8447257,0.9991823,1.1175311,0.94591296,0.8540437,1.1365817,1.0183369,0.91403025
ebv-miR-BART14-5p,1.1245279,1.0059675,1.2129788,0.8491044,0.86440986,0.94568366,0.8546458,1.2122672,0.93489456,1.0840541
ebv-miR-BART15,0.9448858,1.2761649,1.1929113,0.880936,0.9387228,1.0017208,1.0361532,1.0536579,0.8738893,0.87974006
ebv-miR-BART16,1.1448572,1.8051491,0.7932279,0.41138065,1.0324285,0.98157686,0.77910995,1.6224574,1.5969753,1.0311173
ebv-miR-BART17-3p,1.0818049,1.3125321,0.9117907,0.5600155,1.2502754,1.0173873,0.72347736,1.4199327,1.396988,0.95825624
ebv-miR-BART17-5p,0.88689065,1.081012,0.8383005,0.94166404,1.6178082,1.0073123,0.88078296,1.077768,0.94370157,0.90502435
ebv-miR-BART18,0.95586765,1.313269,0.9326936,0.68241096,1.0912908,0.9922788,0.7061841,1.2472682,1.3229282,0.99237484
ebv-miR-BART19,0.8145812,2.5850084,0.34864488,1.1034694,2.474718,1.3997577,0.62194026,0.57497525,0.855735,2.4579053
ebv-miR-BART2,0.9934248,1.3718374,0.8808505,0.66968834,1.2580394,1.0577016,0.6445067,1.3486086,1.531144,1.045844
ebv-miR-BART20-3p,0.9602469,1.2745608,0.9224917,0.7104204,1.1756179,0.9687884,0.72730654,1.1645651,1.2756337,1.0256956
ebv-miR-BART20-5p,1.0947964,1.0404537,0.92093873,0.99017054,1.0318015,0.886876,0.9737523,1.013301,1.015466,1.0501184
ebv-miR-BART3-3p,1.0246701,1.2434477,1.0731496,0.8235715,1.0988998,1.0762902,0.8991435,1.0656143,0.8957567,0.874659
ebv-miR-BART3-5p,0.8684369,1.1646432,1.0238048,0.94512635,0.9734949,1.0782882,0.9864822,1.1639208,0.9214656,0.9202926
ebv-miR-BART4,1.1057119,1.0544518,1.0528628,0.9151512,1.0303397,1.0237117,1.1412264,1.0286225,0.9481762,0.7582788
ebv-miR-BART5,0.97102666,1.1699358,0.8654267,0.8540891,1.3524599,1.0568084,0.6371615,1.1651485,1.2863531,1.0190588
ebv-miR-BART6-3p,0.92856807,1.1897929,1.0383748,0.8128953,1.0726551,1.120028,0.7967838,1.0190542,1.1561143,0.9509986
ebv-miR-BART6-5p,0.9360186,1.235954,1.1162505,0.9709603,1.0222377,1.0818032,0.9704578,0.9998001,0.8722361,0.85214585
ebv-miR-BART7,1.04121,1.5917318,0.4139526,0.99395,1.4117005,1.2377217,0.575571,1.2381742,1.2025083,1.2678927
ebv-miR-BART8-3p,1.3705859,1.2654122,0.70841515,1.0159808,1.6235976,1.0233495,0.46858966,0.79247034,0.80651003,1.3577528
ebv-miR-BART8-5p,0.92721444,1.242026,1.204105,0.85784304,0.96428955,1.0814614,1.0260613,0.98935133,0.8508213,0.93335587
ebv-miR-BART9,0.9430062,1.2161907,0.83824086,0.9185401,1.3201891,0.96639365,0.7439323,1.002195,1.0878056,1.0948516
ebv-miR-BHRF1-1,0.902948,1.287386,0.66141266,0.3694981,1.5997239,1.085679,1.1793385,1.3877368,1.2802733,0.9826647
ebv-miR-BHRF1-2,0.90519565,1.2024114,1.1369544,0.8111908,1.118343,1.1944362,0.88878614,0.98882496,0.9692179,0.87564665
ebv-miR-BHRF1-2*,1.0140445,1.1539344,1.0692892,0.8133469,1.470415,0.8439492,0.9273323,0.96153206,0.97260934,0.9132255
ebv-miR-BHRF1-3,0.856143,1.144191,1.2020731,0.84855974,1.024791,1.189611,0.9247637,1.07965,0.9631665,0.85356116
hcmv-miR-UL112,0.7811613,1.2293324,1.2802762,0.74837536,1.2378404,1.1791116,0.7299184,1.1052442,1.0725328,0.8499411
hcmv-miR-UL148D,1.4075295,1.3413308,1.4344541,0.35536897,1.1029564,1.2885787,0.9556644,1.1100309,0.9126261,0.74458945
hcmv-miR-UL22A,0.9088829,1.2668533,0.7888737,0.93808836,1.3906033,1.0858876,0.52389497,1.2602452,1.44288,1.0557007
hcmv-miR-UL22A*,0.8908113,1.2036172,1.2261078,0.921928,0.9298847,1.2114526,0.9115785,0.9564799,0.98530024,0.8525753
hcmv-miR-UL36,1.0871598,1.4015502,0.373135,1.2757627,1.502215,1.2448341,0.5637164,0.70352054,1.2257094,1.4278953
hcmv-miR-UL70-3p,0.705556,0.8576916,0.4502779,1.3001175,1.9608322,0.92033994,0.8751667,1.2268897,1.185981,0.7816152
hcmv-miR-UL70-5p,0.9755514,1.3327358,0.9140332,0.72451293,1.1228029,1.0153139,0.6595294,1.2110443,1.3224453,1.0086188
hcmv-miR-US25-1,1.0236461,1.471482,0.5594382,0.6972158,1.5276915,0.6643283,0.95392466,1.1190478,1.0987157,1.4040656
hcmv-miR-US25-2-3p,0.7551748,0.9933759,0.9828029,1.0151716,1.275469,1.0621494,0.9375934,1.0648714,0.8492976,1.1632026
hcmv-miR-US25-2-5p,0.9783005,1.3444976,0.55202156,1.2845668,1.3643605,1.0838246,0.57393086,0.8328452,1.1428494,1.2816677
hcmv-miR-US33,1.4843432,0.74142456,0.7750881,0.7700654,1.5360276,1.254533,0.7358539,1.625636,0.56184715,1.168605
hcmv-miR-US4,1.0987382,1.5980002,0.3677387,1.0525966,1.4727392,1.2661755,0.7033017,1.1829716,1.3658952,1.2021543
hcmv-miR-US5-1,0.772943,1.0724188,0.91200227,1.0428001,1.9230837,1.1053714,0.7338295,0.92153704,0.78565454,1.122606
hcmv-miR-US5-2,0.9632692,1.250834,1.1218344,0.88208,1.0512872,1.1055522,0.9316136,1.0110856,0.90068114,0.85065013
hsa-let-7a,0.91288674,1.3633777,1.9835957,1.0229636,0.4606129,1.2727096,0.9396279,0.7668699,0.51627845,0.8427394
hsa-let-7b,0.78830546,1.2643603,1.08474,0.7060106,0.95189834,1.1290642,1.084716,0.96862125,1.212709,1.2243955
hsa-let-7c,0.92765254,1.0548555,1.2944958,0.87007225,0.42016754,1.2475914,1.7413523,0.48177713,1.3702434,0.88967735
hsa-let-7d,0.82251304,1.2182666,1.6689284,1.0762912,0.5585814,1.1216767,1.3765892,0.44496697,0.9426539,0.9446585
hsa-let-7e,1.5703388,1.2517564,2.3840415,1.01053,0.41806918,1.2265582,1.1826547,1.008736,0.37278804,1.0728948
hsa-let-7f,0.89663,1.4156218,1.7679332,1.1173995,0.5277181,1.4935147,1.4358513,0.30290267,1.0274323,0.988316
hsa-let-7g,0.8841298,1.4862844,2.106276,1.1705598,0.4156552,1.3356136,0.87190723,0.81211364,0.57538795,0.83010083
hsa-let-7i,0.6090338,1.6329441,1.0382526,1.0159442,0.19758339,1.498386,1.1466755,1.2417984,1.235289,1.4681245
hsa-miR-1,0.6005864,1.1546704,1.1720334,0.96763265,1.6194247,0.8088182,0.8140499,0.9756763,1.5276629,0.8043011
hsa-miR-100,1.5470268,1.5393199,1.7552913,0.41712806,0.3538084,1.1916336,1.3772584,1.0974351,0.7274384,1.1020513
hsa-miR-101,0.9495727,0.97311413,1.3867254,1.137605,0.34556502,1.3693888,1.5371044,1.0619648,1.2856019,0.695269
hsa-miR-103,0.42142093,0.64295334,1.4017593,0.9043265,1.6325544,1.3354777,1.2717134,0.79789424,1.2136003,1.0805302
hsa-miR-105,0.7526458,0.9850238,1.4398692,0.9598831,1.0321401,1.2088276,1.0055073,0.85824317,1.1059633,0.818718
hsa-miR-106a,0.18866482,0.97740185,2.2322898,1.5462737,0.48612776,0.7246249,1.4081085,0.680476,1.7980244,2.0141401
hsa-miR-106b,0.24927528,1.0532922,2.250189,1.3051815,0.54116035,0.79941267,1.4949646,0.6482271,1.7040926,1.9843873
hsa-miR-107,0.47564185,0.8584942,1.050406,1.4896679,1.0202427,1.026343,0.83529794,1.3505486,1.1929553,1.1343681
hsa-miR-10a,0.6909539,1.751281,1.2550148,0.31807646,0.6703544,1.1147239,0.77797675,1.007631,0.98074985,1.3429809
hsa-miR-10b,0.26532787,0.84562796,1.9173937,1.027694,1.0931878,0.7850557,1.5216382,0.4858637,1.0439676,1.3110694
hsa-miR-122a,1.0073979,1.1765317,1.3469309,0.8203265,0.9740091,1.0292284,1.0360659,0.9962754,0.89278096,0.826789
hsa-miR-124a,0.5598594,1.1217959,1.5574359,1.1995865,1.2079787,0.8720743,0.85751605,0.73040545,1.638371,0.9864165
hsa-miR-125a,1.5247041,1.1807499,1.6086272,0.6742153,0.36446238,1.3822262,1.122451,1.2174103,0.49757734,1.4206109
hsa-miR-125b,0.6706388,1.3049806,1.2023723,0.8023841,0.32368687,1.174806,1.8629633,0.993916,1.4436717,0.9054074
hsa-miR-126,0.73685145,1.5697571,1.4028399,1.3480563,1.4747224,1.575359,0.2755121,1.0591829,0.5054561,1.1177943
hsa-miR-126*,1.2336674,1.3792073,1.1976122,1.3426452,0.643,1.3592876,0.6242225,0.78328127,1.0323031,0.8912066
hsa-miR-127,0.27678064,0.4511504,1.0641071,2.155641,2.8324697,2.0494118,0.35228235,0.62757945,1.2508336,1.2131414
hsa-miR-128a,0.90286744,0.6913352,1.8118188,1.607173,0.7138378,0.9408155,0.83063495,0.8803136,1.8916684,0.6224774
hsa-miR-128b,0.7933315,0.8102673,1.5587164,1.3908886,1.0406778,0.90341234,0.8377778,0.7131193,1.8136644,0.8138415
hsa-miR-129,1.0170639,0.8966813,1.1817148,0.56222075,1.1169885,1.3579159,0.65403163,1.2312703,1.7147998,0.648676
hsa-miR-130a,0.43718755,0.7052951,1.4456797,1.5239683,0.78691596,1.7398254,1.3410078,1.1933136,0.9119132,0.7953271
hsa-miR-130b,0.13170479,0.37305766,1.8841721,1.8758876,1.3676844,1.5145073,1.3570334,1.1972141,1.2509791,1.2123408
hsa-miR-132,0.9482213,1.426568,1.4740328,0.4418925,1.0103053,1.4579343,0.8344718,0.75431246,1.0679797,0.9565997
hsa-miR-133a,0.8560637,1.2479842,0.87076813,0.9877384,1.722328,0.4541097,0.9401724,1.1037945,1.1869143,1.1979281
hsa-miR-133b,0.8382636,1.016809,0.8327792,1.1282381,1.9199938,0.44386047,0.5327729,1.4815758,1.5825872,1.1214279
hsa-miR-134,0.692922,0.9126847,0.6255376,1.6472069,2.1307888,1.1767281,0.3911051,1.312562,1.2648284,1.0176272
hsa-miR-135a,2.1902077,1.6605884,2.555029,0.9393908,0.17185935,1.5255668,1.1069725,0.32235482,1.618361,1.2539402
hsa-miR-135b,1.5849341,0.893796,2.0930934,1.1981488,0.5124608,1.4610271,0.13219501,1.1849271,1.3637623,1.5803007
hsa-miR-136,0.38623884,0.73921734,1.5576429,1.6628691,1.6414976,1.4037358,0.5145185,0.62841064,1.7612109,1.0886993
hsa-miR-137,0.902145,0.9424916,1.5625331,1.0609679,1.3434155,0.9815233,0.67536736,0.6011006,1.5530484,0.72051483
hsa-miR-138,1.0315965,1.2429894,2.0989776,1.2460837,1.6561681,0.49860865,0.78145695,0.28066492,1.5641158,0.8339176
hsa-miR-139,0.86439115,1.0243497,1.7997348,1.443897,0.87564635,0.9005174,0.6362293,0.31836292,2.3856816,0.65183556
hsa-miR-140,0.26976308,1.1599772,2.7266245,1.0216419,0.7659681,0.8708844,2.3788872,0.6917872,1.7920495,0.5391273
hsa-miR-141,1.3688593,2.7546952,1.9857794,0.47973067,0.4046057,0.37468588,1.3063384,0.5938061,1.2258605,1.5921859
hsa-miR-142-3p,1.1103997,3.3656344,1.3813155,0.4395721,1.4201285,0.19335404,0.90202016,0.6431088,1.3266276,1.6309024
hsa-miR-142-5p,1.1843716,3.1518924,1.2665557,0.49000496,1.2761511,0.22411695,0.87555426,0.7278796,1.4171026,1.6115904
hsa-miR-143,1.1135578,0.54270476,0.94273233,1.8462074,2.446473,2.1063342,0.24056576,0.9048914,0.8892198,0.9115316
hsa-miR-144,0.8208364,1.2890813,1.5145195,2.2001472,1.6669086,0.48242605,0.4396344,0.66727513,1.1901771,1.889936
hsa-miR-145,0.99090904,0.40053514,0.9451143,2.1130524,2.6055937,2.2660112,0.25758138,0.8749159,0.77769697,0.7915914
hsa-miR-146a,1.0494616,2.206369,1.1888299,0.5734719,0.9676168,0.73141944,0.89144737,0.82261515,1.2658042,1.0613623
hsa-miR-146b,1.1802534,3.0450802,1.2776077,0.2910619,0.92977554,0.65116453,1.1064478,0.9179873,0.6611711,1.8319792
hsa-miR-147,0.97184914,1.2020497,0.8319797,0.79455864,1.3851511,0.94950956,0.9223508,1.0287222,0.9635009,1.0774355
hsa-miR-148a,1.269402,1.699107,1.5092062,0.45010328,1.8693297,1.2734812,0.4552752,0.9710384,0.21745014,0.9097524
hsa-miR-148b,1.1665099,1.3670865,1.7148422,0.86117685,0.72156847,1.6975517,1.992493,1.009277,0.25603938,0.6280873
hsa-miR-149,0.7599093,1.5218377,2.2322454,0.70921904,0.21810706,1.2166202,1.2296219,0.5056437,1.4801874,1.486132
hsa-miR-150,1.7541165,1.7653319,1.0111134,0.6404382,0.9067158,1.1923792,0.79113823,0.79585296,0.9151832,0.800397
hsa-miR-151,0.5094273,0.91051245,1.5428905,1.9027425,0.6782933,1.2520139,2.3295681,0.52055347,0.6801215,1.0429809
hsa-miR-152,1.8781722,1.3420482,0.90536535,0.6189999,1.3957194,1.3953594,0.92400324,1.5273111,0.28686932,0.92712104
hsa-miR-153,1.0294027,0.9133349,1.6575905,1.3690166,0.53849024,1.0719253,0.9139599,0.76097727,1.210237,0.96777517
hsa-miR-154,0.45944044,0.71072495,1.2482018,1.7114397,1.5966724,1.2816495,0.61485547,0.66009283,1.5409167,1.1388012
hsa-miR-154*,0.6943749,1.2130269,1.0542871,1.1570396,1.7968397,1.4206471,0.5640129,0.58158726,1.5893496,0.77690893
hsa-miR-155,1.5906088,2.5661259,1.2187746,0.25066498,1.4964992,0.8559647,0.6956748,1.2447854,0.416744,1.9171562
hsa-miR-15a,1.019349,1.3806702,0.98490953,1.298713,0.23344074,1.2492205,0.90183157,1.2584811,1.4256481,1.0210109
hsa-miR-15b,0.13045692,1.6518831,2.0692337,1.2208537,0.9831337,1.1264718,1.4969227,1.0161368,0.6160528,1.6127124
hsa-miR-16,0.33692047,1.7691069,1.3435829,1.560381,0.22890194,1.1911187,1.689685,0.7561529,0.18006983,1.4473404
hsa-miR-17-3p,0.59649044,0.35253823,1.3693409,1.694502,1.0900759,1.4231222,0.99037933,1.1282876,1.1765234,1.1928995
hsa-miR-17-5p,0.34343964,1.1702168,2.1659687,1.6955957,0.2775958,0.9217194,1.2916412,0.73065853,1.7256857,1.7745452
hsa-miR-181a,0.5441099,0.98753846,1.4964021,1.2036514,0.51174605,0.9947264,1.1687411,0.787879,2.0453856,1.0349481
hsa-miR-181a*,0.41765296,0.3265917,1.7903978,1.876917,0.98790395,1.7457811,0.9738357,1.1800836,1.1797731,0.9011915
hsa-miR-181b,0.40677348,1.2201023,1.2345759,1.3406655,0.66536266,0.929054,1.1788929,0.7341068,1.8215122,1.2824694
hsa-miR-181c,0.8923964,1.0073301,1.4896735,1.3805754,0.23336814,1.0537688,1.0368799,1.0130183,1.2976501,1.3552852
hsa-miR-181d,0.65144163,0.9852721,1.4549469,1.2672412,0.5592953,0.96375245,0.8903603,0.95812434,1.3885566,1.1720774
hsa-miR-182,0.26054356,0.21331875,0.873111,2.2735574,1.6089207,1.5444455,1.0662708,2.1124442,0.9592246,1.3046619
hsa-miR-182*,0.7131776,0.7722421,1.2623473,1.2139703,0.7895712,1.2761446,1.0062888,1.7202125,0.8849407,0.76733506
hsa-miR-183,0.37504494,0.525519,1.2477808,1.2261152,0.31541657,1.2916527,1.4111255,2.3395746,1.4465837,1.258068
hsa-miR-184,0.9363542,0.9299858,0.6464939,0.8573166,2.092959,1.1434265,1.039665,1.0842209,0.8539111,0.8921201
hsa-miR-185,0.71081203,1.78787,1.3958158,0.7976006,1.7741963,0.3090681,1.0165557,1.080391,1.3592751,1.0058202
hsa-miR-186,1.117856,1.2272973,2.4008589,0.784755,0.6410337,0.97592133,2.434651,0.3739786,0.8448844,0.8027116
hsa-miR-187,0.8069481,1.69916,0.6883081,0.8577551,1.1362603,0.90983176,1.012815,1.1421783,1.1640884,0.8862756
hsa-miR-188,1.0079957,1.5183665,0.4535747,0.97813874,1.4612361,1.2580596,0.63074464,1.2854866,1.4268523,1.1334242
hsa-miR-189,1.1446874,0.9896389,1.9512022,0.8394867,1.2446893,0.64302784,0.847628,0.7479454,1.1546421,0.9199023
hsa-miR-18a,0.23001698,1.0423459,1.548802,1.6938444,1.1721917,0.8057212,0.97347075,0.9380363,1.4867625,1.4688011
hsa-miR-18a*,0.7349982,0.7586395,1.10728,1.4107413,1.385607,0.99732697,0.97104853,1.0919389,0.9383324,0.8681643
hsa-miR-18b,0.43718448,0.8203867,1.4920514,1.6436616,1.1479341,0.86726683,0.933965,0.6113059,1.3341959,1.4726733
hsa-miR-190,1.4373453,1.9724311,1.583729,0.6406704,0.29891026,0.83894837,1.1185269,0.7176791,1.1972414,1.4743241
hsa-miR-191,1.3851292,1.4904866,1.8734105,0.59549403,0.3392668,1.0304483,1.2024611,0.7801683,1.2158204,1.149119
hsa-miR-191*,0.90059245,1.525799,0.77587646,1.1051186,1.562997,0.6697946,1.3436009,0.7817613,0.556481,1.4707574
hsa-miR-192,0.89686155,1.5070906,1.9938272,0.42361605,1.330494,0.75988615,2.552146,0.51206434,0.5218054,1.1903305
hsa-miR-193a,1.499495,2.4086509,1.3458922,0.7360653,1.8953522,1.3075503,0.6380834,0.81197864,0.27516276,0.5986657
hsa-miR-193b,1.7417939,1.658512,2.3522103,0.18254316,0.6211083,0.7962915,0.9835349,0.8068513,0.9621021,1.2375234
hsa-miR-194,1.4110711,1.28737,2.272741,0.5377652,0.67361444,1.0227534,1.6178923,0.56867725,0.82581043,0.8366317
hsa-miR-195,0.94573945,1.2773209,1.2383715,0.65133214,0.19936174,1.3744638,1.4126663,1.6645638,1.0541121,1.5082794
hsa-miR-196a,0.25323957,1.2321621,1.1350974,0.8550138,1.4847292,1.2714486,1.5109551,1.154844,1.0315173,1.8298264
hsa-miR-196b,0.17061085,1.9813763,1.8749269,0.7260636,1.2106136,1.1169529,1.8826944,0.17798972,1.6186029,1.9430244
hsa-miR-197,0.6747545,0.80999297,1.4465398,1.5939766,0.99331605,1.4626405,1.243091,1.2921098,1.1028136,0.37613338
hsa-miR-198,1.0025046,0.8414472,0.12340367,1.5152656,2.718981,1.3197256,0.75341874,1.3157355,1.1371047,1.2518132
hsa-miR-199a,0.54771596,0.9127057,0.30350357,2.5191371,4.032992,1.6159081,0.68949413,1.2626112,1.3871104,0.42669263
hsa-miR-199a*,0.15742444,1.3314351,0.60240626,2.3203056,3.8519456,2.404296,0.21108334,1.6294488,0.8788165,0.92892826
hsa-miR-199b,0.6598369,0.7615301,0.5476126,1.9089023,3.0034702,1.4657015,0.9721895,0.83763874,0.86892843,0.5767496
hsa-miR-19a,0.225345,0.29446387,1.9314128,2.3792663,1.1361312,1.2124844,1.3923633,0.7065107,1.6434731,1.3846574
hsa-miR-19b,0.25447962,0.5550438,1.6532946,2.073741,0.87864363,1.4018778,1.2104359,0.72444046,1.5452483,1.2992661
hsa-miR-200a,1.3344259,1.3585324,0.6198061,0.5968755,1.5870354,1.7616963,0.53674054,0.49119285,1.4489099,1.5366017
hsa-miR-200a*,0.9634938,1.355996,0.6169006,0.7899173,1.955057,0.62418646,1.1265435,1.2662942,1.4879413,0.6920934
hsa-miR-200b,1.8572124,1.8020406,1.5803188,0.49256968,0.98001873,1.150247,0.94867164,0.8519705,0.3437246,1.1804059
hsa-miR-200c,1.3512477,2.6194677,1.8943455,0.3083734,0.5273925,0.38948473,1.2929543,0.69086653,1.0914596,1.6435701
hsa-miR-202,0.97741777,1.290699,0.57840556,1.0768436,1.4497826,1.208809,0.44882107,1.0335382,1.3940625,1.2169049
hsa-miR-202*,1.0028806,1.1517433,1.2608566,0.93677205,0.9701345,0.9089679,1.0248125,1.0420496,0.83256507,0.9350642
hsa-miR-203,0.9832612,1.2522894,1.2104306,0.5695598,1.0053548,1.1241597,0.79242015,1.1120168,1.4619728,0.8092817
hsa-miR-204,1.9252993,2.2131777,0.7511981,0.70242214,0.19646104,1.878406,0.84437555,1.9392567,0.18872298,2.1975012
hsa-miR-205,1.3157043,1.1905869,1.0131094,0.69787484,1.3016052,1.0924746,0.8407908,1.0285943,0.7680248,0.95613647
hsa-miR-206,0.9967326,1.5837941,0.7194429,0.6778944,1.4189749,1.1348622,0.6339186,1.6687374,1.8490639,1.0790999
hsa-miR-208,0.91452086,1.1931719,1.2555861,0.8897174,1.0212188,1.0641963,0.9475908,1.0608839,0.9135101,0.8219782
hsa-miR-20a,0.51486194,1.13714,1.8808188,1.5488598,0.3255197,0.9090437,1.1680081,0.78135604,1.6463349,1.463494
hsa-miR-20b,0.37639803,1.1187013,2.1249774,1.6738417,0.34675828,1.0936277,0.91964,0.56411904,1.7375367,1.4899156
hsa-miR-21,0.9731915,3.5927927,1.1306976,0.6292874,1.6543492,0.17685932,1.5367541,0.49798274,0.81401867,2.1978343
hsa-miR-210,0.51610965,1.4752115,1.3534713,1.2567222,1.4504294,0.17006443,0.7334794,0.9012934,0.42546093,1.824288
hsa-miR-211,0.94458514,1.4308594,1.1274638,0.8345064,1.2287257,0.8121992,0.43583605,1.0060476,1.6685152,1.1516172
hsa-miR-212,2.1318383,1.9248047,1.3984205,0.6257556,0.8351636,0.9749163,0.6723966,0.9769791,0.490136,1.0124266
hsa-miR-214,0.17268836,1.5768398,0.811852,1.8449528,3.1271544,1.901435,0.25462082,1.4206004,1.0156024,1.1900368
hsa-miR-215,1.2367339,1.4356905,1.8262023,0.4869402,1.0027746,1.288011,1.6249772,0.6598928,0.6103934,0.72116375
hsa-miR-216,0.5895587,0.63096464,1.3277837,0.88262457,1.3632052,0.91329956,1.1156849,1.124436,1.3907769,1.0566278
hsa-miR-217,0.40244249,0.4205638,1.5213101,0.81523776,1.4227484,1.1332499,1.284406,1.1479528,1.5533214,1.2554209
hsa-miR-218,0.8234128,0.9479436,1.675958,0.52249104,1.4874055,1.441679,1.0260609,0.64332,1.5762818,0.56098986
hsa-miR-219,0.554834,0.8773995,1.2893257,1.1326035,1.0377747,0.43513158,1.1203067,0.17839226,1.6890424,0.76140225
hsa-miR-22,1.2705979,2.1263704,0.74063283,0.3343877,1.8262681,0.86195725,0.91518635,1.0159281,0.8622504,1.1182233
hsa-miR-220,0.8553374,1.1748805,1.1574459,0.8287541,1.2144581,1.0056357,0.78909296,0.9405246,1.1560336,0.9927307
hsa-miR-221,1.0514956,1.8061296,0.5523572,0.6390545,1.0880699,1.4122362,0.36843082,1.2838107,0.88440967,1.5259217
hsa-miR-222,1.2058445,2.3286507,0.55007046,0.5859449,1.1407576,1.3191053,0.45256302,1.3868569,0.5286411,1.7248203
hsa-miR-223,1.0222716,2.9029653,0.5525625,0.7784289,2.0484283,0.34244537,0.82693005,1.2181476,0.97418594,1.155464
hsa-miR-224,0.2859207,1.9304878,1.4550571,0.20911835,2.1414042,1.6778343,1.4637716,1.27343,0.38970897,1.5187633
hsa-miR-23a,1.4991834,1.7720088,1.0574719,0.83299494,1.0690397,1.1687752,1.0623454,1.074861,0.24904354,1.298368
hsa-miR-23b,0.8204713,0.70054525,2.5960758,1.6469197,1.293298,0.7865075,0.6945277,0.49425504,1.1368575,1.1662096
hsa-miR-24,1.3761727,1.1782562,1.2567464,0.78034836,1.9670049,1.1357558,0.7589822,0.9656737,0.36862004,1.0447521
hsa-miR-25,0.3886747,0.2535414,2.1600504,2.0345752,1.0858262,0.8591199,1.026028,1.3938619,0.8293181,1.8382934
hsa-miR-26a,1.7887436,0.49741545,2.6448255,1.6331626,0.8291089,0.670201,0.7279694,0.61240804,1.98411,0.8555997
hsa-miR-26b,1.5001541,1.3244486,1.3806314,1.1173044,0.24490456,1.2162004,1.4345434,0.82497776,0.68650997,1.006165
hsa-miR-27a,1.373546,1.5648626,0.7400576,0.8599702,0.80187625,1.5579333,0.7333035,1.4343247,0.37708268,1.5289036
hsa-miR-27b,0.8591083,0.64186513,2.818148,1.8585651,1.2652901,0.79403543,0.65310484,0.4235363,1.1651081,1.1762223
hsa-miR-28,1.5790446,2.4817894,2.0813627,0.8120858,0.6565091,0.6368648,2.0288537,0.50605804,0.5499345,0.5853019
hsa-miR-296,0.87663233,0.65592587,0.8101567,0.6442839,2.2134144,2.1554668,1.274377,1.843833,0.4749166,0.6263306
hsa-miR-299-3p,0.47933483,1.3234018,1.0694556,1.3232671,1.8954823,1.161493,0.28551647,1.3328462,1.253308,1.0554048
hsa-miR-299-5p,0.35281256,0.7307112,1.6222578,1.7242507,1.817355,1.424209,0.7373718,0.34689534,1.8223541,1.0608053
hsa-miR-29a,1.9354167,2.5206087,1.1122024,0.46697748,0.6501171,0.68001235,1.0300066,0.72131675,1.0521495,1.1727241
hsa-miR-29b,1.6846477,2.2992082,1.4602705,0.3250594,0.5704735,0.93272907,0.92301077,0.5251859,1.2834437,1.0448871
hsa-miR-29c,1.4347913,2.0203006,1.4516587,0.48235062,0.73947227,1.0908142,0.96919954,0.5913263,1.1303557,0.94567263
hsa-miR-301,0.48187575,0.34488195,2.3152308,1.781681,0.83907604,1.8571807,1.6048846,0.6566288,1.3847013,0.5844248
hsa-miR-302a,0.9430419,1.3090655,1.0301394,0.6869819,1.0738609,1.0032718,0.73645836,1.1764237,1.282414,0.95321685
hsa-miR-302a*,0.9358971,1.2211426,1.1855372,0.8953194,0.8929605,0.9618356,1.0528711,1.1210564,0.8793739,0.9250689
hsa-miR-302b,0.8622347,1.138742,1.079556,0.9044854,1.2209895,0.9918678,0.7840409,0.9578977,1.1306087,1.0176477
hsa-miR-302b*,0.9157418,1.2606276,0.9278333,0.92340696,0.98313034,1.0998843,0.98894614,1.0878133,0.8964521,0.9695734
hsa-miR-302c,0.95079976,1.2646952,0.93229026,0.7531566,1.178557,0.9747085,0.7302523,1.1712556,1.253666,1.0125057
hsa-miR-302c*,0.74127877,1.3865849,0.99226356,0.89823246,1.7763498,0.83336824,1.0531318,0.69012135,0.8541024,1.1185437
hsa-miR-302d,0.84871835,1.1697814,1.1036209,0.7798103,1.2464813,1.0454022,0.82773066,0.9528703,1.1632049,0.9797123
hsa-miR-30a-3p,1.8958538,1.0575993,0.9393583,0.8129526,0.47930244,2.1116729,0.5126973,2.370308,0.84956634,0.5980442
hsa-miR-30a-5p,1.7293874,1.6230844,1.3312194,0.6154169,0.25956076,1.4581258,0.9287139,1.2526354,0.76759654,1.0567118
hsa-miR-30b,1.7651955,1.0197021,1.6754048,1.2075593,0.33257565,1.4316294,1.2206411,0.5496872,1.0628747,0.8366683
hsa-miR-30c,1.5273644,1.2204484,1.4530432,0.871956,0.23415066,1.4950159,1.0562154,1.2877184,1.0991856,0.81452906
hsa-miR-30d,1.241731,0.7839694,1.3571517,0.809289,0.68134224,0.91786325,2.0819018,0.66606474,1.3180393,0.8070138
hsa-miR-30e-3p,1.6131252,0.93056864,1.3266491,1.1961597,0.5196362,1.7593312,0.8865151,1.3801391,1.178856,0.3329519
hsa-miR-30e-5p,2.011972,1.6721916,1.3783239,0.9645204,0.48813528,1.2945122,1.170756,0.8984754,1.0024276,0.3438246
hsa-miR-31,2.9063697,2.4671712,1.0941118,0.24307194,1.0599557,0.43354514,0.55473274,1.809513,0.6993605,1.6753092
hsa-miR-32,1.3387228,1.1659386,1.6043175,1.0986327,0.34730577,0.9705192,1.2871203,0.7890786,1.1592749,0.9052595
hsa-miR-320,0.3486768,0.5839158,0.7548192,1.2926164,1.5547948,1.3033922,1.3632863,1.7802378,0.9160049,1.1839871
hsa-miR-323,0.40345985,0.66196465,0.9962713,1.6343415,1.2727813,1.9684105,0.6787916,1.2342838,1.3342013,0.7569377
hsa-miR-324-3p,1.0017853,1.2695837,0.623265,0.4894406,1.6291646,1.4545894,0.42375898,1.5501791,1.5226346,0.9872349
hsa-miR-324-5p,0.8172007,1.1446412,1.60709,0.8439826,0.7471986,0.7856483,1.8874136,0.65035063,1.2205027,0.98148894
hsa-miR-325,0.8730208,1.2086433,1.1186489,0.83018965,1.0368828,1.2133113,0.902048,1.019259,1.0148696,0.8694669
hsa-miR-326,0.9999485,1.2614517,0.9000648,0.7055776,1.5054034,1.2423965,0.59791267,1.4508216,1.6703033,0.8787282
hsa-miR-328,0.8353166,1.2969818,1.3982011,1.335919,0.6818931,1.192431,1.4499799,1.2808613,0.8292888,0.37015972
hsa-miR-329,0.6295042,0.98379374,0.8746149,0.8647283,1.9083185,1.3941653,0.6212897,0.82491857,2.041233,0.70507336
hsa-miR-33,0.9340364,0.6814918,1.8398077,1.3835404,0.45238253,1.5326579,1.0845326,1.0307223,1.6679795,0.9528287
hsa-miR-330,0.8133084,0.85662633,1.35999,0.6253603,2.048646,1.147467,0.5807893,0.57729614,2.0067568,0.5147063
hsa-miR-331,0.9356581,0.7396717,1.595992,1.0386959,0.7124016,1.2690773,1.7901914,0.7231663,1.1382135,0.65101445
hsa-miR-335,1.531777,1.2170391,1.2442108,1.4736528,0.12983976,1.504898,0.3894649,1.0099633,1.3121967,0.99326056
hsa-miR-337,0.9694428,1.0083587,0.9156606,0.8572994,1.4556745,1.0233018,0.6005115,1.2559761,1.2595451,0.8687372
hsa-miR-338,0.61091614,0.95949084,1.4044833,1.281241,1.2268634,0.6545627,1.178302,0.26682115,1.6986154,0.8277943
hsa-miR-339,0.95991683,2.3164532,2.2135208,0.68200064,0.16226082,0.8393549,0.89234805,0.77705,1.4469365,1.9589815
hsa-miR-33b,0.92748165,1.1198462,1.320723,0.9064284,0.9826998,1.1667073,0.913527,0.9573187,0.8941677,0.8972418
hsa-miR-340,0.4901871,0.71786493,1.497105,1.2737818,1.0817101,1.1985253,1.1679258,0.87938344,1.5875835,0.6710524
hsa-miR-342,0.33501807,1.1032342,1.1214797,1.5864773,1.5045903,0.5950293,1.0021827,0.77196735,2.5102048,0.8028343
hsa-miR-345,1.1119306,0.93640554,0.9057341,1.2495528,0.8234461,0.45854077,1.5450159,0.9785421,1.642215,0.91232634
hsa-miR-346,1.117935,1.0996306,1.266071,1.009091,1.3161302,0.83102787,1.0769881,0.66395503,1.1888093,0.63414353
hsa-miR-34a,1.2763169,2.2653403,0.9485255,0.5749112,0.9734776,1.1474454,0.6471152,1.0389495,0.60060865,1.5868033
hsa-miR-34b,1.6509199,2.5418363,0.84044325,0.27355403,1.4117315,1.4032745,0.45695293,1.2148938,0.6196218,1.3419806
hsa-miR-34c,1.4831539,2.166776,1.4181044,0.17476805,1.4656909,1.1363648,1.0579648,0.76119626,0.9330992,1.0035626
hsa-miR-361,1.4005222,0.7023883,1.6770618,0.86390483,0.7984888,0.88275206,1.7279204,1.7437493,0.7510806,0.43972656
hsa-miR-362,1.1600394,1.4017481,1.7543595,0.34432262,0.61137664,0.9182346,1.5124489,1.0621439,1.4063225,0.80499727
hsa-miR-363,0.59211665,0.9816097,1.5851997,1.2917339,1.1066169,0.9415707,0.85199314,0.6436679,1.3273636,0.93193215
hsa-miR-363*,0.9867017,1.1010642,1.1754042,0.99834716,0.9879347,1.0485575,0.9121487,1.0015645,0.93921167,0.8825508
hsa-miR-365,1.8368616,1.7327825,1.3623966,0.55131185,1.7960781,1.4678521,1.2130082,0.57144797,0.32338947,0.5762353
hsa-miR-367,1.066299,1.0457301,0.846058,0.9854368,1.6622212,0.841662,0.8225275,1.1339139,1.0120623,0.8142367
hsa-miR-368,0.35120675,0.226912,1.2033162,2.4179363,2.5260782,2.2299564,0.49650764,0.5506019,1.8298657,1.2506565
hsa-miR-369-3p,0.89003503,0.8415011,1.1935182,0.92418706,1.850554,1.1785735,0.8961295,0.8433404,0.94793457,0.81710947
hsa-miR-369-5p,0.68013483,0.98495185,1.2122619,1.240833,1.3694772,1.272876,0.67070985,0.65581787,1.3850257,0.9326928
hsa-miR-370,0.7107567,1.4473945,0.24146016,1.7165313,2.8580046,1.7582586,0.48628655,1.7148916,1.477555,1.5990906
hsa-miR-371,0.9603508,1.2599627,0.82023966,0.9046324,1.3629977,1.1279056,0.52471066,1.2148646,1.3309861,1.0308279
hsa-miR-372,1.0648186,1.5397035,1.1243697,1.0656602,0.9251623,0.7287359,0.7174979,0.9186192,0.9995213,1.3180916
hsa-miR-373,1.1847622,1.6421726,1.0430715,1.0274732,0.924435,0.792444,0.5190593,0.96728545,0.87915975,1.4176399
hsa-miR-373*,0.5821171,1.0509616,0.8427267,1.0469154,1.39646,1.1676798,1.1574352,1.4418515,0.45615593,1.5511899
hsa-miR-374,1.2971649,1.0736367,2.558609,1.5414816,0.20533326,1.336717,2.1412957,0.43565837,0.92048365,0.751165
hsa-miR-375,0.6299005,1.5003415,1.2636945,0.73633134,0.9197125,0.8002678,0.9986464,1.0618168,1.3135418,1.118878
hsa-miR-376a,0.3872954,0.26151592,1.2634794,2.1575353,2.517827,2.1017137,0.36703715,0.51139253,1.7678585,1.3154403
hsa-miR-376a*,0.9617915,0.734077,1.2152153,1.1272457,1.3189297,1.28119,0.8461486,0.68561935,1.0039262,1.0509039
hsa-miR-376b,0.28098553,0.5911518,1.1747408,2.4540482,1.8692828,1.5049921,0.44298,0.7889585,1.4700736,1.4447699
hsa-miR-377,0.6473479,0.63650554,0.81749576,2.3300364,2.1448886,2.073193,0.41389555,0.7253219,1.3440135,1.3180369
hsa-miR-378,1.1121321,1.467485,1.2018641,1.0288756,1.0001392,0.83734125,0.9530644,0.82029766,0.6972197,1.085628
hsa-miR-379,0.33576262,0.5970936,1.1015825,2.0878654,2.1950676,1.5316104,0.4500751,0.47578123,1.9840776,1.1327423
hsa-miR-380-3p,0.5448701,0.89364403,1.1590301,1.3501087,1.1925577,1.1424927,0.8463677,1.0943935,1.0943018,1.0645727
hsa-miR-380-5p,0.96264607,0.97609675,0.8930901,1.0021466,1.2094016,1.0680898,0.94491476,1.0549657,0.93520105,0.9874783
hsa-miR-381,0.65300643,1.0891058,0.8324624,1.1671394,1.9554305,1.4821777,0.83199763,0.67863387,1.5171831,0.7106997
hsa-miR-382,0.98949695,1.3792155,1.1669774,1.2671806,1.1173567,1.0376339,0.4739955,0.66182536,1.3175828,0.9624189
hsa-miR-383,1.3576227,2.1725783,1.9140102,0.520695,0.5455641,0.74865985,1.2521913,0.37777779,1.4358436,0.5119449
hsa-miR-384,0.8671969,1.1485338,1.0797577,0.84905696,1.0557257,1.100903,0.9459334,1.0147499,0.9451596,1.0386581
hsa-miR-409-3p,0.5446987,1.290359,0.6921824,1.3053538,1.8492129,1.0963153,0.43061253,1.3486199,1.2676467,1.2359992
hsa-miR-409-5p,0.69113153,0.901075,1.294335,1.2581809,1.1915237,1.2115691,0.662146,0.6484894,1.6462158,0.9676313
hsa-miR-410,0.51175654,0.7413613,0.96451235,1.94546,1.794077,1.7513269,0.39047346,0.84846246,1.327605,0.98831594
hsa-miR-411,0.4226911,0.6909073,1.4715,1.7166003,1.6302558,1.3499161,0.6639249,0.59751755,1.5706984,1.017448
hsa-miR-412,0.9608389,1.3217585,0.92760354,0.708369,1.1447085,0.9766226,0.7015512,1.1814238,1.2987926,1.0211338
hsa-miR-421,1.2392914,1.0940025,1.1392351,0.7223891,0.6716052,1.3274789,1.1305022,1.423982,0.79075235,0.7641829
hsa-miR-422a,0.9525244,1.2532417,0.4475146,0.9735384,1.7067465,1.112429,0.95661825,1.0739397,0.90608734,1.087628
hsa-miR-422b,0.56569946,1.3138312,0.30208623,2.0863605,2.350627,1.3166528,0.86637396,1.5806328,0.42834648,0.96960694
hsa-miR-423,0.9453967,0.7024235,1.2103088,1.4002374,0.636592,1.415152,1.0407634,1.0847056,0.886372,0.97831464
hsa-miR-424,0.44914362,1.7674487,1.7439529,2.0786426,0.68281233,0.8432245,1.2934761,0.16301799,0.9477463,1.7484726
hsa-miR-425-3p,1.1277714,1.1507516,0.66094047,1.4031968,1.6035311,0.79282767,0.8994781,0.8069599,0.661427,1.3522433
hsa-miR-425-5p,0.945093,1.2979187,1.4739817,0.8352817,0.52563727,0.9731449,0.7840649,1.3867751,0.8078224,1.5215064
hsa-miR-429,1.059042,1.0955317,0.7825469,0.66912585,1.5821604,1.3669927,0.8223427,0.540333,1.4264126,1.2515509
hsa-miR-431,0.8034735,1.2710425,1.0568694,1.0578468,1.5258079,1.036946,0.6455345,0.56746846,1.1387229,1.3663483
hsa-miR-432,0.7326035,1.0530541,0.74104846,1.3334044,1.6400864,1.1217115,0.37436727,1.201495,1.4531473,1.0171511
hsa-miR-432*,0.9825754,1.3699968,0.8966133,0.6381352,1.1904604,1.0204284,0.6538567,1.3585652,1.5066955,1.0122325
hsa-miR-433,0.9232903,1.016551,1.0397459,0.8064072,1.6676744,1.3022336,0.6070239,0.95191556,1.6110792,0.87244576
hsa-miR-448,0.9265295,1.2682966,1.0980823,0.8444169,0.9077703,1.1408767,0.9243328,0.99428964,1.0934179,0.88199526
hsa-miR-449,1.1828185,1.0099299,1.423801,1.3094745,1.3208015,0.7822008,0.65283555,0.9491278,0.7733344,0.90314484
hsa-miR-449b,0.91078687,1.019699,1.072932,1.0622785,1.4777461,0.96064526,0.79674804,0.6242283,1.1003433,1.2250108
hsa-miR-450,0.6655205,1.7741568,1.7545273,1.6870036,0.48225734,0.7477282,1.1965038,0.4257771,0.90087366,1.7517077
hsa-miR-451,0.8071213,1.1738303,1.6280006,2.2938497,1.7953593,0.14856988,0.18061268,1.2026621,1.4246749,1.7182835
hsa-miR-452,0.51969683,1.0191531,0.3717087,1.3029718,2.847008,1.7203377,0.4724753,1.4723505,1.0495341,1.3936037
hsa-miR-452*,0.30902156,1.7970754,1.3111598,0.2758606,2.0268092,1.6157262,1.4799833,1.1650913,0.5025909,1.409925
hsa-miR-453,1.1027429,1.4805286,0.9520899,0.6831174,1.115199,1.1050296,0.63117534,1.4858146,1.5097408,1.0529848
hsa-miR-454-3p,0.6942053,0.4162965,2.0413542,1.6464405,0.6797289,1.7009472,1.344878,0.5432328,1.1138765,1.1000903
hsa-miR-454-5p,0.70155656,1.0770494,1.3336657,0.8864198,0.85336804,1.0078155,1.3112689,0.901798,1.1202713,0.9825245
hsa-miR-455,0.92052203,1.8697594,0.90062314,1.3512421,0.47132465,1.1229898,0.92084384,0.8630499,0.59610933,1.8897307
hsa-miR-483,0.56006664,0.5926189,1.3341728,1.0292262,0.8917529,1.5348289,1.1948267,1.1128794,1.2572283,0.95831186
hsa-miR-484,0.44632265,1.5419642,1.1181539,1.0985738,0.59300256,1.2779124,1.4163661,1.2695451,1.1846192,0.73647994
hsa-miR-485-3p,0.60750085,0.5673793,0.8895718,2.0415933,1.8004874,0.38256264,1.1822263,2.03843,0.83037835,0.78036296
hsa-miR-485-5p,0.7887264,1.2077849,1.1435952,0.97437066,1.2439467,1.171854,0.6802436,0.8005344,1.5834049,0.75006044
hsa-miR-486,0.50971204,0.47882503,0.4295318,1.2103882,2.839108,0.56414604,1.3786714,1.8516114,1.1541033,1.7504601
hsa-miR-487a,0.86310375,0.98107404,1.2952613,1.0093514,1.8759093,1.1070939,0.4220267,1.1850121,0.78036743,1.0771829
hsa-miR-487b,1.2278975,0.7092828,1.3355266,1.1386442,1.5591968,1.4830282,0.4680014,0.95393556,0.78626657,0.8556534
hsa-miR-488,0.9297452,1.0734359,1.3917428,0.783694,0.36490995,1.367925,1.0903205,1.3467079,1.3216814,0.9239399
hsa-miR-489,0.9739649,1.3055984,0.80576247,0.7794089,1.6831521,0.94356,1.1055931,0.81487024,0.8867418,0.98604167
hsa-miR-490,0.91072935,1.1439668,0.93078965,0.7466203,1.4309891,1.2658172,0.9131167,0.7384725,1.3731675,0.856567
hsa-miR-491,1.5617813,1.279488,1.9363995,0.51003927,1.2279525,1.1613066,1.0365909,0.7748476,1.41617,0.32819438
hsa-miR-492,0.61710566,1.2519048,0.86777276,1.0289489,1.2550352,1.0576506,1.0859926,1.2101096,0.5549261,1.4952289
hsa-miR-493-3p,1.4782914,0.65730613,0.4972925,0.676859,3.9238071,1.1943372,1.7182175,1.225829,0.3785874,0.78704774
hsa-miR-493-5p,0.85330904,0.51851934,0.8254799,1.3536776,2.1398375,1.2999256,0.7359555,1.2118381,1.0460242,0.79324603
hsa-miR-494,0.58570516,1.2976217,0.23481922,1.6652948,2.6178443,1.5941408,0.5214306,1.5530043,1.42492,1.4263335
hsa-miR-495,0.71779513,0.9833421,0.7911568,0.82559973,1.9235234,1.4262813,0.6626557,0.6442612,1.9178418,0.81686085
hsa-miR-496,0.85333824,0.89125454,1.2502279,1.0571731,1.3675396,1.2703971,0.8322307,0.9134569,0.93811285,0.803635
hsa-miR-497,1.4470385,1.3638226,1.4436411,0.8191076,0.16016239,1.4138585,1.6858891,1.031423,0.802886,1.2940652
hsa-miR-498,0.98824805,1.357653,0.7855448,0.9185348,1.4042993,1.1360676,0.6894545,1.1321461,1.3123327,1.0678266
hsa-miR-499,1.060842,1.1423639,1.3191924,0.91027415,0.8131225,1.0083623,1.0534873,0.95777446,0.97085875,0.8556302
hsa-miR-500,1.2198523,0.72754925,1.659549,0.7662013,1.6201665,1.2664766,0.79313594,1.2430555,1.32348,0.38021386
hsa-miR-501,1.0156212,1.29488,0.77285117,1.025875,1.229076,1.22178,0.42301288,1.2687831,1.1929475,1.0409296
hsa-miR-502,1.6116219,1.0639144,1.7205777,0.653823,0.74284226,0.7559189,1.1998086,0.9465119,0.8472538,0.9610559
hsa-miR-503,0.42904708,1.4631428,1.3442459,1.1955916,1.2807074,0.85865116,1.0524707,0.7179108,0.9982024,1.1901789
hsa-miR-504,1.181592,0.9584078,1.4478003,0.79502267,1.6059712,0.9882982,1.1240844,0.5642509,1.5303715,0.4707972
hsa-miR-505,1.0090196,1.4830661,1.6338637,0.8465712,0.684482,0.7544005,1.2405578,0.9471958,1.1054239,0.7383247
hsa-miR-506,1.0008041,1.3587084,0.90452635,0.636295,1.0948577,0.9863773,0.6374104,1.3338382,1.3863584,1.0091105
hsa-miR-507,0.90173274,1.1413412,0.81953984,0.8950921,1.4822876,0.9890295,0.86427677,1.0739439,0.96871436,1.005222
hsa-miR-508,0.7654099,1.3165866,0.9924412,1.1582828,1.3532891,1.0313816,0.4785414,0.96033823,1.0425675,1.1466267
hsa-miR-509,1.0639243,1.3589814,0.80288005,1.0089266,1.2758068,1.2999332,0.3469461,1.4009118,1.1951382,1.0891187
hsa-miR-510,0.87941766,1.3820944,0.5362425,1.0972502,1.2808775,1.1018366,0.6841602,0.93417925,1.2510661,1.1708633
hsa-miR-511,0.9901073,1.0912546,1.2012291,1.0044762,0.9178174,1.0435477,0.99724936,0.9388532,0.91925824,0.93051934
hsa-miR-512-3p,1.3412601,0.905538,0.7863116,1.0463352,0.95642704,1.3547113,0.89267564,1.2878236,0.84614253,0.7944136
hsa-miR-512-5p,0.9552181,1.3066294,0.92454165,0.71720266,1.0951793,1.0257092,0.67519826,1.2556511,1.3088982,0.96707547
hsa-miR-513,0.5146015,1.2256362,0.11081108,1.4375435,2.3313355,1.0822933,0.31211132,1.4611509,1.4718409,1.3651999
hsa-miR-514,0.90920424,0.9649928,1.009934,1.0313958,0.911775,1.0941404,0.99602073,1.1780077,1.0159495,0.9201576
hsa-miR-515-3p,0.7826436,1.1674125,0.88818336,0.92746,1.4214481,1.0316294,0.51339096,1.1465919,1.462806,0.9569689
hsa-miR-515-5p,0.8909384,1.2734118,1.0799931,0.878314,0.9396169,1.129842,0.99209756,1.0942527,0.9348499,0.8625446
hsa-miR-516-3p,1.0216676,1.0122521,0.770068,1.0966878,1.6996095,1.0328611,0.9401588,0.8485271,0.8514503,0.96667576
hsa-miR-516-5p,0.8680219,0.73641646,0.40070647,1.3741825,2.4509845,1.1838924,0.750115,1.2408527,1.0425712,1.001516
hsa-miR-517*,0.92642325,1.1965947,1.0715241,0.8081235,1.1026403,1.1752938,0.85728127,1.0824994,1.0086796,0.8588607
hsa-miR-517a,0.9644541,1.2918817,0.9175603,0.688126,1.1595289,0.9824773,0.70641357,1.1826558,1.3250276,1.0108423
hsa-miR-517b,0.77592355,1.1511905,0.9094601,0.9194435,1.4666014,1.0591226,0.5000134,1.1861185,1.5021307,0.920906
hsa-miR-517c,1.0659333,1.5674934,1.1095095,1.101156,0.94536895,0.7544221,0.714458,0.90184146,1.0115429,1.3483174
hsa-miR-518a,0.9764793,1.3275965,0.9149859,0.66365796,1.1589214,0.993261,0.62629026,1.3180966,1.396871,1.018523
hsa-miR-518b,0.959776,1.3588474,0.88556594,0.61584425,1.2437576,0.9984816,0.5576525,1.3071282,1.4005647,1.0426927
hsa-miR-518c,0.86150867,1.1941245,1.2631575,0.87328726,1.1791794,1.1046408,0.8956506,0.9232317,0.938767,0.8719652
hsa-miR-518c*,0.93839383,0.82052726,0.33378205,1.2931665,2.2941804,1.1896672,0.7894507,1.1735373,1.0602322,1.1416911
hsa-miR-518d,0.997514,1.4267372,0.8971961,0.64429295,1.1138605,0.98818254,0.67568314,1.3113554,1.400597,1.0106707
hsa-miR-518e,0.9845333,1.3436016,0.9091528,0.6784048,1.1355315,0.9630796,0.66395867,1.2335999,1.3593304,1.0274484
hsa-miR-518f,0.80902004,1.1997218,1.1122086,0.8766791,1.3865728,1.015501,0.837327,0.8469917,1.0002171,1.0596293
hsa-miR-518f*,0.90080017,0.8586599,0.39488336,1.2455701,2.1572542,1.1544417,0.8007016,1.1035035,1.0289145,1.1234177
hsa-miR-519a,0.9363705,1.2330048,0.9867286,0.7701137,1.1672803,0.96524376,0.80575013,1.0404482,1.1832888,1.0204064
hsa-miR-519b,0.96877515,1.1109271,1.2371596,0.9888665,0.8890979,1.1483595,1.0243362,1.0450305,0.83243096,0.83460885
hsa-miR-519c,0.988928,1.1569415,1.1386565,0.9809968,1.1130646,1.0515066,0.9735658,0.8892708,0.8270952,0.9338026
hsa-miR-519d,0.995317,1.3750672,0.9001474,0.61757654,1.1716068,1.0135202,0.6441406,1.3276535,1.458488,1.0177759
hsa-miR-519e,1.018933,1.1385084,1.5124389,1.0208476,0.97548676,1.1873441,0.8865721,1.0851679,0.5953947,0.8433105
hsa-miR-519e*,1.1616224,1.2835636,1.2424706,0.53342015,2.0931964,1.2120653,1.3217263,0.8898652,0.34193376,0.97917694
hsa-miR-520a,0.9768654,1.3198559,0.8983166,0.6285874,1.1674051,0.9967822,0.6662702,1.2877322,1.4441369,1.0117801
hsa-miR-520a*,1.0891703,1.1181678,0.85588473,0.9335922,1.4929427,0.901367,0.9088578,0.98801625,0.9775533,0.86995685
hsa-miR-520b,0.97640425,1.4201348,0.5499192,1.040899,1.3489151,1.1075488,0.5351591,1.0740378,1.0090885,1.2389247
hsa-miR-520c,1.0501827,1.2251705,0.87867624,0.6640765,1.2357414,0.922049,0.61191994,1.4629661,1.406343,0.9360582
hsa-miR-520d,0.96913064,1.2933685,0.94078296,0.6845747,1.1616244,0.96049815,0.706757,1.0972179,1.3353488,1.0668015
hsa-miR-520d*,1.2891389,1.577057,0.7854565,0.6245241,1.3900836,1.2017491,0.9469521,1.0583504,0.7470755,0.8040772
hsa-miR-520e,0.94850147,1.3177663,0.7083006,1.0172342,1.3091731,1.0740087,0.5558885,1.0568819,1.0690503,1.1613153
hsa-miR-520f,0.928335,1.2189153,0.9516714,0.74371827,1.2325408,1.00996,0.7400697,1.1277168,1.2483629,1.0086106
hsa-miR-520g,0.98495185,1.3290136,0.92782515,0.62116647,1.1534106,1.020581,0.7016474,1.2249748,1.4030232,1.0106575
hsa-miR-520h,0.9755771,1.3081132,0.9228747,0.68762213,1.1657041,1.0041344,0.7088608,1.2002326,1.3310301,1.0291122
hsa-miR-521,1.0236285,1.4187127,0.94310766,0.58862334,1.1717583,1.0117356,0.6773052,1.404278,1.4902443,1.0297662
hsa-miR-522,0.9341279,1.1806235,1.033697,0.8612784,1.2004466,0.96216285,0.7776655,0.97922087,1.1163765,1.0481153
hsa-miR-523,0.9489764,1.4205514,0.60392594,1.0175992,1.3325694,1.086887,0.5784888,1.084017,1.0580059,1.2251168
hsa-miR-524,0.9922662,1.34597,0.910018,0.66987586,1.1313453,0.9655516,0.6902196,1.2549835,1.3371094,1.0037347
hsa-miR-524*,1.0486006,1.301801,0.9599892,0.9036174,1.4893177,1.1760777,0.7302818,1.0781415,0.7004265,0.8742312
hsa-miR-525,0.76565397,1.3359993,1.1901222,0.99141747,1.6657387,0.8395677,1.0044795,0.67166626,0.7192759,1.226256
hsa-miR-525*,0.9822782,1.3040342,0.881274,0.66296524,1.1643171,1.0324037,0.6496662,1.2805177,1.3959506,1.0057923
hsa-miR-526a,0.8750379,0.8613764,0.42544106,1.2374552,2.132703,1.1515223,0.79066145,1.1198717,1.061063,1.1079817
hsa-miR-526b,1.0531077,1.4027613,0.6817913,1.0423709,1.4745545,0.99493766,0.67592126,0.88128746,0.8620119,1.2682234
hsa-miR-526b*,0.97280896,1.2991399,0.8981356,0.6945299,1.2182779,1.0357505,0.6912534,1.213853,1.3445463,1.0087081
hsa-miR-526c,1.0540409,1.2632548,0.76746935,0.91724813,1.3242931,0.9229527,0.92023444,0.99811405,1.0053873,0.94532657
hsa-miR-527,1.400907,1.5682584,0.5221616,0.52546364,1.4288782,1.0000046,1.242684,1.258268,0.66481525,1.1305819
hsa-miR-532,1.5683135,0.61355066,2.1457365,0.60160536,1.4989171,1.0563866,2.441788,1.0648957,0.35638267,0.5525305
hsa-miR-539,0.9149844,1.0487785,1.1812996,0.96843415,1.0629553,1.0905628,0.8653036,0.7930029,1.1367064,1.0074031
hsa-miR-542-3p,0.25973493,0.9757809,1.5680873,1.3456476,0.9453821,1.3631483,1.2509645,0.85215497,1.126611,1.106737
hsa-miR-542-5p,0.30115578,1.61501,1.7456021,1.3157247,0.7478289,1.0984662,1.3680232,0.45345047,1.184799,1.4542725
hsa-miR-544,0.7994779,1.1401186,1.3269769,0.89575344,1.1016052,1.1650789,0.9401995,1.0099001,0.8808612,0.8600923
hsa-miR-545,0.8943779,0.8600414,1.230016,0.9892066,0.8637107,1.2679342,1.3865298,1.019474,0.8602171,0.80241245
hsa-miR-548a,0.85160387,1.1951001,1.2500635,0.9245395,1.0268841,1.1351192,0.9483006,0.9366661,0.9444674,0.8692959
hsa-miR-548b,0.9637744,1.2824523,0.98453134,0.71016216,1.1319051,0.98044705,0.72259814,1.1747531,1.2609283,0.9928773
hsa-miR-548c,0.87196666,1.3285105,1.1899873,0.64847004,1.0502216,1.0092679,0.85455453,1.0507829,1.2634953,0.91740036
hsa-miR-548d,0.8504183,1.136751,1.0535448,0.8402518,1.3189845,1.0045254,0.8093212,0.96722317,1.1333534,1.0003237
hsa-miR-549,0.970174,1.0800864,0.94125396,0.85880566,1.1100618,1.0697587,0.9998843,1.050716,0.9069037,1.0435014
hsa-miR-550,1.0374103,1.1807065,2.380634,0.9298564,0.41795632,0.6292066,1.3728935,1.0330157,0.85268795,1.17436
hsa-miR-551a,0.98772854,0.8839501,1.1968596,0.94974357,1.0522783,1.0006226,0.89321715,1.2752181,0.91875213,0.9148111
hsa-miR-551b,0.35865837,0.9306241,2.362004,1.5105819,0.4465424,1.5919282,3.740497,0.30684423,2.0546541,0.46348315
hsa-miR-552,1.0336609,0.9996693,1.1781765,0.90568316,1.0584785,0.8196644,0.87383914,1.0482582,1.0778426,1.0590597
hsa-miR-553,0.9104509,1.1596196,1.2721374,0.97275126,0.9863579,1.1253505,0.94267005,0.9339185,0.8973885,0.8730837
hsa-miR-554,0.88537014,1.5127535,0.86536837,0.75551426,1.0440421,0.8900319,0.6989319,1.2271851,1.389724,1.0361718
hsa-miR-555,0.9800307,1.1399897,1.1813388,0.8415929,1.2510968,0.88010037,0.8555388,0.9499737,1.0686343,0.941266
hsa-miR-556,0.85276616,1.038729,1.0840105,0.9383222,1.070806,1.0692282,0.9020651,1.0477631,0.8994708,1.1404936
hsa-miR-557,1.0365243,1.3230642,0.7012591,0.9394574,1.3785261,1.1360669,0.64624053,1.1701473,1.2894349,1.0598618
hsa-miR-558,0.9417067,1.2103139,1.1015742,0.87923205,1.0626488,1.1229287,0.83260936,0.9894368,1.0529966,0.8750775
hsa-miR-559,0.96043533,1.0194316,0.96217257,1.1455696,0.98209065,0.9435284,0.95325285,1.0955663,0.92696494,1.0330619
hsa-miR-560,0.85825485,1.3281536,0.30086976,1.0250216,1.6731349,1.1103082,0.875476,1.1086148,1.1373186,1.3060066
hsa-miR-561,0.9567594,1.1990975,1.076431,0.9023144,0.9863104,1.2033883,0.981698,0.9346173,0.86538124,0.95263153
hsa-miR-562,0.91914815,1.3263177,1.0197886,0.6201835,1.0248318,1.1501219,0.7029315,1.2034289,1.4334754,0.9070996
hsa-miR-563,0.67435575,1.1684906,0.7578464,0.664195,1.2796316,1.1153606,1.1057677,1.3860718,1.1470408,1.0078483
hsa-miR-564,1.0996696,1.2270631,0.72921103,0.6210472,1.7346988,1.0574245,0.8927791,1.1632487,0.9441396,0.9134428
hsa-miR-565,0.69150573,1.0635102,1.6435273,1.4500579,0.6647099,1.350003,1.0394219,0.9587068,0.60404843,1.1402313
hsa-miR-566,0.9305296,1.2344528,0.8363358,0.95002896,1.3145655,1.122006,0.6318278,1.0905626,1.2672404,1.0632917
hsa-miR-567,0.9254369,1.259684,0.8360328,0.7871352,1.620986,0.8598795,0.907794,1.010613,0.97124517,1.0497214
hsa-miR-568,0.69000715,1.0894327,1.0234184,0.9410926,0.9351361,1.0233917,1.393967,1.0521644,1.0252845,0.9601506
hsa-miR-569,1.0359281,1.1134971,0.91803914,0.847658,1.3602762,0.9328198,0.8897075,0.94229937,0.9465062,1.106533
hsa-miR-570,0.9000409,1.0902559,1.2856885,0.9530729,0.9739882,0.9233806,0.9859608,1.0453751,0.85458803,1.0495995
hsa-miR-571,1.247329,1.5209807,1.080933,0.88656205,0.73599297,0.759335,0.7577685,1.1403623,1.0393757,1.0956734
hsa-miR-572,1.2368022,0.6457066,0.24784845,1.4076657,2.6811829,1.3089439,0.90749305,1.076416,0.7433161,1.0496086
hsa-miR-573,1.0457729,1.074491,1.0753468,0.942993,0.98462117,1.0862651,0.93323416,0.95424706,0.85890734,1.0729488
hsa-miR-574,1.0637689,0.280434,0.8891328,1.4285945,1.3742716,1.6695951,1.6161016,1.7646072,0.2950571,0.65827525
hsa-miR-575,0.739152,1.2328173,0.11078918,1.5098953,2.667198,1.1179187,0.6806824,1.3842711,1.4284273,1.4204413
hsa-miR-576,0.96795917,1.3009244,0.9501462,0.72368795,1.1292926,0.9775401,0.6990427,1.1900865,1.2881597,1.0135982
hsa-miR-577,0.6703309,1.0500306,1.6466537,1.0423199,1.0632466,0.7982544,1.0283632,0.83032334,1.3034525,0.8760271
hsa-miR-578,0.8350612,1.1603795,1.2906221,0.9334119,1.0539625,1.1374872,0.93345934,0.92616445,0.9345588,0.8846056
hsa-miR-579,0.884679,1.0472933,0.9339844,0.9730193,0.9564099,1.4042916,0.951669,1.0368605,0.96513087,0.928539
hsa-miR-580,0.9114781,1.1444223,1.1509874,0.8679519,1.0145363,1.2011703,0.88787323,1.0088437,0.9908834,0.88735193
hsa-miR-581,0.90493715,1.2484356,1.0731634,1.0117037,0.8714528,1.0733852,0.94206524,1.0444003,0.857459,1.0331266
hsa-miR-582,0.6785977,1.2720398,1.926963,0.9575554,0.68096346,0.8301803,1.1755966,0.9882256,1.5684518,0.60392165
hsa-miR-583,0.9381885,1.5430317,0.40659037,1.1009526,1.3641452,1.1391536,0.7242275,0.9719776,1.2306882,1.1998079
hsa-miR-584,0.8266932,1.1949891,0.8066642,0.7544014,2.2150426,0.8779733,1.2272965,0.85274005,0.83072823,0.9755045
hsa-miR-585,0.9498922,0.9439569,1.1598858,0.9773914,1.4778324,1.0136185,0.89998055,0.86339337,0.94564337,0.89391375
hsa-miR-586,0.9064412,1.2813201,1.187767,0.9245618,0.9790034,0.9932719,0.98224634,0.97984254,0.8589591,0.9754314
hsa-miR-587,0.96006817,1.0974813,1.1499451,0.8780404,1.0229365,1.1656517,0.9294765,1.0105643,0.8941111,0.9386619
hsa-miR-588,0.9891031,1.104313,1.1841623,0.90201837,1.0332061,0.95305234,1.1017506,0.96456856,1.0361153,0.78845567
hsa-miR-589,0.9048107,1.10579,1.0138633,0.83264685,1.3619299,0.9602672,0.8468763,0.9420591,1.11557,1.0208427
hsa-miR-590,0.82992953,1.6618692,2.0468404,0.7138848,0.22176407,0.6009749,1.1796503,1.2243356,1.7418424,1.4988837
hsa-miR-591,0.9177386,1.0430135,1.3017468,0.89973766,0.9559145,0.92273784,0.97986674,1.0579746,0.90934116,1.0728995
hsa-miR-592,1.1748043,1.4230725,1.9366102,1.0538789,0.83818156,0.8284533,1.2175685,0.53723073,0.7863367,0.8151682
hsa-miR-593,0.9578148,1.1456751,0.98063123,0.90204734,1.2553638,0.95383614,0.7374469,0.98327315,1.0940374,1.0869349
hsa-miR-595,1.2899957,1.9875532,0.7812526,0.39862812,1.064843,1.0768342,0.7448545,1.7813915,1.734504,1.0399258
hsa-miR-596,0.87945575,1.2244217,0.7594588,0.8748926,1.284562,1.1090963,0.6544418,1.1640064,1.2961575,1.0229502
hsa-miR-597,0.94463545,1.1265843,1.2390587,0.8678362,0.8656621,1.1417415,0.95768124,1.1145533,0.92846054,0.8922663
hsa-miR-598,0.91518676,1.0206822,1.4599464,1.2358247,0.6338909,1.113622,0.85145485,0.91642344,1.3118683,0.8720856
hsa-miR-599,0.93808454,1.295171,1.095512,0.8401023,0.94528764,1.097227,0.98189974,1.0404152,0.9298562,0.9078314
hsa-miR-600,0.9986676,1.0928992,0.9541684,0.909036,1.2999864,0.93390137,0.8024432,0.99909365,1.0199927,1.0655731
hsa-miR-601,0.94614017,0.8275173,0.21083434,1.4529002,2.5196142,1.1702276,0.86443996,1.1506946,1.058164,1.1565938
hsa-miR-602,0.8856703,1.135321,0.44966072,0.49270818,1.7465717,1.1955329,1.1630131,1.5022216,1.2584056,0.9735841
hsa-miR-603,0.9401939,1.2494483,1.2234054,0.91030234,0.90906817,1.0007704,1.0547992,0.97061837,0.9172293,0.8948012
hsa-miR-604,0.8713241,1.3008459,0.87639314,0.7725577,1.503999,0.90419745,0.91127807,1.0990579,0.9321707,1.0264413
hsa-miR-605,1.0322617,1.6157066,0.902327,0.4846097,1.0795654,0.46626958,1.305875,1.2729511,1.5822588,1.0523896
hsa-miR-606,0.9700994,1.0683848,1.0711309,0.8828184,1.061709,1.1476504,0.9740318,0.9749857,0.8499655,1.0375319
hsa-miR-607,0.8304679,1.0647286,1.2002441,0.97107947,1.1661388,0.9800278,0.9208599,0.9267052,0.8537655,1.1654015
hsa-miR-608,0.9853661,1.264391,0.7909638,0.9040639,1.3835454,0.9306644,0.8908591,0.91884875,0.9494835,1.121968
hsa-miR-609,0.6310325,0.962995,0.99433124,1.0504001,0.9977271,0.9515174,1.3164833,1.4174591,0.9821558,0.90267634
hsa-miR-610,1.4535482,1.0583645,0.6605247,0.8728907,1.5047712,0.85444266,1.1557091,1.006743,1.4834965,0.53913593
hsa-miR-611,1.1125104,1.3327278,1.1855371,0.8502413,1.10796,1.0513788,0.86338836,1.0366015,0.74798405,0.8582257
hsa-miR-612,0.91980475,1.3146765,1.10548,0.75594807,1.0553296,0.9949584,0.73139113,1.0713819,1.2498529,0.9530407
hsa-miR-613,0.96936476,1.2589687,0.9169414,0.66966796,1.3188231,1.0223536,0.70961213,1.2229803,1.4039432,1.0012698
hsa-miR-614,0.90619075,1.2662665,0.69025564,0.9811641,1.2577318,1.1270187,0.6783385,1.0083778,1.2327932,1.0573455
hsa-miR-615,0.41836038,1.0728039,0.6268016,0.89165795,1.0127941,0.9033709,1.8997962,2.5605295,1.075921,0.78873307
hsa-miR-616,0.96335393,1.2942334,0.93843687,0.70475847,1.138392,1.0019605,0.6958197,1.2089716,1.291899,0.99473965
hsa-miR-617,0.7743495,1.2602683,1.0380921,0.9174347,1.987246,1.016736,1.057697,0.32759437,0.9714557,1.3865621
hsa-miR-618,0.920297,1.27145,0.96894705,0.6734843,1.1485575,1.0100985,0.76884294,1.1937207,1.3105913,0.95875514
hsa-miR-619,0.8621515,1.1062002,1.071128,0.9010935,1.2943856,1.0007505,0.7855162,0.94415015,1.1196342,1.0127529
hsa-miR-620,0.8941778,0.9179907,0.9842825,0.92114687,1.0773718,1.1498448,0.98769915,0.92244136,1.0102458,1.1784644
hsa-miR-621,0.92794836,1.3263502,1.1458967,0.93148726,0.8683253,1.0465719,0.8681869,1.0572574,1.0251471,0.89031786
hsa-miR-622,1.0627049,1.6545047,0.2936043,1.0597847,1.431245,1.2432537,0.59741235,1.1234539,1.1445724,1.3049845
hsa-miR-623,1.0480577,1.2597126,0.83196217,0.7227362,1.4809101,1.2363266,0.55012536,1.21343,1.4735786,0.8388662
hsa-miR-624,1.0621465,1.14214,1.3154334,0.89630616,0.8146222,0.9120372,1.0671527,0.9686728,1.0080336,0.9032026
hsa-miR-625,1.233604,1.0310224,1.7842972,0.9734139,1.1792547,0.72006464,0.97812414,0.9480027,1.1061643,0.53160536
hsa-miR-626,0.9545319,1.2110631,1.288892,0.87767935,0.9753628,1.0114459,1.0182624,0.98333985,0.85754186,0.90294015
hsa-miR-627,1.3216565,0.92245364,1.0284213,1.0786644,1.648296,0.88422567,0.94721055,0.6656334,0.7645031,1.146397
hsa-miR-628,1.6414587,0.92244935,1.2058673,0.7383295,1.092334,1.2094175,1.1442865,1.2315508,0.73039365,0.5453428
hsa-miR-629,0.89601475,1.4938838,0.35343817,1.0308286,1.4379712,1.2715083,0.88662356,0.8210659,1.2152687,1.284994
hsa-miR-630,0.70913416,1.2809469,0.14173399,1.6298392,2.7959266,1.6348375,0.50283134,1.6023747,1.3441871,1.5091733
hsa-miR-631,1.1306366,1.9630737,0.8015933,0.33655238,1.1500863,0.9897327,0.90204,1.7676293,1.8610837,1.0748696
hsa-miR-632,0.87259716,1.218024,0.75924414,0.8920511,1.4170355,1.0749631,0.59279644,1.2058585,1.4901915,1.0884107
hsa-miR-633,0.8678747,1.1130854,1.1901066,0.9536883,1.2057755,1.0024502,0.97449416,0.9656018,0.8219157,0.97598535
hsa-miR-634,1.0753871,1.451785,0.8769056,0.6038476,1.197325,1.0006648,0.6361863,1.3649559,1.5082351,1.0490774
hsa-miR-635,0.98776996,1.2044125,0.78430474,0.8504629,1.5101458,0.8392358,0.9457083,0.95206964,0.9819214,1.124679
hsa-miR-636,0.94631743,1.2933095,0.728701,0.77863604,1.364126,1.2317125,0.55999064,1.2804488,1.4223748,0.88810354
hsa-miR-637,0.9787926,1.3115686,0.9125703,0.6862757,1.121088,1.0384611,0.66601324,1.2518206,1.3096687,0.9657071
hsa-miR-638,1.0223398,0.8168466,0.14165081,1.4763666,2.5898845,1.2525823,0.8292188,1.2328386,1.1207399,1.2643164
hsa-miR-639,0.8997608,1.2855477,0.76101595,1.0095143,1.2391868,1.0013134,0.75450873,1.0395359,1.0454427,1.1084424
hsa-miR-640,0.97552794,1.4991853,0.84815705,0.6217389,1.2162385,0.9859284,0.6972814,1.2472508,1.4392598,1.0074865
hsa-miR-641,0.9324818,0.9972761,1.3774546,0.8919128,0.77273303,1.0648904,1.3033653,0.97645384,0.9539001,0.8762322
hsa-miR-642,0.93511164,1.1249037,1.3017092,0.8456387,0.9829848,0.8507414,1.1797471,0.94638634,0.9310497,0.99376905
hsa-miR-643,0.8126156,1.1542774,1.306044,0.87287503,1.1560609,1.0513674,0.92138493,1.0220501,0.87430364,0.93450856
hsa-miR-644,0.8070725,1.1297859,1.3425056,0.8006675,1.1770185,1.099465,0.92539084,1.0312753,0.94707376,0.87283796
hsa-miR-645,0.82841504,1.0735463,1.2396842,0.92113394,1.2957139,1.118504,0.89715964,0.9823025,0.92907566,0.8301368
hsa-miR-646,0.90432507,1.1530238,1.1576713,1.0547051,1.4358671,0.8369681,0.8800258,0.7266413,0.89567906,1.1416576
hsa-miR-647,0.50937647,2.1571608,1.523809,0.64468116,0.38218617,0.42290735,1.4834107,1.7980247,1.9529847,0.81840926
hsa-miR-648,0.9829174,1.4697952,0.38527793,0.9656779,1.345334,1.1489569,0.73688006,1.0278503,1.2321832,1.1132082
hsa-miR-649,0.9500926,0.9628994,0.97704947,0.9290993,1.0253823,1.0038688,1.276359,0.9834702,0.93096226,1.001066
hsa-miR-650,1.5364505,1.3459455,1.1418638,0.9151199,0.93055516,1.4767761,1.0246934,0.93120575,0.3487863,0.9915523
hsa-miR-651,0.84444135,0.973225,1.2279123,1.014938,0.96907836,1.1191075,0.97170466,0.9139375,0.9353139,1.0839641
hsa-miR-652,0.74324125,1.4789116,1.8895458,1.4235156,0.41076726,1.2665108,2.0077832,1.4806601,0.3882842,0.51685977
hsa-miR-653,1.0677793,1.2871629,1.0810686,0.8334982,1.1671586,0.9353162,0.9474166,0.98910826,0.9482252,0.83270246
hsa-miR-654,0.58645284,0.9539239,0.7237881,1.4109089,2.1569912,0.9658708,0.57105047,1.1963595,1.3686483,0.90165734
hsa-miR-655,0.8411699,1.1404961,1.1769106,0.83145034,1.3168045,1.1490989,0.8778146,1.0007175,0.96874917,0.8256184
hsa-miR-656,0.8715211,0.9516359,0.81776774,0.89105797,1.6231796,1.3006328,0.8313293,0.8271629,1.2763976,0.919779
hsa-miR-657,0.99059576,1.3702524,0.933642,0.6495779,1.1975899,0.994892,0.65427035,1.3802216,1.4436347,1.0238116
hsa-miR-658,0.97711825,1.4105185,0.6251448,1.0192741,1.412539,1.0379995,0.70579916,0.8731749,1.0234318,1.224678
hsa-miR-659,0.7368179,1.4908664,0.42892873,1.2006105,1.9933708,0.7833658,0.93165493,0.61732614,1.1942543,1.4761506
hsa-miR-660,1.3584683,1.1139714,1.9341697,0.48205,0.5073842,0.8492701,2.310098,1.6145352,0.65797514,0.66550934
hsa-miR-661,0.9817859,1.3008976,0.88941133,0.7253393,1.152738,1.0542458,0.67678547,1.2236763,1.3196743,0.98922217
hsa-miR-662,0.93420905,1.460708,0.6013126,0.8106777,1.4014329,1.3369013,0.4074732,1.4249947,1.2668113,1.2195116
hsa-miR-663,0.6013972,0.94200766,0.31646213,1.5269717,2.5057602,0.86798424,1.0450656,1.0730654,1.0727867,1.2029094
hsa-miR-668,1.02022,1.4481106,0.9264806,0.5874352,1.1258659,1.0021836,0.64880687,1.4497899,1.4876581,1.0018559
hsa-miR-671,1.0466448,0.78221,0.14874482,1.4592333,2.7561862,1.319446,0.67708373,1.3511932,1.1650635,1.1968598
hsa-miR-675,0.88436276,1.2047275,0.7895623,0.86498404,1.2915035,1.0444088,0.773435,1.0434546,1.2132157,1.0407951
hsa-miR-7,0.60235983,0.9495935,1.4707886,1.1549821,1.3872597,1.3410498,0.27843094,0.0946687,2.2548711,1.3896046
hsa-miR-758,0.39809322,0.7032354,1.083762,1.7673508,1.8290229,1.2826153,0.64807963,0.6186577,1.5818999,1.225299
hsa-miR-765,0.69630647,1.2562761,0.11539491,1.5207235,2.570399,1.169402,0.6851523,1.4171813,1.4876134,1.4022617
hsa-miR-766,0.99316114,1.0687404,0.61149013,1.3895012,1.5997043,0.97524595,1.2372346,1.2273699,0.41041228,1.1827615
hsa-miR-767-3p,0.9959333,1.5071534,1.0094095,0.9634555,1.1811606,0.7019283,0.91075003,0.7947268,0.7730786,1.4565762
hsa-miR-767-5p,0.8528666,0.8732565,1.4029908,1.1561288,1.4539324,1.1222298,1.1314628,0.76450133,0.87270784,0.6715292
hsa-miR-768-3p,1.4974698,0.6736998,0.8464726,0.8708678,0.7718319,1.5518434,1.1031152,1.5785875,1.3465759,0.53179896
hsa-miR-768-5p,1.3385451,1.4136002,0.41416746,1.3900496,0.55688655,1.3904122,0.8582721,1.2666239,0.9794704,1.0483527
hsa-miR-769-3p,1.1039417,1.396172,0.60161465,1.0560101,1.3743379,1.0695091,0.59803265,0.98086023,1.055999,1.1776446
hsa-miR-769-5p,1.0714899,0.79620814,1.7692014,0.9151142,0.7141244,1.2406882,0.8017826,1.0547569,0.9500529,1.020553
hsa-miR-770-5p,1.3682246,1.8374791,0.7804903,0.6560915,1.0199738,1.51021,0.813158,0.9338028,0.65890473,0.96084666
hsa-miR-801,0.7505901,0.959016,0.46272495,1.4268769,1.980004,1.1546264,0.851643,1.6093735,1.5968769,0.6524611
hsa-miR-802,0.9672239,1.1733102,1.1797714,0.9083222,0.934891,1.1976498,0.9445354,0.9270204,0.89968836,0.9323902
hsa-miR-9,0.8721481,1.2617779,1.4249548,1.1406498,0.2034767,1.261142,1.5367875,0.9382059,1.6750202,0.9718369
hsa-miR-9*,0.76999813,1.3294817,1.4437473,0.9854946,0.28272972,1.2488335,1.4384282,0.87916875,1.1841594,1.0686631
hsa-miR-92,0.37605533,0.32013002,1.4625216,2.2426987,0.86610866,1.2999734,0.9215891,1.0297977,1.462001,1.541637
hsa-miR-92b,1.6045187,1.7280991,1.9961306,0.43673474,0.17449225,1.1242424,1.5576736,0.9882924,0.7110486,1.5592297
hsa-miR-93,0.272951,1.3243715,2.4072776,1.4096397,0.34570876,0.8235285,1.3972695,0.66082436,1.6360621,1.933652
hsa-miR-95,0.9307779,1.4479753,1.9201088,1.3114539,0.20344998,1.4231522,0.971199,0.80933523,1.4191927,0.8806091
hsa-miR-96,0.54234284,0.72054076,1.1237262,1.4120036,0.37087518,1.1988878,1.7188003,2.2659943,1.0400206,0.8640852
hsa-miR-98,1.2713674,1.2493002,1.5612788,0.9073518,0.3098648,1.3314055,1.1093125,0.911336,1.3872721,0.8240483
hsa-miR-99a,1.198876,1.047575,1.8520648,1.108444,0.29147092,1.119515,2.7009742,0.5127745,1.0729127,0.8579096
hsa-miR-99b,1.4337361,1.2723038,1.5357995,0.53812784,0.3908782,1.4051105,1.1923537,1.3420347,0.41995975,1.5828338
hsv1-miR-H1,0.89957535,1.8655449,0.16577053,1.1801211,1.7732555,1.234676,0.9327499,1.057034,1.2528135,1.6218685
kshv-miR-K12-1,0.7768154,1.1605568,1.2074198,0.89126295,1.4831955,0.909488,0.8962168,0.85384554,0.8979021,1.1101873
kshv-miR-K12-10a,0.69447666,1.0089645,0.29367015,1.1089869,2.4327517,1.0334228,0.89209205,1.2072603,1.0050042,1.5247091
kshv-miR-K12-10b,0.71906483,0.98801184,0.3099712,1.055847,2.4214025,1.039641,0.90185195,1.2273439,1.014462,1.5397967
kshv-miR-K12-11,0.8584105,1.108315,1.1122884,0.90907705,1.337566,0.9961737,0.7743063,0.90204024,1.178341,1.0162445
kshv-miR-K12-12,0.53700745,0.4333891,1.3132385,1.4862357,0.9762366,1.6487963,1.0787287,1.6663274,1.0089843,0.72016495
kshv-miR-K12-2,0.9890619,1.2587135,0.76098967,0.9117676,1.2703147,1.0638539,0.6747884,1.0896543,1.1100596,1.0465266
kshv-miR-K12-3,0.5119655,1.5168021,0.21079713,1.1551375,2.2360916,0.82862926,0.7578828,1.2513458,1.1691056,1.7718054
kshv-miR-K12-3*,1.0251738,1.1783493,1.0919694,0.91734374,0.99072206,1.1084363,0.8774839,1.0323813,0.9801643,0.84741646
kshv-miR-K12-4-3p,0.9294478,1.2378558,0.9052043,0.80101466,1.5942723,0.86757463,0.8835576,1.0477262,0.8983664,1.0419135
kshv-miR-K12-4-5p,0.8167694,1.2119685,1.0602509,0.98354656,1.3978454,1.090437,0.53539824,0.97079635,1.0983902,1.0818356
kshv-miR-K12-5,0.8919925,1.1740494,0.9462643,1.0806825,0.89172167,1.0317812,0.9008658,1.0695524,1.0253766,1.0271102
kshv-miR-K12-6-3p,0.93854177,1.4919152,1.2731221,0.98517245,0.96737796,0.778908,0.79117167,0.6532634,1.0819709,1.3346655
kshv-miR-K12-6-5p,0.98364574,1.2627918,0.99277616,0.8300189,1.1361715,0.947088,0.7139385,1.0149893,1.1883887,1.0658932
kshv-miR-K12-7,0.7501922,1.5146631,0.39740208,0.7627496,1.4536434,1.2829298,0.5610716,1.5690303,1.265882,1.2586367
kshv-miR-K12-8,0.860165,1.1460338,0.49995512,1.1057009,1.6155968,1.1954378,0.8220768,1.017332,1.11114,1.0048988
kshv-miR-K12-9,0.8818399,1.0766373,1.1097449,0.98896116,0.95642316,1.2404257,0.8817372,0.9727791,0.99242234,0.9502284
kshv-miR-K12-9*,0.9395804,1.3685291,0.8083772,1.2169884,1.4453272,0.68864506,1.0556942,0.77213365,0.68845135,1.4357101
