TCGA.3N.A9WC.06,0.6336373,0.82763803,1.2840909,0.33142045,1.0985597,0.7199579,1.8083463,0.9677687,0.6585524,1.318437
TCGA.3N.A9WD.06,0.7544065,1.8547418,1.3013947,1.0148354,0.22135973,1.1249834,0.78638256,1.091419,0.50810695,1.0541027
TCGA.BF.A1PU.01,1.5547388,0.9057371,0.82119143,0.7359536,1.4509473,1.2908088,0.7824504,0.9608455,0.44174433,0.649527
TCGA.BF.A1PV.01,1.6366488,0.06822422,0.6233763,0.76537555,1.5444765,0.926109,1.1888765,1.2059401,0.31216404,1.189038
TCGA.BF.A1PX.01,1.1657307,0.96058244,0.6785834,1.345891,1.382481,1.5147587,0.29475954,0.64448243,0.61354566,0.93322146
TCGA.BF.A1PZ.01,1.5966885,0.632724,0.6374956,1.1089449,0.90359443,0.8493084,1.1138933,1.1211827,1.285705,0.39764434
TCGA.BF.A1Q0.01,1.3685547,0.94475895,0.8658074,1.328782,0.64183885,0.83678275,1.6391256,0.3107904,0.5622341,1.1688793
TCGA.BF.A3DJ.01,0.5040891,1.237953,0.7035003,1.030454,1.3807514,1.6123774,0.518664,1.3114253,0.40509397,1.2937791
TCGA.BF.A3DL.01,0.7959417,0.64718276,2.2869487,1.0838214,0.538419,0.41103217,0.10235053,1.9210072,0.02294282,0.45179254
TCGA.BF.A3DM.01,0.49685284,0.91784674,0.8082288,0.96377057,0.930646,1.4912626,1.0484097,1.2290312,0.74604124,1.4388807
TCGA.BF.A3DN.01,0.92183435,1.1869324,1.3112465,0.7521493,0.88303643,1.7179029,0.011037366,0.92445594,0.853502,1.1258622
TCGA.BF.A5EP.01,1.1066754,0.6774254,0.79008377,0.9446214,1.1912086,1.2717537,1.7791153,0.8670666,0.65180737,0.4391562
TCGA.BF.A5EQ.01,1.2373946,0.56710106,0.70495874,0.8142073,1.7346724,0.40293163,1.3302081,0.8088184,1.0708212,0.72540855
TCGA.BF.A5ER.01,0.53452533,0.79878783,0.7128123,1.3005038,1.778056,0.0007114705,1.8891523,1.0946087,0.61630505,0.03899468
TCGA.BF.A5ES.01,1.2077564,0.9102554,1.1702915,1.1970145,1.1218587,1.1365856,0.63525414,0.6517946,1.2720184,0.52087
TCGA.BF.A9VF.01,0.82796615,1.2033384,0.78075373,1.4896387,1.3597411,0.6523117,0.6417582,1.241044,0.99749017,0.70636636
TCGA.BF.AAOU.01,1.3534302,1.210915,1.0569829,1.3890651,0.869323,0.94982237,1.0899423,0.5291664,0.45698094,0.75510097
TCGA.BF.AAOX.01,1.2398221,1.1397994,0.75631523,1.3099458,0.86437005,0.39228433,0.9465405,1.5982494,0.2868028,1.1525989
TCGA.BF.AAP0.06,1.2668816,0.697731,1.5513973,0.9011333,1.2558393,0.73584914,0.93893254,0.24534667,0.8837253,0.96056074
TCGA.BF.AAP1.01,0.90257853,1.5235715,0.84067774,1.0703121,0.9825266,0.840394,1.0811933,0.9165877,1.338674,0.5036173
TCGA.BF.AAP2.01,1.2224606,1.2193093,0.7779269,1.0825449,1.1840937,0.72476614,0.7726327,1.4544333,1.2401702,0.22366339
TCGA.BF.AAP4.01,1.4509821,0.61518943,1.0994986,1.3341388,1.1240338,0.7038066,0.6378856,0.511806,1.0590926,0.901847
TCGA.BF.AAP6.01,0.5281881,1.2460628,1.1675731,0.97992754,1.4038168,0.8944854,0.79267234,0.3019768,1.2807738,1.2969093
TCGA.BF.AAP7.01,1.4159079,0.7497611,0.99029344,1.0971262,1.2473552,1.0341849,0.3553229,0.53431064,1.0574508,1.0846533
TCGA.BF.AAP8.01,1.1012175,0.832102,1.327167,1.1132026,1.0342665,1.4404396,0.55201554,0.67144144,0.8980465,0.9626
TCGA.D3.A1Q1.06,0.71521884,1.8971636,0.29167297,0.5178325,1.1531202,1.5889804,0.42934808,0.14595404,2.0868545,0.71912116
TCGA.D3.A1Q3.06,1.0734515,0.89778596,0.24165943,1.2007265,1.5147914,1.0457971,0.2502532,1.0389408,1.263792,1.3531871
TCGA.D3.A1Q4.06,0.72343236,1.1624371,0.91523826,0.79186726,0.86159045,1.632049,1.0444301,0.294063,1.1350812,1.3068513
TCGA.D3.A1Q5.06,0.9193657,1.4613409,0.5136257,0.7170623,0.766728,1.3651811,0.9608122,0.34009242,1.3644226,1.360282
TCGA.D3.A1Q6.06,0.57058877,0.22088523,1.1789329,1.4642227,1.2718685,1.9494133,1.1776053,0.00023593944,0.41352186,0.8868383
TCGA.D3.A1Q7.06,1.1248875,1.5912118,0.80150473,0.93965924,1.0217816,0.75501037,0.55681634,0.4986573,1.3361366,1.3587343
TCGA.D3.A1Q8.06,0.8592553,1.0170299,0.7648853,0.8183254,0.7707793,1.1547779,0.87050194,0.48559636,1.5469815,1.5643553
TCGA.D3.A1Q9.06,0.90238464,1.7098244,1.0437638,1.4382606,0.8710684,0.17131664,1.2496201,0.62637526,1.2098978,0.44979817
TCGA.D3.A1QA.07,0.4488961,1.37801,1.128176,1.169771,0.91114324,0.56369793,0.2780138,1.1163352,1.3247267,1.6102926
TCGA.D3.A1QA.06,1.1124047,1.4511296,0.31767887,1.1529068,1.3810838,0.23908056,0.28239793,1.1394911,1.205573,1.5274578
TCGA.D3.A1QB.06,0.8800585,1.3402871,0.84213865,1.0801139,1.1612536,0.54380196,0.97244,0.32500228,1.6726494,0.9360232
TCGA.D3.A2J6.06,1.3875526,1.3154981,0.89518356,1.2493511,0.9620333,0.49058768,1.0271307,0.767472,0.7791605,0.85697335
TCGA.D3.A2J7.06,1.4589503,0.7384856,1.2346847,1.0686593,1.2883703,0.8722855,1.0354288,0.34217587,0.5843584,0.92010796
TCGA.D3.A2J8.06,1.3590876,0.6720496,1.1794517,1.3395083,0.42180604,0.69217783,1.1396008,0.37667224,0.93233806,1.3204032
TCGA.D3.A2J9.06,1.6815999,1.4271195,1.1683295,0.6925914,0.43672705,0.1274284,0.872146,0.3168779,1.4133103,1.3218681
TCGA.D3.A2JA.06,1.4046824,0.38567775,0.5958914,1.1561148,0.5948981,1.3685257,1.2464443,0.3943932,1.078924,1.2929243
TCGA.D3.A2JB.06,1.6845676,1.1950321,1.1028469,0.7214761,0.6086524,0.21185443,1.1744025,0.56010103,1.4480896,0.7555236
TCGA.D3.A2JC.06,1.4432459,0.97700167,1.0477506,1.0341411,1.1082968,0.8986968,1.0098755,0.36520556,0.8243983,0.92401063
TCGA.D3.A2JD.06,1.6863348,0.7092227,1.6344609,0.78286326,0.53688735,0.93076026,0.2468405,0.98415303,1.0068156,0.91138744
TCGA.D3.A2JE.06,0.19539948,0.9385175,0.57461196,0.076484255,1.3067306,0.8409135,1.503222,1.1256863,1.601089,1.3194532
TCGA.D3.A2JF.06,1.3980259,1.0006219,0.86310834,1.0997669,0.20438069,0.25851783,1.2406273,1.559265,0.970399,0.80572444
TCGA.D3.A2JG.06,1.2602525,1.3408996,0.7141677,0.93889683,0.82439876,0.70808434,0.9862419,1.0704405,1.3177882,0.8130275
TCGA.D3.A2JH.06,1.1266855,1.7215317,1.0839828,0.9134077,0.7042085,0.34169552,0.6217762,0.19237204,1.6165414,1.4136274
TCGA.D3.A2JK.06,0.7184109,0.39955318,1.1162596,1.7284411,1.2351698,1.4923786,0.07901036,1.3391668,0.65113306,0.70848954
TCGA.D3.A2JL.06,1.2402036,0.92287636,1.0856808,0.65688694,1.3065324,0.3395556,1.0150793,0.9123976,1.7044628,0.49409896
TCGA.D3.A2JN.06,0.97368705,1.0432945,1.4497426,0.9489118,0.24216634,1.2263396,1.0720361,0.4060156,0.76364964,1.4221376
TCGA.D3.A2JO.06,0.9944539,1.5416974,1.2035282,1.0619243,0.46941528,0.56594425,0.94110537,0.56243503,0.95313275,1.5329465
TCGA.D3.A2JP.06,0.3020288,0.74712694,1.529752,0.8485585,1.7541944,1.3946942,0.85406715,0.79159594,0.49838454,1.1675513
TCGA.D3.A3BZ.06,1.203042,0.6315952,1.4152652,1.3465844,0.71459025,1.0037811,0.44397324,0.3008987,0.709029,1.3566134
TCGA.D3.A3C1.06,1.6535755,0.4136813,1.3659277,0.47609317,1.071206,1.2198122,0.7885343,0.5938451,0.65287685,1.22032
TCGA.D3.A3C3.06,0.93513507,0.3367135,1.1729522,0.79137397,0.25444943,1.0826646,1.0902556,1.1453756,1.4911046,1.3911537
TCGA.D3.A3C6.06,0.27084762,0.70917434,1.0249585,0.9451588,1.1458585,1.5866853,0.3216567,1.1874226,1.2545164,1.358489
TCGA.D3.A3C7.06,0.95469546,0.9242111,1.3234282,0.9113952,0.43821925,1.3025637,1.069388,0.6527111,0.8268192,1.3133034
TCGA.D3.A3C8.06,1.505117,0.25979173,1.4311818,1.2263782,0.5612111,0.7450152,1.3553338,0.13267606,0.7083268,1.2245243
TCGA.D3.A3CB.06,1.0355726,0.85188144,1.1036385,1.1864071,0.7162446,0.9378064,0.8862708,1.4983842,0.85229814,0.7851555
TCGA.D3.A3CC.06,1.140555,1.0578674,0.7820971,1.3539459,0.9118155,1.1583613,0.5570901,1.0430256,1.1016954,0.870208
TCGA.D3.A3CE.06,0.72602004,0.61419904,0.91747224,0.4969111,1.02999,0.70608693,1.7654989,0.6805761,1.6375004,0.6844577
TCGA.D3.A3CF.06,1.4393693,0.9595979,1.1112702,1.2863036,1.0691872,0.48744935,0.31881103,0.6006528,1.2175994,0.97743636
TCGA.D3.A3ML.06,0.7325178,0.67166,0.95824444,0.5299859,1.0862745,1.1594952,1.0240736,2.048358,0.59227353,1.122147
TCGA.D3.A3MO.06,0.7737397,0.8743789,0.8941812,0.7916568,0.68521136,1.3885006,1.0839089,0.79099476,0.9134809,1.5983833
TCGA.D3.A3MR.06,1.1676399,0.7609302,1.8520159,0.6179893,0.7757734,0.78575104,0.98244,0.53740066,0.6067061,1.3015574
TCGA.D3.A3MU.06,1.6671866,0.75564075,1.1823045,0.74951726,0.5581077,0.8766581,0.26154006,1.5373133,0.5240577,1.1675984
TCGA.D3.A3MV.06,0.8025492,0.52100986,0.9833709,0.7044204,0.6560422,1.0811512,1.144031,0.9077104,1.3173772,1.7269286
TCGA.D3.A51E.06,0.5279252,1.3967402,1.1694068,0.8962696,1.0915807,0.74552757,1.2462335,1.122411,1.0237781,0.8164537
TCGA.D3.A51F.06,1.0474368,0.45045298,1.4790485,0.941508,1.0664386,1.1186767,1.413309,0.00036660177,0.992029,0.9192548
TCGA.D3.A51G.06,0.6371361,0.8307814,0.6150647,0.95536095,0.32260567,2.0513198,1.2543404,0.19220018,1.4903998,0.74156165
TCGA.D3.A51H.06,1.4224217,1.0781054,1.5688912,0.7032207,0.20896423,0.6421987,0.7396574,0.44486734,1.4912763,1.2404883
TCGA.D3.A51J.06,0.8737197,1.5892732,1.2636569,0.24471542,1.5247633,1.2669141,1.4871815,0.34117043,0.64892197,0.34195092
TCGA.D3.A51K.06,0.40966585,2.001865,0.38755214,0.29775235,1.3291109,0.8168301,0.8099122,0.77393454,1.7398015,0.9593242
TCGA.D3.A51N.06,0.8916779,1.024311,1.3448273,0.7619527,0.9467274,1.246277,1.5163616,0.088742875,0.55058056,1.0395846
TCGA.D3.A51R.06,0.0041811136,1.1839736,0.21969162,1.5501794,0.2252636,1.280945,1.4344658,0.33614627,1.5339004,1.5113263
TCGA.D3.A51T.06,1.1715782,0.44034985,0.82256085,0.6759721,1.4247365,0.8820686,1.3202555,1.0642604,0.88431853,1.0122199
TCGA.D3.A5GL.06,0.90400696,0.6956334,0.9225735,1.0260422,1.6821057,0.81113744,1.3488739,0.77034146,1.0175508,0.7588673
TCGA.D3.A5GN.06,0.9434298,0.90130776,0.87464464,0.9449913,0.8530174,1.5023125,1.5999798,0.35598475,1.2357522,0.35825604
TCGA.D3.A5GS.06,1.503215,1.0272145,0.82696253,0.6092713,1.2064208,1.2393582,1.2463874,0.9095281,0.78705764,0.19705269
TCGA.D3.A5GT.01,0.99390745,1.1508235,0.6193539,0.59482735,1.2462431,0.65923285,1.1756892,1.4576526,1.074907,0.68170255
TCGA.D3.A5GU.06,0.93102556,0.6695581,0.42971262,0.53198844,1.6829667,0.7261208,1.3186494,1.1935729,1.3329176,0.35586143
TCGA.D3.A8GB.06,1.3018779,0.83421206,1.5648342,1.0242434,0.9926403,0.7585781,0.7169433,0.8561541,0.7659892,0.95254904
TCGA.D3.A8GC.06,0.4765984,1.5111407,0.94149435,1.3758948,1.4165307,0.6275804,1.1245137,1.2293907,0.15069793,0.93554807
TCGA.D3.A8GD.06,1.3282963,0.99107516,1.4440802,0.72206837,0.6743003,0.3022226,0.93453574,0.84029186,1.366137,1.0717866
TCGA.D3.A8GE.06,1.6029743,0.37729755,0.99594766,1.0894938,1.2949315,1.8778932,0.0682397,0.20752068,0.9395288,0.78770936
TCGA.D3.A8GJ.06,1.1187351,0.7171969,1.187016,0.30382958,1.6443462,0.9409771,0.8148475,0.4350173,1.3277687,1.0431179
TCGA.D3.A8GL.06,0.9465745,1.0632275,0.68031514,1.1365558,0.81165975,1.2584573,0.5952122,1.2539514,1.2726673,0.9013021
TCGA.D3.A8GM.06,1.099575,1.0036145,1.3538331,1.0503502,1.475075,0.6073352,0.65878916,0.6748871,1.039082,0.6544456
TCGA.D3.A8GN.06,0.8858721,1.5607513,1.2535473,0.9273274,0.64295816,1.1545264,0.8574691,0.2575257,0.95313364,1.1878775
TCGA.D3.A8GO.06,1.1709458,0.9388898,1.5240387,0.22231843,0.92594236,1.1766399,1.2562207,0.5821018,0.7689174,1.010895
TCGA.D3.A8GP.06,1.0536102,0.06253823,0.40191558,0.38787675,1.6062894,0.42743018,2.050968,1.5019457,0.23669286,1.2386379
TCGA.D3.A8GQ.06,0.64693624,1.2054559,0.8716316,1.1649244,0.38000542,1.0008548,1.4118708,0.5508766,0.63266957,1.7768373
TCGA.D3.A8GR.06,1.5407349,1.0287687,0.98316705,0.85477334,1.1855264,0.58329135,0.9700409,1.3531014,0.37705663,0.8895792
TCGA.D3.A8GS.06,1.1529273,0.5647316,1.3617479,0.5177185,1.0429684,0.7511531,1.7409068,0.59445405,1.0245931,0.8581028
TCGA.D3.A8GV.06,0.6317203,1.087815,0.8796457,1.4787039,0.54723406,1.1343187,1.0285219,1.0598023,1.0922524,0.77779996
TCGA.D9.A148.06,1.5052555,1.0564382,1.4345149,0.63958055,0.874477,0.46838552,0.81092316,1.0496224,0.7283077,1.1115754
TCGA.D9.A149.06,1.553152,0.6979864,0.8444463,0.99863046,1.3615302,0.09208198,0.8174547,1.1778702,1.1903204,0.9988877
TCGA.D9.A1JW.06,1.6404787,0.8832721,0.80792725,0.7579923,1.1841749,0.001398261,1.6941504,1.5325509,0.13425341,0.48155195
TCGA.D9.A1JX.06,0.8712474,0.9000801,1.2185053,0.39708084,1.1723523,1.3508743,0.74938273,0.58284384,1.2654122,1.468326
TCGA.D9.A1X3.06,0.8516938,0.50103784,0.38761273,0.90589154,1.5474714,1.0466745,0.7164381,1.5152632,1.0533589,1.1755497
TCGA.D9.A3Z1.06,1.0424019,1.2530888,1.1581907,1.0467589,1.1901116,0.44597793,0.9220272,0.28360596,1.0154796,1.2732317
TCGA.D9.A3Z3.06,1.2637979,1.6987134,1.1007605,1.0402061,0.82311845,0.29220212,0.7709971,0.7758226,0.9443309,0.99237305
TCGA.D9.A3Z4.01,0.8465688,0.62732196,0.92441744,0.81057346,0.9287667,1.3993214,1.19212,0.9675292,1.3021232,0.8922269
TCGA.D9.A4Z2.01,1.0589601,1.1134164,0.8979965,0.6790984,1.7106929,1.6170051,0.9461441,0.41927806,0.7302688,0.39468023
TCGA.D9.A4Z3.01,0.7208017,1.0416662,0.44707337,0.6133046,1.2394243,0.97504944,1.2140895,0.58321,1.6172826,1.3846172
TCGA.D9.A4Z5.01,2.5030954,0.37571567,0.27212918,0.5550089,0.83763057,1.0728654,1.6202306,1.2952652,0.2829285,0.14279407
TCGA.D9.A4Z6.06,1.0322461,1.2449129,0.7872993,1.0347466,1.4453628,0.8346158,0.87205493,0.9346065,1.3643115,0.43170393
TCGA.D9.A6E9.06,1.2457333,1.0875854,0.9027492,1.1077894,0.95098686,0.77486837,1.0570652,0.93875647,1.3581119,0.26969114
TCGA.D9.A6EA.06,0.4595656,1.0596284,1.0150266,0.5846082,1.3084937,0.8425979,1.2905688,1.3405418,1.2027955,0.7425006
TCGA.D9.A6EC.06,0.28522798,1.2998848,1.1179804,1.361681,1.4705735,0.93727916,0.93670064,0.94842607,1.0656166,0.5217669
TCGA.DA.A1HV.06,1.1389064,0.44688848,1.4495044,0.6950738,0.946735,1.214106,1.2869835,1.280768,0.6260435,0.6571909
TCGA.DA.A1HW.06,1.1290959,0.641624,1.5197111,0.5885211,1.4112488,0.3873826,1.0177956,1.0209118,0.8462861,1.0688186
TCGA.DA.A1HY.06,0.6691942,0.488094,1.3532832,0.9918983,0.83865523,1.5175295,1.3997861,0.6606004,0.71220726,1.0744781
TCGA.DA.A1I0.06,0.0019920925,1.1734314,1.7601186,1.8387588,0.43105468,1.1317338,0.0007420069,1.3876255,0.2920145,0.7018589
TCGA.DA.A1I1.06,1.4108876,0.29443076,1.1070821,0.53211164,1.2795188,0.8389958,1.187986,0.83485115,0.2120895,1.6344885
TCGA.DA.A1I2.06,1.7552949,0.8723139,0.8409006,0.7007,0.85124636,0.7905223,0.49748978,0.9954934,0.90892893,1.4611133
TCGA.DA.A1I4.06,1.2399724,1.0872802,1.2786516,1.1655256,0.81475186,0.7533109,0.5527542,1.1118611,0.82296854,1.0955418
TCGA.DA.A1I5.06,0.8580392,1.1284914,1.2119036,1.1386774,0.8873464,0.7905994,1.1163521,0.50022274,1.1802932,0.9652845
TCGA.DA.A1I7.06,0.9054705,0.6922531,1.0865029,1.5250019,0.85142916,1.4952677,1.1885331,0.4718323,0.038083054,1.2019821
TCGA.DA.A1I8.06,0.51056135,1.2622675,1.1019685,1.3433079,0.97276485,1.5290008,1.2532188,0.22923417,0.7908928,1.0012134
TCGA.DA.A1IA.06,0.7313566,1.2838415,0.90699434,1.2438374,1.3463846,0.70698094,1.2052853,1.3377522,0.8124994,0.27065694
TCGA.DA.A1IB.06,1.3537431,0.6268855,1.9084338,0.66133636,1.1666732,0.6696035,0.54933614,0.3755877,0.81800336,1.2148285
TCGA.DA.A1IC.06,0.7273473,1.1697339,1.0586869,1.1426435,1.4804347,1.3983227,0.66788566,1.0807517,0.4855005,1.0560545
TCGA.DA.A3F2.06,1.4399239,0.8109786,1.8227205,0.6121453,0.061549995,0.7580522,0.196043,0.5662978,0.0005240427,1.8458203
TCGA.DA.A3F3.06,0.53894335,1.1853851,0.5759497,0.00048878626,1.2380971,0.98430324,1.0778694,1.737098,0.92881745,1.546318
TCGA.DA.A3F5.06,0.34218168,0.31912386,1.3992556,1.5297366,0.0012029973,1.0706382,1.8699102,0.5282047,0.4261099,1.4183434
TCGA.DA.A3F8.06,0.9668929,0.49318382,1.4149536,1.355706,0.8275317,0.7950256,0.73109496,1.1416653,1.0506221,0.9357206
TCGA.DA.A95V.06,1.7641833,0.8912391,1.5724354,1.0243107,1.2469016,1.0325999,0.22405386,0.6492129,0.76064897,0.21589077
TCGA.DA.A95W.06,0.47940433,0.8824212,0.8760172,0.66126347,1.2599306,1.2034074,1.261125,1.667119,1.0034808,0.2081244
TCGA.DA.A95X.06,1.0621012,0.63652486,0.74660367,0.9555316,1.0800596,0.8592437,1.3038181,0.98981595,0.8533938,1.1922896
TCGA.DA.A95Y.06,1.3516647,0.5189757,1.2823962,1.3411305,1.3441254,0.9730998,0.54980886,1.0170435,1.0721713,0.15676619
TCGA.DA.A95Z.06,0.057256464,1.4405851,0.68945473,1.3500183,0.89572793,1.0811653,0.5603673,1.3173363,1.0816863,1.3860767
TCGA.DA.A960.01,1.6690769,0.38445348,0.9413644,0.8144266,0.6992439,0.88781524,0.45190257,1.716275,1.3203439,0.64520633
TCGA.EB.A1NK.01,0.9562497,1.3207183,0.7605259,1.3731747,0.6172709,0.6359241,0.43189692,1.5532148,0.98238546,1.1783735
TCGA.EB.A24C.01,1.8830916,0.46377596,0.48692536,0.95313936,0.993437,0.9347477,0.57217765,1.6256895,0.38603157,1.2026094
TCGA.EB.A24D.01,0.84894747,0.5942049,0.85181916,0.7859178,1.2156123,0.97746575,1.7207458,1.6030941,0.7478292,0.12106057
TCGA.EB.A299.01,1.8297038,1.0793246,1.018349,0.97949636,0.39092842,1.2678691,0.38515386,1.073611,0.5978,0.9792082
TCGA.EB.A3HV.01,2.045027,0.7996784,0.7228974,0.78575593,1.018429,1.3921279,0.61850375,0.69712645,0.5220264,0.8350373
TCGA.EB.A3XB.01,1.136555,1.0297121,1.1271905,1.069921,1.1052108,0.46507183,0.956184,0.70458686,1.06233,1.2168885
TCGA.EB.A3XC.01,1.1842294,1.3318499,1.1428396,1.5397228,0.53827626,1.204332,0.71975785,0.7404229,0.5500764,0.7289279
TCGA.EB.A3XD.01,1.4876271,0.9604449,0.9771974,1.1728584,0.77684146,1.5178571,0.31231833,1.3072833,0.0038518114,0.85202503
TCGA.EB.A3XE.01,1.5548891,1.0763725,0.79100114,1.0227883,0.73231024,0.9143797,0.65692043,1.4541088,0.50031483,0.9781704
TCGA.EB.A3XF.01,0.93838704,1.4028851,0.6539057,1.1127008,1.2774563,1.4841368,0.6527866,0.6604688,0.8695273,1.0514936
TCGA.EB.A3Y6.01,0.96916384,1.1065156,0.6853598,1.2389319,1.577746,1.1021866,0.5005335,0.93672687,0.5161802,1.0985657
TCGA.EB.A3Y7.01,1.2612423,1.3152058,1.1905663,1.4073269,1.1841018,0.61528796,0.24553816,0.7496904,0.6938995,0.8297452
TCGA.EB.A41A.01,0.7519949,1.3632646,0.021423118,1.0783135,1.2841495,0.6208503,0.8617374,1.5575311,0.8879128,1.5220461
TCGA.EB.A41B.01,1.1205542,0.85457426,0.85031694,0.7710641,0.93173105,0.7506248,0.9744832,1.2170345,1.5749702,0.9364068
TCGA.EB.A42Y.01,1.0288321,1.1894233,0.57117707,1.4685415,0.7391348,0.34841153,0.5411977,1.308899,1.2965659,1.3741156
TCGA.EB.A42Z.01,1.0316783,0.8120785,0.9240621,0.83754003,1.6981517,1.282866,1.1167233,0.5697339,0.85454375,0.67079306
TCGA.EB.A430.01,0.6039437,1.2399809,1.307168,1.304989,1.1383249,0.53859943,1.1659887,1.1512184,1.0803626,0.51134944
TCGA.EB.A431.01,1.028056,1.7102668,0.8299158,0.89009863,1.252777,0.24791217,1.021305,1.1113424,1.0196341,0.59847486
TCGA.EB.A44N.01,0.8822395,1.6139599,0.9361702,1.1579031,0.8936243,1.4977487,0.68978673,0.97273993,0.30342266,0.7029858
TCGA.EB.A44O.01,1.3197002,1.5235128,0.85149586,1.1126676,0.9393601,1.060193,0.6315477,0.60755455,0.9174704,0.94102025
TCGA.EB.A44P.01,1.2109562,1.4376388,0.4362605,0.63413686,1.4096042,1.0475699,0.7066448,0.9897671,1.2769022,0.8178519
TCGA.EB.A44Q.06,0.8644516,1.4497019,1.0624977,1.515082,0.9121778,0.38619033,0.91861963,0.7553504,1.1881171,0.8046831
TCGA.EB.A44R.06,0.5064175,1.619944,0.8007445,0.7163247,0.92891747,0.775126,0.83768713,0.6571211,1.868317,1.2333187
TCGA.EB.A4IQ.01,1.3485773,1.2915562,0.15458456,1.3907236,1.0900974,1.291578,1.0471231,0.9093182,0.1980701,0.4192832
TCGA.EB.A4IS.01,1.3384475,0.62258387,1.0259275,0.44151548,1.3485042,1.03045,1.2716761,0.57009643,1.0819585,1.0144432
TCGA.EB.A4OY.01,1.4699184,1.1812168,0.6917023,0.99417996,0.787488,0.77812797,0.6918621,1.0997424,1.4238554,0.58958954
TCGA.EB.A4OZ.01,1.8628783,1.0060041,0.52320087,1.285401,0.9355456,0.70753604,0.8342695,0.9093725,0.37258023,1.0835037
TCGA.EB.A4P0.01,0.36923832,1.144373,0.96094185,1.0252737,1.3861923,0.99773246,0.9984003,1.4867836,0.9830932,0.57565415
TCGA.EB.A4XL.01,1.4775227,1.2771531,0.4914625,0.49674562,1.3297418,1.5431129,0.9112625,1.0613092,0.7200938,0.21896864
TCGA.EB.A51B.01,1.2067136,0.9593154,0.24648048,1.495303,1.3561239,0.626412,0.9218637,1.247446,1.0557595,0.60146457
TCGA.EB.A550.01,0.8922706,1.4616587,0.32658947,1.0063949,1.420649,1.6158983,1.3058317,0.9437733,0.38802853,0.32710466
TCGA.EB.A551.01,1.1179093,1.1526238,1.1855987,1.1139934,0.25854653,0.94869804,1.5184786,0.006077187,1.0168399,1.2089696
TCGA.EB.A57M.01,1.5717791,1.0094109,1.0075842,0.80662054,1.3540761,1.2102699,0.45643124,0.94476515,0.7696194,0.85553545
TCGA.EB.A5FP.01,1.0198953,1.2508689,0.40816912,1.2583559,1.2423338,0.8346608,1.2996575,1.405879,0.75319576,0.22888543
TCGA.EB.A5KH.06,0.9442784,0.3939394,0.9352192,0.10470569,1.1851511,1.2166926,1.2888862,0.8001171,1.546475,1.0909791
TCGA.EB.A5SG.06,1.3100097,0.94328564,1.3525075,0.4222267,1.1996714,0.7167726,1.1837192,0.28026345,1.3794792,0.67038053
TCGA.EB.A5SH.06,1.154877,0.75782704,0.6421917,0.47466406,1.8376632,1.1284124,0.42073035,1.4895083,1.3051163,0.0014126467
TCGA.EB.A5UL.06,0.787807,1.2209724,1.0662981,1.1517806,1.5857042,0.7280815,1.3164,0.7351908,0.90164006,0.2486827
TCGA.EB.A5UM.01,2.1416256,1.0346258,0.15810865,0.7659125,0.7224664,0.98678446,0.5098003,1.06481,1.3632642,0.37030813
TCGA.EB.A5UN.06,1.2812415,1.3810366,0.882929,1.1779891,1.101448,0.93849146,0.5997462,0.4227576,1.1574339,0.8900841
TCGA.EB.A5VU.01,0.96084416,1.3204211,0.39173725,1.3389809,1.3155459,1.0756956,0.82174915,1.1805985,1.0458052,0.51847476
TCGA.EB.A5VV.06,1.1265924,0.7755106,1.8291744,0.42804375,0.33490622,0.51613045,0.49678916,0.49301776,2.0213742,1.257928
TCGA.EB.A6L9.06,0.9982077,0.73017097,1.5346036,0.8578522,1.2084119,0.50466996,0.72878116,0.6380187,1.2755246,1.0584208
TCGA.EB.A6QY.01,1.1855465,1.8385671,0.71032935,1.5388236,0.7411459,0.41152263,0.48308623,1.0062199,0.70300126,0.97302
TCGA.EB.A6QZ.01,0.93747497,0.78213525,0.77148396,0.90240866,1.2837087,1.537126,1.2130663,1.7211075,0.36783397,0.23255788
TCGA.EB.A6R0.01,0.31351605,1.2604883,0.76402867,0.621492,1.5745971,0.42402148,1.3013226,0.9931751,1.3237269,1.3524053
TCGA.EB.A82B.01,1.2402872,1.6026678,0.89719725,0.8521752,0.8863241,0.6122421,1.0485716,0.9087005,0.7287408,1.1135451
TCGA.EB.A82C.01,0.74647546,1.3018852,0.180474,1.3773662,0.8125231,0.9380675,0.7145499,1.3116792,1.396943,0.9137397
TCGA.EB.A85I.01,1.3387827,1.0171558,0.774128,1.3632976,0.70861775,0.8110475,0.32913062,0.9836638,1.3972025,1.1519428
TCGA.EB.A85J.01,1.1513499,1.0956882,0.85468924,1.3071105,0.56016004,0.5315994,0.87324846,1.0112299,1.6532344,0.6782472
TCGA.EB.A97M.01,0.5060891,0.858001,1.101566,1.5190185,1.3704956,1.0973715,0.5318774,1.4689661,0.78650427,0.76916385
TCGA.EE.A17X.06,1.5569274,0.7423565,1.3984675,1.5884364,0.10075737,0.78764564,0.51079506,1.3399396,0.7419198,0.5249871
TCGA.EE.A17Y.06,1.0090963,1.0966293,1.0077325,1.1407632,0.65400535,1.1634036,1.4919766,0.18811947,0.6610773,1.2158322
TCGA.EE.A17Z.06,0.58757913,0.7209991,0.8298009,0.22802785,1.5717946,1.2594354,0.8294989,1.2228924,1.4393641,0.8781436
TCGA.EE.A180.06,1.1433084,0.53433585,0.71440506,1.1137286,0.7329472,0.83951133,1.1752174,2.0124757,0.6673795,0.74763584
TCGA.EE.A181.06,1.2573669,1.2905668,0.6682906,0.95976454,1.061697,0.6745219,1.092802,0.7219624,1.3790617,0.64497906
TCGA.EE.A182.06,0.6508133,1.3251157,0.85475755,2.0352795,1.0948693,0.75614804,0.03812951,0.6261475,0.9576334,1.0974904
TCGA.EE.A183.06,0.5766531,0.51477486,2.2563977,1.3203111,0.46724752,0.24518494,0.031176014,1.7466786,0.52039224,0.58486193
TCGA.EE.A184.06,1.211251,0.61899704,0.93359244,1.0773301,0.9640312,0.5674683,0.841541,1.9154571,1.004658,0.6745395
TCGA.EE.A185.06,1.4385339,0.9801876,1.4780544,0.82337487,0.7900755,0.7794943,0.57870704,1.297066,0.7316303,0.79175454
TCGA.EE.A20B.06,1.4408627,0.35576287,1.2847567,0.5180511,1.1764035,1.6613171,0.3036287,0.2923741,0.8557209,1.3843654
TCGA.EE.A20C.06,1.5971588,0.17407392,1.1059891,1.0181639,0.8810088,1.2857504,0.56891763,1.0808129,1.2682277,0.4650573
TCGA.EE.A20F.06,1.2219585,1.3706487,1.2800394,0.8927098,0.8968476,0.553108,0.75628793,0.7875493,0.80323243,1.3489239
TCGA.EE.A20H.06,0.58205736,1.4893945,0.55906427,1.0210844,0.21912804,1.8810258,0.9941908,0.9322756,1.0133356,1.1189069
TCGA.EE.A20I.06,1.72252,0.37449434,1.3000405,0.9115316,1.6583284,0.4504907,0.09522362,0.45619428,0.61721164,1.4970243
TCGA.EE.A29A.06,1.0670354,0.48331925,1.0109496,1.0140332,0.59373015,1.569948,0.86327004,0.98756146,0.82713693,1.2394887
TCGA.EE.A29B.06,0.86287415,0.12900443,0.5727863,1.2187219,1.3717353,1.4067043,0.2792785,1.7825541,1.2157997,0.6328546
TCGA.EE.A29C.06,1.6030455,0.9115026,0.99040425,1.4782431,0.42028183,0.80063236,0.91170806,0.8358613,0.5464724,1.2019475
TCGA.EE.A29D.06,1.2115126,1.5911121,0.71664834,1.188743,1.1851683,0.42768672,1.2731237,0.6412182,0.44253156,1.053534
TCGA.EE.A29E.06,0.64273363,0.7758056,0.8701447,1.5224072,1.3528769,0.8249077,0.7667645,1.4372259,0.7295173,1.0294197
TCGA.EE.A29G.06,1.4286497,1.2620484,0.57158643,1.4079175,0.72611934,1.4363987,0.57396543,1.4412072,0.003559662,0.6212301
TCGA.EE.A29H.06,1.3208948,0.8690163,0.76463306,0.7727096,1.2314354,0.54472154,0.89043224,1.4957374,0.9098962,1.083603
TCGA.EE.A29L.06,1.4113445,0.89710337,0.46869358,0.9632668,1.092724,0.39625424,1.0965043,1.8469608,1.0940601,0.039617583
TCGA.EE.A29M.06,0.691149,1.107848,1.2331139,1.1793258,1.1329378,0.43512192,1.0170729,1.1207986,1.3580226,0.67789495
TCGA.EE.A29N.06,1.3675576,0.6796244,1.5031805,1.1775091,0.8188331,0.7118396,0.79493403,0.6393972,0.86375314,1.0737302
TCGA.EE.A29P.06,0.48464352,0.9737903,1.0849353,0.9196961,1.4432824,0.7438771,1.3041319,0.4879653,1.2869829,1.1030706
TCGA.EE.A29Q.06,0.6728253,1.6705103,0.7632576,1.0058093,0.71746117,1.2615432,1.1338272,0.46155298,1.296636,1.0408888
TCGA.EE.A29R.06,0.00044237697,0.79442376,0.6120555,0.7560519,1.2991735,1.2988111,1.1245685,1.475804,1.1636722,1.2115966
TCGA.EE.A29S.06,0.52936006,0.36271107,1.1097952,1.1651455,1.2829422,1.3640599,1.0775667,1.0660272,1.0105815,0.8490915
TCGA.EE.A29T.06,0.52216876,1.2364408,0.85766613,0.7584593,1.138727,1.6300002,0.9396517,0.64821565,1.1187159,1.2194332
TCGA.EE.A29V.06,1.3350693,1.0756363,1.3010967,1.1906621,0.7858797,0.9349108,0.5915359,1.1590021,0.5387801,0.8905525
TCGA.EE.A29W.06,0.08533569,0.7282831,1.2778598,0.8796037,0.60602206,2.3243165,0.39597023,0.54852885,1.258243,1.0208119
TCGA.EE.A29X.06,0.02209442,0.9696787,1.0740626,1.5699227,1.06096,0.05310391,1.6499902,1.3860596,0.8291527,0.7861381
TCGA.EE.A2A0.06,0.7271148,1.5440676,1.1274608,1.3264427,0.8838175,1.3671819,0.34421438,0.28893924,1.1034912,1.1313556
TCGA.EE.A2A1.06,0.8174618,1.0430279,1.2336258,1.1134119,1.057165,1.092044,0.56531143,0.61849695,1.2600929,1.2746824
TCGA.EE.A2A2.06,0.59360117,1.0752149,0.9826468,0.71231943,0.8319306,1.0350791,1.133338,0.7578416,1.7682166,0.7542065
TCGA.EE.A2A5.06,0.2513719,1.4976442,0.4053672,0.9273114,1.0318921,1.479392,0.7813214,1.0571926,1.3368826,0.9776978
TCGA.EE.A2A6.06,1.1676228,0.51339847,1.2854124,0.79212856,1.586089,0.7806897,1.0185726,0.51374495,1.1988773,0.7533761
TCGA.EE.A2GB.06,0.4597153,1.6729686,0.6792165,1.268511,1.5854243,0.74905294,0.93387604,0.7964781,1.0485803,0.92791164
TCGA.EE.A2GC.06,0.48935178,0.7719523,1.383692,0.6982652,1.7000117,1.0124117,1.2932218,0.872104,0.9241817,0.6550251
TCGA.EE.A2GD.06,0.798075,1.48191,0.65788054,0.99423504,1.2043213,1.2153463,0.50329036,0.4055092,1.2455966,1.4860231
TCGA.EE.A2GE.06,0.99820125,0.66533726,1.5692749,1.0234439,1.1762009,1.7255893,0.7157414,0.072293274,0.9240993,0.6735115
TCGA.EE.A2GH.06,1.0928813,1.5903558,1.0519006,1.0642645,0.8741263,0.98303527,0.7995842,0.16463858,1.0052948,1.128174
TCGA.EE.A2GI.06,0.7829984,1.1860857,0.9824152,1.0296352,0.7559802,1.2957225,0.43626338,1.4035653,1.0746584,1.0736891
TCGA.EE.A2GJ.06,1.8386161,0.84404606,0.55338943,0.7314774,0.92668974,0.7590973,1.183869,0.97871625,0.40053642,1.6076502
TCGA.EE.A2GK.06,0.6622609,0.6050044,2.0762272,0.687243,0.5427788,0.83613205,0.30162632,0.21940194,1.6767198,1.3319037
TCGA.EE.A2GL.06,0.3872798,0.22792502,1.6453999,0.65296644,1.2312452,1.5585303,0.16147433,0.91527313,1.5852178,1.093112
TCGA.EE.A2GM.06,1.0978714,0.7881541,1.2513934,0.96537995,0.85560596,0.9797764,1.0786983,1.05405,1.4271027,0.37020963
TCGA.EE.A2GN.06,0.5548557,1.4041061,0.8349692,0.54996604,0.883101,1.4139042,0.29955798,1.1706475,1.4143813,1.2046882
TCGA.EE.A2GO.06,0.9053374,0.014264737,1.2071677,1.3425848,0.6779843,1.7666165,1.0470817,0.84174824,0.70104986,0.8638265
TCGA.EE.A2GP.06,0.5558467,0.9716371,0.94207156,0.83080953,1.045084,0.78222364,0.8852743,1.21321,1.2680724,1.6156952
TCGA.EE.A2GR.06,0.9816254,0.758454,0.23995985,1.1157386,1.1748582,0.39202502,1.2980253,2.275842,0.57383007,0.5402067
TCGA.EE.A2GS.06,0.32339507,1.4528766,0.44610077,0.38286766,1.1642267,1.4446663,0.6530128,0.9867923,1.4140418,1.3630873
TCGA.EE.A2GT.06,0.4416393,0.32532105,1.5719056,0.74587905,1.47646,0.8835447,0.35752612,1.3680623,1.3881894,1.2183143
TCGA.EE.A2GU.06,1.1411712,1.308945,1.4703225,0.79350793,0.6646439,0.75001645,0.7954561,1.0658295,0.7502455,1.0651362
TCGA.EE.A2M5.06,0.19462459,0.06044628,1.1581057,1.6639858,0.85048896,1.0276921,2.0013764,0.28288645,0.6922157,1.2559395
TCGA.EE.A2M6.06,0.0110142445,0.7222217,0.87384045,1.2064846,0.4043847,0.8498409,1.7796952,1.2967286,1.373571,0.6145572
TCGA.EE.A2M7.06,0.59596676,0.27897337,1.8003308,0.33770645,0.008315174,2.3699155,0.3367982,0.44430244,1.3656209,0.9288735
TCGA.EE.A2M8.06,1.4141932,0.5399894,1.5454167,0.76661134,1.1278924,0.78584135,0.7907727,0.5926503,0.7698851,1.1697007
TCGA.EE.A2MC.06,1.2616547,0.90876305,1.4352274,1.0727601,0.6495188,0.8802699,0.89248455,0.23519377,0.7216111,1.4542079
TCGA.EE.A2MD.06,0.55867535,1.2966394,1.022672,0.83552766,1.223596,0.364642,1.4857756,0.59567857,1.4704255,0.84663635
TCGA.EE.A2ME.06,1.2099814,0.7507378,1.5574375,0.6795341,1.1384994,0.66042286,0.60764295,0.5648894,0.9921233,1.4620807
TCGA.EE.A2MF.06,1.2657754,0.48856112,1.1701574,0.9740355,0.89206177,0.9544009,0.8852754,1.3030199,1.2655265,0.6744893
TCGA.EE.A2MG.06,0.9957545,1.649833,0.8971709,1.1010218,0.15167001,0.52872586,0.86860055,0.55116206,1.6487335,1.3160748
TCGA.EE.A2MH.06,0.43816608,1.0880191,1.4116659,1.1612903,1.1097071,0.6952797,0.68891335,0.769936,1.348138,1.2421852
TCGA.EE.A2MI.06,1.5773627,0.5671052,0.8791315,0.6885273,0.45194075,1.3897417,1.2572192,0.82727224,0.1586261,1.4171393
TCGA.EE.A2MJ.06,0.93535423,0.91793466,1.6041915,0.8696168,1.1681046,0.6261585,0.5494403,0.67098117,1.0667952,1.2556375
TCGA.EE.A2MK.06,0.98486793,0.26633367,1.0416834,0.75719154,1.3656242,2.0023625,0.76625484,0.6663538,0.8574787,0.8082011
TCGA.EE.A2ML.06,0.6044065,1.0941225,0.8348151,1.6648272,0.87669617,0.8208636,0.9485972,1.1270605,0.764498,1.1784265
TCGA.EE.A2MM.06,1.0893192,0.9531655,0.6821664,0.64359736,0.42900795,1.114908,1.1574043,2.0091588,0.783801,0.77237797
TCGA.EE.A2MN.06,1.2295362,0.5695611,0.8732469,0.95174253,0.94100446,0.9488352,1.142601,1.2220291,1.2613677,0.66759825
TCGA.EE.A2MP.06,0.5589895,0.39007658,1.4408282,0.99286705,1.3133608,1.5009406,0.8482901,0.99614424,0.47843954,1.0444279
TCGA.EE.A2MQ.06,0.1349576,0.6121246,1.4029131,1.6378921,1.1775411,1.6890743,0.5049654,1.1567457,0.57654357,0.73553187
TCGA.EE.A2MR.06,1.6756116,0.00092545216,0.98516804,1.4868715,0.07755291,0.96903116,1.2374353,0.5176879,1.2885818,0.8545455
TCGA.EE.A2MS.06,1.2425122,1.0701503,0.70854336,0.9009153,0.33476195,1.4257066,1.0706829,1.3840007,1.0959009,0.72334456
TCGA.EE.A2MT.06,0.6329555,1.0161482,1.198738,1.3408234,1.1366487,1.2477293,1.1259723,0.9037728,0.22448191,0.990153
TCGA.EE.A2MU.06,0.9800146,0.5771043,1.2397176,1.5817611,0.9337956,0.9090903,0.6425001,1.1809325,0.9292998,0.8040669
TCGA.EE.A3AA.06,0.95047367,0.5247433,1.8119891,0.6645653,1.0619801,0.62864214,0.7146031,0.91547376,0.92155164,1.2777873
TCGA.EE.A3AB.06,1.0776998,0.72556436,1.3532866,0.6223152,0.74353606,1.0956017,1.2269909,0.4464631,0.84317976,1.4738014
TCGA.EE.A3AC.06,0.49058348,0.30903634,0.9994258,0.63482696,0.8513977,0.39034918,1.9833095,1.4692031,1.1034789,1.121471
TCGA.EE.A3AD.06,1.0788052,0.88521016,0.8695129,0.75395715,1.5964925,0.5707649,1.4609705,0.8522714,1.0689167,0.41023538
TCGA.EE.A3AE.06,1.8398266,0.940148,1.3881787,0.95731235,0.48360565,0.39789468,0.98902166,1.4317307,0.6172105,0.15460211
TCGA.EE.A3AF.06,1.2790076,0.8770117,0.89908344,1.0811048,0.86693084,0.26220202,0.993272,1.3096302,0.92664313,1.1526724
TCGA.EE.A3AG.06,0.2949927,1.2391957,0.9811993,1.4185812,0.45648387,1.3962419,1.5922998,0.44618553,0.8868053,1.1317505
TCGA.EE.A3AH.06,1.0826483,0.8926121,1.0374773,0.46689504,1.0414715,1.6602339,1.0051103,1.0805895,0.9245332,0.66196567
TCGA.EE.A3J3.06,1.0470707,1.1617684,0.94311166,0.9938425,0.65639853,0.80826753,0.6423159,1.4497052,0.8543401,1.363673
TCGA.EE.A3J4.06,1.0920879,0.650658,1.0129683,0.49328202,0.824585,1.0662861,0.8923395,2.080538,0.8685911,0.77197
TCGA.EE.A3J5.06,1.2029308,1.1331491,1.3440017,0.7088542,0.686604,0.7969153,0.7066004,1.2102556,0.9258381,1.2216525
TCGA.EE.A3J7.06,0.26505098,1.5268302,0.48025805,1.231104,1.1260883,1.4766871,0.8231132,1.0226907,1.047766,0.8196322
TCGA.EE.A3J8.06,0.1386681,1.5940028,0.6610534,0.771561,0.45064217,1.7898041,0.8552777,1.5269785,0.70761544,1.1026493
TCGA.EE.A3JA.06,1.0561019,1.6289351,0.99950457,0.354571,0.91146547,0.39992377,0.6440666,1.5777898,0.81503755,1.3758361
TCGA.EE.A3JB.06,0.95309544,0.5568051,1.3406618,1.1509126,0.28552032,1.3038702,0.9621458,0.79346114,0.79582906,1.2981179
TCGA.EE.A3JD.06,1.100569,0.375011,1.9702212,0.684263,0.74028003,0.645087,0.73674554,0.8387869,1.0514972,1.1079873
TCGA.EE.A3JE.06,1.3060665,0.65444297,1.7183955,0.94234914,0.5908464,0.9878787,0.9349016,0.530016,0.6249804,1.140975
TCGA.EE.A3JH.06,1.1531988,0.50653803,2.1066287,0.6088818,1.010021,0.5682319,0.62630576,0.88155854,0.39866677,1.1118124
TCGA.EE.A3JI.06,1.114428,0.48915437,1.0698365,0.967329,1.1754586,1.0662498,0.7830482,1.8723295,0.81748474,0.5546071
TCGA.ER.A193.06,1.3436049,0.5628768,1.02886,1.3526937,0.92806333,0.5424844,1.0591756,1.1077802,0.3078511,1.2988211
TCGA.ER.A194.01,1.5984206,0.18748376,1.0438938,1.0084403,1.6509094,0.4832866,0.75690055,0.8902934,0.8337726,0.8645343
TCGA.ER.A195.06,1.4553763,1.0239933,0.7599222,0.75545174,0.19518316,1.2477223,0.6563019,1.1786788,0.783806,1.4969112
TCGA.ER.A196.01,1.2257633,1.1222557,0.7672395,1.5206268,0.9354755,1.0953168,1.0434073,1.0178845,0.21115893,0.756238
TCGA.ER.A197.06,1.3319085,1.0027667,0.9283554,1.1907324,1.0576552,0.21746534,0.5805405,0.71490324,1.0890522,1.4967903
TCGA.ER.A198.06,1.1225739,0.81878805,0.70661926,1.3483015,1.0678515,0.2140527,0.8709704,1.4898492,1.2625247,0.9826484
TCGA.ER.A199.06,1.653757,0.85410917,0.652831,0.6604591,0.19911878,0.32448465,1.0835931,0.78937316,2.112685,0.70086217
TCGA.ER.A19A.06,1.9381269,0.95048934,0.8163508,1.0333145,0.4807716,0.9807908,0.58960986,0.93685025,0.143842,1.4294431
TCGA.ER.A19B.06,1.1902653,0.9847633,1.5577904,0.995033,0.48592907,1.584203,0.97518647,0.18356757,0.8075154,0.6666315
TCGA.ER.A19C.06,1.1655334,0.885758,1.1022904,0.7470942,1.3546238,0.7711148,1.1847178,1.2773215,0.3695386,0.8804478
TCGA.ER.A19D.06,1.0149581,0.89429295,0.00072969374,0.5623993,0.16634737,1.7347003,1.0672295,0.80024076,1.3935169,1.5203514
TCGA.ER.A19E.06,1.0664147,0.99533206,0.6373701,0.77989906,0.08733226,0.9410387,0.98431164,0.7599046,1.7632517,1.5216185
TCGA.ER.A19F.06,0.847224,1.2031666,0.83902144,1.2909701,1.204693,0.9778527,1.1488096,0.79500705,0.67839795,1.0398554
TCGA.ER.A19G.06,0.4808652,0.45250514,1.6633441,0.67829144,1.1428534,0.45289195,1.4450362,0.72518146,0.6773506,1.638008
TCGA.ER.A19H.06,0.7685407,1.0988791,0.9761866,0.5367888,0.9447784,1.4374512,0.8228817,0.7922204,1.2276711,1.3562746
TCGA.ER.A19J.06,0.63186616,0.82556194,0.94961834,0.7201037,1.0704496,1.2766801,1.0984547,1.14259,0.76061183,1.4317396
TCGA.ER.A19K.01,1.340474,1.2374972,0.56946796,1.7882023,0.7225023,0.45205212,0.7772832,0.9388715,0.80771047,0.956933
TCGA.ER.A19L.06,1.401205,0.92520225,1.3490295,0.74365187,0.43077818,1.6610292,0.6981454,0.83008033,0.6922813,0.84881324
TCGA.ER.A19M.06,1.0965341,0.53489375,1.3965635,0.47999683,1.2282664,0.727291,1.1798052,0.58832425,1.0187443,1.3874719
TCGA.ER.A19N.06,0.35464475,0.07236149,1.6151986,0.7754976,1.0845937,0.69516945,1.43641,1.4045614,0.6085651,1.2456427
TCGA.ER.A19O.06,0.81003857,0.89957744,0.6998622,1.7852789,0.99542564,0.92288315,0.421215,1.112705,0.83139056,1.2171912
TCGA.ER.A19P.06,1.0911512,0.83061874,1.3729901,0.5670769,0.90244263,0.787433,1.1727228,0.52953833,1.3909028,1.1525651
TCGA.ER.A19Q.06,1.073447,0.97957903,0.9554066,0.7956376,1.2997526,0.4909193,0.6245579,1.1626971,0.59033334,1.6491637
TCGA.ER.A19S.06,1.512232,1.0253866,1.4058186,0.649119,0.86434555,0.2704381,0.86723095,0.88126254,0.9755737,1.1499219
TCGA.ER.A19T.01,1.2485821,1.3383739,0.7119134,0.96870023,0.88696027,0.8997752,1.2288107,1.0164706,0.6045774,1.0201076
TCGA.ER.A19W.06,1.4003507,0.19969186,1.2956185,0.92317855,1.289495,0.5254608,0.8425117,0.6216603,1.1014229,1.189537
TCGA.ER.A1A1.06,0.9886605,0.39075395,1.8729806,0.588866,1.0889376,0.3891473,0.5906372,0.67272484,1.3795508,1.3444577
TCGA.ER.A2NB.01,1.0848542,1.2912893,0.89650446,1.7270604,0.41260383,0.9391309,0.54769075,1.0535555,0.66165686,1.0568633
TCGA.ER.A2NC.06,1.6623492,0.12886083,0.16678244,1.1604439,0.61282146,1.1586517,1.2091421,0.97206074,0.6754295,1.4376851
TCGA.ER.A2ND.06,1.1357673,0.9786457,1.3603836,1.5286162,0.9284059,0.735251,0.79598224,1.039826,0.28333932,0.7914144
TCGA.ER.A2NE.06,1.3112907,1.2695045,0.6183112,0.6965562,0.7652016,0.93463844,1.0837982,1.2334514,1.3959804,0.36273235
TCGA.ER.A2NF.06,0.75875443,1.3362386,1.4348171,0.5971068,0.9128976,0.48465723,0.7773489,1.605447,1.2212253,0.65282255
TCGA.ER.A2NF.01,1.1643898,1.4063483,1.0135186,1.2013448,0.6218083,0.664878,0.97077096,1.2786661,0.98901886,0.5883834
TCGA.ER.A2NG.06,1.5238583,1.2585618,1.1532521,1.2162596,0.9061972,0.4755332,0.8718936,0.72525734,0.74729574,0.76914996
TCGA.ER.A2NH.06,1.5336486,0.99771667,1.4408076,0.9087024,0.23770224,1.1349766,0.88380545,0.5506984,0.9371857,1.0143137
TCGA.ER.A3ES.06,1.1916428,0.42798838,1.5661553,0.035078537,0.72774875,1.3247986,0.21821323,2.3487618,1.1900945,0.13569395
TCGA.ER.A3ET.06,1.7152963,0.9226769,0.846505,1.0685475,0.48252195,0.93609554,0.75972915,1.0825754,0.33977,1.3111283
TCGA.ER.A3EV.06,1.123381,1.4937394,1.2495384,0.9973756,0.5389551,0.9503195,0.65261406,1.1208293,0.60460913,1.1490526
TCGA.ER.A3PL.06,1.2664589,0.7051757,0.64422256,1.0896044,0.8848471,0.60826033,1.5188648,1.5241777,0.8311111,0.7747326
TCGA.ER.A42H.01,1.2172118,0.50618947,0.6561627,0.7288003,0.71452415,0.9863631,0.9422363,1.9619526,0.97371113,0.85690403
TCGA.ER.A42K.06,0.8607936,0.7086705,1.0282172,0.52428406,1.3320328,1.5514268,1.6862638,0.7358266,0.45075902,0.707051
TCGA.ER.A42L.06,1.0419872,1.2784876,1.080064,1.128901,1.0229908,1.5435193,0.5714239,0.2890744,0.7395811,1.1116967
TCGA.FR.A2OS.01,0.39584774,0.9019441,0.5059971,1.3285336,1.6422976,1.3039792,0.7163294,1.1544459,0.84364116,1.2275395
TCGA.FR.A3R1.01,1.0089777,0.66902316,1.0027816,1.0599098,0.8563728,0.951789,1.0119399,0.890303,0.9787407,1.3181448
TCGA.FR.A3YN.06,2.239178,0.6181822,1.1783086,0.2786077,0.8188458,0.5905541,1.0513436,0.8664909,1.084621,0.48815182
TCGA.FR.A3YO.06,1.2433037,1.1015693,1.1222423,1.3656822,0.7726865,0.5041149,0.42402446,1.1881391,0.90995437,1.0975683
TCGA.FR.A69P.06,0.43087208,1.3941854,0.67306983,0.9406999,0.6358925,0.9261221,0.8278413,0.98222727,1.9911014,0.34816912
TCGA.FR.A728.01,1.203344,0.024355525,1.180782,1.0081173,1.2132039,0.20353104,1.9319412,1.118228,0.1598187,1.1109301
TCGA.FR.A7U8.06,0.5083743,0.1971741,0.8249269,0.9205187,0.7886724,0.9319142,0.9867806,1.5958527,1.5960912,0.83526385
TCGA.FR.A7U9.06,0.40810952,0.003103166,1.2355012,1.7260264,0.9040028,1.4921741,1.1025242,0.45574373,1.114669,0.9573394
TCGA.FR.A7UA.06,1.4441168,0.699862,1.4051715,0.8272522,1.3935577,0.68588275,1.1255572,0.0011289238,0.6979078,0.9795174
TCGA.FR.A8YC.06,1.0924631,0.8485575,1.0325258,0.3441278,0.5323855,0.5515445,1.3322302,1.3702691,0.9641204,1.4481678
TCGA.FR.A8YD.06,0.6556023,1.5509957,0.6676252,1.0288028,1.5023955,1.1394914,0.9356208,0.8783798,1.1022043,0.50285614
TCGA.FR.A8YE.06,1.3940339,0.5480213,1.4680468,0.7879545,0.5051089,1.133513,1.0973477,0.5163257,1.0995973,1.080492
TCGA.FS.A1YW.06,1.4007541,1.5996817,0.67531323,0.06599984,0.99896777,0.90008146,0.7515301,1.2858948,1.0575267,0.94411457
TCGA.FS.A1YX.06,1.3390651,0.8413126,0.6262196,0.6113323,1.3272358,1.3938286,1.1061497,0.3825592,0.9329252,1.1448511
TCGA.FS.A1YY.06,0.97635496,1.1631387,0.66291225,1.4091411,1.095408,1.0837202,0.46912298,0.6517946,1.0535203,1.378376
TCGA.FS.A1Z0.06,0.6680206,0.8195491,0.34578478,0.5036964,0.9681078,0.7174979,1.0758809,0.98646295,2.0091336,1.5098262
TCGA.FS.A1Z3.06,0.8166756,0.8697373,0.7057723,0.80472594,1.1447151,1.0109578,0.9077735,1.1538762,1.4679005,1.1735308
TCGA.FS.A1Z4.06,0.9569287,0.5792612,1.125453,0.923681,0.5416411,0.3948081,1.4535594,1.0398197,1.4804267,1.2479957
TCGA.FS.A1Z7.06,1.18807,1.3903725,0.98503405,1.0349607,0.7926883,1.1220853,0.4878341,0.63163894,1.0517216,1.3904507
TCGA.FS.A1ZA.06,0.8034699,0.52416337,0.946522,1.2904335,0.41077995,0.94645655,2.0589366,0.6835538,0.97439206,0.8654115
TCGA.FS.A1ZB.06,1.1804092,1.0669822,0.76131505,1.5108707,0.85054004,1.1188995,0.26908463,1.0455617,0.541128,1.2103767
TCGA.FS.A1ZC.06,0.28110623,0.5068641,1.0925974,0.50864524,0.031614866,1.6949332,1.6820848,1.1674674,0.9350967,1.5336257
TCGA.FS.A1ZD.06,1.0689738,0.8387792,0.27125373,1.2125033,0.0012303715,1.7984645,1.4998007,0.9976576,0.7565182,0.9429831
TCGA.FS.A1ZE.06,1.8288168,1.0110241,0.5891447,1.0984193,0.34139532,1.0320073,0.70123124,0.940701,1.5899788,0.5794628
TCGA.FS.A1ZF.06,0.52658945,1.6956062,0.97615755,1.012049,0.71997666,0.9447482,0.632847,1.2794225,1.1221159,1.3039539
TCGA.FS.A1ZG.06,1.3870895,0.7209815,0.22584802,1.3857137,1.6308064,0.3151553,0.07175136,1.0007579,1.7651137,0.76787835
TCGA.FS.A1ZH.06,1.0576185,0.8936669,0.99195933,1.1097806,0.21544547,1.0243875,1.4762156,0.3424883,1.1523503,1.3196565
TCGA.FS.A1ZJ.06,0.8205752,1.2349659,0.2569538,1.1629088,0.8949046,0.7827019,0.6197181,1.310953,1.2131425,1.5244167
TCGA.FS.A1ZK.06,0.66325957,1.8348817,0.37245685,1.2539713,1.3381883,0.25411475,0.9043279,0.9112777,1.2960253,1.224886
TCGA.FS.A1ZM.06,0.81059366,0.6678881,1.2251759,0.93434674,1.375213,1.2492163,0.9979065,0.31233507,0.7426317,1.4903172
TCGA.FS.A1ZN.01,0.6118039,1.3261062,0.53743786,1.1053932,1.6549667,1.7701085,0.5498383,0.70155346,0.9874166,0.8076051
TCGA.FS.A1ZP.06,0.85919607,1.2513497,0.5493242,0.02591073,1.1725087,1.1381967,0.7349945,1.5504327,1.1421583,1.4591125
TCGA.FS.A1ZQ.06,0.997401,1.0339749,1.427701,0.4096806,0.85943437,0.56551933,0.8935262,1.0512186,1.0568184,1.487263
TCGA.FS.A1ZR.06,1.2597462,1.0531888,0.99812543,0.58190644,1.0832294,1.2596633,0.28894684,1.7022119,0.18903638,1.1916428
TCGA.FS.A1ZS.06,0.63367677,0.28592554,0.992432,0.9864528,0.39860487,1.565265,1.899922,0.18735199,1.0052177,1.2325078
TCGA.FS.A1ZT.06,0.57192206,0.3200444,1.677435,0.60476375,0.9130997,0.7209789,1.0612166,1.1021553,1.0893906,1.5103935
TCGA.FS.A1ZU.06,0.0006892018,1.1409016,0.15227085,0.40023705,1.2127905,0.9723686,0.76095635,1.1209418,1.9462955,1.6450453
TCGA.FS.A1ZW.06,0.278498,1.8358077,1.1865748,0.99690694,1.0288664,0.6192086,1.4165636,0.7953558,1.0058776,0.55098116
TCGA.FS.A1ZY.06,0.2930641,1.8168223,0.27050838,0.006170985,1.1060898,1.9527433,0.75250703,0.78356963,1.5625248,0.44614026
TCGA.FS.A1ZZ.06,0.60740024,0.38705602,1.5889027,0.0012010859,1.9153908,0.5986289,1.5061067,0.69597757,0.9657352,1.1959319
TCGA.FS.A4F0.06,1.1923684,0.78473026,0.53228676,0.62813157,1.5976528,1.0989641,0.57385355,1.1960956,1.3097569,0.86970586
TCGA.FS.A4F4.06,1.3263085,1.113607,0.8159333,0.7790341,0.6984649,0.7560536,1.1387342,0.90109485,1.3960861,1.0235258
TCGA.FS.A4F5.06,0.562383,1.3519393,0.46190226,0.5345738,1.3161635,1.0908476,1.5757034,0.9956743,0.9176064,1.03821
TCGA.FS.A4F8.06,1.1225998,1.0949932,1.0787649,0.6657025,0.4923154,0.83274305,0.9170217,0.46330336,1.7306771,1.3252426
TCGA.FS.A4FB.06,0.14570503,1.5533185,0.6669488,0.6224195,1.6569189,1.9888804,0.5825195,0.78033984,1.0546321,0.5312362
TCGA.FS.A4FD.06,0.40183875,1.347558,0.42233202,0.5115412,1.1882082,1.2454183,1.0151367,0.9491192,1.5326446,1.0615526
TCGA.FW.A3I3.06,0.37333402,1.9373229,0.7266697,0.7364251,0.16649145,0.5454828,1.0158364,0.9888933,1.4301281,1.6329294
TCGA.FW.A3R5.06,1.0464697,0.83315074,1.4845091,1.1388617,0.76476496,0.6694836,0.85937816,0.8939117,0.91472405,1.0970503
TCGA.FW.A3TU.06,1.3153574,0.93906176,0.92920685,1.120125,0.6231877,0.99381965,0.76657313,1.4802718,0.796819,0.9061374
TCGA.FW.A3TV.06,1.0843868,1.2923964,1.3566594,1.0678055,1.0387996,0.26205257,0.81046283,0.7980587,0.78838634,1.3203962
TCGA.FW.A5DX.01,0.30736524,1.4843054,1.0239171,0.43818134,1.3013366,0.78141004,1.7246124,0.7569243,1.2803001,0.001137802
TCGA.GF.A2C7.01,0.8036419,1.1430769,0.29109168,1.3135835,1.4893417,0.96174264,1.3069059,1.3713547,0.6231414,0.32931554
TCGA.GF.A3OT.06,1.1331189,0.568811,0.9946436,1.1938957,0.8754925,1.1490308,0.97239035,0.51547205,0.68457687,1.4851129
TCGA.GF.A4EO.06,0.9399874,1.011418,1.6262008,0.5224384,0.81601006,0.66522986,1.7074528,0.2650146,1.0325443,0.84641075
TCGA.GF.A769.01,0.97038937,0.74872243,0.9734785,1.058991,0.85801995,1.1947981,1.4731748,0.46421403,1.2084938,0.6830825
TCGA.GN.A262.06,0.84966296,1.647228,0.7793934,0.41513118,0.41947925,1.460788,1.0973008,1.1371435,1.4195985,0.00031732957
TCGA.GN.A263.01,1.0255213,1.0731297,0.9038119,1.7222663,1.1161859,0.7871518,0.25566155,0.6752358,1.1114374,1.0685123
TCGA.GN.A264.06,1.0784172,0.43354866,0.62852824,1.309116,1.0405116,1.1397041,0.37772292,1.8643681,0.64974666,1.1398075
TCGA.GN.A265.06,1.3297641,1.206492,1.4935545,1.4475933,0.41166574,0.8822356,0.8109851,0.23693658,0.5417159,1.053749
TCGA.GN.A266.06,0.8342312,0.914115,0.7027515,1.4582875,0.3314008,1.2662523,1.7742491,0.4520325,0.6401621,1.1763042
TCGA.GN.A267.06,0.6312946,1.0266066,0.79105264,0.5864102,1.3224189,0.7613912,1.4588683,1.2378665,1.1963496,0.76149195
TCGA.GN.A268.06,1.690767,0.30566484,0.18852031,0.9086586,1.0237666,0.36284286,0.76381165,1.3150425,1.7488539,1.0780994
TCGA.GN.A26A.06,0.9727019,0.34190112,1.0186653,1.264765,0.8842318,1.103398,1.5926929,0.44370463,0.8961413,1.1834067
TCGA.GN.A26C.01,1.1751709,0.96218634,1.036459,1.300075,0.1795257,1.0774132,1.7639352,0.32181254,0.5728432,1.0387459
TCGA.GN.A26D.06,1.4895053,1.3060592,0.35548073,0.7688924,1.4339434,0.26350215,0.95552355,0.9364164,0.88246983,1.21527
TCGA.GN.A4U3.06,0.89389354,0.8627086,1.0984945,0.73791033,1.210787,0.66106564,1.4880216,1.4420114,0.9537571,0.6048041
TCGA.GN.A4U4.06,0.5964338,1.2153987,0.8657792,0.04027902,1.4299866,0.13235967,1.266145,0.9167316,1.7284284,1.4046655
TCGA.GN.A4U5.01,1.7123989,1.3981975,0.6136109,1.0602328,1.0529972,0.8823154,0.9086166,0.52956945,0.4974376,0.8166526
TCGA.GN.A4U7.06,1.289442,1.4696658,1.0377307,1.5086945,0.92572933,0.22275527,0.9834081,0.6204059,1.0009712,0.37033477
TCGA.GN.A4U8.11,0.94582224,0.45961073,1.6108714,0.5539576,0.7070859,0.56660175,1.5442011,0.5175852,1.3788302,1.1831312
TCGA.GN.A4U8.06,0.5742797,0.8845789,1.4156375,0.9037186,0.70885444,0.4621893,1.7699434,0.7140714,1.1060117,1.085666
TCGA.GN.A4U9.06,0.06364941,0.22041713,0.0008917293,1.14879,0.12128149,1.2519109,1.5970169,1.1066778,1.5751364,1.9608207
TCGA.GN.A8LK.06,0.7115245,1.4407921,1.2057858,1.5328304,1.3160617,0.26899567,0.753627,0.77110195,0.6280243,0.9433173
TCGA.GN.A8LL.06,1.1372753,1.3869478,0.8156159,0.90981495,1.3914926,0.6764601,0.51150143,0.9066367,1.1485219,1.0650231
TCGA.GN.A8LN.01,0.87715936,0.5874838,0.9220717,0.43477014,0.98910046,1.4284899,1.2990918,1.463769,0.68478066,0.9817079
TCGA.GN.A9SD.06,0.75339,0.8753498,1.4033666,1.1131667,0.9629605,0.9619858,0.58534545,1.0649244,1.3790158,0.99556726
TCGA.HR.A2OG.06,1.0480981,1.0146352,1.4302562,1.2129978,0.56193286,1.322187,1.1118143,0.6307662,0.41846594,0.8656438
TCGA.HR.A2OH.06,0.9747188,0.76661044,1.5562841,1.0043827,1.2022415,0.55974543,1.1265823,0.5932115,0.8233898,0.96881723
TCGA.HR.A5NC.01,1.2420188,1.228409,0.5439013,0.87744063,1.4826806,1.3444055,0.906086,0.9736761,0.83850706,0.29261515
TCGA.IH.A3EA.01,0.18707947,0.9157656,1.0178941,1.5686374,0.8224461,0.08866524,1.0398415,2.0190022,0.019349243,1.4888273
TCGA.LH.A9QB.06,1.2580736,0.6794749,0.9894432,1.2681844,0.39985105,1.6059242,0.73858577,1.2010596,0.9943957,0.7065291
TCGA.OD.A75X.06,0.25344476,0.83742607,0.435326,0.9824156,1.1814162,0.6961801,1.3449534,1.1513413,1.2488457,1.6468031
TCGA.QB.A6FS.06,0.39630556,0.545755,1.2115934,1.459361,1.797784,0.8066438,0.53008723,0.82778394,1.4733344,0.23149492
TCGA.QB.AA9O.06,0.55514675,1.2141656,1.3186392,1.590131,0.998736,0.8121404,0.9840318,1.0103114,0.7145703,0.7499394
TCGA.RP.A690.06,1.0885658,1.0798721,1.1303933,0.00049932353,0.5067233,1.2111104,0.53924036,1.6955888,1.4432495,0.786204
TCGA.RP.A693.06,0.7314389,0.7561674,1.0296773,1.1226678,1.3591739,0.7700152,1.4029126,0.8376133,1.1475654,0.7116066
TCGA.RP.A694.06,1.1370701,0.93525606,0.749591,0.97903967,1.0267891,0.41451862,1.3757759,1.3617737,1.1228063,0.61882305
TCGA.RP.A695.06,0.7535511,1.3620741,0.9649523,0.9243722,1.0223682,0.24489531,0.9824455,1.2256112,1.3850355,1.1835042
TCGA.RP.A6K9.06,0.74281424,1.4747899,1.0956159,1.2761136,0.89231634,0.72395676,0.7210478,0.8502465,0.9568102,1.3360367
TCGA.W3.A824.06,0.64696586,1.4760722,0.32489756,1.0017656,1.1270372,0.8128315,0.9079228,1.3831393,1.0740153,1.3478036
TCGA.W3.A825.06,0.825511,0.35565147,0.001576885,0.59909904,0.056499947,1.3994303,1.3829325,1.0851606,1.2334658,2.0179346
TCGA.W3.A828.06,1.1526128,1.01524,0.96127,1.5390173,0.18198977,1.6284094,1.1597474,0.63388485,0.049043022,1.0272477
TCGA.W3.AA1O.06,1.1117765,0.853504,1.1116245,1.4761343,0.74151397,0.5143849,0.693607,1.4344201,1.0542446,0.9132208
TCGA.W3.AA1Q.06,1.089021,0.57967585,0.9644553,0.6073826,1.4634199,1.2078892,0.56355447,1.3280015,0.97332,1.1190072
TCGA.W3.AA1R.06,0.8459564,1.2706792,1.2323232,1.2446712,0.585508,0.6784538,1.0828412,0.9421332,1.0156022,1.2086246
TCGA.W3.AA1V.06,0.28257945,0.49463803,0.7362288,1.7018316,0.60755444,1.7042267,1.5972086,0.8130483,0.6105346,0.90391225
TCGA.W3.AA1W.06,1.7134578,0.43251333,1.4294543,0.79908246,0.83745587,0.039874557,1.2319957,0.9660486,1.0374749,0.70154667
TCGA.W3.AA21.06,0.8289501,0.93290347,0.6882065,0.36136174,0.8801504,0.9347745,1.2758565,1.6430719,0.9982268,1.2675679
TCGA.WE.A8JZ.06,1.3728883,1.1638343,0.8445323,0.51541054,0.8125091,0.75531036,0.702352,0.82792103,1.4703132,1.3179734
TCGA.WE.A8K1.06,1.323833,0.844782,1.3581713,0.8880944,1.0555383,0.45673713,0.87754613,0.7694314,0.9171432,1.1802518
TCGA.WE.A8K5.06,0.989503,1.1282939,0.6344873,0.7866706,0.8489972,1.2547693,0.73092574,1.6308705,1.2126306,0.6754043
TCGA.WE.A8K6.06,0.3794378,0.5615722,1.0102305,1.073121,0.7811694,1.7481575,1.3611616,1.0199635,0.8494414,0.9194697
TCGA.WE.A8ZM.06,0.86931825,1.3650086,0.94534165,0.12298429,0.6978835,1.7447207,1.1019489,1.3169258,0.8000709,0.6542922
TCGA.WE.A8ZN.06,1.2546037,0.5768649,1.0817057,1.2433946,1.0594543,0.54157144,0.9389754,0.93392086,0.9615933,0.97641295
TCGA.WE.A8ZO.06,1.3936454,1.4472356,0.51595664,0.18624677,1.1849875,0.94252384,0.8172865,1.2100521,1.1041996,0.94437975
TCGA.WE.A8ZQ.06,0.9847175,0.89416116,0.69194674,0.7039421,0.6939254,1.518881,1.2445765,1.597209,0.638782,0.84934765
TCGA.WE.A8ZR.06,0.9011253,1.1820637,0.9350801,0.5573109,1.4041073,0.9446729,0.979775,1.1308709,0.85330904,0.9794472
TCGA.WE.A8ZT.06,1.0778643,0.6803851,1.2880405,0.71006674,0.8239822,1.5388142,1.1019388,1.312229,1.0092789,0.15088437
TCGA.WE.A8ZY.06,0.83116674,1.444677,0.8825889,1.0342625,0.84765005,1.1760308,0.70411676,0.93830246,1.2842075,0.9914082
TCGA.WE.AA9Y.06,1.2067517,0.46840197,1.3486207,1.2871009,1.0497556,1.4060521,0.97353566,0.56509745,0.0144706145,1.021438
TCGA.WE.AAA0.06,0.91566646,0.7862471,1.3754332,1.0248861,0.66078454,0.5886766,1.2762791,1.0794106,1.2233921,0.758724
TCGA.WE.AAA3.06,0.9907091,0.7266183,1.5203199,0.8709527,1.2125351,1.0557239,0.7366707,0.84403056,0.78281856,1.1130551
TCGA.WE.AAA4.06,1.3355843,0.7011249,1.1646225,1.1260632,1.2015206,0.8527069,0.8437376,0.6021329,0.7167344,0.9948021
TCGA.XV.A9VZ.01,0.32752788,1.1407735,0.81305236,1.7264732,0.16683312,2.2282317,0.82992584,1.1233643,0.11021805,0.38393086
TCGA.XV.A9W2.01,1.2755713,0.9240808,0.8851231,1.5795199,0.95686233,1.2664986,0.91595215,1.0953571,0.19622034,0.52843916
TCGA.XV.A9W5.01,0.82892615,1.2186236,0.8935556,1.2941371,0.39498776,1.5426273,0.46345666,1.1934631,0.99862736,1.0379013
TCGA.XV.AAZV.01,1.1844897,0.79594696,0.9213806,1.3847351,1.036129,1.455336,0.3894975,1.0655259,0.5098715,0.9892268
TCGA.XV.AAZW.01,0.94490194,1.0018201,0.56913924,1.0721478,1.3306803,1.6301038,1.0430012,1.2932385,0.20124352,0.8997095
TCGA.XV.AAZY.01,1.5067323,0.7373554,1.2119304,1.1327882,0.686394,0.32897335,0.52758336,0.8967973,1.0533186,1.3682668
TCGA.YD.A89C.06,0.3092941,0.9833139,0.010715069,0.8300966,0.40229893,1.2561817,0.6938976,1.2641666,2.1099193,1.1951852
TCGA.YD.A9TA.06,0.75713354,0.032687023,0.22164221,1.2911712,0.1723213,1.240324,1.6638235,0.97365826,1.2888491,1.4954097
TCGA.YD.A9TB.06,1.2440436,0.8453916,0.89289784,0.6196657,1.6019194,1.3371396,0.42678773,0.7494075,0.95256793,1.1699599
TCGA.YG.AA3N.01,1.2560695,1.2908093,0.7120679,1.3406056,1.1656569,0.3226917,0.682408,1.5027581,0.806839,0.6437276
TCGA.YG.AA3O.06,0.7447961,1.1534826,1.548459,1.423824,1.0063092,0.6106038,1.0617177,0.7935844,0.5956359,0.73498595
TCGA.YG.AA3P.06,0.06004002,1.471053,0.77690226,0.4454705,0.9380636,1.7093532,0.8430116,1.9941026,0.767146,0.3185655
TCGA.Z2.A8RT.06,0.94676125,0.99470645,0.83342826,0.6776078,1.370626,0.6058491,0.9953795,1.213349,1.3350015,0.87512666
TCGA.Z2.AA3S.06,0.44002584,1.4749446,0.6964075,0.40645447,1.5366158,1.1208386,0.88957596,0.8140135,1.4807749,0.9013991
TCGA.Z2.AA3V.06,1.7072927,0.3684082,1.4084206,1.2246917,0.76017857,0.6607843,0.5169553,1.1575404,0.71973956,0.8207647
