TCGA.2V.A95S.01,9.25727,1.2818918e-14,9.6847515,123.976524,11.469793,1.9623196e-17,0.008265444,6.681869,8.7157186e-21,60.775814
TCGA.2Y.A9GS.01,24.146904,5.3995647,3.2813027,0.00030239532,12.459592,4.8884373,7.2268863,47.513252,8.185738,41.269
TCGA.2Y.A9GT.01,15.396396,8.192211,5.733925,1.3015579,37.107464,11.939482,0.02246515,23.88345,16.499084,26.775822
TCGA.2Y.A9GU.01,29.4023,1.9015404e-20,8.998991,34.603695,19.181702,38.069046,3.0765188,10.29193,35.290985,3.987359
TCGA.2Y.A9GV.01,12.60169,17.312916,11.993055,4.772936e-05,31.40699,10.327277,5.6239953,15.175307,16.701298,26.343124
TCGA.2Y.A9GW.01,29.868399,0.011160554,0.30838156,0.85995936,4.914172,12.549911,11.872224,46.30653,13.418587,39.563004
TCGA.2Y.A9GX.01,4.557498,15.13779,0.0007626452,0.8823406,11.979317,6.349953,6.651814,41.24715,19.849056,47.86541
TCGA.2Y.A9GY.01,17.693897,6.61697,2.9638548,0.35354877,10.393581,6.006214,25.961973,7.3340144,5.0031004,67.42119
TCGA.2Y.A9GZ.01,0.6988243,6.594755,13.441637,2.6135015,45.8849,27.161047,6.9816833,0.31246325,13.029536,22.98883
TCGA.2Y.A9H0.01,19.864803,0.00048233022,7.9947386,2.2549105,16.585764,32.98696,15.501945,18.2116,22.241817,17.966623
TCGA.2Y.A9H1.01,8.972695,10.539974,8.30776,1.0527954,15.506495,7.4773107,9.697549,4.4295897,5.502888,74.206535
TCGA.2Y.A9H2.01,53.879906,36.022312,0.0010660002,7.794154,1.4016233e-38,4.6975583e-09,3.5066545,11.925672,5.989025e-15,55.988876
TCGA.2Y.A9H3.01,0.49375355,3.7352123,21.670668,9.188531,8.782266,10.8602295,14.744024,23.45049,38.31427,37.4301
TCGA.2Y.A9H4.01,34.871708,2.4410787,16.019201,1.2899452,26.50218,34.755066,0.17341758,16.56874,13.473089,0.0024846236
TCGA.2Y.A9H5.01,31.151468,1.0377347,0.011777704,52.802826,11.078164,8.102047,10.717393,45.71709,6.102604,20.539389
TCGA.2Y.A9H6.01,10.045808,1.3594548,0.9489017,66.9867,12.049399,20.03983,5.5857563,8.954752,29.5399,31.087269
TCGA.2Y.A9H7.01,18.285624,1.3244451,14.328403,43.869766,24.218449,30.530142,28.928291,0.0,12.491155,0.0049893213
TCGA.2Y.A9H8.01,23.703773,3.6163254e-35,10.911063,0.028410813,37.099613,17.886246,17.13174,17.097965,15.388805,12.487638
TCGA.2Y.A9H9.01,2.0743906,4.36342,11.508772,1.9602814,21.123373,34.63523,0.9232699,3.747085,22.326138,43.497803
TCGA.2Y.A9HA.01,13.89012,12.709673,19.97023,8.447632e-09,16.62085,25.58341,10.64509,7.4821553,26.788198,21.412006
TCGA.2Y.A9HB.01,19.53642,8.523092,0.18062343,0.51405454,22.498232,16.055653,3.2093394,9.625847,41.24174,28.886463
TCGA.3K.AAZ8.01,2.5052571,2.0767953,5.819408,1.3898776,20.676943,38.038628,8.9930725,1.6170421,27.262108,33.259056
TCGA.4R.AA8I.01,7.673105,3.3519962,11.708179,0.30067703,20.562525,22.900673,0.0008551984,21.942244,26.216743,33.236244
TCGA.5C.A9VG.01,5.9846587,2.3329899e-06,1.5241793,3.004822,0.5201685,14.842373,22.763388,63.39067,9.256546,39.448414
TCGA.5C.A9VH.01,34.81939,0.03337406,1.4669138,21.08509,15.793943,6.2695103,11.555302,44.594803,10.684776,23.75858
TCGA.5C.AAPD.01,40.714046,8.5498705e-11,2.6269076,13.593159,2.7578714e-17,54.958023,5.8386917,14.740846,10.064827,20.668026
TCGA.5R.AA1C.01,6.0323286,4.151921,11.1333685,0.00043465666,14.316,19.267508,9.974765e-10,3.9033537,54.947746,41.21473
TCGA.5R.AA1D.01,12.477291,12.499954,2.3356326,0.94178236,10.011651,7.8292418,5.2227035,34.964275,23.328978,44.698563
TCGA.5R.AAAM.01,3.6301937,14.162494,17.077871,0.2185584,13.455283,13.258562,5.6796193,18.236107,27.57707,35.60577
TCGA.BC.4072.01,31.88392,12.698561,4.549403,4.7132154,16.061872,0.10701574,9.471367,27.05175,0.0842282,49.352592
TCGA.BC.4073.01,17.194372,3.0622063,10.567134,0.24295348,9.150879,4.6397696,13.387444,22.449839,16.553606,58.485207
TCGA.BC.A10Q.11,7.352778e-07,18.798145,2.4749122e-10,2.7149808,35.454,27.929716,1.9902172e-05,16.252829,33.733826,3.753886
TCGA.BC.A10Q.01,125.54182,45.99849,5.0693952e-06,0.014525665,0.0,0.0,1.1742196e-05,14.432676,5.7899027,2.610457
TCGA.BC.A10R.11,0.003823042,19.289433,1.6160914e-06,3.5075974,35.76373,30.48901,5.512271e-07,12.918877,32.713734,7.159395
TCGA.BC.A10R.01,35.67131,17.954214,1.6290424,4.393038,8.283775,11.507009,3.3284788,57.215546,22.176281,1.7919635
TCGA.BC.A10S.01,11.740336,15.880249,29.702295,1.2653222,11.413202,6.9440527,12.064997,17.050436,10.351544,32.708164
TCGA.BC.A10T.11,3.4970296e-06,19.315292,1.6070709e-11,5.327423,29.515127,43.75979,1.7436582e-08,27.112225,15.376487,2.4075837
TCGA.BC.A10T.01,11.093447,12.113928,0.24127007,0.58389246,6.938591,11.845889,1.7411652,77.30488,47.70465,0.0018815991
TCGA.BC.A10U.11,0.035114165,23.635195,3.8396624e-06,4.839729,28.084352,32.201084,0.94280195,25.139683,24.614025,3.5853722
TCGA.BC.A10U.01,74.29803,0.7652879,9.930836,0.43779808,12.61671,22.324411,0.37280738,10.919595,19.118097,5.1716833
TCGA.BC.A10W.11,7.0129623,14.898959,0.050867822,2.092943,25.91948,25.584679,1.4687338,12.722048,37.60847,16.519999
TCGA.BC.A10W.01,17.563723,2.5365083,4.264477,0.030658066,13.473363,21.171324,4.2591434,26.7101,16.71449,41.454575
TCGA.BC.A10X.11,1.1096103,16.610859,0.07506702,1.3909688,26.085062,31.956999,1.8129532,28.22628,22.489603,10.982589
TCGA.BC.A10X.01,3.165143,16.111378,0.39287877,1.6464186,17.826164,16.441542,3.815998,42.028996,18.818684,25.138216
TCGA.BC.A10Y.11,7.9241814e-05,24.604368,0.00012502984,4.681573,23.610931,30.471273,2.616538,36.209938,13.913713,6.7221775
TCGA.BC.A10Y.01,16.811653,0.8375919,55.63268,1.7448419,15.172975,29.039711,4.0215154,18.604025,9.2479925,5.6029477
TCGA.BC.A10Z.11,0.78931266,23.628363,2.357202e-05,1.5358193,21.514383,22.174124,0.0038704781,47.767784,9.877012,14.156232
TCGA.BC.A10Z.01,3.218248,2.5093348,29.063526,1.4729543,19.020359,17.182316,22.372967,9.031152,19.438871,21.024452
TCGA.BC.A110.11,8.162747e-05,21.844595,2.165925e-09,1.1563923,35.572754,34.849358,8.7324536e-10,19.838486,21.097607,3.1370013
TCGA.BC.A110.01,11.377018,11.381611,0.010784708,0.22925778,8.088547,11.652854,3.5568419,85.560555,14.505799,13.7095
TCGA.BC.A112.01,37.0266,20.286438,0.0003074464,32.52226,4.4489055,3.8332593,5.4305763,46.29005,3.288008,31.683542
TCGA.BC.A216.11,14.445486,15.474173,4.4712488e-05,1.4836928,22.346046,34.21336,3.8536245e-06,24.135767,32.29742,2.0554752
TCGA.BC.A216.01,15.463077,3.3565753e-13,13.221977,22.103943,21.350231,45.027428,4.283186,29.64093,5.1703362,0.11634649
TCGA.BC.A217.01,47.76652,9.670634e-14,4.632913,4.4096055,20.983978,70.631424,4.3627586,2.0299428,2.3668182e-33,0.027972633
TCGA.BC.A3KF.01,0.5088926,11.241456,1.2651226e-15,2.6951659,54.915325,3.1230054,29.00879,3.763625,32.348984,9.247771
TCGA.BC.A3KG.01,16.526218,17.14892,5.6522317,0.51047057,6.137344,54.67319,27.17787,17.858135,5.1710753,0.06197176
TCGA.BC.A5W4.01,20.15866,4.8073697,24.460499,5.147383,16.363571,34.977764,6.094601,0.0,5.1059403,0.0
TCGA.BC.A69H.01,49.70828,3.3920633e-09,6.94462,0.0035793902,2.8649864,0.0,38.599693,4.93615,3.0477834,42.776363
TCGA.BC.A69I.01,16.410196,14.632925,7.6905284,0.0014433402,7.566882,53.89045,7.5697913,9.880394,26.86286,10.990138
TCGA.BC.A8YO.01,59.583786,1.6689754e-17,4.9964375,0.5233139,32.63532,19.09346,17.218723,6.081385,0.0,2.2922551e-10
TCGA.BD.A2L6.11,0.015413135,24.530495,0.53049845,7.1736727,11.57752,14.361326,21.316385,20.30679,26.300493,14.8076
TCGA.BD.A2L6.01,7.586429e-05,2.7582378,10.710631,1.6743335,46.36653,8.1933365,25.849873,21.69083,11.427115,4.1341176
TCGA.BD.A3EP.11,6.399225e-05,21.842234,1.3546828e-05,8.194854,24.776873,32.966927,8.846855,10.59214,32.6934,8.229952
TCGA.BD.A3EP.01,0.7827542,4.6936107,13.958586,2.0971283e-06,3.870273,15.063426,22.961643,46.562874,28.564342,23.318846
TCGA.BD.A3ER.01,13.649588,10.267888,1.3622435,1.3310586,13.45084,12.794436,6.525373,25.172098,41.462822,28.341576
TCGA.BW.A5NO.01,21.562626,4.315208,15.140084,0.08576292,12.3095665,25.964155,8.787064,3.8592367e-12,3.680914e-05,63.848736
TCGA.BW.A5NP.01,1.3658912e-33,17.873089,37.298,4.644518,2.4848518,27.271994,59.88848,2.5983121,0.9630125,7.825063e-35
TCGA.BW.A5NQ.01,62.40156,4.707918,20.264244,0.041373592,7.6667805,22.574568,22.655867,4.4210677,7.887412,4.96908
TCGA.CC.5258.01,0.16509624,1.7108666,5.2027016,6.2950325,18.285189,17.168686,63.436005,11.564108,2.1336298,16.467352
TCGA.CC.5259.01,16.900372,5.359937,12.271649,9.415616,21.743034,2.5922158,18.0321,2.1526206,23.80613,35.7678
TCGA.CC.5260.01,111.6197,34.683044,2.3757637,0.45131385,0.0,5.334157e-11,0.0016744061,25.658657,3.0099785,0.52354413
TCGA.CC.5261.01,14.309448,6.5341988,27.450445,6.480647,15.018589,2.7734506,10.324189,45.926777,2.4530096,16.550776
TCGA.CC.5262.01,20.593739,8.161721,17.487015,0.3238667,10.392201,3.4179232,1.8192384e-05,57.29608,18.483189,23.670322
TCGA.CC.5263.01,82.2526,4.4980593,0.9231245,33.243893,9.869528,8.795683,14.360184,8.431265,3.51604,0.3129667
TCGA.CC.5264.01,89.97068,5.616485e-06,3.25982,7.5782304,3.1776013,32.011024,4.969398,16.987759,5.4632583,0.0018695326
TCGA.CC.A123.01,20.17302,0.0002318576,5.099741,8.271746,14.676898,17.45277,20.11968,21.553362,1.2627015,43.357265
TCGA.CC.A1HT.01,28.499031,20.263346,9.366295,4.3237293e-12,0.0,0.20818704,11.337359,54.245327,4.9864626,39.378254
TCGA.CC.A3M9.01,28.930103,12.459466,11.36997,0.38380158,0.0,0.0,9.950429,22.258612,30.17349,41.796566
TCGA.CC.A3MA.01,62.264034,42.67038,0.2445236,3.6379724,0.0,0.35484678,16.302174,27.744646,5.50087,8.564953e-09
TCGA.CC.A3MB.01,15.014963,4.5296197,0.054458726,0.6194467,28.12202,9.978638,18.07353,13.660946,30.883892,21.734488
TCGA.CC.A3MC.01,11.986306,6.277689,0.00015069943,1.2851138,14.710669,10.012419,9.5778055,22.715687,20.393372,44.516064
TCGA.CC.A5UC.01,3.9945657,22.674612,14.18866,1.6522276,7.5302496,10.136296,19.127333,14.285431,20.828663,23.505615
TCGA.CC.A5UD.01,25.896503,35.85205,11.800951,4.0217194e-09,0.0,13.048905,39.570442,0.00025384454,1.0815737,32.576305
TCGA.CC.A5UE.01,23.676174,4.8600388,15.365555,5.11963e-13,22.867392,8.104658,23.963093,0.0,3.6328937e-30,46.034294
TCGA.CC.A7IE.01,0.5696189,1.1045223,5.2466536,6.0641184,15.44375,9.093214,41.762104,24.930162,12.573761,29.482725
TCGA.CC.A7IF.01,0.66280884,7.308565,11.443473,5.6393404,20.465746,15.496292,22.448393,19.083021,1.0568233e-09,44.333836
TCGA.CC.A7IG.01,20.53537,12.04612,0.0020076816,10.837992,11.6570425,0.0049916487,31.492216,24.37151,4.1786795,38.459618
TCGA.CC.A7IH.01,3.0507033,21.972853,0.73539555,0.000862654,9.777262,50.337933,5.9340935,9.494704,42.824444,9.237422
TCGA.CC.A7II.01,25.780748,0.14947478,4.8617,80.98037,0.0,8.651209,18.281693,29.068151,3.9136173e-11,12.281289
TCGA.CC.A7IJ.01,34.56382,3.3641825,30.193094,1.0758126e-09,0.0,2.6696297e-35,10.068622,16.710352,22.636026,39.019356
TCGA.CC.A7IK.01,18.631912,17.392208,21.819744,1.5854246e-07,7.888729,46.41066,22.76268,11.075211,5.8435383,1.7431266
TCGA.CC.A7IL.01,8.402519,13.519662,18.242458,5.155273e-14,51.213146,10.89628,9.379538,2.82292,8.094172,23.46399
TCGA.CC.A8HS.01,8.584678e-29,5.097245,1.5290414,4.5109544,32.643444,5.0875325e-23,65.23272,23.536375,2.206158,1.6116377e-31
TCGA.CC.A8HT.01,36.792465,6.775388,12.935051,8.344764e-07,12.282746,25.843586,24.812382,9.909618,9.838527,19.574726
TCGA.CC.A8HU.01,1.8350265e-07,2.9619645e-07,2.1270462e-06,8.603396,10.0416975,8.150836,87.37561,22.51306,0.95199937,20.549711
TCGA.CC.A8HV.01,84.32742,7.713532e-12,1.0574789,24.602602,19.00452,0.0,8.448694,20.556686,5.412033,0.00040039938
TCGA.CC.A9FS.01,38.6399,3.3511941,2.8810947,0.0003525485,34.66588,13.2408,24.133257,9.247862,8.184629,4.7207065
TCGA.CC.A9FU.01,16.684301,8.489831,6.633961,0.41847304,25.36995,8.8482,65.369896,9.407786,0.0,4.5149874e-05
TCGA.CC.A9FV.01,6.296634,29.179096,3.535755,2.7036804e-13,1.4884128e-25,1.4229404,8.5895,93.892006,34.807438,0.002484845
TCGA.CC.A9FW.01,74.41689,2.529528e-17,4.146264,3.232065e-07,15.430695,17.942959,22.52684,0.46392444,27.534958,7.2008214
TCGA.DD.A113.11,1.1073442,14.486244,0.0007248768,1.0472908,27.332308,36.382217,0.00010993318,25.82578,30.378208,5.9429464
TCGA.DD.A113.01,29.57218,0.73190606,13.42629,11.898229,1.9846929,35.73663,13.706755,19.796888,28.450472,10.405255
TCGA.DD.A114.11,3.9224057,19.296246,0.019242978,3.4685678,30.14827,14.467531,1.0457894e-06,31.831964,23.446398,11.6265545
TCGA.DD.A114.01,38.696766,12.069038,2.3189266,1.120669,1.6308269e-08,17.129202,3.1373188,63.781685,7.9143186,15.089146
TCGA.DD.A115.01,1.0113469,9.245216,7.9766235,0.6852163,26.375387,21.527964,3.5044212e-10,36.838852,15.730136,26.621395
TCGA.DD.A116.11,0.14055347,23.049217,0.08192617,5.1233773,22.369019,25.140938,6.371157,4.7521315,55.155647,10.712762
TCGA.DD.A116.01,0.71801823,6.0661387,3.5026429,7.3212263e-06,18.374807,39.05805,2.0529225,42.362324,10.165179,19.507868
TCGA.DD.A118.11,0.5219362,18.513638,0.34267154,1.6865895,26.48926,52.81864,5.1617246e-07,13.071419,25.450764,4.4330435
TCGA.DD.A118.01,0.33205038,1.0547546,31.579647,96.92804,8.109183,8.112718,4.984815,21.907862,16.795835,23.45795
TCGA.DD.A119.11,0.80035776,19.18448,0.021000598,1.5961275,29.924995,34.220284,0.00014190521,8.530209,40.592236,9.401006
TCGA.DD.A119.01,10.025375,12.367696,2.5066085,1.5644342,10.965956,10.83737,23.159336,33.704247,15.616401,30.90961
TCGA.DD.A11A.11,0.029279837,23.351473,0.03942918,11.438837,23.941242,26.467388,6.156682,18.838274,23.958618,10.38612
TCGA.DD.A11A.01,30.579348,8.6766205,30.876219,7.9797287,20.999012,20.864212,0.77868456,15.262965,15.218706,10.467135
TCGA.DD.A11B.11,2.006313e-05,18.086554,6.3297e-10,4.0912666,22.29598,22.44025,2.8779805e-11,52.810867,25.42838,6.8159647
TCGA.DD.A11B.01,17.968765,14.247669,10.815567,2.412947,28.751799,29.762926,4.4487143e-09,8.766244,44.65386,0.10546611
TCGA.DD.A11C.11,0.00012931216,20.929262,3.6405424e-06,2.571032,31.647593,41.131702,1.69837e-06,13.9010515,26.503788,3.8586948
TCGA.DD.A11C.01,0.50136167,7.4733133,28.194218,4.4832163,28.517897,29.917402,8.934591,20.1449,6.9336967,12.070081
TCGA.DD.A11D.11,0.24640703,20.605124,0.2849825,1.1961246,35.04403,21.714611,0.4483839,17.605503,27.557575,8.9356165
TCGA.DD.A11D.01,25.805187,1.9346987,17.895296,22.668272,30.223858,12.763032,1.5765752e-32,34.02921,11.423861,0.0023775122
TCGA.DD.A1EA.01,7.650892,0.42584503,6.831331,0.0006916945,28.559895,55.270744,0.0026968603,4.5748303e-07,9.621743,28.419783
TCGA.DD.A1EB.11,0.051286727,20.327747,3.3416761e-06,2.3082669,32.217274,35.212418,0.04186448,16.61951,27.118519,5.3713846
TCGA.DD.A1EB.01,6.548861e-10,5.827255,6.454186,0.8675587,23.896246,28.415272,3.1154813e-35,37.926136,26.616955,6.1473823
TCGA.DD.A1EC.11,0.00019777249,17.176096,0.0001659173,2.4841292,22.288874,36.675636,2.2870965,38.85831,15.853589,8.683805
TCGA.DD.A1EC.01,72.76935,0.09763206,17.096094,1.0918359,4.5478463,7.7345643,4.631096e-05,18.033195,16.325462,23.303469
TCGA.DD.A1ED.01,7.8696733,16.408627,8.870576,0.67568314,15.909753,32.305145,8.778599e-07,25.998426,25.20573,13.00789
TCGA.DD.A1EE.11,2.5538514,22.076422,0.23823015,3.5277188,25.879568,32.499767,0.09665033,21.357471,24.152803,11.631177
TCGA.DD.A1EE.01,18.543364,2.8061228,13.9421625,0.00023529139,11.878766,33.34584,5.5864553,17.668486,23.291485,23.543873
TCGA.DD.A1EF.01,24.626612,0.003204197,14.553694,1.402312,19.537285,21.65717,37.74942,18.96809,8.163824,0.787913
TCGA.DD.A1EG.11,0.019745465,24.417067,6.8267576e-07,4.378659,23.779858,28.653662,3.7799368,16.720211,43.21811,8.300983
TCGA.DD.A1EG.01,8.394125,2.526728,0.29331565,0.05509051,12.528123,10.449557,17.372377,49.943165,11.783874,40.26424
TCGA.DD.A1EH.11,8.766501e-07,23.055504,1.2715938e-06,3.0259285,26.327698,36.991615,0.043222055,20.515825,27.275599,5.232789
TCGA.DD.A1EH.01,34.024796,0.108099386,56.731544,19.895103,11.619275,0.0,3.4723312e-06,31.835217,0.173213,8.690455e-12
TCGA.DD.A1EI.11,0.002311743,19.409925,1.8944497,4.6202207,28.540848,33.873962,2.1381092,21.799461,21.794538,6.8201222
TCGA.DD.A1EI.01,10.273338,15.920162,1.0658087,1.3461491,3.5302963,5.761077,20.059381,58.156857,9.752854,31.084467
TCGA.DD.A1EJ.11,8.997911,12.795298,0.32495302,4.0426717,21.511719,29.08199,1.306882,36.350647,16.162863,13.692255
TCGA.DD.A1EJ.01,70.5382,2.1030332e-22,3.271823,5.821959,31.476137,14.46803,7.9872665,10.512212,1.4685976e-20,0.12741752
TCGA.DD.A1EK.01,19.729681,6.929343,5.9181314,0.39016166,27.727125,37.55372,3.801472,6.526613,24.488564,12.399686
TCGA.DD.A1EL.11,10.650226,19.6971,6.551668e-05,2.4642425,22.712074,26.56017,1.2868141,27.83067,31.674301,4.0102577
TCGA.DD.A1EL.01,4.0470624,6.4738345,35.40021,9.2784276e-08,11.40031,27.029427,15.754354,14.939946,3.0529344,34.14688
TCGA.DD.A39V.11,0.04738964,19.084282,5.7853864e-05,7.051041,23.700281,25.694029,5.1745033,9.383767,53.8342,7.4743237
TCGA.DD.A39V.01,2.6609805,0.0012035001,22.207523,5.9650456e-06,3.2087967,47.090572,0.00077449466,19.622559,21.903072,43.022377
TCGA.DD.A39W.11,1.9375355e-07,15.358197,6.7697514e-10,4.5580635,31.647327,28.231188,7.530074,10.878796,46.27573,2.6974657
TCGA.DD.A39W.01,5.990747e-07,4.14422,17.146769,0.014197196,30.789711,43.48344,10.19709,6.387033,6.6360593,7.50673
TCGA.DD.A39X.11,9.316144e-14,20.12527,3.7757947e-14,4.4981623,31.543526,33.32997,6.8516717,8.7756405,32.512756,3.1267385
TCGA.DD.A39X.01,0.040792245,20.509079,1.5882502,4.719622,14.520663,14.543859,23.843422,27.279968,26.179926,19.488333
TCGA.DD.A39Y.01,24.492548,4.241049,1.5072865,1.2493157,22.681437,4.2396793,30.371586,18.66906,5.4357367,34.211994
TCGA.DD.A39Z.11,0.00046336863,14.432042,0.0062042954,6.433881,23.64784,30.452385,12.23378,13.790639,39.74109,6.247695
TCGA.DD.A39Z.01,43.617496,1.2845639,9.177511,3.8536975,24.77819,22.587263,1.2277155,6.6554923,28.035557,3.491199
TCGA.DD.A3A1.11,0.008200842,19.757427,1.2458006,4.238066,22.395271,30.523653,5.2930617,12.507623,26.19433,18.762419
TCGA.DD.A3A1.01,13.469074,6.753602,3.7272403,1.536006,15.57723,9.36992,3.1988974,8.890122e-10,54.536495,39.36733
TCGA.DD.A3A2.11,3.0599272e-20,22.545895,2.1809132e-05,8.972481,25.063288,30.1213,8.754479,14.280374,39.80301,1.1227816e-05
TCGA.DD.A3A2.01,0.0,4.1051636,0.0,2.399373,25.293829,12.161397,0.0,3.8781776,100.263885,0.0
TCGA.DD.A3A3.11,9.01801e-07,29.844694,0.0036084943,27.516705,23.467964,26.32344,4.2293997,22.785559,5.9891453,8.081701
TCGA.DD.A3A3.01,14.154125,1.7445116e-10,5.961092,1.7761326e-06,13.367002,6.143611,12.039255,5.1056485,2.2739198,84.06327
TCGA.DD.A3A4.01,2.7597919,9.440592,3.1334589,0.012329743,38.28156,7.202144,0.75523126,5.952475,13.424404,58.533684
TCGA.DD.A3A5.01,11.66226,1.7671393,0.005123923,0.00018387954,38.896908,19.679335,0.080335334,23.572323,23.220045,25.809238
TCGA.DD.A3A6.01,0.51446474,10.470412,2.6442819,7.994631e-17,5.8640346e-30,1.6394663,5.2382264,133.03415,29.754147,1.5663393
TCGA.DD.A3A7.01,8.443935,2.9097633,3.5194745,2.3928378,29.430141,18.936066,17.402609,4.4819202,8.838254,53.940495
TCGA.DD.A3A8.01,0.00046448247,17.201778,18.996042,1.7423106e-07,14.135998,55.830887,8.004888,0.50996816,34.05733,6.0903873
TCGA.DD.A3A9.01,32.34419,3.3496375,15.538108,30.731108,4.296346,0.0,5.523993,11.014826,19.104485,54.0136
TCGA.DD.A4NA.01,103.38965,5.0979047,5.6001115,3.920135,0.009497844,5.8808966,4.70469e-07,0.86057293,43.732643,2.5190336e-06
TCGA.DD.A4NB.01,18.019506,22.761873,0.28835133,0.9406122,3.9249635,7.1633544,13.120758,12.566125,39.359097,37.394833
TCGA.DD.A4ND.01,6.196055,22.672459,8.9719715,2.6812916,8.661126e-06,18.078653,21.850801,21.647738,25.541456,27.775045
TCGA.DD.A4NE.01,51.16584,4.6700683,0.48742422,0.29372084,36.284832,33.93713,10.8836975,6.5727844,15.411363,0.2400788
TCGA.DD.A4NF.01,0.0017328871,10.368755,22.129492,0.0075169955,8.986953,74.45357,5.4341245,1.1164414,20.404783,11.216362
TCGA.DD.A4NG.01,23.632,9.911207,34.53771,0.00048845186,9.106495,2.4869003,6.213718,6.2750993,25.894505,42.335304
TCGA.DD.A4NH.01,102.17026,1.4495077e-05,9.571885,0.9579834,2.8209524,10.644276,0.39152417,6.904483,25.744446,8.693894
TCGA.DD.A4NI.01,3.3963807,25.996695,1.687851,0.14170872,20.127432,36.24572,9.366376,3.076845,32.272438,17.628157
TCGA.DD.A4NL.01,2.874233,31.90283,19.904974,1.0637554,7.5143695,17.955503,12.064813,7.201202,46.510082,14.635577
TCGA.DD.A4NN.01,14.211396,2.2111971,6.8013678,8.71761,0.0,19.609306,82.899445,7.642441,9.297958,1.5354937e-06
TCGA.DD.A4NO.01,8.607274,12.148433,19.774742,0.89818656,10.256092,17.911884,6.9007893,2.4422534,47.63372,32.86318
TCGA.DD.A4NP.01,7.1096888,23.468815,0.68316317,0.00040394586,8.733216,43.85729,4.198423,0.0003369973,43.123714,24.574234
TCGA.DD.A4NQ.01,102.31055,0.058062673,10.335882,2.514713,10.568848,8.353313,3.5552962,1.8798248,21.48541,0.103465915
TCGA.DD.A4NR.01,39.488644,2.1447933e-05,16.360123,5.960389,5.140336,8.226697,20.824974,5.301505,25.983732,31.825325
TCGA.DD.A4NS.01,7.669398,36.290066,9.491114,2.1274905,0.41663793,12.551773,14.839312,32.64976,21.558647,18.178446
TCGA.DD.A4NV.01,17.7131,19.045765,5.0515604,0.028704964,9.952869,21.583952,15.216481,14.442283,42.301617,9.128339
TCGA.DD.A73A.01,8.052496,8.300345,7.2072464e-07,8.477445,26.151497,14.492199,12.949768,1.8760368,45.552418,24.897902
TCGA.DD.A73B.01,10.035591,10.110342,9.067043,0.31619102,34.787056,20.859228,10.067472,2.8555107,38.825413,12.94944
TCGA.DD.A73C.01,2.1460521,12.117632,8.709524,1.460874,8.490051,13.505202,6.17414,18.141386,67.07001,0.02216134
TCGA.DD.A73D.01,5.5551558,26.284237,16.10411,2.276464e-17,35.53262,54.755917,0.3484031,0.0,8.0862155e-06,10.841713
TCGA.DD.A73E.01,5.3004313,1.9753186,7.3177214,0.5535965,4.0040374,107.34866,0.19399597,8.125492,8.040743,10.791653
TCGA.DD.A73F.01,4.143483,7.7291317,9.428473,0.7431899,25.10602,24.693424,0.9615036,5.7902193,47.386967,26.453444
TCGA.DD.A73G.01,6.9500957,2.123631,14.671718,12.970657,7.8245463,21.873577,9.510871,18.251762,39.15982,31.932468
TCGA.DD.AA3A.01,56.15105,45.508904,0.000963669,10.640846,0.0,2.534604,0.32880506,10.820368,6.594446,37.616524
TCGA.DD.AAC8.01,9.506224,0.04940421,12.328764,1.6158873e-08,2.075257,42.008026,14.87939,2.6991727,13.870409,56.8371
TCGA.DD.AAC9.01,25.735645,2.829477,1.9112953e-05,1.0593727,8.538617,10.709026,9.011532e-09,15.657903,54.37557,42.702156
TCGA.DD.AACA.01,10.114784,6.5359054,1.2043331,0.00015314821,19.721844,46.718838,7.7782364,13.874816,1.9153225,37.769627
TCGA.DD.AACA.02,23.085995,5.8172503,0.8555955,8.331786e-06,21.3765,32.351074,9.095872,1.1005216,11.949611,39.914085
TCGA.DD.AACB.01,4.4692225,4.546527,11.743876,1.862718e-06,7.6258483,36.628983,27.66756,5.2820473,17.842735,30.655489
TCGA.DD.AACC.01,13.650115,6.961951,2.2799153,2.009931,12.670852,17.9215,13.111251,10.991298,21.467607,42.092762
TCGA.DD.AACD.01,2.3128712,4.913897,8.775314,0.0027223758,7.094969,29.458858,14.796585,5.6467304,27.146105,47.870617
TCGA.DD.AACE.01,1.1609622,8.534849,5.9728045,0.0024218534,24.601181,35.22948,31.784061,12.182696,18.06308,7.3710723
TCGA.DD.AACF.01,19.463007,2.4686863,8.453583,2.8771317,16.372244,29.002842,9.537589,1.457633e-11,23.800407,22.252514
TCGA.DD.AACG.01,19.191868,5.1409526,9.510203,3.036436e-14,33.246223,1.5222976,33.526695,2.1806176,5.6851745,37.26095
TCGA.DD.AACH.01,11.527813,3.257465,3.6046386,1.0120375,7.9626555,15.5696535,5.4157276,10.271099,11.609369,78.427795
TCGA.DD.AACI.01,21.10682,6.4972217e-15,3.9174664,6.675055e-05,6.8314195,10.362261,0.018730732,12.9154825,38.80053,68.06228
TCGA.DD.AACJ.01,14.734768,2.6919498,6.765758,4.2968455e-08,15.891714,6.0939527,3.6196864,2.3969654e-26,2.3388413e-05,100.07489
TCGA.DD.AACK.01,3.577335,2.8936882,4.873124,0.15978949,16.476177,9.045415,11.135102,2.2606323,46.191612,55.602615
TCGA.DD.AACL.01,22.493773,0.78471655,22.828283,1.410556e-10,1.4187939,9.939317,40.674026,3.2771192,21.440891,23.96225
TCGA.DD.AACN.01,4.8600364,15.969523,26.418495,1.4549052,16.731432,5.814333,22.296164,14.855182,16.031221,20.49618
TCGA.DD.AACO.01,0.2922319,8.758051,5.8489933,4.5150337,16.61298,21.981434,20.838531,11.653792,27.033295,36.27801
TCGA.DD.AACP.01,6.3683724,3.803799e-15,11.248797,85.13209,2.0796835,29.9593,21.786327,2.1852436,5.951125,36.35347
TCGA.DD.AACQ.01,0.09091732,8.647528,33.121887,0.74276507,20.540222,23.586914,19.259842,9.129194,7.8520613,18.595667
TCGA.DD.AACS.01,14.070109,17.124804,0.23300213,0.9691196,19.993647,23.091574,10.131283,1.6985048,38.381428,22.169802
TCGA.DD.AACT.01,14.864574,2.5299256,0.9179951,0.32929233,15.14259,24.87424,8.487429,5.053297,42.734005,36.273266
TCGA.DD.AACU.01,34.97717,6.1585493,1.8864312,0.05438679,31.52916,8.009969,10.978837,5.1440563,14.920882,34.757282
TCGA.DD.AACV.01,3.5115871,1.6271191,16.595444,0.84741735,25.950085,31.891117,19.271095,1.5343922,19.11477,10.382679
TCGA.DD.AACW.01,9.704717,5.515016,0.19825041,2.110434,35.00649,12.8375435,54.359127,1.5313033,12.665872,1.0852602
TCGA.DD.AACX.01,11.874492,11.540666,5.87528,8.4770475e-11,44.08833,11.357851,1.1802077,2.4148923e-31,5.223208,52.437366
TCGA.DD.AACY.01,2.2133913,2.0522974,5.097525,4.656263,12.03056,23.823355,13.422238,8.502754,30.187244,46.02816
TCGA.DD.AACZ.01,2.7181687,1.0181713e-08,5.689944,0.09878946,12.716846,9.568048,36.679447,3.016357,32.04085,49.963196
TCGA.DD.AAD0.01,17.092207,3.6550646,2.4579687,1.3540078e-06,29.3145,42.546673,0.085189626,0.0,22.97349,27.070814
TCGA.DD.AAD1.01,2.5488725,16.826004,32.613346,14.640123,1.5252051e-09,3.4145627,16.893433,25.902275,21.081541,27.752855
TCGA.DD.AAD2.01,10.445202,10.3173275,0.15046127,3.72273,6.723047,6.881514,11.25211,13.066104,38.02084,54.809555
TCGA.DD.AAD3.01,12.913779,8.022074,0.12106186,3.8276541,19.24048,19.771551,15.901111,12.995331,24.064394,29.933083
TCGA.DD.AAD5.01,21.32641,10.647615,0.37521002,0.54543614,3.3931851,4.776142,10.564605,2.775711,11.227479,84.37387
TCGA.DD.AAD6.01,14.250731,7.5190206e-07,5.224204,6.1229686e-05,15.028084,3.337882,15.390403,0.0002952965,4.0439434,84.38976
TCGA.DD.AAD8.01,13.568828,1.6410758,8.62499,6.6550393,19.534603,30.70719,14.76716,9.555609,13.141107,23.661995
TCGA.DD.AADA.01,35.72236,7.739596e-06,7.5130076,92.17355,12.808433,18.216785,7.3240714,5.2971487,25.769857,1.0658729
TCGA.DD.AADB.01,16.975918,3.6091669,2.3651688,1.2840493,21.050701,6.507132,27.610992,3.86525,18.061682,42.500984
TCGA.DD.AADC.01,14.261724,18.528587,7.307128,0.14666212,10.869369,9.783877,20.431393,14.286594,20.046797,32.08933
TCGA.DD.AADD.01,8.992293,5.7937393,3.997424,2.4271564e-15,23.534916,26.785763,29.833252,0.87943125,10.842289,20.478918
TCGA.DD.AADF.01,0.06058008,2.2692666,3.4169173,1.9179664,30.696571,26.898638,17.652637,1.473979e-06,32.617504,33.799545
TCGA.DD.AADG.01,6.7356677,16.431908,9.598171,9.2510485e-11,20.25152,30.21767,6.0736117,11.554007,27.450918,17.947271
TCGA.DD.AADI.01,30.38341,7.240155,2.2297843,15.000363,5.984855,10.50592,32.495956,13.074728,26.193022,16.438047
TCGA.DD.AADJ.01,2.6192433e-25,9.366389,44.203266,1.5536093,13.87287,8.635491,44.144653,6.349616e-09,40.427036,7.584676e-18
TCGA.DD.AADK.01,13.68958,5.0874076,1.8202335,0.0040968503,5.697383,9.051355,8.136506,20.467875,31.353304,57.14576
TCGA.DD.AADL.01,25.400307,0.60415655,1.738894,0.7292327,22.639837,38.877144,8.876304,6.009251,29.465687,8.514131
TCGA.DD.AADM.01,30.625614,4.3045316,5.7834826,1.6578765,9.513207,16.808416,4.669505,6.035016,40.772163,38.718037
TCGA.DD.AADN.01,5.526199,4.6810535e-20,2.863199,21.271181,16.868711,2.7090445,56.43352,0.0,7.053559,49.535473
TCGA.DD.AADO.01,7.4947367,7.0325863e-16,3.72202,0.07418936,13.141936,32.52193,23.710321,1.822071e-21,30.737398,45.470016
TCGA.DD.AADP.01,19.814184,8.038889,1.8990006,0.68684155,16.162651,9.3321495,15.7260065,12.081236,23.628172,40.091106
TCGA.DD.AADQ.01,17.066236,4.3226735e-11,6.769769,0.0003287954,8.091272,21.542603,7.0799713,3.2380706e-31,40.198635,59.013515
TCGA.DD.AADR.01,24.842213,0.49933928,9.214453,2.4578576,22.341131,12.7642,2.8292308,1.3087077,19.286535,53.127636
TCGA.DD.AADS.01,16.652775,6.741995,4.128942,0.046632554,27.78296,10.982448,0.43120348,0.0,57.076042,25.866009
TCGA.DD.AADU.01,4.7595153,2.1681013,2.3894064,1.794858e-06,13.215307,30.769253,11.187274,7.2476387,32.76696,43.048897
TCGA.DD.AADV.01,8.635862,12.117247,2.5723128,1.0595466,27.204954,17.616608,8.572131,10.152107,23.07189,29.709415
TCGA.DD.AADW.01,37.116974,14.181289,2.3893428,1.516358,7.3586063,2.5923066,32.512707,20.72909,11.806838,22.752066
TCGA.DD.AADY.01,0.2387745,12.347005,3.316364,17.432404,22.416569,30.911325,16.897823,7.9000115,10.951743,20.704052
TCGA.DD.AAE0.01,30.090332,11.617678,13.552129,3.6919944,5.3135853,2.0327563,26.667885,21.089722,11.63532,31.329542
TCGA.DD.AAE1.01,11.656165,0.3226707,20.179611,1.0665003,11.488782,7.345993,84.76475,1.6872416e-36,12.819115,1.0430615
TCGA.DD.AAE2.01,18.778328,3.4970944,0.10436961,0.03319337,50.04566,10.379146,0.012157926,8.924732,24.17241,21.697487
TCGA.DD.AAE3.01,20.602346,1.4098634,3.8585157,0.08947743,25.707523,18.521017,6.5565066,12.344487,47.216354,15.728774
TCGA.DD.AAE4.01,2.7448242,10.460212,0.4300184,1.8487033,22.137875,34.233627,5.0654626,10.539607,32.612564,24.910227
TCGA.DD.AAE6.01,7.4941797,9.246658,21.234995,7.784639e-12,50.072975,15.586926,16.493202,0.023784792,0.0,0.0045715375
TCGA.DD.AAE7.01,1.1826918,12.371368,0.8137094,32.04739,15.0133095,16.561495,2.4453743,9.752701,52.208412,26.76264
TCGA.DD.AAE9.01,0.24037449,4.3082175,13.848344,0.0029138387,3.6150134,63.533142,9.123701,4.407771,36.301582,21.015055
TCGA.DD.AAEA.01,12.618693,13.665726,5.8929815,1.1457357e-05,23.549515,25.477022,10.334761,5.6078324,25.10547,26.258476
TCGA.DD.AAEB.01,0.023172881,10.148807,17.09681,0.0010428721,15.88456,37.111755,2.4750713e-09,7.662411,44.294506,14.780528
TCGA.DD.AAED.01,58.768353,6.516998e-16,0.7428125,58.03342,26.850279,16.253641,2.8274443,0.87507516,0.0002013619,9.381742
TCGA.DD.AAEE.01,10.295101,16.631512,0.023086881,4.3178736e-07,19.43042,24.63157,9.125038,7.2842293,25.59111,37.224575
TCGA.DD.AAEG.01,13.320255,4.227591,4.9738984,1.5650401,20.275639,25.708755,2.8847919,9.982703,40.630363,28.130081
TCGA.DD.AAEH.01,10.351552,10.995628,2.6023607,0.00028084792,24.090456,29.79033,14.790537,7.033752,33.353703,12.36629
TCGA.DD.AAEI.01,12.071793,8.233706,0.46248823,1.1829563,20.912502,17.823114,22.752338,1.0249827e-19,22.27395,33.460403
TCGA.DD.AAEK.01,9.588903,3.9792297,1.8420746,0.0033002994,11.20836,11.208903,18.70485,14.388385,34.92464,40.70827
TCGA.DD.AAVP.01,9.97211,7.71908,0.089881055,0.028940834,6.242827,89.62163,1.718089,7.04674,27.162626,9.027955
TCGA.DD.AAVQ.01,22.414965,2.981566,39.247036,4.0146866,7.670785,13.783147,22.3981,17.260609,8.568452,16.560587
TCGA.DD.AAVR.01,12.779553,5.636284,2.2622745,3.9167378,14.936106,9.575001,11.14481,30.010326,20.070936,38.2691
TCGA.DD.AAVS.01,41.520702,0.350233,1.0528947,3.2415605,8.586667,16.803783,30.751049,21.069834,20.272646,10.522712
TCGA.DD.AAVU.01,31.170904,3.0129792e-15,3.2696757,3.5421948e-20,22.616617,13.574721,11.41427,1.4634465,5.714752e-35,66.15162
TCGA.DD.AAVV.01,2.2029545,6.0679793,29.544296,0.0072568357,4.0829263,11.886894,2.7439713,21.594505,36.838905,46.122147
TCGA.DD.AAVW.01,0.63195944,5.3613143,1.9457542e-09,45.86379,17.894539,9.895799,17.287136,19.596266,18.33456,35.793743
TCGA.DD.AAVX.01,12.749576,5.079582,4.095069,1.001925e-05,19.247425,7.8925,4.8938527,4.5023317,27.647936,63.90823
TCGA.DD.AAVY.01,2.062131,7.4468675,5.063464,0.0001361121,20.547523,56.028133,15.768908,0.0,22.931665,12.859169
TCGA.DD.AAVZ.01,8.937837,8.312234e-09,6.493817,11.882616,25.37305,14.551521,20.060148,9.426307,17.835451,34.694786
TCGA.DD.AAW0.01,9.171284,6.073668,0.030619899,4.553102,12.894108,15.361541,11.534035,14.393629,45.898453,33.700054
TCGA.DD.AAW1.01,5.4824963,13.957816,2.5924098,4.144798e-07,16.357239,56.9529,8.56685,2.3256066e-06,12.63854,30.582436
TCGA.DD.AAW2.01,1.9527045,11.397129,8.709584,0.00043046387,11.38094,53.539616,23.57063,7.069079,19.605366,7.8208055
TCGA.DD.AAW3.01,3.8150356,12.099906,3.175505,0.00096366584,23.027758,37.64702,14.895298,9.436683,22.135307,14.049812
TCGA.ED.A459.01,41.427685,4.85675,11.628947,2.3039,7.9094296,21.911196,20.0587,1.4992751,5.192496,38.22511
TCGA.ED.A4XI.01,29.731577,35.16266,7.2979517,4.5740666,9.3155575,4.7442303,15.877753,10.403307,23.853827,15.587667
TCGA.ED.A5KG.01,14.765932,10.3784685,40.923367,20.22135,1.5846672,5.255188,7.7263956,12.023526,6.3461695,39.806847
TCGA.ED.A627.01,25.40403,24.827185,3.8376076,0.2059222,0.12863171,9.303697,13.787026,19.730116,20.12679,36.608833
TCGA.ED.A66X.01,17.678772,6.065085,0.23089586,12.245174,1.2902362e-28,3.6725702,25.491613,26.465136,16.41018,51.37575
TCGA.ED.A66Y.01,19.048176,4.61628,7.228018,87.53721,4.5807116e-33,5.0471435,63.237778,2.5540893,1.4053302,6.8248706
TCGA.ED.A7PX.01,49.69017,10.409428,2.3031266,27.08464,5.1192804e-14,5.594056,6.2239456,24.60544,26.109102,29.098125
TCGA.ED.A7PY.01,10.021493,3.6071324,0.32218847,7.6813593,24.585634,23.582798,39.990055,10.859913,23.390244,0.6287953
TCGA.ED.A7PZ.01,38.620094,3.056653,5.8318744,1.5728927,12.4586115,30.63406,20.118858,18.464668,10.935652,11.163241
TCGA.ED.A7XO.01,0.0015210267,31.682785,3.4933205,3.318837,14.539926,20.845293,10.405085,19.727829,24.363304,13.579619
TCGA.ED.A7XP.01,18.31893,20.176657,3.0710464,2.1459663,6.8887057,18.459133,10.968955,7.340817,31.387722,36.744656
TCGA.ED.A82E.01,68.37092,45.791508,2.5234444,1.0186603,0.0,0.0,0.001591186,13.836331,26.38898,19.764656
TCGA.ED.A8O5.01,10.291518,9.037083,22.193583,32.34265,20.420792,4.785141,29.395283,20.2313,12.611726,0.24317253
TCGA.ED.A8O6.01,2.0075972,4.696727,43.81952,12.608131,24.204208,6.4964433,33.480713,12.777382,9.7288e-23,14.3196125
TCGA.ED.A97K.01,39.50005,15.914586,1.834246e-06,7.988915,7.48396,1.1944891,0.009045877,29.620974,4.5187545,53.66979
TCGA.EP.A12J.11,0.4325887,25.33713,0.18615432,6.3774786,29.26059,13.686199,1.9117743e-12,41.265453,19.246414,7.204356
TCGA.EP.A12J.01,9.119174,9.67572,10.712712,0.005148519,19.408426,56.69702,0.0003547325,15.487759,8.713154,9.359303
TCGA.EP.A26S.11,0.028954921,19.560694,0.0049678194,7.396626,21.835577,38.04362,3.2102795,24.749846,24.425915,5.5445833
TCGA.EP.A26S.01,0.0,17.479746,31.413425,1.0682212e-09,5.618292,63.572132,0.0,19.144667,17.126635,0.0
TCGA.EP.A2KA.01,15.452822,1.4422395e-06,0.0003413042,2.3919346,12.188774,1.9703765,1.4814142,6.524002,24.715454,87.22466
TCGA.EP.A2KB.01,21.66018,1.8701681e-20,4.965899,7.104508e-10,40.06085,1.3284501e-18,35.173946,6.285013,30.195536,10.514399
TCGA.EP.A2KC.01,3.719008,15.867185,6.5244756,1.0168808e-06,17.335234,18.145945,10.506423,24.204649,12.234265,42.83212
TCGA.EP.A3JL.01,5.5075126,4.5603404,0.041655906,0.049456716,8.574636,18.550598,18.808336,40.573223,23.852325,31.202349
TCGA.EP.A3RK.01,5.880158,2.2002966,11.438878,0.13726223,3.5346243,35.956543,0.9963711,9.951221,31.137411,52.437397
TCGA.ES.A2HS.01,2.6543047,14.341549,0.06319025,2.0671713,22.686111,15.001432,5.907861,11.773218,69.961754,14.3016615
TCGA.ES.A2HT.11,6.843904,17.281576,0.12877418,8.413325,22.381517,8.754712,0.00746584,28.788698,37.467224,24.42427
TCGA.ES.A2HT.01,8.782908,6.735961,1.004927,8.585685,13.115961,7.957251,0.0059255264,18.573814,51.480347,41.25446
TCGA.FV.A23B.11,3.2681403,25.876842,5.733262,1.8492833,14.730171,25.01745,2.1592457,36.014797,24.41294,8.679866
TCGA.FV.A23B.01,0.470915,3.494531,28.127312,1.3612632,22.850992,23.603167,14.240848,8.134046,2.2550955,40.82662
TCGA.FV.A2QQ.01,0.9135334,6.3403897,19.877092,2.2146165,10.405473,20.979261,16.507387,15.785709,28.733622,31.197142
TCGA.FV.A2QR.11,3.4958792,20.267479,1.3043448,0.7087774,14.482587,13.31175,6.656068,23.801361,24.115042,33.94571
TCGA.FV.A2QR.01,27.374691,0.09070513,2.8679025,0.74275106,19.448015,16.718073,3.2925467,34.046608,25.642572,23.770504
TCGA.FV.A3I0.01,88.40414,81.161476,1.8129886e-19,10.072377,0.0,0.43937775,1.7324606e-16,12.197565,0.0,14.643564
TCGA.FV.A3I1.01,6.392267,5.232983,0.16948594,1.2071642,12.939276,4.408808,15.23972,22.402576,26.463089,56.32685
TCGA.FV.A495.01,16.797712,33.92399,3.019716,1.3028634,6.41218,8.721046,18.661613,13.980847,11.49543,34.96727
TCGA.FV.A496.01,24.71177,9.902025,7.456639,0.0036042037,22.161459,16.87561,14.370101,2.4670555e-20,13.439954,43.968567
TCGA.FV.A4ZP.01,80.92904,0.04839701,1.1159203,2.8270063,7.4462523,3.5418334,20.002604,1.3030647,29.608986,10.258285
TCGA.FV.A4ZQ.01,25.007587,6.210719,10.101096,9.258151e-11,3.0509274,44.274696,40.0808,0.0,5.238472,13.791992
TCGA.G3.A25S.01,5.731152,3.0971162,9.06222,2.9641638,16.083752,30.490828,11.101011,2.7931352,33.917004,41.034588
TCGA.G3.A25T.01,75.121605,40.026447,0.4461989,3.0147057,3.5237668,7.17519e-37,10.152936,15.9654455,16.107151,3.3901608e-05
TCGA.G3.A25U.01,0.17653625,6.5378094,19.31196,2.3636713,49.952293,18.382215,2.896408,6.2997622,10.8318405,11.597998
TCGA.G3.A25V.01,12.07814,17.416798,2.3515017,1.306683,15.335863,12.465064,3.111545,36.594975,16.584097,31.685177
TCGA.G3.A25X.01,17.203196,0.29259473,5.685837,5.147342,1.780229e-12,12.204911,1.0448239,80.4998,4.9701567,40.350403
TCGA.G3.A25Y.01,34.84309,20.021847,24.80725,8.433118,4.9919996,9.170916,9.697254,40.88192,7.5182076,0.1997946
TCGA.G3.A25Z.01,23.578714,8.017737,4.892968e-05,0.28419948,16.417955,9.904297,5.2782125,28.038277,5.525856,51.84037
TCGA.G3.A3CG.01,6.139705,3.1968489,0.948892,0.42245907,20.429087,12.222651,12.693762,21.004826,29.489576,36.081093
TCGA.G3.A3CH.01,0.38204414,17.732862,7.985115,5.0606213,18.60037,17.313143,12.309418,21.33574,14.091097,23.7815
TCGA.G3.A3CI.01,0.28080246,22.376324,11.588181,0.0030082208,21.869757,17.683693,6.6059766,12.15882,49.37568,6.6755385
TCGA.G3.A3CJ.01,0.0003418935,10.152707,22.39589,2.8935471e-08,18.452524,26.956787,1.178175e-21,12.69271,45.85013,16.839478
TCGA.G3.A3CK.01,4.936455,13.563769,3.5807185,1.4261806e-05,17.194838,29.462458,2.3033512e-07,8.742938,45.24703,31.967426
TCGA.G3.A5SI.01,36.04326,3.012696,7.6141315,42.932312,9.754141,31.695135,31.25852,2.665413,3.838396,5.8066883
TCGA.G3.A5SJ.01,25.821363,22.710964,13.252282,2.1273065,2.1817434,9.788917,13.275213,1.6894276,0.037552398,62.01104
TCGA.G3.A5SK.01,12.980941,18.292871,1.5334991,4.246478,15.673867,51.158375,13.360055,9.231895e-24,29.657644,6.5397263
TCGA.G3.A5SL.01,6.789179,15.091784,15.716084,2.1367752e-09,3.041464,34.270935,22.36576,6.186034,44.662766,13.196684
TCGA.G3.A5SM.01,15.406084,11.391654,9.8347645,2.146703,11.578499,14.836498,7.751704,10.318653,31.245794,39.26674
TCGA.G3.A6UC.01,0.007547489,15.679536,3.212383,0.0015676692,36.491062,39.409966,5.5697154e-27,1.0314773,39.781418,7.7077985
TCGA.G3.A7M5.01,12.832676,10.22098,2.44099,1.0327982,37.164204,34.54927,19.075874,7.8964186,17.877396,0.12438442
TCGA.G3.A7M6.01,49.01287,49.699665,1.309177,2.1285703,0.0,2.5751274,25.815006,28.639286,3.265747,4.673322
TCGA.G3.A7M7.01,1.1441699,18.906166,0.00050914084,1.485124,5.744903,20.839128,18.577698,14.349285,42.19807,35.496033
TCGA.G3.A7M8.01,4.2270384,23.445211,16.285322,0.049450103,27.59074,6.0664415,6.7090483,20.346296,43.827763,7.7637496
TCGA.G3.A7M9.01,13.760411,6.277379,14.847071,5.2699604,5.6767383,7.5594378,32.16755,21.97568,9.594634,32.30183
TCGA.G3.AAUZ.01,23.362953,10.155885,0.00022730927,3.499067,28.534023,12.330884,11.026815,12.420086,4.5513077,38.031284
TCGA.G3.AAV0.01,20.275917,3.9172652,0.7522883,5.671683,36.148117,35.438313,2.080793,12.999149,32.58457,0.0014595212
TCGA.G3.AAV1.01,6.267671,7.727446,17.746546,9.011103e-08,21.387157,9.762093,0.65671915,18.984314,11.723794,61.519726
TCGA.G3.AAV2.01,9.863064,16.059639,6.7641845,4.969439e-06,10.023894,83.355446,3.255492,2.6836972,12.891201,11.140182
TCGA.G3.AAV3.01,4.048913,4.602111,19.780914,2.4527175e-05,7.153991,35.363125,4.340205,25.715542,20.81073,30.835287
TCGA.G3.AAV4.01,14.321785,8.382102e-16,7.852809,1.3040602e-12,45.380547,38.125538,0.029035855,8.8143425,3.1191514,14.389398
TCGA.G3.AAV5.01,20.750103,19.332558,4.0214715,2.3078796e-25,20.646875,9.90476,28.058748,12.583689,4.2189913,31.5244
TCGA.G3.AAV6.01,5.065977e-07,7.833708e-29,78.6717,18.403801,10.098103,12.119831,18.397955,22.383219,1.8129034e-05,13.779035
TCGA.G3.AAV7.01,49.034847,0.18206182,12.055932,0.0480231,3.0260003,6.839941,10.22049,42.73755,12.918886,27.644945
TCGA.GJ.A3OU.01,20.988445,1.9243289,1.5619845,3.664783e-05,4.866313,4.6409535,7.574653,54.462208,9.5542,51.611618
TCGA.GJ.A6C0.01,80.95816,0.001207378,12.619689,0.6064641,6.069544,22.676857,2.1514952,4.939604,26.299261,4.259651
TCGA.GJ.A9DB.01,16.723892,0.3737966,1.022206,2.0628795e-06,9.271876,9.051308,3.2805066,53.152275,18.79834,48.495487
TCGA.HP.A5MZ.01,2.990908,17.045235,33.68699,4.2971473,2.7928116,12.315286,7.8483686,14.582925,28.508509,33.91891
TCGA.HP.A5N0.01,0.0,22.09742,40.483883,9.756853,18.335285,12.998326,2.9759634e-10,15.751793,36.206383,3.1127366e-22
TCGA.K7.A5RF.01,0.0062287543,39.06836,6.7201147,6.845529,13.3366995,21.864836,7.7255464,20.973864,33.073814,7.4956946
TCGA.K7.A5RG.01,78.209145,2.186651,2.5218935,6.2454667,5.7807155,15.91137,6.9512854,2.3781738,19.89443,21.680244
TCGA.K7.A6G5.01,16.624475,11.805737,4.4798145,0.012165876,10.841387,9.694632,18.268572,7.1480217,34.610714,38.768406
TCGA.K7.AAU7.01,31.46482,11.4538,0.78744644,1.5715622,0.14290713,3.5787866,10.050137,26.66631,7.155207,63.70879
TCGA.KR.A7K0.01,20.109148,10.835381,4.951844,1.7884473e-08,17.887985,15.210258,10.776494,25.494886,13.203183,31.676815
TCGA.KR.A7K2.01,44.74334,0.11417177,15.907303,8.822788,10.415987,26.71116,24.112118,14.267977,11.249079,0.21118338
TCGA.KR.A7K7.01,7.3232846,1.3184592,8.291068,1.0383849,12.377915,24.240541,27.894985,1.1893319,19.301828,40.992897
TCGA.KR.A7K8.01,0.81746006,5.8305616,16.033934,0.09088396,3.6590307,9.835253,3.1613598,62.592636,21.170683,38.987957
TCGA.LG.A6GG.01,4.726811,0.80238247,47.46058,1.0634019,13.49831,15.280332,10.14672,2.0882792,8.34914,43.440567
TCGA.LG.A9QC.01,9.161771,16.700691,9.962644,5.6321625e-10,37.718357,7.264289,4.9286895,20.073317,50.26549,2.0342624
TCGA.LG.A9QD.01,15.645619,12.019713,9.269033,3.4801647e-05,21.248638,8.356232,2.6593113,14.418185,14.244485,54.461166
TCGA.MI.A75C.01,19.468893,5.966799,4.821197,0.22252078,28.825808,6.483364,10.454156,1.1891797,4.9178114,54.813305
TCGA.MI.A75E.01,7.6435184,15.598628,0.019716905,1.7968242,13.828731,10.094294,5.536118,24.212032,17.150023,48.786346
TCGA.MI.A75G.01,6.11626,15.389417,12.046744,0.1629285,30.108047,10.425031,8.6113025e-05,3.4348967,38.49206,27.678007
TCGA.MI.A75H.01,0.3248188,15.530033,7.500155,0.0018512825,17.010798,49.117924,9.521104,7.702769,18.535765,16.68311
TCGA.MI.A75I.01,12.7447605,8.921086,15.1251545,3.0552565e-07,18.020674,19.924543,14.4705515,15.059257,30.38747,17.595814
TCGA.MR.A520.01,0.0,39.615383,24.126316,1.7823334e-06,17.86838,20.92784,11.221192,2.0884442,37.447678,3.189003e-32
TCGA.MR.A8JO.01,0.7588417,7.309975,21.696785,3.3853564e-09,5.392407e-18,3.0200452e-26,8.643444,69.01738,13.92193,48.090927
TCGA.NI.A4U2.01,19.126812,9.231226,12.543579,1.9901156,15.062146,13.055414,11.997454,5.1971135,45.249863,0.3845975
TCGA.NI.A8LF.01,5.817538,17.19668,27.195429,9.401766e-10,28.407248,8.5946665,1.3374469,27.9556,18.309477,23.13558
TCGA.O8.A75V.01,9.96305,11.468497,19.768742,3.6670485e-06,11.628163,5.1735387,10.877446,13.293414,6.0871887,64.43042
TCGA.PD.A5DF.01,33.763176,5.448259,1.9955195,1.2828947,7.327668,23.558163,8.1533,5.5685177,36.827415,33.15248
TCGA.QA.A7B7.01,1.890619e-09,14.238171,0.40620193,1.7704476,18.910732,38.153202,38.845913,1.0075353,44.963696,2.5859503e-05
TCGA.RC.A6M3.01,34.734444,6.966154,0.041708697,0.5729601,9.908111,15.352272,11.407045,6.755159,11.849793,48.000973
TCGA.RC.A6M4.01,28.895666,15.102941,3.3182673,8.9950214e-07,23.074907,34.36511,9.775894,8.665047,14.934935,8.641415
TCGA.RC.A6M5.01,5.6024456,17.403872,7.136878,1.1580261,7.820981,10.66156,2.2816062,26.994804,26.82819,48.40466
TCGA.RC.A6M6.01,20.2548,1.0921685,1.5754546,30.027025,12.28504,1.675802e-30,17.596865,10.712374,5.408485,64.282196
TCGA.RC.A7S9.01,1.4745356e-07,2.875302,0.0,174.24673,10.705698,21.14558,31.373116,5.3444846e-26,1.9261185,9.360937
TCGA.RC.A7SB.01,34.38116,12.902054,7.889421,0.5215902,22.369915,29.011148,4.4969735,3.5019104,29.953936,0.00011740244
TCGA.RC.A7SF.01,20.12836,12.760714,8.035037,2.1275563,9.782868,3.7766414,28.12572,6.5054717,22.07133,34.692226
TCGA.RC.A7SH.01,31.303465,0.9820373,0.26587883,23.476057,9.199254,2.8691509,14.426307,41.099716,3.305568,37.71934
TCGA.RC.A7SK.01,46.740456,34.266712,0.096137576,0.8823608,21.57489,6.704294,8.184813,11.514519,24.604624,2.7831867
TCGA.RG.A7D4.01,8.000487,3.0742197,8.874439,3.0470163e-16,4.3519327e-16,21.532797,60.935253,13.76553,4.028892,35.041275
TCGA.T1.A6J8.01,14.768974,11.8682,0.6047196,0.07369871,22.883505,10.298357,6.9953732,15.17821,41.624416,28.064947
TCGA.UB.A7MA.01,11.435453,27.669779,2.1536325e-08,3.5121703,3.6592028,2.177717,11.970997,25.099497,10.894489,61.829113
TCGA.UB.A7MB.01,0.615642,8.045331,21.161152,2.878562,25.124712,18.249653,25.159071,12.44163,9.381947,20.891304
TCGA.UB.A7MC.01,25.974907,9.034126,0.08329465,0.8666103,5.355524,44.764614,23.775148,5.0192113,25.978071,15.984982
TCGA.UB.A7MD.01,2.383613,16.42853,13.159911,0.29503986,16.422487,12.476877,5.8282156,12.000897,24.18339,43.224873
TCGA.UB.A7ME.01,4.2292724,4.982785,0.5766878,64.43397,20.593657,20.274212,13.722266,18.56232,6.6512127,22.965155
TCGA.UB.A7MF.01,2.4750624,7.3087286e-08,3.2132213,3.3313792,14.622667,14.331339,23.97628,3.6453803,13.413305,69.108116
TCGA.UB.AA0U.01,17.603666,14.565471,5.3395815e-06,0.9612909,18.76138,2.8502438,11.235154,31.055176,8.656749,45.224472
TCGA.UB.AA0V.01,0.06954909,33.95546,0.5500035,3.3616092,16.442112,10.455238,4.621586,63.961777,19.48373,9.038659
TCGA.WJ.A86L.01,21.987385,0.00077647564,6.0636325,0.6302174,20.45455,24.919544,12.895059,1.1480366e-22,19.318365,37.916695
TCGA.WQ.A9G7.01,48.205997,25.366743,2.3048909,17.414412,18.117609,7.137095,7.2946563,12.61381,22.602045,0.0015143262
TCGA.WQ.AB4B.01,3.2924173,6.709588,14.646221,0.47489935,11.5278425,11.882376,3.636564,19.210236,40.97241,43.54543
TCGA.WX.AA44.01,10.339559,16.86698,5.9397,4.5867524,6.7854743,10.651701,26.494284,12.4368105,19.573112,38.163998
TCGA.WX.AA46.01,0.023799242,24.687115,0.00028798217,0.7483699,26.644587,30.75263,4.6501966,13.323897,33.86997,8.308005
TCGA.WX.AA47.01,26.712616,0.519484,0.637427,0.3367336,22.533102,5.6389794,0.26844198,1.9241145,49.716,48.07469
TCGA.XR.A8TC.01,17.747492,3.4309502e-10,0.64398193,5.85997,26.169899,12.625084,43.835514,20.125385,7.45833,12.548453
TCGA.XR.A8TD.01,16.06378,6.280345,10.02874,0.0002570564,19.356297,10.017902,8.337127,24.244762,25.64074,33.304592
TCGA.XR.A8TE.01,20.217978,5.805539,0.39081633,2.4088973e-09,26.100323,46.138046,11.643612,23.347178,2.8579704e-30,8.287957
TCGA.XR.A8TF.01,11.815539,4.351385,12.390353,1.2632554,27.61434,48.7179,9.41664,1.4272286e-12,16.559256,16.313848
TCGA.XR.A8TG.01,28.894333,5.9233346,4.522842,1.8956573,11.982125,15.3955965,10.871724,26.772957,15.211964,35.74312
TCGA.YA.A8S7.01,43.791245,15.56654,4.193893,0.00755182,1.4795515e-13,11.137422,10.07011,13.0087385,23.218441,30.901081
TCGA.ZP.A9CV.01,36.28898,3.323323,0.8927337,0.77692837,26.797602,5.1856866,0.3370106,15.493753,29.660685,35.842064
TCGA.ZP.A9CY.01,19.012342,11.874251,6.4711647,2.0028458,24.596762,7.963022,0.04840944,33.096962,28.216827,22.90992
TCGA.ZP.A9CZ.01,7.5888214,4.593084,5.017448,4.1174264,10.191646,34.240395,10.156396,34.85533,11.548554,34.02142
TCGA.ZP.A9D0.01,0.43419865,1.9995763,1.6662507e-10,43.796303,36.029102,27.712326,8.913925,16.45503,25.671677,16.29404
TCGA.ZP.A9D1.01,6.7324786,4.2594314,22.218733,1.7539353,12.755322,10.337846,1.0989013,37.762974,29.242687,31.892082
TCGA.ZP.A9D2.01,68.89869,14.686749,0.013839562,6.663131,0.0005873046,17.494083,0.002141504,24.022902,32.89819,8.8754425
TCGA.ZP.A9D4.01,17.225225,21.634289,8.289685,1.1268335e-16,16.485937,47.710777,5.7864046,4.568351,6.8353825,20.559898
TCGA.ZS.A9CD.01,4.7425957,9.007223,13.728246,0.00519794,15.458218,4.3477244,11.594548,43.942753,15.664935,38.648697
TCGA.ZS.A9CE.01,22.21723,13.842164,8.142676,0.61697423,51.40668,15.921131,8.141816,9.936935,12.956009,1.4863992e-09
TCGA.ZS.A9CF.01,1.6016024,6.726609e-11,2.3624482,10.422354,48.075775,26.821795,13.273759,12.894877,6.729715e-17,31.343658
TCGA.ZS.A9CF.02,2.9676473,9.629251e-18,6.158146,7.5620775,42.830074,48.21406,5.609697,20.962145,1.4003242e-05,14.71685
TCGA.ZS.A9CG.01,4.530609,32.07641,23.049,2.6339542e-11,14.286202,26.871517,4.763217,6.0751047,36.33201,8.841476
