TCGA.3B.A9HI.01,1.2826099,1.4721004,0.67649215,0.9200814,1.0333453,1.1888857,0.88690275,0.7752433,0.7685704,1.240223
TCGA.3B.A9HJ.01,1.1681652,0.8266536,0.9635238,0.60247105,1.0225474,1.0289676,1.2078984,0.8226284,0.7916222,1.7540272
TCGA.3B.A9HL.01,0.7529242,0.87626433,0.8224175,1.2951083,1.3943697,1.400695,0.71789765,0.72617257,1.2094183,1.0926429
TCGA.3B.A9HO.01,0.5434776,1.206352,0.42404893,0.5724839,0.88312805,1.536556,0.9893716,0.45840153,1.479495,1.6841289
TCGA.3B.A9HP.01,0.27734274,1.2128403,0.8645062,1.4914922,0.16509405,0.8474534,1.4540297,1.1953424,0.7773512,1.5284287
TCGA.3B.A9HQ.01,0.19505595,0.8473478,0.05330349,0.056952324,0.00435147,0.2514343,2.46187,0.797238,2.3897347,0.4993307
TCGA.3B.A9HR.01,0.61915934,0.42869636,0.27099508,0.5983572,1.1708112,0.61089766,2.2576435,1.8085675,0.15964027,1.1336123
TCGA.3B.A9HS.01,1.1008189,1.0901074,0.68200207,1.0116366,1.1668922,1.5186384,1.132701,0.27838504,1.1460404,1.0839612
TCGA.3B.A9HT.01,1.8049421,0.036474895,0.6031726,1.1733713,1.3609356,0.59917337,1.0086666,0.9245299,1.1119174,1.349228
TCGA.3B.A9HU.01,0.58992136,1.0196967,0.5991202,0.61136776,0.38729718,0.7059706,1.2682704,1.7515701,1.237341,1.0127035
TCGA.3B.A9HV.01,1.1295822,1.6394366,0.90628266,0.7508836,0.23557846,0.9222956,1.3158274,1.5310374,0.1388007,0.9016039
TCGA.3B.A9HX.01,1.5726936,0.9034112,1.1156466,1.0615481,0.8549495,0.558398,1.6318464,0.9939827,0.6749201,0.88240486
TCGA.3B.A9HY.01,0.9143437,1.0615954,0.86487347,0.50329196,0.34291384,0.53593534,1.4475483,1.3847735,1.2031271,0.9904658
TCGA.3B.A9HZ.01,0.669932,1.0660118,0.76038986,0.3790885,0.5757829,0.58310765,1.5154402,1.3703021,1.2456794,0.982711
TCGA.3B.A9I0.01,0.2961868,0.8380109,0.6570092,0.8382401,0.65881705,0.5213441,1.6594613,1.4825884,1.5861889,0.6880882
TCGA.3B.A9I1.01,0.52344674,1.321472,1.1580845,0.54986167,0.41215307,0.96837145,1.6184274,0.95478445,0.94131255,0.9419466
TCGA.3B.A9I3.01,2.2654436,1.634841,0.8042289,0.7856205,0.18845686,0.47451034,0.9873934,1.4991325,0.15033673,0.77996093
TCGA.3R.A8YX.01,1.5951756,0.9834358,0.8265851,1.056327,0.6039503,1.0478243,0.7953138,0.9215308,1.4520754,1.2618992
TCGA.DX.A1KU.01,0.88600576,1.1348319,0.5358341,1.4904846,1.1119521,1.0739809,0.97979665,0.4614102,0.67187935,1.695628
TCGA.DX.A1KW.01,0.79441476,0.68518716,1.4729323,1.1615832,1.8337951,1.9124203,0.56551176,0.07991726,0.91868263,0.2823894
TCGA.DX.A1KX.01,1.5385853,0.8925804,1.3404777,0.1518111,1.4165934,1.3423086,1.1549542,0.122277044,0.8176696,1.0590513
TCGA.DX.A1KY.01,1.0423725,0.64437455,0.7734044,1.7423539,1.6862167,1.7859149,0.31925356,0.9578125,0.0066060037,0.78818864
TCGA.DX.A1KZ.01,0.7838332,0.9458823,0.9600885,1.3904592,1.4984193,1.0120336,0.35579637,0.99755585,1.1175982,1.3144678
TCGA.DX.A1L0.01,0.88500434,0.66833,1.3430327,1.0844982,1.5875312,1.483696,0.9160975,0.2832338,0.758629,1.119731
TCGA.DX.A1L1.01,1.3457576,0.38090688,1.161953,0.70788926,1.0726182,0.92689973,0.4406732,1.0813457,0.76404226,1.8411013
TCGA.DX.A1L2.01,0.50344926,0.5226626,1.8306489,0.6544709,1.7080817,2.0459697,0.15830463,0.1786196,1.0310136,0.6817369
TCGA.DX.A1L3.01,0.82070976,1.1834965,0.9040603,1.3548937,1.294168,1.3558222,0.057354372,0.4202219,0.9162463,1.4644098
TCGA.DX.A1L4.01,1.0773295,1.2679436,0.90419596,0.7873344,1.2612679,1.1897005,0.83264935,0.466231,0.7501811,1.4490687
TCGA.DX.A23R.01,0.8396571,1.0173024,1.503147,1.2695864,1.8562338,1.5184187,0.79631543,0.49156943,0.8123844,0.15474156
TCGA.DX.A23T.01,1.2181596,0.9740207,1.3936771,0.74309754,1.6752716,0.8778535,1.2431676,0.019346472,0.8799711,1.1489708
TCGA.DX.A23U.01,1.5046695,1.3750552,0.7895346,1.350232,0.56768405,0.99596256,0.4521803,0.13336815,1.1182959,1.6123692
TCGA.DX.A23V.01,0.4961917,0.8275417,1.7623163,1.1617447,1.9614465,1.0930128,0.29856703,0.34422448,0.93487257,1.0529934
TCGA.DX.A23Y.01,0.2548953,0.71703136,0.93148893,1.2493294,1.6777334,0.9045873,0.8153002,0.62537473,1.1477386,1.6962675
TCGA.DX.A23Z.01,0.8146825,1.332232,0.99676543,1.2534659,1.6875051,1.1537946,0.11224309,0.8009059,0.8549592,1.1006011
TCGA.DX.A240.01,1.240004,1.0954251,1.2428905,1.1558856,0.62211764,1.1235962,0.5128816,0.004733164,1.2433479,1.6753772
TCGA.DX.A2IZ.01,0.73842674,0.7896633,1.1320475,1.1473446,1.5822191,1.4071078,1.8249308,0.31067386,0.7039496,0.7384896
TCGA.DX.A2J0.01,0.8127218,1.0904661,1.0430838,1.3017322,0.52734786,1.1169499,1.1968807,0.40513515,1.3081708,1.6195408
TCGA.DX.A2J1.01,1.5100572,1.4744482,0.6538894,0.6756078,1.2496345,1.0305619,0.8528815,0.47122565,1.3744106,0.98144126
TCGA.DX.A2J4.01,0.4397731,0.86242735,1.1602385,1.1452026,1.0724034,1.5935153,0.875065,0.78404164,1.0121378,1.3515022
TCGA.DX.A3LS.01,1.1890001,0.6696752,0.7036486,0.60980695,1.2500536,0.9110388,1.4253674,0.798429,1.3129442,1.3372991
TCGA.DX.A3LT.01,1.1018198,1.2258141,0.7453884,1.0199603,0.89847773,1.0547442,0.8610755,0.45444483,1.1309029,1.7131807
TCGA.DX.A3LU.01,0.6091665,0.9912221,0.9161275,1.3062844,1.3759305,1.2599947,0.8793599,0.75533855,1.0737432,1.2595077
TCGA.DX.A3LW.01,0.83860254,1.0413276,1.2958302,1.1100134,1.6936835,1.5492,0.6353652,0.5705166,0.987267,0.5461887
TCGA.DX.A3LY.01,0.7314856,0.82149124,1.3051594,0.96286476,1.1416003,0.85920525,0.24546319,0.52577966,1.5662525,1.7641596
TCGA.DX.A3M1.01,1.2702409,1.3667451,0.6504376,1.0170738,1.242294,1.1038383,0.925011,0.59560823,1.2329127,1.0206972
TCGA.DX.A3M2.01,1.6138096,1.3498526,0.68861663,0.058227383,1.3647795,1.2892026,0.78113943,0.20575494,0.9898811,1.1857601
TCGA.DX.A3U5.01,0.57167804,1.1060532,0.65242445,0.38539124,1.454027,1.3996714,0.7953343,0.5547026,1.1915319,1.5844183
TCGA.DX.A3U6.01,1.2770997,0.83036166,1.0778389,1.3898193,1.1521646,0.77557623,0.85949993,0.06154828,1.0845183,1.6264353
TCGA.DX.A3U7.01,1.3145466,0.8871603,1.1123483,0.8376273,1.265907,0.04950282,1.6472695,1.0458845,0.63505703,1.0827352
TCGA.DX.A3U8.01,1.4121572,0.025895586,0.84340537,1.1722056,1.5758058,0.3789728,0.5672522,1.2337035,1.4104391,1.4504629
TCGA.DX.A3U9.01,1.3728209,0.78147596,0.73631257,0.15594973,0.93602455,0.5636177,1.6135869,2.0426888,0.2985019,0.7559385
TCGA.DX.A3UA.01,1.2692293,0.77887535,0.86225605,0.91507214,1.2670736,1.3600864,0.7222443,1.5315639,1.0993266,0.77618974
TCGA.DX.A3UB.01,1.3235333,0.93315923,0.42847672,0.38790256,1.4717152,0.6951406,1.4262238,1.4879822,1.0573387,0.44278455
TCGA.DX.A3UC.01,0.4574089,0.96033883,1.6439788,0.4645254,0.5169135,0.3406357,1.4744507,1.8312594,0.95379084,0.5321689
TCGA.DX.A3UD.01,0.024668794,1.3191558,0.5546606,0.011087807,0.11148622,0.41599426,1.1965646,2.391145,1.5946199,0.33610708
TCGA.DX.A3UE.01,0.21177855,0.815336,0.891392,0.5753366,0.6206098,0.37633932,1.2552578,2.1826928,1.4867771,0.6806016
TCGA.DX.A3UF.01,0.41961703,1.5334207,1.1817012,0.06682643,0.17577566,0.8573136,1.4946581,1.0238097,1.3693923,0.72580385
TCGA.DX.A48J.01,0.05300905,1.466905,0.23981501,0.14401084,0.020533558,0.4939941,0.70470595,2.539762,2.3096318,0.14228791
TCGA.DX.A48K.01,1.7937376,1.2246768,0.39648992,1.1990323,1.0491463,0.74504066,0.72850794,0.9240422,1.2776544,1.2295885
TCGA.DX.A48L.01,0.40401733,0.7704785,0.60269994,0.3984458,0.4491807,0.6080206,1.3658853,2.3079681,1.1272256,0.86509335
TCGA.DX.A48N.01,0.58916456,1.1855253,1.0168383,1.2964834,1.2784948,1.7800292,0.3452192,0.71323395,1.0511154,0.84986335
TCGA.DX.A48O.01,0.37929899,0.87733537,0.6455136,0.409028,0.51713645,0.6443011,1.3914064,1.9405044,1.4967228,0.69883245
TCGA.DX.A48P.01,0.348451,1.1121466,0.23249014,0.09691239,0.26057556,0.41072765,0.7191053,2.643465,1.6902161,0.8993198
TCGA.DX.A48R.01,0.58789986,0.6843565,0.009243334,0.0035143376,0.0019193462,0.02923794,3.046426,0.72096163,1.7894716,0.3882559
TCGA.DX.A48U.01,0.096364744,1.2934897,0.38791096,0.77252847,0.17899476,0.70038086,1.1617665,1.7495551,1.7772497,0.81856835
TCGA.DX.A6B7.01,0.27334946,0.6956136,0.6709132,0.39958948,1.2609189,0.369826,0.9078826,2.3566005,1.7911861,0.7315848
TCGA.DX.A6B8.01,1.7348131,1.1508113,0.19666228,0.8329099,1.281669,1.0046426,0.7335835,1.3228635,1.1219006,0.94893247
TCGA.DX.A6B9.01,1.3925658,0.9321641,0.6359633,0.23669587,1.0644889,0.36175323,1.6397822,1.5985469,1.1206312,0.28875902
TCGA.DX.A6BA.01,0.984308,0.98444676,1.0485837,0.5852324,0.57801265,0.4406457,1.1844952,2.214087,1.0207398,0.40612158
TCGA.DX.A6BB.01,0.31342027,1.1104367,0.6527469,0.22718175,0.9028742,0.528389,1.1426784,1.994865,1.194715,1.0154886
TCGA.DX.A6BE.01,0.7941768,0.58761096,1.0890969,0.94707036,1.0778276,1.4424752,0.721696,0.53406113,1.5936567,1.220924
TCGA.DX.A6BF.01,1.0252761,1.0224938,0.32424003,1.5530013,1.2957631,1.2476405,0.6841184,1.1034937,1.3743584,0.91557
TCGA.DX.A6BG.01,1.196143,1.0954037,0.65462136,1.3979104,0.9788786,1.0321064,1.3383237,0.5280314,1.2571768,1.0105281
TCGA.DX.A6BH.01,0.82360315,1.5712965,0.73667115,1.5488716,0.43550172,1.0246197,0.81170464,0.5599829,1.39498,1.1997211
TCGA.DX.A6YQ.01,0.8712021,0.5503574,0.76498485,0.71710134,1.1609519,1.382835,0.4973554,1.3607098,0.68371516,1.8258084
TCGA.DX.A6YR.01,0.9688573,1.1994658,0.686865,0.8875429,1.4878556,1.4798001,0.4352149,0.8698035,1.0986626,0.9405544
TCGA.DX.A6YS.01,0.8876391,1.3449471,1.2008344,0.3937044,1.3155544,1.4191688,0.9047534,0.83208126,1.102563,0.848017
TCGA.DX.A6YT.01,1.7245374,1.1381847,0.91515076,0.036483385,0.3564529,2.0198934,0.81747514,1.1995264,0.77553815,0.9099079
TCGA.DX.A6YU.01,0.97505885,0.76337343,1.1046658,0.89545393,1.2754264,1.1478137,0.8516703,1.2572486,1.0962768,1.1457244
TCGA.DX.A6YV.01,1.2486421,1.2021595,0.48848152,0.07360499,1.0879725,1.7808725,1.1319654,0.8700779,0.41076604,1.4185791
TCGA.DX.A6YX.01,0.7470697,0.001989548,0.77024645,1.7601197,0.80785376,0.81819266,0.95498616,1.18203,1.0771818,1.8992742
TCGA.DX.A6YZ.01,0.8342774,1.0053717,0.5205175,0.94995856,1.3232065,1.2583933,0.8139215,1.3198726,1.5396969,0.9183199
TCGA.DX.A6Z0.01,1.1032504,0.7369102,1.0779902,0.545583,1.4660636,1.7914915,0.7139307,1.3729359,0.51509607,0.7800828
TCGA.DX.A6Z2.01,0.31104457,1.4603326,0.5716718,0.625017,0.39373565,0.6689261,1.2305584,1.6146698,1.3586919,0.83459926
TCGA.DX.A7EF.01,1.2886498,0.550626,0.8612575,1.0425768,0.75467545,1.0749801,1.2080724,0.55205184,1.7790196,1.2897935
TCGA.DX.A7EI.01,0.90405834,0.9444297,1.4639107,1.7275581,0.84129775,1.0153817,1.1262906,0.6134076,1.0158159,0.9806077
TCGA.DX.A7EL.01,0.07423818,1.1969181,0.7169059,0.0024637817,0.014115156,0.0048403046,1.0228074,2.1094234,2.2421165,0.6122573
TCGA.DX.A7EM.01,0.5949482,0.918675,0.7849099,0.09773293,0.12806451,0.20762028,1.2027347,2.107539,1.9376612,0.43314397
TCGA.DX.A7EN.01,0.6042539,0.7674562,0.4024514,0.5997036,0.79572886,0.5440149,1.7490922,1.5291501,1.1915687,0.88303953
TCGA.DX.A7EO.01,0.87702924,1.4024708,0.6552259,2.2822487,0.7097832,1.6950376,0.17104127,0.8402167,0.24481864,1.0933795
TCGA.DX.A7EQ.01,0.46669936,0.8319214,1.5293525,1.8221542,1.0822529,1.5677117,0.25612557,1.1745139,0.5657471,0.7881886
TCGA.DX.A7ER.01,0.13724278,1.0363903,1.1836513,2.0194118,0.83210695,1.8170143,0.4945575,1.1450967,0.9803676,0.35332966
TCGA.DX.A7ES.01,0.5737003,1.0878534,0.9011602,0.64731556,1.3101087,1.1991838,1.4860947,0.5965234,1.0178612,1.3884252
TCGA.DX.A7ET.01,1.6592288,1.0369177,0.84951305,0.8492207,0.7917378,0.96365917,1.1021898,0.67648906,0.9312744,1.4160751
TCGA.DX.A7EU.01,1.4448626,1.1474047,0.7056401,0.31717244,1.7145929,1.4009031,0.9288245,0.5185665,1.2023495,0.5291987
TCGA.DX.A8BG.01,0.8946028,0.43787354,1.1415501,1.1300262,1.2360324,1.5910581,0.91383445,0.47704038,0.47932044,1.5344335
TCGA.DX.A8BH.01,0.69891655,0.20286883,0.73872113,1.1034963,1.0286068,0.6320252,1.2062334,1.4871099,1.3033192,1.7903763
TCGA.DX.A8BJ.01,1.3512627,0.9678623,0.8808333,1.0510279,0.8276241,1.1387148,0.43046132,0.5847151,0.8353556,1.813672
TCGA.DX.A8BK.01,1.8072865,1.0090011,0.5542952,0.6970575,0.91350037,0.86916214,0.8184868,1.3871737,1.0094849,1.3112818
TCGA.DX.A8BL.01,1.2621696,0.54002553,0.86042625,1.188834,1.3329326,1.1125597,0.48833993,1.3532454,0.13569652,1.6374487
TCGA.DX.A8BM.01,1.1912299,0.6853253,0.26693285,0.6395656,2.08481,1.1353596,0.71355385,0.6630812,1.0867459,1.2721413
TCGA.DX.A8BN.01,0.9690212,1.0345306,0.7870451,1.0380186,1.7343297,1.1010448,0.7846992,1.051842,1.3131062,0.653039
TCGA.DX.A8BO.01,1.7990736,0.22825477,0.8937348,1.0395811,0.8455041,0.8768199,0.3516789,0.99644804,0.7286773,1.8909278
TCGA.DX.A8BP.01,1.3058738,0.6159835,0.17327431,1.043287,0.82213604,1.1060295,1.0750018,1.4254161,0.8549308,1.7177716
TCGA.DX.A8BQ.01,0.64212507,0.5930361,0.42768338,1.2171706,1.0799036,0.96532726,1.0000376,1.0512254,1.2368593,1.9036107
TCGA.DX.A8BR.01,1.6026957,0.70205903,0.80734676,1.1297604,1.1592451,0.70923406,0.38793147,1.1020396,1.3343378,1.3351405
TCGA.DX.A8BS.01,2.030134,1.2094134,0.22791009,0.6149241,0.8125913,1.023881,0.85076606,1.1463377,1.0558277,1.1941718
TCGA.DX.A8BT.01,1.6359179,1.0129577,0.84108835,0.6872064,1.008796,1.2050219,0.7511987,0.23161139,1.5637395,1.093072
TCGA.DX.A8BU.01,1.7205848,0.7441045,0.047367632,0.9917207,1.0985646,1.3907125,0.8950809,1.6798341,1.216013,0.6693601
TCGA.DX.A8BV.01,0.9452255,0.89598733,1.1905993,1.2617927,1.1443534,0.87922347,1.0349457,1.1429962,1.3548713,0.78330654
TCGA.DX.A8BX.01,1.2741772,0.8156824,1.128645,0.64081174,1.171247,1.4552406,0.53955096,1.0740246,1.4908813,0.74556845
TCGA.DX.A8BZ.01,1.5609126,0.62975425,0.4765396,1.1322224,1.3593489,0.80722636,0.97659165,1.1798555,0.7113559,1.3806003
TCGA.DX.AATS.01,1.6569695,1.0742334,1.3454852,0.84693867,1.24553,1.0882049,1.0819585,0.6889729,0.7395184,0.8470578
TCGA.DX.AB2E.01,1.8813703,0.0021075353,0.869175,1.4698826,0.50680614,0.6523834,0.9545697,0.8785828,0.7806709,1.7395011
TCGA.DX.AB2F.01,0.41417146,0.82411504,0.8598942,1.0571287,0.8232129,2.2370594,1.0289865,0.0830961,1.1705395,1.2011627
TCGA.DX.AB2G.01,1.1154476,1.0682591,0.5451714,0.8014436,1.3921568,1.2298095,1.2499863,0.28932196,1.430327,1.0560244
TCGA.DX.AB2H.01,1.086845,0.7583275,1.0305405,1.4097335,1.0100087,1.0330063,1.6868902,0.29440603,1.0238388,1.1499248
TCGA.DX.AB2J.01,1.3823671,1.2425148,0.8351129,0.9499915,1.1959853,1.2743258,0.7807735,1.4774483,0.4535632,0.9874506
TCGA.DX.AB2L.01,1.8569282,1.2483355,0.88094515,0.73476446,0.6234392,1.065791,0.44807535,0.4642003,0.9677177,1.5758624
TCGA.DX.AB2O.01,0.90198594,0.9406041,1.0295027,1.1188916,1.0843016,1.5896937,1.4185352,0.7930865,0.59346175,0.9952544
TCGA.DX.AB2P.01,1.5918913,1.2218969,0.60186654,1.0494946,0.72827804,1.0575982,0.5279971,0.76365924,0.8953639,1.5969406
TCGA.DX.AB2Q.01,1.4961418,1.1373243,0.69310564,0.42145827,0.6986457,1.1149228,1.1434059,1.052236,0.08937461,2.0045986
TCGA.DX.AB2S.01,0.91238815,0.9172114,0.7093356,1.2399093,1.1520609,1.0562348,1.0345544,0.7124373,0.726229,1.8135074
TCGA.DX.AB2T.01,1.0363744,0.9602957,0.6588029,0.93235624,1.0450011,1.5785019,0.94022083,1.0238225,0.54490435,1.4024274
TCGA.DX.AB2V.01,1.106985,0.20945115,0.9230073,0.7489708,1.8981493,1.5191747,0.01322199,0.5741779,0.98449993,1.3641605
TCGA.DX.AB2W.01,1.4359564,0.5684214,0.37655076,1.1967043,1.0657084,1.1064512,1.0147536,0.80269045,0.89886135,1.6244696
TCGA.DX.AB2X.01,0.7423584,0.08691935,0.8386383,1.7844802,0.34469825,1.1881877,0.7355765,0.46928927,1.4826411,2.2047975
TCGA.DX.AB2Z.01,1.8207349,0.6941517,0.6789973,0.8895277,0.6711889,0.55141795,0.86972654,0.9492765,1.1892768,1.8169072
TCGA.DX.AB30.01,1.1280421,0.40149277,1.4168583,1.8136085,1.233549,1.2673802,0.7942815,1.1467834,0.5467266,0.6497374
TCGA.DX.AB32.01,1.4162755,0.3979854,0.81720966,1.25647,1.6471295,0.469418,0.21003109,0.9759778,1.2620404,1.5511435
TCGA.DX.AB35.01,1.0619115,1.2749918,0.46702322,1.0634154,1.4739234,1.5165815,1.0601053,0.5547157,1.076454,0.7438394
TCGA.DX.AB36.01,1.6028148,0.66775936,0.6439657,1.5577697,1.2421297,0.6798457,0.32020196,0.25672105,2.2757437,1.005312
TCGA.DX.AB37.01,1.4940423,0.62811214,1.0425956,0.69735116,1.147007,1.0015862,0.48172534,1.0367438,0.69676006,1.6714922
TCGA.DX.AB3A.01,0.843061,1.2870965,1.1247298,1.0069394,1.6565996,1.1835074,0.77347726,0.77621156,1.1047837,0.7858684
TCGA.DX.AB3B.01,0.6047208,1.0217192,1.7459471,1.5867943,0.65734607,1.5264885,0.30700076,1.1120019,0.67666805,0.92245543
TCGA.DX.AB3C.01,1.2178135,1.0006304,0.46891516,2.1250985,1.2573824,1.7264417,1.0529944,0.44835523,0.01125045,0.7791091
TCGA.FX.A2QS.01,1.4545168,0.3392738,1.6266521,1.6821141,1.4419233,1.5126855,0.582589,0.0023829392,0.8950183,0.36926153
TCGA.FX.A3NJ.01,0.17897795,1.3866361,0.6841716,0.20115826,0.90644705,0.5864101,1.2345384,1.7555711,1.219399,0.8960336
TCGA.FX.A3NK.01,0.8914543,1.6389601,0.48523825,0.9788873,1.0326166,1.3174458,1.0221997,0.41072583,1.1089785,1.2719291
TCGA.FX.A3RE.01,0.90829855,1.3501409,1.2659674,0.84344196,0.8553188,0.9190656,1.5886474,0.8116969,0.64801186,0.814209
TCGA.FX.A3TO.01,1.974803,1.1886868,0.30788428,0.61944985,1.268344,0.9734459,0.43780676,0.99248725,1.7300184,0.6156848
TCGA.FX.A48G.01,0.8670141,1.4725457,1.6467913,0.8258145,0.7908405,0.5923475,0.9293086,1.3832865,0.64195323,0.9786012
TCGA.FX.A76Y.01,0.09953319,1.4546744,0.78729993,0.45457184,0.40797967,0.8297597,1.2423446,1.5066705,1.0793982,1.2283988
TCGA.FX.A8OO.01,0.73632497,1.3461915,1.433641,1.5820448,0.9164959,1.2981734,0.6303836,1.2157137,1.0666808,0.2916592
TCGA.HB.A2OT.01,1.8494406,0.6410432,0.7417568,0.9507341,0.8279823,0.63105315,1.8013968,0.56516266,0.32962307,1.4940948
TCGA.HB.A3L4.01,1.3676821,1.3212088,1.0652092,1.2780561,0.5836808,0.7161023,1.4046446,1.2683713,0.7631594,0.30690536
TCGA.HB.A3YV.01,0.7375133,1.3122269,1.3157411,0.8007149,1.5583315,1.8151983,0.9126526,0.34283718,0.87087834,0.3187159
TCGA.HB.A43Z.01,0.561885,1.1501381,1.0683305,0.61268014,0.45967498,0.614221,1.6556809,1.633113,0.35020506,1.1204638
TCGA.HB.A5W3.01,0.40105605,0.8343134,1.430074,0.49979493,0.9898277,0.049247965,0.8798225,2.0044696,1.3753691,1.1876559
TCGA.HS.A5N7.01,0.9282783,0.9971147,1.4653049,0.1668478,0.3345731,0.355041,1.4092146,2.0793338,0.33272094,0.93954366
TCGA.HS.A5N8.01,1.6909292,0.67584175,1.9765702,1.5783,0.8696737,0.21938244,1.0421157,1.022594,1.2172294,0.48823112
TCGA.HS.A5NA.01,0.5975862,1.3844832,1.538367,1.0893445,0.96804494,0.001862292,1.5821983,0.93473786,0.5810131,1.0741446
TCGA.IE.A3OV.01,0.4248444,1.2182132,0.5408056,0.42491168,1.0165973,0.7133208,1.911913,0.9276907,1.1063731,0.73315215
TCGA.IE.A4EH.01,1.1451946,1.4707345,1.7317787,0.93158853,0.70532,0.32934397,1.2289822,1.2373952,0.14259188,1.1533717
TCGA.IE.A4EI.01,0.7655565,0.9063079,1.4614489,0.010079863,1.0209869,0.5008319,2.0340426,0.97136223,0.86919814,0.66021186
TCGA.IE.A4EJ.01,1.1590469,0.98740226,0.9189494,0.48282704,1.4620385,1.1399614,1.1790292,0.59757155,0.6197427,1.3809642
TCGA.IE.A4EK.01,0.07170097,1.2265817,0.7955279,0.30902308,1.0034882,0.68454856,1.2594664,1.740948,1.1547822,0.95592487
TCGA.IE.A6BZ.01,1.5799544,1.1034632,0.79098576,0.4621266,0.84815323,1.5296017,0.5990669,1.2008915,0.7846224,1.0936309
TCGA.IF.A3RQ.01,0.43163434,1.4146247,0.0023900229,1.0235394,1.3000271,1.3914993,1.3224095,0.011731269,1.4543607,1.4908153
TCGA.IF.A4AJ.01,1.0449138,1.372983,1.7878978,0.25909412,0.5428346,0.119396724,1.5479225,1.1747909,0.51933306,0.75946873
TCGA.IF.A4AK.01,1.6987416,1.20668,1.2674512,0.40756398,0.42915353,0.16173212,1.7241285,1.2813158,0.53373724,0.41821665
TCGA.IS.A3K6.01,0.42737117,0.87524325,1.1146044,1.0338771,1.4335248,0.8143034,1.6109725,0.9269891,1.004519,1.0107925
TCGA.IS.A3K7.01,1.6502115,1.2759995,0.7954236,0.7372527,1.2826809,0.5920309,0.77403504,0.70892394,1.342613,1.2430863
TCGA.IS.A3K8.01,0.4504054,1.3899043,1.5659361,0.9054056,0.8683221,0.7196671,0.8132897,1.4811153,1.0148156,0.8431202
TCGA.IS.A3KA.01,0.7789449,0.66460425,0.86663675,0.7990243,1.4026197,0.85017055,1.7434025,1.0307672,0.61213964,1.406815
TCGA.IW.A3M4.01,0.57263684,1.1150198,1.2871106,1.3216577,0.7440896,0.74480087,1.2109121,1.0550227,1.2975552,0.95148396
TCGA.IW.A3M5.01,1.6080025,1.2098588,1.75089,1.3543888,1.0852586,0.6309846,0.92535895,0.9086883,0.7023996,0.57466227
TCGA.IW.A3M6.01,0.90237623,1.4998628,0.99246097,1.0677158,0.511329,0.62398565,1.3623364,0.69166654,0.9077269,1.2537974
TCGA.JV.A5VE.01,0.87814516,1.3442862,1.450529,1.1137894,0.9519005,0.75627506,0.8765706,1.1985657,0.4743694,1.4164451
TCGA.JV.A5VF.01,1.4530516,1.057401,2.02045,1.2711715,1.1068159,0.5465922,0.6213466,0.801691,0.23908547,1.1317042
TCGA.JV.A75J.01,1.1870531,1.0502366,1.635975,1.3586402,1.2989029,0.94812137,0.75191176,1.3408446,0.62694913,0.487087
TCGA.K1.A3PN.01,0.44206825,1.1989151,0.8196222,0.496778,0.033145867,0.02910147,1.6062669,1.4703963,1.6886636,0.5893341
TCGA.K1.A3PN.02,0.4153825,0.93052775,0.8147189,0.8257206,0.14527258,0.0261739,1.9325092,1.4775869,1.2862464,0.6602401
TCGA.K1.A3PO.01,0.29043958,0.7431176,1.1125549,0.84468,1.1938237,0.7398891,1.766633,1.4799175,0.5682788,1.1639376
TCGA.K1.A42W.01,0.6845843,1.1848652,0.86577827,0.3797246,0.82437915,0.5441086,1.5456715,1.230892,1.1221217,0.8785205
TCGA.K1.A42X.01,0.48720652,1.4876851,0.82614964,1.6467985,0.3690155,0.90923655,1.9678894,0.7035983,0.129813,1.1337003
TCGA.K1.A42X.02,0.3765279,1.5523429,0.88680047,1.6394988,0.49032015,0.82420105,1.888778,0.7248495,0.15708984,1.149321
TCGA.K1.A6RT.01,1.1707661,0.97480994,0.0005544709,0.92529994,1.9465368,0.7719735,0.9826864,1.213405,1.104031,1.166771
TCGA.K1.A6RU.01,1.3477356,0.91921544,0.93726903,0.48897362,1.0091034,1.4730047,0.95793545,1.3493496,0.80511504,1.0554777
TCGA.K1.A6RV.01,1.9176242,1.2522615,0.35793835,0.41223517,1.2171291,1.1739349,1.1834434,0.99409366,0.93911177,0.71494126
TCGA.KD.A5QS.01,1.4538726,1.6207703,0.9195768,0.70111454,1.3511893,0.6441593,0.47005162,1.4156529,0.3271094,1.366904
TCGA.KD.A5QT.01,1.1101775,1.594352,1.2522112,1.0485955,0.6625406,0.5097555,1.1596996,1.2120886,1.0650896,0.36870515
TCGA.KD.A5QU.01,1.4369931,1.3062088,1.1923386,0.79038537,1.0703732,0.4716331,0.9659257,1.4271222,0.43267104,1.1710643
TCGA.KF.A41W.01,1.607327,1.4326565,1.2657789,0.5800902,1.2756556,0.54660624,0.70949745,1.1961404,1.0313842,0.7607362
TCGA.LI.A67I.01,1.3952187,0.96243197,0.36403233,1.0146729,1.3255106,1.152207,1.3050315,1.02144,0.7062174,1.1121202
TCGA.LI.A9QH.01,0.9977381,1.2411485,0.9240251,0.59054893,1.1437675,1.5073605,0.67729014,1.37795,0.58538675,1.1763349
TCGA.MB.A5Y8.01,1.3611553,0.8555835,1.329897,1.1737958,0.88339436,0.79217905,0.58065224,0.3799425,0.99075264,1.7656511
TCGA.MB.A5Y9.01,1.0244255,1.0050781,1.1385243,0.5668272,1.4843528,0.601086,0.6106558,0.67463,0.6886305,1.9497714
TCGA.MB.A5YA.01,0.28054196,0.92081714,0.9852025,1.0348306,0.83107847,0.25518888,1.2184012,1.5625877,1.7388347,0.73068655
TCGA.MB.A8JK.01,1.0816245,1.0337824,0.8739057,1.2448049,0.7387881,1.1503336,1.5674381,1.0212613,0.61979884,0.84804356
TCGA.MB.A8JL.01,2.0329463,0.4421092,0.99487275,0.895511,0.40749982,1.7855526,0.8652309,1.2706257,0.6632123,0.82063466
TCGA.MJ.A68H.01,0.57788676,1.047262,0.83047897,0.30114642,0.6846698,0.6084031,1.3262676,1.9521974,1.0024749,0.81213206
TCGA.MJ.A68J.01,1.7000455,0.9186259,0.6849453,0.6409785,0.7879069,1.1394074,0.9311305,1.1605619,0.904405,1.3615052
TCGA.MJ.A850.01,0.9734763,0.7900029,0.9199426,1.920064,0.7318756,1.6098735,1.2613511,1.0690446,0.72013927,0.5121693
TCGA.MO.A47P.01,0.22510149,1.0569042,1.0152439,0.18497433,1.539673,0.93815476,1.4654729,1.4119794,0.85687596,0.9829645
TCGA.MO.A47R.01,1.3604834,1.2086887,1.7175764,0.271403,1.7101454,0.1960934,1.6424526,0.9708109,0.56152594,0.0007516246
TCGA.N1.A6IA.01,1.3336589,1.8074405,1.011505,0.76014745,0.40860412,1.0565147,0.73435634,1.1260365,0.670792,0.9255345
TCGA.PC.A5DK.01,0.11541844,1.2685672,0.8960116,0.71653426,1.1813818,0.23014423,0.65041375,1.810654,1.861537,0.8139804
TCGA.PC.A5DL.01,0.44806325,1.3128128,0.79737973,0.21431316,1.0229347,0.40852216,1.2859656,1.5313463,1.1953288,0.914378
TCGA.PC.A5DM.01,1.7476454,0.9869234,0.96949524,0.31379518,0.87970287,0.57681376,0.8641233,0.9787462,0.7282152,1.8283917
TCGA.PC.A5DN.01,0.7562371,1.2598937,1.231413,1.400876,1.2949686,0.63870114,0.8818565,0.9042097,1.2537861,0.9444082
TCGA.PC.A5DO.01,0.12816474,0.87421477,1.4199343,1.4151694,0.10082451,0.36827958,1.4159288,1.4122844,1.5122353,0.873068
TCGA.PC.A5DP.01,0.6187101,0.9791605,0.91499597,0.673183,0.7581662,0.3549008,1.4755452,1.5762011,0.9742348,1.050073
TCGA.PT.A8TR.01,0.071450405,1.728839,1.2539175,1.3279065,1.3204906,1.4100844,0.058221243,1.9332528,0.7195519,0.47968575
TCGA.QC.A6FX.01,1.4619412,0.6219754,0.9931382,0.5028061,0.24338748,1.9826673,0.37624735,0.90399677,1.1026587,1.3538381
TCGA.QC.A7B5.01,1.8911632,0.8641054,0.713348,1.1522766,0.3811151,0.9983712,1.0374874,0.8325408,1.2499236,1.2555176
TCGA.QC.AA9N.01,1.3294061,0.8167084,0.44487005,1.1081448,1.009732,1.548639,1.2246667,0.83737445,0.6887471,1.1240995
TCGA.QQ.A5V2.01,1.9256203,0.40419692,0.8285923,1.4169053,0.19022131,1.1963098,1.2996101,0.86629546,1.2674116,0.9607843
TCGA.QQ.A5V9.01,1.6651307,1.0526752,0.8256538,0.69543654,1.0134093,1.0135638,1.1569439,0.7536915,0.7528281,1.3394384
TCGA.QQ.A5VA.01,1.533842,0.82864684,0.89204586,1.0294883,1.241037,0.72692007,1.3115666,0.53978705,1.4782965,0.99630374
TCGA.QQ.A5VB.01,1.8083866,1.1827558,0.6240413,0.8609752,0.82218117,1.0286665,0.9810312,0.9590509,0.9689554,1.1981455
TCGA.QQ.A5VC.01,1.2787825,0.6532475,0.89410794,1.2752233,0.4210812,1.0573541,1.121305,0.74776596,1.7710024,1.2246894
TCGA.QQ.A5VD.01,1.4308267,1.3964318,0.6817955,0.733166,0.010328568,0.9554558,1.0292885,1.826041,0.3012453,1.1860368
TCGA.QQ.A8VB.01,0.5709107,0.9256143,1.8253517,1.6697136,0.9019891,1.083242,0.9192971,1.2532742,1.1087152,0.35375988
TCGA.QQ.A8VD.01,1.1128902,1.5282649,0.39330447,1.1033194,0.638327,1.3765675,0.0005478424,0.7167991,1.5475879,1.3643044
TCGA.QQ.A8VF.01,1.1143903,0.012627875,1.1383619,1.3901972,0.9253418,1.4034199,0.8835775,0.13776812,1.4095678,1.537052
TCGA.QQ.A8VG.01,0.8905719,0.29425254,1.0414509,0.95681757,0.94120336,1.0694484,1.3068502,1.2386616,1.25049,1.3967917
TCGA.QQ.A8VH.01,1.5719912,1.5610789,1.1826599,1.244342,1.8627352,0.39993197,1.4058343,0.12419377,0.70025665,0.34545243
TCGA.RN.A68Q.01,0.78525317,0.013335417,1.1007705,0.6753279,0.75868475,1.7263783,1.6434427,0.8534028,1.5119013,0.9519854
TCGA.RN.AAAQ.01,1.3800583,0.3188027,1.1439153,1.1141224,0.5496678,0.6194106,1.160527,0.94555956,1.2240844,1.7695371
TCGA.SG.A6Z4.01,2.093272,1.0564238,0.59122187,0.73892325,0.6132262,1.1955631,0.82788354,1.1145079,0.9753181,1.058107
TCGA.SG.A6Z7.01,0.92990565,0.5340251,1.6433345,1.9725044,1.3071746,1.2858106,0.65272343,0.7431379,0.87286913,0.52444506
TCGA.SG.A849.01,1.8625275,1.0401418,0.672533,1.0572758,0.6679575,0.7264537,0.82189494,0.5972011,1.4814165,1.47974
TCGA.SI.A71O.06,1.8046283,0.6024664,0.57884866,1.4500818,1.0866276,0.68165976,0.91960275,1.0051081,0.6998283,1.4901333
TCGA.SI.A71O.01,1.9306555,0.5037628,0.65344864,1.1787264,0.874662,1.2533768,0.9284874,0.7113481,1.3238972,0.7603312
TCGA.SI.A71P.01,0.77788985,0.3472595,0.9887939,0.6724946,1.208897,1.2384858,1.2699682,1.2984744,0.9765059,1.4504969
TCGA.SI.A71Q.01,1.2603359,0.8229178,2.1940436,1.463755,1.0343118,1.282562,0.40584522,0.95849,0.70950484,0.24037291
TCGA.SI.AA8B.01,1.8331447,1.3271291,0.82945466,0.97199255,0.412757,0.94263524,0.84417087,0.5246713,1.00176,1.4946997
TCGA.SI.AA8C.01,1.3018934,0.7162356,1.4841888,1.2414184,1.2568467,1.0520777,1.1536399,0.6241025,1.1415311,0.80317426
TCGA.UE.A6QT.01,0.85992384,0.51066476,1.2863265,0.67753375,0.98055404,0.5546683,1.3170817,1.3641461,1.5857639,0.83836615
TCGA.UE.A6QU.01,1.7610378,0.7937212,0.6963184,0.534421,0.9520084,1.1892611,0.9988368,0.7788185,1.4137132,1.1391581
TCGA.VT.A80G.01,1.2216698,1.3694037,0.37048665,1.2019039,1.289406,1.1188099,0.46561158,1.1876798,0.5904023,1.3932247
TCGA.VT.A80J.01,1.1222022,0.66207117,0.9216926,1.0613207,0.58582807,0.8519368,1.4051564,0.95187616,0.78799075,1.797659
TCGA.VT.A80J.02,0.79411525,0.4209194,0.6963163,0.88823396,1.1855072,1.2147202,0.967776,0.9277063,0.7998118,1.9967475
TCGA.VT.AB3D.01,1.0892894,1.0980313,0.84531105,0.9709209,1.0593946,0.85722685,1.0037353,0.87597877,0.6661106,1.8545047
TCGA.WK.A8XO.01,0.5732376,0.68122154,0.90487295,1.2574446,0.6357196,1.0275451,1.2656687,0.73553014,1.4830564,1.8150171
TCGA.WK.A8XQ.01,1.2898172,0.7551678,1.1621108,1.2429318,1.3203763,1.4603343,1.1531248,1.1482118,0.537533,0.56536496
TCGA.WK.A8XS.01,0.63331884,0.8264845,1.4082808,0.34636587,0.09083993,0.7759186,1.5936364,1.3932371,1.1837397,0.87144876
TCGA.WK.A8XT.01,0.3637954,1.3388869,0.94419974,1.8738543,1.277501,1.35548,0.6473149,1.3678547,1.0371749,0.11433256
TCGA.WK.A8XX.01,0.2379915,1.0914922,0.5838058,0.29536438,0.775847,0.6611157,1.3512623,1.7781426,1.2271062,1.0486672
TCGA.WK.A8XY.01,1.3816079,0.9670673,1.1954606,0.8208092,0.20682168,0.4269709,1.3083425,1.6727347,0.8090615,0.8508557
TCGA.WK.A8XZ.01,0.4244629,0.89223075,0.9492415,0.4720957,0.34519374,0.40981477,1.1751063,2.1204646,1.7364715,0.5190169
TCGA.WK.A8Y0.01,1.215306,0.5181479,0.40872055,1.398094,1.1983778,0.7611149,0.56999,1.1450734,1.2058821,1.6963207
TCGA.WP.A9GB.01,1.0805371,1.6658161,0.9430153,0.74200785,0.0043138303,0.81103164,1.3488307,0.9574784,1.0499932,0.7265782
TCGA.X2.A95T.01,0.6712662,1.2697644,1.4420017,1.1151009,0.29185116,0.84978384,0.9019245,1.6101575,1.2970968,0.5683278
TCGA.X6.A7W8.01,1.4904617,0.9713041,0.9121721,0.6066865,0.9905704,0.7966596,0.9016558,1.2410839,0.87178963,1.5587741
TCGA.X6.A7WA.01,0.83696884,0.94555616,0.621541,0.23015204,0.3799236,0.54200405,1.2290198,1.7384706,1.5552307,0.9426093
TCGA.X6.A7WB.01,0.8415122,1.4694111,1.4352373,0.21611448,0.34598124,1.0828488,1.367627,1.0866704,0.90754724,0.679229
TCGA.X6.A7WC.01,2.0875258,1.4197763,0.6064549,0.37837836,0.7921976,0.79420245,0.7145693,0.83245826,1.140187,1.2939532
TCGA.X6.A7WD.01,1.3830502,0.7529551,0.88229835,0.73462,0.7379221,0.4650652,1.3934503,1.7894865,0.7851872,0.87451375
TCGA.X6.A8C2.01,1.4980389,1.0008746,0.7657636,1.2215922,1.1913431,1.0521531,0.87554973,1.1143206,0.45103073,1.2500073
TCGA.X6.A8C3.01,1.3232591,0.36305845,0.45009217,1.2662268,1.6191584,0.7601405,0.7118434,1.3228419,1.1599344,1.3271656
TCGA.X6.A8C5.01,0.18792285,1.4788113,0.9260169,0.57999635,0.3213987,0.34379068,1.359212,1.5256481,1.2608986,0.9257784
TCGA.X6.A8C6.01,1.2945408,1.3317411,0.68798506,0.33909518,1.3144372,1.4693574,0.97258794,1.1155508,0.7662707,0.90136
TCGA.X6.A8C7.01,0.7234307,1.0641693,1.4668208,1.679258,0.7959386,1.3227589,0.5907288,1.170371,0.9267709,0.76896054
TCGA.X9.A971.01,1.4496517,0.81818444,1.0642008,0.94203484,0.39669523,0.38989586,1.0632135,1.7292465,0.9607504,1.1327057
TCGA.X9.A973.01,1.3854519,0.55468976,0.81216043,1.0828012,1.0716597,1.389568,0.82233435,0.41802067,1.4995079,1.0452933
TCGA.Z4.A8JB.01,1.5208311,1.4211438,0.2841012,0.73364395,0.5852823,1.5139825,0.08224261,1.1083791,1.7158935,0.88188964
TCGA.Z4.A9VC.01,0.8427315,1.0708283,1.3001469,1.2164146,1.2579974,1.1806587,1.1425788,1.193498,1.0538424,0.4548703
TCGA.Z4.AAPF.01,1.3909829,0.7469289,0.07390208,2.094113,0.92992926,0.99162984,1.4922771,0.8217107,0.9146095,0.83240557
TCGA.Z4.AAPG.01,1.0901692,0.6769359,0.81141865,1.1724792,0.8016068,1.4985018,1.5213559,0.58685315,0.7604115,1.4954867
