hsa-let-7a-1,1.1492416,1.578759,2.2606454,0.0003287421,1.8279762,1.1324315,0.032972906,0.6226639,1.9844568,1.3868047
hsa-let-7a-2,0.9185483,1.2372952,1.7752801,0.00028637022,1.433979,0.90323293,0.022085758,0.49500212,1.5710168,1.1085287
hsa-let-7a-3,1.1603202,1.6009859,2.2892046,0.00043779472,1.8480561,1.1329353,0.029314259,0.62539476,2.00545,1.3985977
hsa-let-7b,1.1301547,0.57097435,1.7797514,0.37336057,0.75699806,0.9362336,0.14006442,0.9959884,1.9931864,0.955264
hsa-let-7c,0.97002256,1.1717505,2.1110885,1.281546,0.7459619,2.1301963,0.282496,1.260771,1.7584256,0.33710867
hsa-let-7d,0.5344345,0.60313857,0.8431869,0.8273999,1.3499982,0.06749203,1.6143101,1.6779847,1.8972217,1.0144129
hsa-let-7e,0.87527865,1.2919406,1.8148644,0.7751689,0.2998449,1.1557825,0.00022109969,0.9373617,1.1453967,0.26507255
hsa-let-7f-1,0.25578234,0.59101385,0.21986419,0.9844464,0.48897126,0.057855457,2.0659747,1.4379555,1.2475531,2.1289892
hsa-let-7f-2,0.00011346459,1.403593,0.865827,0.043241702,2.1431823,1.3541746,1.5423743,3.6402336e-05,1.3967448,2.2196157
hsa-let-7g,1.2530743,1.7222929,0.0063288584,0.5449024,1.4062285,0.8337811,2.2736259,0.5846682,2.07561,0.7191417
hsa-let-7i,0.7854258,3.5771856,1.9889023,1.5629115,0.44480142,0.4193809,0.0026035619,2.1595967,1.581589,1.7043372
hsa-mir-1-1,0.99371296,0.7324825,0.8732462,1.7919077,0.555238,1.9661202,1.5950885,0.35951754,0.50240374,0.15069701
hsa-mir-1-2,1.0270822,0.0032174266,0.90225166,1.5762652,0.55035377,2.4236672,0.79335153,0.32086384,0.6263478,0.085878864
hsa-mir-100,0.9089396,1.0142075,1.3930362,1.1323383,0.5590478,1.493069,0.38772932,0.9886069,1.2610674,0.36478642
hsa-mir-101-1,1.5114964,3.1165998,0.76786286,0.66189504,1.1824385,1.2283803,1.3061199,0.12106034,1.7546043,0.1653691
hsa-mir-101-2,0.8839093,1.6757387,1.130016,1.8012474,1.7396151,1.3504426,1.7628319,0.01953152,1.0559798,1.5833511
hsa-mir-103-1,1.0176269,1.259548,1.1619385,1.1902344,1.8626051,0.9026672,1.121211,1.0859159,1.1724908,1.8051034
hsa-mir-103-1-as,1.0,1.0000001,1.0,1.0,1.0,1.0,0.9999999,0.9999999,1.0,0.9999999
hsa-mir-103-2,1.2228416,1.5040287,0.13674447,1.0169626,0.2632478,0.9273659,2.6117334,1.5206879,1.7423483,1.102278
hsa-mir-103-2-as,1.0,1.0,1.0000001,1.0,1.0000001,1.0,1.0,1.0000001,1.0000001,0.9999999
hsa-mir-105-1,1.8908243,0.61985224,0.70093143,2.0927072,1.8345562,0.0035880497,0.45992747,1.2457393,0.0028248557,0.24615563
hsa-mir-105-2,1.9110826,0.6391601,0.71319324,2.0958354,1.8183082,0.0034484568,0.4700707,1.2521229,0.0022437794,0.26297006
hsa-mir-106a,0.17074658,1.0703439,1.4081757,0.9382478,0.9703159,0.012562885,3.654771,0.81625235,2.591007,1.1361605
hsa-mir-106b,0.62726736,0.9122364,0.55973446,1.2663009,1.2844701,0.00048529342,1.9541703,1.5133523,1.5124507,1.2685782
hsa-mir-107,1.0385202,1.4301484,0.95911384,1.2954293,1.8955684,0.8104834,1.039613,1.2579265,1.3127872,2.0619059
hsa-mir-10a,0.06648248,0.24689627,2.2835855,0.06764578,1.382789,1.1132883,2.5819817,1.3868791,0.00027164235,0.0016761898
hsa-mir-10b,0.04887716,0.120641865,0.4823724,0.10540905,1.1024182,1.3256536,0.4849138,1.7305323,0.99776334,1.1474812
hsa-mir-1178,0.96553326,1.5014238,0.9187503,0.77449566,0.5402875,1.9705474,1.4227121,0.5686547,1.0012295,1.1660142
hsa-mir-1179,0.8594623,2.5221019,0.4425332,1.2637177,0.72647244,0.81043386,1.1423407,1.023472,1.0306777,0.26355445
hsa-mir-1180,1.013004,0.8321991,1.491465,1.1513957,1.3549348,0.002217133,0.9352654,1.4838011,1.491077,1.642666
hsa-mir-1181,1.1367893,0.16908042,0.442676,0.5483791,1.2349316,0.39374578,1.4542373,1.717168,1.2062529,0.65352345
hsa-mir-1182,0.8595179,1.3600215,0.6994606,0.9076523,1.0157418,1.3592496,1.6240909,1.290062,1.2331133,1.2082378
hsa-mir-1183,1.0,1.0,1.0000001,1.0,1.0,1.0,1.0000001,1.0,1.0,1.0
hsa-mir-1184,1.0,1.0,1.0,1.0,1.0,1.0,1.0000001,1.0,1.0,1.0
hsa-mir-1185-1,0.8898795,1.5721302,1.4956626,1.2997507,0.07346696,1.6793603,1.2167398,1.7160422,0.7089609,0.09164873
hsa-mir-1185-2,1.0518389,1.6820458,1.2745892,1.2993965,0.44922304,1.0972723,1.256117,1.3971499,0.60986996,0.2888809
hsa-mir-1197,0.73852867,1.4450155,1.084801,1.9407041,0.47970134,1.4794961,0.24543832,0.7628305,1.5092492,0.5920348
hsa-mir-1200,1.0,1.0000001,0.9999999,1.0,1.0,1.0,1.0,1.0,1.0,1.0
hsa-mir-1201,1.1190021,1.0379483,0.50346446,0.50284994,0.011588724,0.3440837,2.4034119,1.4974762,2.1313894,0.34297213
hsa-mir-1202,1.3629138,1.3081161,1.3727351,1.2391467,0.6265538,2.0373738,0.654317,1.5643348,0.78722835,0.5205546
hsa-mir-1203,0.47762835,1.7453429,1.4871337,0.99669373,0.5184747,1.5404941,2.1555228,1.0836565,0.77191913,0.5612394
hsa-mir-1204,1.3480924,1.5411459,1.0597565,0.92259085,1.2814624,1.3616376,1.6187923,0.58336693,0.95144266,0.98709786
hsa-mir-1205,0.9999999,1.0,0.9999999,0.9999999,1.0,1.0,1.0,0.9999999,1.0,1.0
hsa-mir-1206,1.0000001,1.0,1.0,1.0000001,1.0000001,1.0000001,1.0,1.0,1.0000001,0.9999999
hsa-mir-1207,0.5882587,1.5683647,1.1214854,0.8945486,1.0851208,2.0343897,1.726287,0.5295226,0.9136974,0.8159022
hsa-mir-1208,1.0,1.0,1.0,1.0,1.0,1.0,1.0,1.0000001,0.9999999,1.0000001
hsa-mir-122,0.56173384,1.1348315,0.87506366,0.4246005,1.1332812,1.0112906,1.494608,0.96422416,1.1429361,0.8562612
hsa-mir-1224,1.6416817,0.01348627,1.5043095,1.060318,2.41437,1.2842785,0.0698355,1.5498239,0.6704423,0.44656068
hsa-mir-1225,0.98446363,0.62044907,0.55906487,1.0672183,1.1256679,1.0504651,1.3775653,0.8247438,1.4049405,0.85547274
hsa-mir-1226,0.49647444,0.017843228,1.2598627,1.4901605,1.5516939,0.2970503,1.3895664,1.3480136,0.99757797,1.5404814
hsa-mir-1227,1.0981004,0.021539254,0.9220665,1.1521655,1.6771142,0.5913898,2.036197,1.1420342,1.9893373,0.5072643
hsa-mir-1228,0.41050056,2.1780708,0.94633967,1.3435895,0.08347673,0.49912235,1.006128,1.77047,1.6866161,0.24609013
hsa-mir-1229,0.1978665,0.21850175,1.1400347,1.737291,1.2288762,0.17244631,2.9773998,0.60629004,1.6473653,1.3060952
hsa-mir-1231,0.35160518,1.6342772,1.5120215,0.82170206,1.2700235,0.96681917,1.2443978,0.8648111,1.4643662,0.26876903
hsa-mir-1233,1.6254706,1.4557604,1.4922464,1.2012143,0.25854215,2.0085704,0.8999425,1.2744374,0.5796547,0.65907794
hsa-mir-1234,1.9333621,0.27629697,1.0252806,1.3644636,1.4351628,1.1737578,2.7051866,0.22862884,1.5697887,0.51021373
hsa-mir-1236,0.34147304,0.48394647,0.52995545,1.4909123,0.456498,1.6612189,1.2813251,1.8830178,1.5273508,1.8607718
hsa-mir-1237,1.7075834,0.516276,0.5662514,1.6521423,0.57038337,0.11739007,2.1029809,1.2118043,1.5448589,0.5025622
hsa-mir-1238,0.43732148,1.381146,1.6109198,1.2515342,0.78744805,0.9932972,0.9290415,0.7272766,1.7535785,0.78159285
hsa-mir-124-1,0.8026824,1.0709939,0.5930218,1.6549426,0.6855916,1.5260947,0.109591685,0.64264977,1.159094,0.7832879
hsa-mir-124-2,1.2511462,1.0462365,1.1963011,1.5228895,1.1263052,1.9325119,0.29432872,1.1093854,1.233813,0.23877572
hsa-mir-124-3,1.6066027,0.2517612,0.47741744,0.84512573,1.1095409,1.6858355,0.49021882,1.1629452,1.3286778,0.8256947
hsa-mir-1243,1.4109683,0.12516035,1.9075822,1.0278956,0.6070996,1.644074,0.93862325,0.32213306,0.7768671,0.62175214
hsa-mir-1244,0.17024335,0.8799828,0.8180513,0.9088745,1.0822777,1.3477746,1.4865307,0.60843974,1.5863762,1.8484507
hsa-mir-1245,1.0426364,3.363934,1.5533459,1.9089288,0.56962174,1.413177,0.056970187,1.197469,0.9760923,0.7575932
hsa-mir-1246,0.48018694,1.075552,1.4219285,0.3483194,0.9112125,0.08129909,1.5860568,1.6676309,0.83542544,2.0925088
hsa-mir-1247,1.2596442,1.053886,0.43682197,1.1384192,1.2054142,1.4098461,1.8499585,0.0031785099,0.4590405,1.4359607
hsa-mir-1248,0.22659251,0.8888397,0.52539057,0.88027143,0.7386083,0.9657436,1.327916,0.97256386,0.6735799,0.99670416
hsa-mir-1249,0.8054139,1.1042583,1.0828367,1.5424685,0.100149475,1.1584077,1.1480752,1.7148291,0.95344555,0.8768518
hsa-mir-1250,2.07982,0.7382828,0.2596018,1.1929787,0.13948356,1.096992,2.8752575,0.53496504,1.0797905,2.6606488
hsa-mir-1251,0.39408505,2.31533,1.8508977,0.8554572,0.26362744,2.2612433,1.8890183,0.6054671,0.3341656,0.8877884
hsa-mir-1252,0.36330438,0.27148995,1.1702095,2.1037774,1.6472175,0.43619633,1.7785028,1.1468707,1.1736823,1.1610887
hsa-mir-1253,1.2897062,1.0968361,0.7247309,1.0760647,0.9994727,1.7788961,1.9899956,0.4624127,0.72554344,0.9656082
hsa-mir-1254,0.80536544,0.70685065,1.0881168,1.2848773,1.0453767,0.77692384,0.9809488,0.9458618,1.3519545,1.0048014
hsa-mir-1255a,1.5048634,2.5376985,0.28876668,1.6871382,2.239947,0.09030125,0.12574014,1.0003247,1.3330044,1.6961489
hsa-mir-1255b-1,1.0,1.0,1.0,1.0000001,0.9999999,1.0,0.9999999,1.0,0.9999999,1.0
hsa-mir-1255b-2,1.0,1.0,1.0,1.0,1.0,1.0,1.0,0.9999999,1.0000001,1.0
hsa-mir-1256,1.5134296,1.4352865,0.74542093,1.1650075,1.2818354,0.30065647,1.9709052,1.3936654,1.8843106,0.902376
hsa-mir-1257,2.4088304,0.18956855,0.17201124,0.94314015,1.6890974,1.0241604,1.8915104,0.26143387,0.34601963,1.8003626
hsa-mir-1258,0.8331807,0.56305516,1.8841065,1.1919532,0.032384288,2.1660492,0.51360846,1.4310884,1.4566395,0.7253163
hsa-mir-1259,0.7575522,1.2572023,1.348651,0.6336273,0.045022365,0.6372981,2.9217644,1.6075534,2.6047707,0.467168
hsa-mir-125a,0.8481217,1.1671594,1.5461724,1.2036551,0.52087766,1.1198304,0.9290137,1.423826,1.2414012,0.3920074
hsa-mir-125b-1,0.9672464,1.074313,1.4854993,1.2704958,0.56499726,1.6279829,0.48734525,1.1945114,1.4454365,0.3270725
hsa-mir-125b-2,0.92486167,1.0673926,1.6813405,1.2517034,0.7339914,1.8103975,0.45855784,1.1545658,1.4495367,0.32883367
hsa-mir-126,0.7975345,2.2133262,0.027499571,0.8250948,0.3291541,1.1770344,2.3118443,1.4578046,1.8766012,0.7598225
hsa-mir-1260,0.8919697,1.4146161,1.2865177,0.9574008,1.3371592,1.609749,1.303238,0.32884458,1.085738,0.21804558
hsa-mir-1261,1.0000001,1.0,1.0000001,1.0,1.0,1.0,1.0,1.0000001,1.0,1.0
hsa-mir-1262,0.9184142,0.4537092,1.5365547,1.4204444,1.3843725,0.27591443,1.2328974,0.43471342,1.6602792,0.5841338
hsa-mir-1263,1.3694302,1.8307372,1.1105272,0.9447146,1.5164795,0.6338011,1.2123127,0.68056196,0.88391566,0.5777222
hsa-mir-1264,1.0000001,1.0,1.0,1.0000001,1.0,1.0,1.0,1.0,1.0,0.9999999
hsa-mir-1265,1.3010224,0.18000929,0.3300259,1.4550282,0.88662165,1.7384372,1.7616016,0.94860494,0.8563239,1.4791867
hsa-mir-1266,0.2886481,0.44662926,0.62379164,1.6026942,1.4584289,0.0028612579,1.3090082,1.9967309,0.9946067,2.3048294
hsa-mir-1267,0.58235633,2.2806647,0.80480117,0.63117194,1.2292976,0.5836377,1.579273,1.0202384,0.80794424,1.1500174
hsa-mir-1268,1.0000001,0.9999999,1.0,1.0,1.0000001,1.0000001,1.0,0.9999999,1.0,1.0
hsa-mir-1269,0.2566083,0.67053527,1.000768,0.9924137,1.0551887,1.109074,1.2759663,0.28201872,1.2266505,0.3138184
hsa-mir-127,0.90262127,1.5496349,1.4703709,1.2027296,0.10773611,1.125353,0.50992095,1.231036,1.5361445,0.034409612
hsa-mir-1270,1.0999501,0.86984754,1.4098799,0.9827438,0.08669162,1.3805982,0.75612855,1.5554326,0.8434907,1.3882742
hsa-mir-1271,1.25494,1.5133655,0.71953976,1.5636604,0.025609294,1.1956453,1.0926677,1.3077657,2.0446332,0.4147124
hsa-mir-1272,1.0,0.9999999,0.9999999,1.0,1.0,1.0,1.0,0.9999999,1.0,1.0
hsa-mir-1273,1.0,1.0,1.0,0.9999999,1.0000001,1.0,1.0,0.9999999,1.0,1.0
hsa-mir-1274a,1.0,0.9999999,0.9999999,1.0000001,1.0,1.0,1.0000001,1.0000001,1.0,1.0
hsa-mir-1274b,0.7667994,0.70438987,0.6099002,1.0198358,0.25936228,0.7742313,1.908627,1.3620629,1.5653247,0.37593353
hsa-mir-1275,0.52853787,0.68369675,0.7318,1.4829868,0.59875023,1.4273936,2.511789,0.91933036,1.94863,0.7724793
hsa-mir-1276,0.22750811,0.97102666,1.4019582,0.37399736,1.8453649,0.38109282,1.3356482,0.57260203,1.185396,2.3273432
hsa-mir-1277,0.8074539,2.2486312,0.51834023,0.49146083,0.91433686,1.136287,2.3959057,0.76210517,1.6101866,0.743791
hsa-mir-1278,1.1906767,1.423,0.30283403,1.2365762,1.9808068,1.1981633,1.2497056,0.89860576,0.4400841,0.18423437
hsa-mir-1279,1.0,1.0,1.0,1.0,1.0,1.0000001,1.0,1.0,1.0,1.0
hsa-mir-128-1,0.9087561,1.3493203,1.2055427,0.8004773,1.1190697,0.0015096876,1.8028591,1.3012742,1.8034999,1.6881673
hsa-mir-128-2,1.6289778,2.1777499,1.2495669,0.33104014,1.3271135,0.0046214815,1.8681021,1.0954508,2.2998624,2.5249388
hsa-mir-1280,1.0805439,0.72179437,0.5590681,1.0179421,1.103207,1.1522866,1.4947295,1.4635006,0.10578922,1.5475607
hsa-mir-1281,2.617058,0.5035452,0.32396308,1.8269708,1.0403196,1.082743,1.013681,0.9706007,0.99018943,1.0422411
hsa-mir-1282,0.8063923,0.59996706,0.12609395,2.3357184,0.14288302,1.3414763,1.7885839,0.5725898,1.623419,1.4425513
hsa-mir-1283-1,1.4480946,1.4514546,0.72727454,0.94346184,0.67774624,1.8570439,1.413546,0.41125432,1.3106047,0.5043369
hsa-mir-1283-2,1.1340524,1.410414,1.0074228,1.2440208,1.0122132,0.7895375,1.3473283,1.8017131,1.1343575,0.14806947
hsa-mir-1284,1.5743225,1.2855719,0.27594104,1.4597205,1.0937788,0.30252528,0.83920914,1.5830168,1.0239387,2.030521
hsa-mir-1285-1,1.264072,1.2789167,0.79463977,0.508649,0.8627637,0.63074046,1.2675309,0.7800237,0.95618105,1.0811454
hsa-mir-1285-2,1.0,0.9999999,0.9999999,1.0000001,0.9999999,1.0,1.0,1.0,1.0000001,1.0000001
hsa-mir-1286,0.7616546,1.2568752,1.7192168,1.3034159,2.2743304,0.24557725,0.32001773,1.0389004,1.8100543,1.2758092
hsa-mir-1287,0.3146198,1.3315213,0.8354733,0.7206502,1.242999,0.12258561,0.6540508,1.9545009,1.3009329,1.6591822
hsa-mir-1288,1.9891135,0.8999894,0.5425978,1.0540783,1.2112164,0.69563943,0.28781936,1.0170166,0.9530086,1.4384153
hsa-mir-1289-1,0.5290962,0.97800237,0.6160592,0.8453528,1.6019757,1.5302073,2.0380347,0.12637004,0.7544705,1.2704022
hsa-mir-1289-2,1.0,0.9999999,0.9999999,1.0,1.0000001,1.0,1.0,0.9999999,1.0,1.0
hsa-mir-129-1,1.712419,0.7561923,0.9716688,1.3225981,0.8411012,1.9252117,0.3658439,1.2034537,1.332586,0.7605933
hsa-mir-129-2,1.3600452,0.62520045,1.002218,1.2356261,0.92552423,1.7517208,0.769666,1.049991,0.96672374,0.28055555
hsa-mir-1290,0.9996808,3.3818288,0.91298234,1.0860424,1.5439105,0.77062505,0.90774673,0.14959364,0.16293365,1.3721774
hsa-mir-1291,0.7270864,1.1081795,0.6788802,0.42850477,0.45818147,0.37035757,2.0011036,1.2506053,1.7010092,0.5533888
hsa-mir-1292,0.2369533,0.05949021,0.95754254,1.1645552,1.4600207,0.76290876,1.7887689,1.5450214,2.1003306,1.8241501
hsa-mir-1293,0.63870305,0.80036086,0.16781072,1.2201234,0.36504322,0.96255666,1.4642293,2.3930912,0.6123803,2.134552
hsa-mir-1294,0.73820573,1.1848433,0.7999489,1.3789756,0.7806855,0.07462994,1.576487,1.6465336,1.2779728,0.7708989
hsa-mir-1295,1.8398502,1.0306869,0.9745066,0.27686173,0.2554478,1.6182722,0.70213,0.65168095,1.8784301,0.39298633
hsa-mir-1296,0.6731884,0.71021485,0.6027506,1.0927204,0.5652709,0.008157213,1.6694278,1.2540623,1.5656209,0.89305675
hsa-mir-1297,1.1909499,1.6662856,1.119397,1.2040704,0.4868358,1.6747142,0.7614449,0.8726668,0.57637995,0.7014468
hsa-mir-1298,0.45706797,1.3304772,1.2144083,0.99099565,2.0352335,0.7172104,1.0021782,0.6657617,0.9165847,0.9389865
hsa-mir-1299,0.82202065,1.868419,0.98269814,1.37825,0.50283486,0.42295024,1.7289729,0.8268296,1.7533045,1.1815467
hsa-mir-1300,1.1706494,0.857663,0.9723615,0.99992305,1.2447861,1.2287683,1.3533746,0.8425834,0.76384073,1.453571
hsa-mir-1301,0.5110627,0.32208115,0.42673007,1.7804687,1.2988242,0.013258868,1.6196805,1.3737186,1.437814,1.7628621
hsa-mir-1302-1,1.0000001,1.0,1.0,0.9999999,1.0,1.0,1.0,1.0000001,1.0,1.0
hsa-mir-1302-2,1.0,1.0000001,1.0000001,0.9999999,1.0,1.0,0.9999999,1.0,1.0,0.9999999
hsa-mir-1302-3,0.5014017,1.0981013,0.95695496,2.028078,1.0015718,1.8570602,0.7868316,0.42321593,1.2687764,0.79787153
hsa-mir-1302-4,1.0000001,1.0000001,1.0,0.9999999,0.9999999,1.0,1.0,1.0000001,1.0,1.0
hsa-mir-1302-5,1.0,1.0000001,0.9999999,1.0,1.0,1.0,1.0,0.9999999,0.9999999,1.0
hsa-mir-1302-6,1.0000001,0.9999999,0.9999999,1.0,1.0,1.0,1.0000001,0.9999999,1.0,1.0000001
hsa-mir-1302-7,0.9999999,1.0,1.0,1.0,1.0,1.0,1.0,1.0,1.0,1.0
hsa-mir-1302-8,1.0,1.0000001,1.0,1.0,1.0,1.0,1.0,1.0,1.0,1.0
hsa-mir-1303,0.85318375,0.31051666,0.7902797,0.8612808,1.2425977,0.596899,1.8630027,1.5903366,1.1366892,1.4915574
hsa-mir-1304,0.5291507,0.7865892,0.51773244,0.8594784,1.279549,0.20291722,1.558715,0.8551098,0.5337944,1.4477817
hsa-mir-1305,1.8099136,1.1578115,1.3349607,0.37562412,0.79430336,1.7924397,0.37794453,1.0857899,1.1448014,1.5773281
hsa-mir-1306,0.32572982,0.5946553,0.48878568,0.807327,1.1503183,0.014826121,1.7877349,1.8910375,2.0162227,1.3294529
hsa-mir-1307,0.66103226,0.72262853,0.959165,0.77403796,0.8753145,9.8185876e-05,1.8435814,1.4380087,1.9132046,1.629802
hsa-mir-1308,0.34819102,1.3035718,1.0056278,1.1832688,0.7214686,0.033624336,1.7021539,1.3565027,0.98803896,1.1646473
hsa-mir-130a,0.9540709,1.4085805,0.7813424,1.1008637,0.19241704,1.3412459,1.1588578,1.1832465,1.3547693,0.24671784
hsa-mir-130b,0.62662417,0.3112827,0.7658758,0.97118396,0.39430666,0.03595195,2.6677036,1.6001543,2.0494592,0.56267524
hsa-mir-132,1.3288734,1.1460329,1.0488493,0.88321173,0.54389966,0.0032735523,0.0021680556,3.0139143,1.3557531,2.0424483
hsa-mir-1321,1.0,1.0,1.0,1.0,0.9999999,0.9999999,1.0000001,1.0,1.0,1.0
hsa-mir-1322,0.66808754,1.3270574,0.81080914,1.2853383,0.2770726,1.9143913,2.277601,0.71067303,0.96371037,1.4240972
hsa-mir-1323,2.402991,2.106284,0.092224434,1.2093762,2.120378,1.7079496,0.91219395,0.4239612,1.2370077,0.17529604
hsa-mir-1324,1.0,1.0,1.0,1.0,1.0,1.0,1.0,1.0,1.0,1.0
hsa-mir-133a-1,1.2144065,0.2000347,1.0502535,2.009659,0.8929642,2.0761008,1.1428906,0.8233253,1.1104908,0.0045370045
hsa-mir-133a-2,1.4288477,0.017733825,1.1942245,2.8216321,0.36913705,2.9336567,1.2211959,1.0028495,1.2968062,0.2999704
hsa-mir-133b,1.3642868,0.3605601,1.3470193,1.8904853,0.909865,2.3663764,1.0690564,0.9972356,1.1349174,0.0023016783
hsa-mir-134,1.14397,1.7069126,1.6554147,1.4000473,0.16456796,1.1993517,0.59751296,1.3811008,1.8756374,0.22793858
hsa-mir-135a-1,0.15835203,0.8739004,0.31868762,1.9197234,0.081696175,2.5217023,2.8151386,1.8032706,1.3051218,0.13369127
hsa-mir-135a-2,1.0161614,0.50230587,1.2893212,0.89697176,0.41716298,1.6749665,0.6023829,1.8346916,1.9207578,0.07253394
hsa-mir-135b,0.08743713,1.2757853,1.01862,0.88082814,1.5745199,0.5572523,1.8035595,0.7742185,0.3202151,0.43860897
hsa-mir-136,1.1966369,2.19793,1.2593645,0.68822694,0.09785506,1.0942041,1.2537217,0.7389842,1.341605,0.52026117
hsa-mir-137,0.07381954,2.1740196,1.4673983,1.175325,0.8181608,1.6373025,0.46141034,1.0255312,0.18904972,0.641495
hsa-mir-138-1,1.51618,1.4268372,0.14839533,1.034945,0.6570135,1.0371151,0.703898,1.3049425,1.0871046,0.22408372
hsa-mir-138-2,1.7006595,1.9614735,0.123294026,0.94665015,0.44875228,1.0509391,0.67912877,0.63906497,0.88051146,0.3691905
hsa-mir-139,1.0347955,0.87995535,1.2617282,1.6394736,0.40071175,1.9041796,0.255445,1.1958717,1.2730182,0.6681576
hsa-mir-140,0.85686237,1.0506369,1.0349519,1.5385026,0.5352012,0.9799168,0.32083717,1.9855274,1.2401836,1.8442285
hsa-mir-141,0.8278288,1.247683,0.066448204,0.9660335,1.4977285,0.001045982,2.8502731,1.296346,1.2861277,2.4792612
hsa-mir-142,1.2766582,3.3303568,0.00026027352,0.043778904,0.49810097,0.75960886,1.4856228,1.3945376,0.80803305,1.2523241
hsa-mir-143,1.3056575,0.3328191,0.010450099,3.6032417,0.00020611273,5.8857665,0.0030147226,0.16963997,0.31168607,0.002547094
hsa-mir-144,0.8263593,1.1539632,0.6645795,0.06275566,0.528222,0.4151575,1.4777845,1.589363,1.0803789,2.17885
hsa-mir-145,1.3554484,0.68220145,0.89958787,1.7590055,0.27476817,2.0260005,1.1307205,1.2963777,1.418825,0.14331555
hsa-mir-1468,0.4223385,0.31036544,1.1620822,1.1396974,0.97358847,0.4434819,1.3752937,0.7895886,1.6604415,1.2130615
hsa-mir-1469,1.0,1.0,1.0000001,1.0,1.0,1.0,1.0000001,1.0,1.0,0.9999999
hsa-mir-146a,1.2939813,1.9749607,0.5923425,0.0009859866,0.9660747,0.002198516,2.1639764,1.7893744,0.62445545,0.93910664
hsa-mir-146b,0.55866694,4.313738,2.6297605,0.98646575,0.67521495,0.15481055,0.00076507614,2.5427814,0.774657,1.7230693
hsa-mir-147,0.38105682,1.0191643,1.1535802,1.8511425,0.5945551,0.25080192,1.3400583,0.76758975,1.5206733,2.254302
hsa-mir-1470,1.0,1.0,1.0,1.0,1.0,1.0,1.0000001,1.0,1.0000001,1.0
hsa-mir-1471,1.0,1.0,1.0,0.9999999,0.9999999,1.0,0.9999999,0.9999999,1.0000001,1.0
hsa-mir-147b,1.8960322,2.8994932,0.016977673,0.26837146,0.4759215,0.58205205,2.6594748,0.80336004,0.95443994,1.6016476
hsa-mir-148a,1.3414606,2.3779397,0.0012352908,0.00955388,2.5788848,0.768329,2.6628366,0.57917994,2.034592,0.29542753
hsa-mir-148b,0.68032485,1.7710814,0.5473033,0.44503987,2.894758,0.005648176,1.198143,0.6211564,1.5420469,1.9849753
hsa-mir-149,0.465236,1.172091,1.2043296,1.288351,0.8651246,0.7232318,2.0797102,1.4228578,1.9427433,0.67366326
hsa-mir-150,1.3868569,1.6225388,0.0009708919,1.5023235,0.2797375,1.4034489,0.56157315,2.0735257,1.9450983,0.7053945
hsa-mir-151,0.41138673,0.3312858,1.4453908,0.8758704,1.428287,0.23923978,1.4304334,0.71043134,1.7326423,1.1122873
hsa-mir-152,1.0220914,1.8979641,1.3000222,1.1283557,0.6400728,1.5307132,0.6893752,0.95655537,1.1604124,0.26633605
hsa-mir-153-1,0.012608122,1.7845666,0.26138964,1.2219348,1.0610615,0.6516544,2.6829293,1.2172642,1.4888586,0.5105144
hsa-mir-153-2,0.92209256,0.67356485,0.21774195,0.0062405355,1.8330276,0.0073257624,1.4488057,1.5981661,1.8970054,1.12564
hsa-mir-1537,1.3475069,2.8464282,0.30196366,0.9545995,0.40758604,0.49593225,1.6961012,1.9038047,0.94683766,1.7312977
hsa-mir-1538,1.3249031,0.919866,1.1310954,0.37620893,0.03688923,0.37525782,1.7164576,1.7874857,1.4735526,1.3599616
hsa-mir-1539,1.1142191,0.6442303,0.4001472,0.8419032,0.77710617,1.8684777,1.4631932,1.1840391,1.3116826,1.0696613
hsa-mir-154,0.846234,1.4797539,1.0620567,0.8563487,0.21586563,0.84151506,0.84671354,1.1055474,1.25167,0.020237027
hsa-mir-155,1.1511238,2.226159,0.14067276,0.6672459,0.38894886,0.40155128,0.8427338,2.7314696,0.0452734,1.6910361
hsa-mir-15a,0.80900383,2.34119,1.5187434,0.85648096,1.115034,0.0066828947,2.8500266,1.3251104,1.7185085,1.5186431
hsa-mir-15b,1.0518651,0.86853623,0.0021702484,1.011517,1.0843428,0.08524418,2.4732065,1.8035136,1.5761331,1.1329113
hsa-mir-16-1,0.3765656,1.330949,0.22735076,0.6096457,0.8772093,0.33605462,2.115856,1.3330266,1.0967906,0.6897435
hsa-mir-16-2,0.71560454,1.6936511,0.27301627,0.853388,0.9379319,0.078406096,2.6465998,1.6989429,1.2586874,1.1147535
hsa-mir-17,0.23139259,1.7807964,2.0503218,1.3941942,1.1037072,0.00032858917,3.6880372,0.26398495,2.2942772,1.7451183
hsa-mir-181a-1,0.6203003,1.3966587,1.9117473,0.7171023,0.96471745,0.38158154,0.6178174,0.90768397,1.5276423,0.29666638
hsa-mir-181a-2,0.90012425,0.8787476,1.05294,1.0694038,1.5160171,1.2526933,0.93732244,1.0151213,1.3522791,0.6955924
hsa-mir-181b-1,0.49136013,1.0145936,1.742972,0.6631728,1.5619853,0.51090527,0.6359084,0.6942571,1.674101,0.5352842
hsa-mir-181b-2,0.95162874,1.0434525,0.79454046,0.7391996,1.1311687,1.2468728,1.6266139,1.1825744,1.1698778,1.0711519
hsa-mir-181c,0.651683,1.0271174,1.5080166,0.9126437,1.3827947,0.7450483,1.0697337,0.53621113,1.8646944,0.23085935
hsa-mir-181d,0.38969764,0.5150571,2.3967242,1.5058533,1.9449849,0.9609509,1.8901497,0.059298147,1.6783986,0.69700223
hsa-mir-182,0.003695731,0.06691953,0.80579716,2.1515393,4.653986,0.16013962,0.3606156,0.49228674,0.060061768,1.9653288
hsa-mir-1825,1.2472684,1.8233391,0.881272,1.0330361,0.5435235,0.54829735,2.2941482,0.1328804,0.15296416,1.9866918
hsa-mir-1826,1.4078184,1.2012974,0.6351472,0.65166837,0.0026118793,0.67909545,2.9774811,1.8427643,2.538193,0.43082508
hsa-mir-1827,2.1558373,2.946494,0.63609713,1.1207451,0.6871772,1.9128134,0.62810814,0.21973568,0.4295982,2.555523
hsa-mir-183,0.13970971,0.10264442,0.8656062,2.171574,4.2245145,0.3670422,0.6075982,0.5934851,0.2552172,1.8420421
hsa-mir-184,0.4441731,1.1358378,1.5614179,1.2581552,1.5431055,1.322018,0.96095425,0.37126094,1.1105577,0.81378835
hsa-mir-185,1.1546404,3.9995384,1.1437079,0.029156765,0.08791786,0.011032336,2.2529857,1.8803878,1.3582629,4.268215
hsa-mir-186,1.32858,1.4030063,0.41028044,1.1430221,1.1160945,0.52735126,2.5618992,1.6405078,2.0178437,2.2752538
hsa-mir-187,1.2042012,0.8429725,0.97317165,1.9919397,1.1176907,1.984856,0.96077585,0.96246433,1.1054159,0.08385333
hsa-mir-188,0.43294007,1.9419752,0.024576651,1.0271578,0.45301843,0.09497118,3.224771,0.81687045,1.9094418,1.3559198
hsa-mir-18a,0.43345106,1.142461,0.6075115,1.0125626,0.6849449,0.0013040947,1.8178694,0.89564407,1.0674396,1.0619004
hsa-mir-18b,0.81695044,1.0705304,0.80866355,1.1661364,0.59285474,0.015082832,2.3603249,1.2276678,1.4852157,0.43262947
hsa-mir-190,1.8743001,2.3068318,0.022734733,0.15643872,0.99637663,0.10137375,2.5389178,1.4311516,0.76144654,2.3517618
hsa-mir-1908,1.4147016,0.9175554,1.892832,0.3391379,0.12760305,0.6717884,2.9068518,1.0073799,1.466445,2.3120291
hsa-mir-1909,1.1395649,0.9607039,0.2064866,1.1895524,0.8873645,1.0643011,1.7605299,1.3558168,0.68967754,1.7258669
hsa-mir-190b,0.06496318,2.2466204,0.8805178,1.6307564,1.7545537,0.9474117,1.7167816,0.8024707,1.021288,1.7942002
hsa-mir-191,0.84894216,0.6839503,0.22511743,1.074163,0.7799812,0.2644353,2.3188486,1.3190778,1.7621491,0.9663712
hsa-mir-1910,0.0701352,1.6206117,2.6646287,1.9578358,0.8805112,0.68238336,1.4686887,1.158039,1.3078294,0.33407593
hsa-mir-1911,1.3693979,1.4482039,0.66363925,0.8688233,1.4045308,1.063141,1.4461086,0.7915817,0.7427789,0.9440973
hsa-mir-1912,1.0656519,1.2391618,0.9649871,1.3359673,1.2046129,1.6914718,0.66414434,0.36953562,0.8002296,1.086555
hsa-mir-1913,0.75080043,1.4161164,1.4749035,1.4258199,0.18001366,1.7796038,0.81558454,1.3942236,1.8359938,0.38121793
hsa-mir-1914,1.1662647,1.173402,0.9280695,0.95886534,0.7276945,1.1572255,1.8697212,0.9745454,1.4659988,1.2102146
hsa-mir-1915,1.2433022,1.2640419,1.1399949,1.3826945,0.5659095,1.2934228,0.40380007,0.90349245,0.37823454,1.9875344
hsa-mir-192,1.8319049,0.84968096,0.45511404,0.0005112678,0.08622569,0.8749635,4.457983,0.040234245,1.7658895,3.2591352
hsa-mir-193a,0.48521972,1.1741494,1.7727396,1.2639302,0.12254879,0.45340896,1.4456934,1.5368141,1.0043561,0.65519196
hsa-mir-193b,0.67901194,1.3060776,1.0120428,1.0155419,0.16542916,0.47751716,1.4656645,1.417073,1.8832092,0.18136911
hsa-mir-194-1,1.7033027,0.5109903,0.5388112,0.14685096,0.43637732,0.70845866,3.9909904,0.0001442141,1.4868242,3.5026114
hsa-mir-194-2,2.2174985,0.61839724,0.6793408,0.18784542,0.5557159,0.89621687,5.2124515,0.00026929332,1.939267,4.5385003
hsa-mir-195,0.88875836,0.83201104,0.2675002,1.2505771,0.7559857,1.5165043,0.95553625,1.005452,0.8782394,0.490907
hsa-mir-196a-1,0.29953912,2.0750997,1.760012,0.84070975,1.5449011,1.3216505,3.5126731,0.5913854,0.9803411,1.5925851
hsa-mir-196a-2,0.3117444,1.0871313,1.0012157,0.655904,0.81373966,0.87753356,1.7972513,0.6007291,0.6730449,1.0441362
hsa-mir-196b,0.37309435,1.4196677,2.1299787,1.234578,0.7534721,1.5729696,3.887503,0.0011034814,2.9739711,0.52160704
hsa-mir-197,1.027555,1.1422904,0.4355413,1.3384148,0.6869555,0.0016662064,1.8932811,1.8180323,2.1301548,1.1543669
hsa-mir-1972,1.0,0.9999999,1.0,1.0,1.0000001,1.0,1.0,0.9999999,1.0,1.0
hsa-mir-1973,1.4527831,1.9256145,1.0189184,0.765713,0.9061263,0.7492608,1.4279734,0.9944647,0.80189204,0.5783559
hsa-mir-1974,0.026467795,0.7943821,0.46594352,0.95642734,0.2805882,0.47256115,2.1126344,1.527626,1.2925158,0.52344227
hsa-mir-1975,0.6726487,1.2525312,1.6351805,0.41742313,0.3178127,0.5318835,2.4509325,1.4276305,2.1757648,0.6213768
hsa-mir-1976,0.93881154,0.8535977,1.1626698,1.0455215,0.8969694,0.47991976,1.0137385,1.5720912,1.3076403,1.1735867
hsa-mir-1977,0.004837044,1.0326856,0.86946756,0.8475743,0.45248643,0.5113024,2.4609156,1.3746692,1.6188586,0.49270475
hsa-mir-1978,0.4167486,0.7841524,0.7690769,0.56814456,0.35184166,0.62222373,1.8427761,0.9631649,1.025675,0.28268683
hsa-mir-1979,1.4824969,1.3493798,0.655887,1.2203065,1.4099005,0.42402253,0.78282434,1.3034352,0.65924555,1.858666
hsa-mir-198,0.24922387,1.5990157,1.2847741,1.3644412,0.91081,1.841747,2.0858808,1.2151312,0.3206878,0.27344495
hsa-mir-199a-1,1.1451342,1.9521115,1.3324746,0.7804963,0.13293815,1.2455055,0.8589317,0.7519607,1.2004489,0.337581
hsa-mir-199a-2,1.3125356,2.2581573,1.4978447,0.88766587,0.14246626,1.4589386,1.015457,0.8500573,1.3685911,0.3941179
hsa-mir-199b,1.515489,2.55203,1.721074,1.0187508,0.20800248,1.6731738,1.1957618,0.9647421,1.5659266,0.48217863
hsa-mir-19a,0.56720054,1.4234939,0.89476967,1.1334748,0.0081178285,0.0060484624,2.4480538,0.4047482,1.310908,1.2928774
hsa-mir-19b-1,0.7211685,1.5913689,1.7006202,0.68675774,0.30177435,0.058851447,3.9273949,0.43594483,2.172069,1.3334894
hsa-mir-19b-2,0.9021619,2.1294498,0.8705228,2.1080682,1.2331443,0.0050187097,3.75499,0.37614378,1.9627439,0.8654528
hsa-mir-200a,1.7545953,1.1005135,1.193772,0.92576694,1.5190341,0.8624202,2.2281024,0.9549562,1.3310082,1.8245863
hsa-mir-200b,1.8773004,1.1433436,0.5455925,1.1496292,1.9267164,0.008306126,3.0662813,0.91407615,1.868861,1.5619888
hsa-mir-200c,0.9084982,0.06779938,0.69579417,1.496581,2.1241214,4.3898042e-05,2.2129207,1.4458587,1.3559372,2.018156
hsa-mir-202,0.8689079,1.3999127,1.236372,0.89909655,0.45755628,1.6416345,0.13116841,1.8508549,0.84525496,0.05730247
hsa-mir-203,1.1778315,1.9764761,1.2145343,1.1503296,1.5260026,1.6159434,2.3621736,0.22055365,0.22876705,2.225089
hsa-mir-204,0.17852052,1.4106864,1.7570615,1.0245365,1.3597721,1.3877896,1.9239253,0.89766264,2.2166038,0.64078903
hsa-mir-205,1.2351863,1.8396972,2.4401069,2.1758618,0.9949916,2.4612763,0.17993197,2.0417504,0.12486016,0.0110547375
hsa-mir-2052,1.1998214,1.5085762,1.2715007,0.99168324,1.034235,1.6117955,0.5941123,0.56738776,0.7071827,0.9401057
hsa-mir-2053,1.0000001,1.0,1.0,1.0,1.0,0.9999999,1.0,1.0,1.0,1.0000001
hsa-mir-2054,1.0,0.9999999,1.0,1.0,1.0,1.0,1.0,1.0,1.0000001,1.0
hsa-mir-206,1.3719223,3.2632353,0.70176303,0.64238435,2.675634,0.55662173,2.0406466,0.8402316,0.07672601,1.5704101
hsa-mir-208a,0.9999999,1.0,1.0000001,1.0000001,1.0,1.0,1.0,0.9999999,1.0,0.9999999
hsa-mir-208b,0.72543854,1.3399593,0.5312685,1.4314164,1.2349293,1.6893308,0.9736442,0.544846,0.87881136,0.7613468
hsa-mir-20a,0.2734992,1.5271678,2.0283213,1.3987795,0.8799697,0.027282748,3.8896518,0.31604803,2.1457708,1.6246072
hsa-mir-20b,1.4489416,0.45717466,0.5415849,0.7717514,0.0028390915,1.8037643,0.5056853,0.9694198,1.0539004,1.6198734
hsa-mir-21,1.3551191,5.125804,2.2689066,0.34725317,0.06846693,0.01948512,0.017466648,0.27204907,0.038185477,2.1466744
hsa-mir-210,3.0716207,1.167611,1.0538409,0.22520742,0.4604028,0.00026285378,1.5799866,1.3367862,1.6494865,1.6969593
hsa-mir-211,1.2260611,1.1750841,1.0007463,0.7288141,1.6238616,1.215753,1.6017226,0.7595607,0.6408294,1.1278092
hsa-mir-2110,1.4720608,0.20523112,0.75112784,1.0956954,0.4629577,0.4101428,1.9131347,1.8657453,2.0557392,1.3927728
hsa-mir-2113,1.9179798,1.5694638,1.1006073,0.665623,1.7145731,1.1114119,0.24489316,1.627698,0.5301506,0.5782144
hsa-mir-212,1.6887957,1.9724683,0.14071779,0.7475056,0.020780535,1.1579472,1.1376053,4.1394987,1.2102121,1.3889755
hsa-mir-214,1.1847048,1.6461289,0.9473224,1.586515,0.03300795,1.6441598,0.94008785,1.6578981,1.7848998,0.0077897864
hsa-mir-215,2.010802,0.51359934,0.024688158,0.5818505,0.66131306,0.94303256,2.1163623,1.7970566,0.0009594667,2.6400063
hsa-mir-216a,0.8087265,1.191921,0.7265414,1.3613888,0.6808687,1.5018022,0.44208503,0.83986706,1.0811524,0.6703541
hsa-mir-216b,1.5099725,1.1973819,1.0866654,1.689674,1.0138053,1.985258,0.6021482,1.1203403,0.96532154,0.36666682
hsa-mir-217,0.8394647,0.9931835,0.7949172,1.2086887,0.6710833,1.3247113,0.35063657,0.7384454,0.96973145,0.53303665
hsa-mir-218-1,1.4493203,2.1352546,1.989756,1.8033216,0.34970212,1.898263,0.63641703,1.5109745,1.6396043,0.2972788
hsa-mir-218-2,1.0285752,1.9572568,1.7123704,1.1660063,0.36287248,1.6311992,0.6987014,1.1455857,1.0144618,0.05168294
hsa-mir-219-1,0.89338857,0.8684136,1.3721377,0.67088604,1.6100789,0.04722664,1.5567843,1.0091311,1.5895677,1.3767929
hsa-mir-219-2,1.4339814,3.3394115,0.09211105,0.87684464,2.0901866,0.38540825,1.6910076,0.61338985,0.7643909,0.9274287
hsa-mir-22,2.2060258,2.732441,1.8263062,1.0160443,0.026463406,1.2306743,0.31972548,1.9348261,1.2071493,1.6316864
hsa-mir-220a,0.62979734,1.4370325,1.0036944,0.6374762,1.0131335,0.71589065,1.2623001,1.5129952,0.82579577,1.6415331
hsa-mir-220b,1.0,0.9999999,1.0,1.0,1.0,1.0,1.0,1.0,1.0,1.0
hsa-mir-220c,1.0,0.9999999,1.0000001,1.0000001,1.0,0.9999999,1.0,1.0,1.0,1.0
hsa-mir-221,0.4772624,1.889338,0.64331615,0.8858074,0.7082958,0.008080233,1.992642,2.1404047,0.9753764,1.4350747
hsa-mir-222,0.68746907,1.2749863,0.5707128,0.9758933,0.16790903,0.37732175,2.213665,1.8664303,1.4356732,1.2026002
hsa-mir-223,1.1807109,2.1661682,0.09839175,1.1089243,0.5920433,0.0054566804,0.24528897,3.0419834,0.019357149,1.6216588
hsa-mir-224,0.6084724,1.6064836,1.3214244,1.4046535,0.65549964,1.0257223,2.1822786,0.42305437,1.4917169,1.5233229
hsa-mir-23a,0.66542196,1.3113189,1.428825,0.9687195,0.5069265,0.7431908,1.4216444,0.8651584,1.5575155,0.73819894
hsa-mir-23b,1.0236785,0.9018695,1.4901227,0.898147,0.89850557,1.1882604,0.6469268,1.3506243,1.4259164,0.7521645
hsa-mir-24-1,0.79280657,0.20014107,0.6448953,1.4235033,0.62860006,0.9115383,2.0507336,2.0187006,2.216528,0.58364344
hsa-mir-24-2,0.45033365,1.1980478,0.8840236,1.4325656,0.97376263,0.8733069,1.2569301,1.129737,1.0368001,0.53280956
hsa-mir-25,0.30929422,0.71554583,0.85486645,1.3307275,0.9581336,0.0037970778,1.497526,1.3007288,1.1886221,1.8489861
hsa-mir-26a-1,0.77666974,0.973351,0.60341966,0.775627,0.5095979,0.6512593,1.8986592,1.0773265,0.88788897,0.99425596
hsa-mir-26a-2,0.70864666,1.8902359,0.53623205,1.3337559,1.2992365,1.5174087,1.5104697,1.4151738,1.5641989,0.5387628
hsa-mir-26b,0.5861465,1.5304687,0.05437983,0.93198174,1.1334344,0.8859285,1.974862,0.9809053,0.9455504,0.44027182
hsa-mir-27a,1.019409,2.4909906,0.71347743,1.399185,0.8491616,1.1115226,2.0022752,1.0909792,1.0367465,0.6921808
hsa-mir-27b,1.1035504,1.3252264,0.9439278,1.0155673,1.2515494,1.0920293,1.076891,1.0709685,1.0709938,0.48936397
hsa-mir-28,1.0071177,0.0003871167,0.50323415,1.6625576,0.73354495,0.66072613,1.1541495,1.8743756,1.1243676,1.5159501
hsa-mir-296,1.0943259,1.337577,0.18851915,0.006761271,0.12165307,0.15867586,2.7072546,1.8260106,3.0200772,0.8823723
hsa-mir-297,1.0,1.0000001,1.0,1.0,1.0,1.0000001,1.0,1.0,1.0,1.0
hsa-mir-298,1.0000001,1.0000001,1.0,0.9999999,1.0,1.0,1.0,1.0,1.0,1.0
hsa-mir-299,1.0279436,1.7351623,1.2982934,1.5140694,0.43795702,1.0295256,0.69333994,1.3540514,1.5161523,0.06685569
hsa-mir-29a,0.30472878,1.2972316,0.0020983638,1.1059877,0.75035006,0.47491848,1.9008873,1.3118812,0.63208073,0.46411112
hsa-mir-29b-1,0.0010413727,2.2882762,0.124506794,1.0504616,0.6936906,0.09877917,3.9559019,1.4330666,1.1624892,0.95815355
hsa-mir-29b-2,0.00054840354,1.6551,0.29536554,1.1154084,0.67103374,0.03724441,3.0081549,1.075283,0.7312729,0.72470164
hsa-mir-29c,1.53042,1.9602432,0.00013300001,1.1287965,1.0306122,1.9495411,1.3868859,1.7744192,1.1976917,0.64378405
hsa-mir-300,1.0000001,1.0,1.0000001,0.9999999,1.0,1.0,0.9999999,0.9999999,1.0,1.0
hsa-mir-301a,0.63488275,1.1232896,0.78400785,1.1853336,1.1635237,0.38087597,2.050163,0.7083637,1.0073054,1.1042188
hsa-mir-301b,1.0269237,0.4890236,0.945464,1.0718498,1.1445757,0.40252274,1.8054984,0.99726623,1.0977333,1.2210137
hsa-mir-302a,1.210962,2.0631876,1.06601,0.8668457,0.2690408,0.8829521,0.9446159,1.0742229,0.9256903,1.3892536
hsa-mir-302b,0.86523145,1.23249,0.9463363,0.8654115,0.98530805,1.2270335,0.7949105,0.97721094,0.6687138,0.82980335
hsa-mir-302c,1.1998574,1.673423,0.95586354,0.8136622,1.240034,1.7169616,0.5490704,1.0729115,0.4491724,1.05312
hsa-mir-302d,0.8376988,1.4179602,0.7606676,1.3019551,0.8068397,1.7234489,0.74510145,0.9695554,0.87806123,0.90724987
hsa-mir-302e,0.9999999,1.0,1.0,1.0,1.0,1.0,1.0,1.0,1.0,1.0
hsa-mir-302f,0.9999999,1.0,1.0,1.0,1.0,1.0,1.0,1.0,0.9999999,1.0
hsa-mir-30a,0.55404484,0.8259405,0.7790793,1.0828985,0.54051656,1.2812761,0.50909823,0.7645246,0.6481649,0.46330842
hsa-mir-30b,1.115331,1.1577214,0.93524253,1.1698941,0.926969,0.7298584,1.8593447,1.1326808,1.524075,0.6696983
hsa-mir-30c-1,0.51949817,1.0268031,0.20413944,0.64704156,0.5081598,0.40652603,2.3597953,1.0591655,1.3922949,0.88928896
hsa-mir-30c-2,0.5228978,0.4327259,0.030724008,1.4589401,0.75315803,0.6945134,1.7483284,1.6177434,1.7400813,1.0656879
hsa-mir-30d,0.992509,0.6592357,1.6106641,1.4059944,1.1877704,0.7007038,1.4034992,0.5221511,1.7074708,0.68357974
hsa-mir-30e,0.9860955,1.1895493,0.16890407,0.98061705,1.264898,1.1287915,1.2639247,0.89651096,1.0999366,1.2741089
hsa-mir-31,3.2252386,2.2604215,1.32958,1.2445071,2.5314686,1.0472915,1.5290127,1.0290956,1.4597362,0.1885887
hsa-mir-32,0.68246615,1.6396129,0.0031246082,1.0723953,1.0627106,0.8668401,2.1918108,1.0926338,1.0589144,0.91527945
hsa-mir-320a,1.0999713,0.0012357787,0.0002100499,2.4139752,1.6443516,0.8675142,1.5733664,1.5868306,1.4735003,1.833057
hsa-mir-320b-1,1.0,1.0000001,1.0,1.0,1.0,0.9999999,1.0,1.0,0.9999999,1.0
hsa-mir-320b-2,0.89874285,0.10637921,0.081441976,2.5779831,1.298164,1.0460467,1.3600297,2.2629156,1.8201752,0.87655544
hsa-mir-320c-1,0.3093355,1.0365757,1.1675304,1.1388748,1.1567416,0.13366923,1.0966692,1.9762591,1.7319195,1.6548998
hsa-mir-320c-2,0.3809687,0.5824714,1.5217819,1.1361414,1.3406514,0.12782843,1.1106228,1.4258906,1.6710286,1.3808006
hsa-mir-320d-1,0.16000539,0.30990613,1.2567881,1.4021529,0.54003036,1.2295126,1.8955786,1.3170518,2.016306,0.6442655
hsa-mir-320d-2,0.595517,0.91220474,0.734266,1.3475134,1.3191211,2.1835651,1.9477152,0.33436516,2.3730054,0.47515026
hsa-mir-323,0.9620791,1.1842947,0.9662551,0.8399507,0.019663505,1.1537923,1.3401641,1.4346963,1.5387503,0.30528012
hsa-mir-324,0.9516755,0.93913305,1.1268995,0.794718,0.6988852,0.0040010107,1.7032939,1.8246813,1.8916074,0.913482
hsa-mir-325,1.0,1.0,1.0,1.0,1.0,1.0,1.0000001,1.0,1.0,0.9999999
hsa-mir-326,2.1264625,0.5472931,0.6507164,1.7494133,0.006313221,0.69457304,1.1514312,2.1766233,1.5594742,1.0467585
hsa-mir-328,0.7551394,1.1777971,0.8688862,0.66375196,0.18754004,0.010353529,0.79144305,1.533807,2.1869833,0.2767114
hsa-mir-329-1,1.4229156,1.3245687,1.1409173,1.676958,0.06868427,1.098567,0.84987867,1.3748622,0.68104094,0.31965363
hsa-mir-329-2,1.1052814,1.0298431,1.2534939,1.5902158,0.61639315,1.6496748,0.7954527,1.2669715,0.9699615,0.7507961
hsa-mir-330,0.81852186,0.620826,0.7791913,0.902128,1.0627302,0.52935934,0.067973636,2.1795115,1.116266,1.6765798
hsa-mir-331,0.83912504,1.2488273,0.65018654,0.86735296,0.5785722,0.017189352,2.0326257,1.8489467,2.1248996,0.45957607
hsa-mir-335,0.5897755,1.2130244,0.8455525,1.0471607,1.4202962,0.45240209,2.0870526,0.000724124,1.2179353,1.365495
hsa-mir-337,1.2135601,1.5132971,1.2577376,1.2845373,0.51055336,1.5151857,1.2003717,1.423559,1.694299,0.65692574
hsa-mir-338,1.0487144,1.3757175,1.0846626,0.775027,0.28134763,1.0860049,2.5508215,0.92523366,0.4860843,1.8111074
hsa-mir-339,0.25618175,1.1087863,0.34974423,1.3887144,0.35115543,0.02087414,2.6537433,1.4165828,2.2964544,0.21998017
hsa-mir-33a,0.8864816,1.0204995,0.38213068,0.76696,0.51365584,0.8628977,2.7248561,1.1406462,1.4531592,0.6061635
hsa-mir-33b,1.1278927,1.1796403,0.34932548,0.38968325,0.29648927,0.90910596,2.332102,1.3166355,1.1370167,0.77400225
hsa-mir-340,1.227187,2.6998103,0.36049342,0.7434131,1.4169154,0.7253463,1.8208385,1.2702723,0.006551599,2.6173081
hsa-mir-342,0.380609,1.8164538,0.48012528,1.201419,0.0749828,0.57343763,0.66061676,3.6165097,1.6014699,0.4405509
hsa-mir-345,1.0203583,1.0433974,0.31827426,0.58895075,0.58653593,0.009822124,2.024284,1.6802034,1.9526315,0.79521674
hsa-mir-346,0.6305238,0.17930003,1.521755,1.2265718,1.3004792,0.8963898,0.26971358,1.2521305,1.1290601,1.9757187
hsa-mir-34a,0.61371535,2.1146004,0.8998443,0.90378726,0.84814453,0.75794375,1.5163982,1.7542983,1.2079504,0.41626877
hsa-mir-34b,0.24546945,1.8959954,2.6174598,0.870313,0.19798903,0.5905748,0.5920487,2.1339474,1.6184283,0.08200724
hsa-mir-34c,0.9449877,1.358186,1.2916447,1.0021205,0.2674299,1.1394229,0.5459293,1.0657897,0.7748922,0.22437043
hsa-mir-361,0.45968524,0.82259,1.0618076,1.4157404,0.59431183,0.46924603,1.8211728,1.1489846,2.3551135,1.2986755
hsa-mir-362,0.011176129,0.836243,0.72790486,0.90870386,0.78705716,0.4897731,2.076457,0.8988602,1.1951543,1.3021642
hsa-mir-363,1.5024263,0.13245678,1.3662403,3.9071944,0.2791073,3.9449413,1.5907863,1.3416123,1.3130378,1.086075
hsa-mir-365-1,0.274474,1.3552507,1.1738218,1.5407842,1.1017354,1.1564445,0.9299149,2.156002,1.3530555,0.75903636
hsa-mir-365-2,0.18340679,1.3262986,1.1288359,1.3646029,1.0392449,1.0724864,0.9799607,2.1033585,1.3383173,0.63134694
hsa-mir-367,1.0,1.0000001,1.0000001,1.0,1.0,0.9999999,1.0,0.9999999,1.0,1.0
hsa-mir-369,0.8129912,1.3530574,0.65627146,1.2633791,0.45497513,1.3211188,1.2751933,1.2826214,1.1556641,0.35501713
hsa-mir-370,1.2079736,1.1751716,1.9851952,0.84383786,0.0069326586,1.3308665,0.65150017,1.2260168,1.8308258,0.7631863
hsa-mir-371,0.33879486,1.1979852,1.2573872,1.0685822,1.24942,1.8534118,1.5042975,0.041995335,0.5870215,0.59178466
hsa-mir-372,0.0014865635,1.1659781,1.3244274,1.7448486,0.9287065,1.7455771,1.9371022,0.002282765,0.42837334,0.924043
hsa-mir-373,0.021480523,1.1300929,1.3180791,1.9541172,0.8909218,2.1217709,2.653672,0.07570342,0.55746937,1.3537567
hsa-mir-374a,0.00012581493,1.394566,0.666634,0.8123314,1.6300942,1.3173934,1.4149473,0.22367445,0.80675477,1.6842314
hsa-mir-374b,0.21173881,0.69343114,0.11933628,1.535481,0.95267546,0.58284175,2.0764463,1.5024625,0.99508005,1.6615864
hsa-mir-375,4.792099,0.0042077103,0.44116396,0.8672603,2.6992035,0.029742133,0.9475077,1.4085451,1.2882006,0.688357
hsa-mir-376a-1,0.79681677,1.6713759,0.14109522,1.3541509,0.7575373,1.6172305,1.8673339,1.1042165,1.1180172,0.035450954
hsa-mir-376a-2,0.86482584,1.2959801,0.68315524,1.1145617,0.70972127,1.0457792,1.1663624,0.93339086,0.83119994,0.51982915
hsa-mir-376b,1.463066,1.9205796,0.21947661,1.2384502,0.3493526,1.1931889,1.7139188,1.056961,0.945262,0.5465177
hsa-mir-376c,0.90131706,1.6153474,0.6004726,1.2451178,0.7275848,1.2848972,1.2016418,1.0457598,0.9140218,0.49938518
hsa-mir-377,0.9752423,1.7296999,1.1893601,1.502274,0.22050609,0.7573133,0.91070056,1.7093555,1.3220984,0.06660761
hsa-mir-378,1.9610679,0.0009709183,0.17202494,1.4866446,0.7862197,0.05571922,2.9439347,1.8334669,2.5935993,2.3246324
hsa-mir-379,1.1016912,2.1341758,1.2232392,1.6840129,0.6904997,1.8491623,0.74033356,1.2191249,1.3147899,1.0946048
hsa-mir-380,1.0985531,1.1071362,0.9282909,1.2576164,0.7749272,1.5132809,0.2140538,0.5502399,0.8877742,0.8645426
hsa-mir-381,1.3290617,2.2772977,0.8130957,1.2560964,0.3440016,0.98476857,0.6054314,1.0194002,1.2349808,1.0713096
hsa-mir-382,1.0413435,1.6771071,1.9115491,1.2697723,0.008992862,0.78734076,0.065704584,0.97173595,1.6313305,0.4135436
hsa-mir-383,0.14404806,0.08754053,1.3100429,2.1453779,0.8860042,2.8289518,1.5042974,0.5765046,1.1989183,0.93347377
hsa-mir-384,1.0,1.0,1.0000001,1.0000001,1.0,1.0000001,1.0,1.0,1.0,1.0
hsa-mir-409,0.8424625,1.3930331,1.158476,1.0391618,0.120619535,0.77425665,0.5487106,1.047322,1.3857616,0.04786978
hsa-mir-410,1.1305227,0.9805048,1.5447321,1.2674253,0.4331623,1.4609501,0.1988628,1.0795696,1.1693523,0.7225375
hsa-mir-411,1.0484332,2.0267498,1.0226246,1.2671875,0.84630513,1.4418955,1.17564,0.92938894,1.0021551,0.54343873
hsa-mir-412,0.91520137,0.99904084,1.335638,2.2818587,0.060682684,1.9855292,0.4452132,1.8662034,0.7885372,1.3802443
hsa-mir-421,0.122278534,0.009916205,0.35117662,1.2966607,1.2949127,1.1330057,2.553124,0.48664165,1.6000241,2.390788
hsa-mir-422a,1.4800442,1.477352,0.56991166,0.5242162,1.5392148,0.6341762,1.8539466,0.7754424,1.2654154,1.2166586
hsa-mir-423,0.93014157,1.078245,1.0784193,1.4380322,0.41552734,0.003187238,2.4401147,1.7120173,2.368639,1.2459522
hsa-mir-424,0.23662364,1.4446661,0.28820333,1.0260011,0.36034182,1.3154583,2.144147,0.8353561,1.4883884,0.09223558
hsa-mir-425,1.2132803,0.8470892,0.0008389229,1.5711718,0.87712955,0.39883173,2.4822323,1.4206018,1.7458237,1.0433109
hsa-mir-429,0.94760656,0.81280655,0.7168917,0.87626636,1.1697177,0.6991351,1.7295747,0.78085536,0.8671758,1.0103153
hsa-mir-431,0.8954177,0.75015736,1.0227399,1.103416,0.84692013,1.0706447,0.8307256,0.92688674,0.9431651,0.7792755
hsa-mir-432,1.1418681,1.3856063,2.1694994,1.1038971,0.11201305,1.1645302,0.4147526,1.4149407,1.7495086,0.5120116
hsa-mir-433,1.5366013,1.3202583,1.9626322,1.4241414,0.7658813,1.7490022,0.6913473,1.614879,1.1437073,0.4254096
hsa-mir-448,1.7691042,1.2006959,1.1112633,1.0038744,1.2029164,1.263987,1.4458784,0.94133574,0.7472394,0.7946243
hsa-mir-449a,1.5235574,2.373518,0.70333093,1.0513169,1.5532314,0.880898,0.8979204,0.23710911,0.21332204,0.47187766
hsa-mir-449b,1.3826053,1.8023711,0.57719165,1.5728737,1.5294362,1.441113,0.30467036,0.54815394,0.8266501,0.89548385
hsa-mir-450a-1,0.8098232,1.6844236,0.54676807,1.1358334,0.02935129,1.4038002,2.0077434,1.3794333,1.7108169,1.4772078
hsa-mir-450a-2,0.8976095,1.3936285,0.48118943,0.7124485,0.09508446,0.8546025,1.7861913,1.1867181,1.5441828,1.0746944
hsa-mir-450b,0.25638407,1.9102318,1.1681567,0.1240024,0.8414199,0.84949857,1.6171726,0.42005664,1.136384,1.1238536
hsa-mir-451,0.5201452,1.0592993,1.131924,0.83353,0.4227019,0.2953261,1.7305256,1.0467342,1.1511482,1.7293564
hsa-mir-452,0.04171913,1.889385,0.8320364,1.3390645,0.32904476,0.7993249,1.9778097,0.15173675,1.0712137,1.6748426
hsa-mir-453,0.22825378,1.2741238,2.3402648,1.2112293,0.11847559,2.0808227,1.4933516,1.294023,1.0244719,1.1575177
hsa-mir-454,0.07572905,1.4929852,0.3989376,0.9941333,1.1022062,0.61067754,2.334085,0.8100044,1.145505,1.0897484
hsa-mir-455,1.2053909,1.7991529,0.5063935,0.25573593,0.32512838,0.0010059911,1.7085497,1.1565611,2.7176974,0.8058442
hsa-mir-483,0.0011667269,0.0025623138,0.84805983,1.4360003,1.0151578,1.481658,1.3095385,0.5447678,1.137995,0.85248154
hsa-mir-484,0.7990814,1.0728501,0.10253492,1.3020345,0.3796478,0.009913969,2.2242901,2.033911,1.6845219,1.0832574
hsa-mir-485,1.041739,1.3836882,1.3421264,1.439342,0.29201582,1.0987012,0.54285663,1.3795786,1.3583455,0.54549867
hsa-mir-486,0.20763554,1.8318487,0.2921296,1.0363741,1.5964644,0.1507838,1.0245625,4.2869086,2.3230743,2.497394
hsa-mir-487a,1.1365916,1.212019,0.66126144,1.391669,0.240204,1.4449617,1.126906,1.3622627,1.9598511,0.6996108
hsa-mir-487b,1.0572813,1.5946634,1.1909235,1.293475,0.49414474,1.2170033,0.97981185,1.4788756,1.3382201,0.2156121
hsa-mir-488,1.753458,0.46406543,0.25611895,0.43570077,1.0484947,1.8935735,0.20595478,1.417508,1.5134267,1.2523743
hsa-mir-489,0.9430543,0.70346135,0.6102755,0.69716513,0.79729885,1.1895807,1.2741082,0.7026342,0.4699742,0.037378978
hsa-mir-490,1.1121976,0.0064438283,1.7314794,2.4980412,0.21009023,3.073412,1.0041437,0.9470617,0.8671732,0.27440724
hsa-mir-491,0.8993537,0.2119878,0.4265239,1.4295725,0.90307844,0.26229215,1.545257,0.7854542,1.5906179,0.8653469
hsa-mir-492,0.8891743,1.1704819,0.34402218,0.9220649,1.7610118,0.33973795,1.5060325,1.0208907,0.5551133,0.58677673
hsa-mir-493,1.1968794,2.2935214,1.4192129,1.383303,0.73418415,1.314074,0.7023617,0.9556357,1.2022532,0.3825721
hsa-mir-494,0.9483461,1.2161393,0.5241466,1.4359798,0.50234336,1.1812859,1.0993326,1.4513063,0.77830875,0.35320947
hsa-mir-495,1.0367008,1.9549241,1.116735,1.4575003,0.85229003,1.360154,1.0703835,1.1327778,1.047977,0.44312114
hsa-mir-496,1.4634696,1.9526031,1.1034887,0.9111747,0.33776742,0.9880202,0.20703125,1.2152438,0.9659108,1.1991214
hsa-mir-497,1.9492058,1.6630534,1.3395617,1.6430215,0.0055295965,2.056881,0.72643584,1.8511312,2.0535016,0.37366372
hsa-mir-498,0.4826631,2.2396631,1.2761732,2.3509896,0.5980266,0.37488115,1.0759768,0.29775634,1.1707654,2.8875978
hsa-mir-499,0.08877456,0.78922194,1.1675944,1.0733325,1.6431352,0.8348714,1.7657622,0.29560417,1.5468023,0.30169716
hsa-mir-500,0.042059742,0.2617075,1.0194824,0.9538086,1.1300964,0.0159109,2.6245253,1.0222089,2.1440523,2.4284222
hsa-mir-501,0.1195882,0.24626297,0.862527,0.8749116,1.118209,0.0026294803,1.8318248,1.2194157,1.7983146,1.6860939
hsa-mir-502,1.0123874,1.1325915,0.019388588,0.9865043,0.018372249,0.032117248,2.2892776,1.3045532,2.3915021,0.77056086
hsa-mir-503,0.90570927,1.4628067,1.1391755,0.46719667,0.31017226,1.624879,2.3864384,0.52175164,1.9889942,0.9262362
hsa-mir-504,0.81105036,0.14781317,0.41930497,1.1586343,0.9502864,1.2804464,1.528933,0.7706823,1.4815406,0.017696278
hsa-mir-505,0.15483628,0.80362684,0.266249,0.86705494,0.8643088,0.039987963,1.5672811,1.6135256,1.1412368,1.0917249
hsa-mir-506,1.1558899,0.3275906,0.019579114,0.9061418,1.4517409,1.1123751,0.9729846,0.8786708,1.1427499,1.4698987
hsa-mir-507,1.4404788,1.3377072,0.27126187,1.2981052,1.9874662,0.30828798,1.6756567,0.5732298,0.38193855,0.4788906
hsa-mir-508,1.4918259,0.7960601,0.58081096,0.97210217,1.3767488,1.1357374,1.0982307,0.68549764,0.9537602,1.4286587
hsa-mir-509-1,1.4594892,0.49612033,0.1689185,0.8850272,1.4316051,1.176891,0.95976585,0.7407717,1.2359264,1.6210935
hsa-mir-509-2,1.6067684,0.4619111,0.19651215,1.1143116,1.6834522,1.3481668,1.2202818,0.9937631,1.5115823,1.760107
hsa-mir-509-3,1.4314898,0.6031231,0.14522098,0.8580084,1.4493221,1.1290838,0.94254696,0.7370639,1.1370939,1.613155
hsa-mir-510,0.3811838,0.35652575,0.4714344,1.2930015,1.2207855,1.1521314,1.1525797,1.5576416,0.9491263,2.0137985
hsa-mir-511-1,0.41560328,4.4335456,0.7414139,0.61353356,0.02084308,0.65351427,0.12123471,3.0557892,0.059187703,1.6331034
hsa-mir-511-2,0.1575658,2.7727687,1.1789055,1.4970422,0.04762331,1.9118888,0.22740477,2.4421725,1.0588309,1.1023566
hsa-mir-512-1,1.4814347,1.2844156,0.07502754,1.2001722,0.26544818,0.46878996,1.9510576,1.3915311,2.2383313,0.88998383
hsa-mir-512-2,1.5346311,1.9935015,1.4542074,0.82056385,0.06476176,1.435906,0.57443047,1.2210425,1.3419207,0.39857537
hsa-mir-513a-1,0.8512399,1.4251056,0.6441463,0.6848541,0.9020342,1.1531773,1.2837535,0.7182864,0.61864305,1.9209182
hsa-mir-513a-2,1.7300154,0.67622304,0.10541352,1.5566756,1.5696234,1.450133,1.4713271,0.7376576,1.9435979,1.4434139
hsa-mir-513b,1.397558,1.5158242,0.30743507,0.94434416,1.8952639,0.3705797,1.7523078,1.0888988,0.6847658,0.86080307
hsa-mir-513c,1.7314513,2.196137,0.09027652,1.5403123,2.074855,0.123414576,1.3631979,0.94767225,1.3039956,1.7270951
hsa-mir-514-1,1.4318007,0.7244614,0.6104477,0.912731,1.2455717,1.0834903,0.9683841,0.6945247,0.78522885,1.3877549
hsa-mir-514-2,1.2709713,0.6774572,0.55966675,0.82139117,1.1208409,0.96853805,0.8844791,0.6205708,0.6961696,1.2338849
hsa-mir-514-3,1.2811188,0.61551374,0.50360286,0.7867666,1.0755495,0.91748565,0.8373181,0.57909477,0.7122682,1.1648176
hsa-mir-515-1,0.7660796,1.326577,1.7309222,1.3327907,1.0241021,1.1042314,0.96951157,1.1160696,1.1848872,0.10121677
hsa-mir-515-2,0.8534455,1.380742,1.3690304,1.4333217,1.1447477,0.24262047,1.3308434,1.3643914,1.2638854,0.23837785
hsa-mir-516a-1,1.5838456,1.0019574,1.683937,1.8091718,1.7767149,1.46604,0.99043065,0.64828366,0.7822267,0.029903367
hsa-mir-516a-2,0.063272394,0.14445616,1.8497055,1.397873,1.027634,1.5095788,0.10752856,1.5944234,1.2702858,0.7080529
hsa-mir-516b-1,1.1882915,1.1135584,1.4096224,0.9618154,1.1269605,2.0445695,1.2835854,1.297316,1.3553641,0.3281511
hsa-mir-516b-2,1.1588713,1.2185714,1.0108395,0.16569617,1.0967457,1.9374945,1.9925176,1.5295962,1.1835139,0.5237766
hsa-mir-517a,1.4827379,0.58669794,1.1384888,1.1798351,0.6488438,1.7833729,1.4462003,1.0403701,1.4586424,0.032472987
hsa-mir-517b,1.5115077,0.5678337,1.1503726,1.1864859,0.66994,1.7820927,1.4918997,1.0659317,1.4975035,0.034540597
hsa-mir-517c,0.19666943,0.85489285,0.38524088,1.3472347,0.5810704,1.7924201,0.62901515,2.3717468,2.4573095,0.47126585
hsa-mir-518a-1,1.702875,2.3354862,1.1777126,1.055544,1.7771189,1.4739299,1.5553117,0.04611939,1.3619086,0.49100146
hsa-mir-518a-2,0.50268036,0.26949376,0.8369559,1.907812,0.47711208,1.5753218,1.8281386,1.1811337,1.1134266,0.44497642
hsa-mir-518b,1.2336844,0.75435317,1.0444113,0.789019,0.7928972,1.8788596,1.1872617,1.2092663,1.8762527,0.027603207
hsa-mir-518c,1.8316613,0.80592614,0.09104316,0.92068356,0.16858497,1.0043105,2.04367,1.1777177,1.9848824,0.5409112
hsa-mir-518d,1.0,1.0,1.0,1.0,1.0000001,1.0,1.0,1.0,1.0,0.9999999
hsa-mir-518e,1.8682511,0.04639738,1.3200383,0.54959905,1.4892191,1.6055901,1.5801243,2.317005,1.2459842,0.3090053
hsa-mir-518f,1.1040206,0.6264163,0.20508416,0.71711266,0.26231107,0.89910704,1.8458486,1.0526152,1.4784453,0.580951
hsa-mir-519a-1,3.1287913,3.0856154,1.0475619,0.14306237,1.0517972,1.794644,0.22773314,0.8336328,0.7610348,0.5143305
hsa-mir-519a-2,0.26130608,0.20771128,1.5896151,1.0899771,0.79642165,2.2209237,1.7907783,1.194699,3.7639077,0.094032146
hsa-mir-519b,0.9868002,2.2204025,1.2656484,1.2011824,0.80917627,0.60772616,1.3564907,0.32134703,0.35167813,2.2301185
hsa-mir-519c,1.0731461,1.5574517,1.4783454,1.6472757,1.797583,1.4976549,1.4968032,0.17417966,0.68616956,0.1149891
hsa-mir-519d,1.0096047,1.5355371,1.3959794,0.9733838,1.2201611,0.14637448,1.0085816,1.7496485,1.0490711,0.36013278
hsa-mir-519e,1.1842273,2.9455914,0.61385363,0.640386,1.6160613,2.0362415,0.720881,1.1377083,0.3102016,1.2888705
hsa-mir-520a,1.616502,0.51960146,1.3767492,0.631922,0.61929256,1.9910954,1.365584,1.6242319,2.3651712,0.054750048
hsa-mir-520b,1.9517261,1.3309045,1.5882316,0.6897089,0.051495116,0.78358686,1.5864466,0.97449106,2.99735,0.46299356
hsa-mir-520c,0.51685494,1.5503907,1.966584,0.21595034,1.0608197,0.95516276,1.4298633,0.5399394,0.7415671,1.6638535
hsa-mir-520d,1.7487795,1.8090538,0.8439471,1.5093808,1.2785087,1.6587434,0.48014772,0.2901124,1.3940511,0.21621732
hsa-mir-520e,2.1097424,1.1374342,1.5050695,0.20792948,0.820492,2.39643,0.8898304,0.6034142,2.8830156,0.29939288
hsa-mir-520f,1.3798351,2.9634848,1.3225082,0.86840296,1.8459284,1.3459451,1.2372957,1.0002707,0.27456528,0.23661402
hsa-mir-520g,0.31690648,2.5827503,2.2506878,1.5873246,0.22366065,1.8171586,0.2797847,0.77040964,2.943885,0.58768296
hsa-mir-520h,0.68252003,2.4604468,1.7200537,1.9272292,0.5241587,1.8351357,0.44222152,0.22933336,2.3621294,0.52339697
hsa-mir-521-1,1.8695432,0.82938784,1.5339998,0.869185,0.20275286,1.8261397,2.9917755,0.41801336,0.6778146,0.40285048
hsa-mir-521-2,1.3780011,1.8963287,0.6805754,1.3936999,0.51231587,0.4511069,1.917977,0.3758121,1.8920999,1.152061
hsa-mir-522,1.928304,0.7602203,1.4785974,1.2581047,0.67335206,1.9704064,0.77180815,1.2921176,0.97219974,0.09319013
hsa-mir-523,1.4001517,1.6186349,0.7838776,1.4592586,1.2680041,1.4064822,0.8402133,1.0255121,2.0763578,0.37498167
hsa-mir-524,0.58426327,1.3482472,1.5883528,1.2008234,1.4406875,1.3260226,1.8832387,0.6231363,0.55503935,0.38007092
hsa-mir-525,1.4035292,0.29715234,1.3564792,1.1703227,1.38789,1.4901193,1.3040223,0.96514493,1.4231136,0.025679966
hsa-mir-526a-1,1.0,1.0,1.0,1.0,1.0,1.0,1.0,1.0,1.0,1.0
hsa-mir-526a-2,0.9999999,1.0,1.0,1.0,1.0,1.0,1.0,1.0000001,1.0000001,1.0
hsa-mir-526b,3.1773095,2.3859792,0.46429327,0.25441128,0.19085872,2.0515184,1.591687,0.75656897,2.6617532,0.14046897
hsa-mir-527,0.9847797,1.6282464,1.2280769,1.4624857,1.2306291,1.359822,0.40785536,1.2922391,1.7596924,0.07778725
hsa-mir-532,0.5773533,1.3931412,1.7187829,0.83562684,0.7396465,0.4959317,2.9366622,0.00016395454,2.5580924,2.016255
hsa-mir-539,1.3287343,1.4301349,1.1076663,0.5976307,0.01949042,0.7362595,1.5962353,0.80285084,1.9399717,0.77482635
hsa-mir-541,1.3026947,0.5221388,1.4961789,1.6364816,0.37272695,1.8675462,0.65503573,1.279167,0.9020582,1.1545297
hsa-mir-542,0.18593273,2.2141209,1.3678975,0.06043161,1.0960761,0.84217525,1.6786942,0.48810554,1.2169361,1.2078074
hsa-mir-543,0.50617945,1.7763733,0.8112283,1.8849586,0.2881476,1.246749,0.9921174,1.2763252,1.1909094,0.933431
hsa-mir-544,1.1736546,1.7173107,1.2230467,0.53954655,0.6912406,2.0053995,1.6956639,1.0134748,0.6941187,0.58890164
hsa-mir-545,0.8204984,1.196395,0.58346987,0.07708931,0.26691785,0.69678605,3.7124388,1.2847129,1.8049664,2.1913035
hsa-mir-548a-1,1.0,1.0,1.0,1.0,1.0,1.0,1.0,1.0,1.0,1.0
hsa-mir-548a-2,1.0,1.0,1.0,1.0000001,1.0,1.0,1.0,1.0,1.0,0.9999999
hsa-mir-548a-3,1.4577364,1.2703928,0.35165638,0.36085388,1.4934334,0.09310871,2.2230988,1.5133557,2.1150074,1.6213014
hsa-mir-548b,0.5435351,1.4684737,0.35161972,2.9115715,0.17824864,0.45696297,1.612517,3.2399356,2.6823747,0.08899156
hsa-mir-548c,1.0,1.0,1.0,1.0,0.9999999,1.0,1.0,0.9999999,1.0,1.0
hsa-mir-548d-1,0.5252552,1.1187729,0.5047973,1.0787531,0.5599978,0.056730792,2.0311975,1.0664121,1.1720465,1.2466984
hsa-mir-548d-2,0.92049974,1.2342584,0.6945048,1.0896677,1.6416804,1.717795,2.6681564,1.0354534,0.9970503,1.6049168
hsa-mir-548e,1.4841225,2.0073678,0.47916982,0.4855167,1.9625582,0.110084265,2.0294197,1.0954726,1.0240601,2.0761676
hsa-mir-548f-1,0.0077826832,0.55205685,1.2576941,2.6021755,0.610622,1.1023259,2.9011807,0.17306788,1.0214626,1.1788428
hsa-mir-548f-2,1.0,1.0,1.0,1.0,1.0,1.0,1.0,1.0,1.0,1.0000001
hsa-mir-548f-3,1.0000001,1.0,1.0,1.0,1.0,0.9999999,0.9999999,1.0,0.9999999,1.0
hsa-mir-548f-4,0.077866316,1.0483783,1.4912355,0.8742829,1.363533,0.60578173,2.681125,0.6855373,0.86521304,1.3772795
hsa-mir-548f-5,0.81915396,2.481553,0.9106978,0.7551407,1.9348496,0.4072647,1.4178115,0.74004203,0.5280093,1.1394576
hsa-mir-548g,1.0,1.0,1.0,1.0,1.0,0.9999999,1.0000001,1.0,1.0,1.0
hsa-mir-548h-1,0.9999999,0.9999999,1.0,1.0,1.0,1.0,1.0,1.0,1.0,1.0
hsa-mir-548h-2,1.0,1.0,1.0,1.0,1.0000001,1.0000001,1.0,1.0,0.9999999,1.0
hsa-mir-548h-3,1.0,1.0,1.0,1.0,1.0000001,1.0,0.9999999,1.0,1.0,1.0
hsa-mir-548h-4,0.9999999,1.0000001,0.9999999,1.0,0.9999999,0.9999999,1.0,1.0,0.9999999,1.0
hsa-mir-548i-1,1.0,1.0,1.0,1.0,1.0000001,1.0,1.0,0.9999999,1.0,1.0000001
hsa-mir-548i-2,1.0,1.0000001,1.0,1.0000001,1.0000001,0.9999999,1.0,1.0,1.0,1.0
hsa-mir-548i-3,1.0,1.0,1.0,1.0000001,0.9999999,1.0,1.0,1.0000001,1.0000001,1.0
hsa-mir-548i-4,1.0,1.0,0.9999999,1.0,1.0,1.0000001,1.0,1.0,1.0,1.0
hsa-mir-548j,0.49100506,0.92940825,1.2685044,1.1380395,1.3874488,0.45122093,0.5059033,0.85455894,1.3948951,1.0540078
hsa-mir-548k,1.0852053,2.0927923,0.5115375,0.7232636,1.00649,0.9019889,2.7739544,0.6572643,0.33378065,2.042047
hsa-mir-548l,0.29638237,1.0370256,1.044194,1.0630146,0.76188546,0.5385597,1.1266038,0.6571572,1.4371243,0.9728825
hsa-mir-548m,1.0,1.0,0.9999999,1.0,1.0,1.0,1.0,0.9999999,1.0,1.0
hsa-mir-548n,1.1453552,0.4171561,0.8609327,1.0795962,1.202589,1.6831715,0.9238429,0.19020887,1.1362376,1.6462073
hsa-mir-548o,0.9778119,2.1426897,1.1902162,1.1196154,0.07345153,0.39143398,2.3644855,0.48881304,2.2637753,2.0398762
hsa-mir-548p,0.77807504,1.5118362,0.7713129,0.77338827,1.3896548,0.6337028,1.5771463,0.9970759,0.65390706,1.5915128
hsa-mir-549,0.2578726,0.9977915,0.8160351,0.11373291,2.2257922,1.0051986,1.6180704,1.6693903,0.18798043,5.699704
hsa-mir-550-1,1.7510747,0.4883461,0.039004102,1.6491596,0.17803663,0.03302414,2.875177,1.3428459,3.2823358,1.0816094
hsa-mir-550-2,1.0539502,1.3097148,0.010404365,2.0258424,0.6731367,0.6487327,2.1173,1.0803206,2.4484625,0.95369077
hsa-mir-551a,0.47170454,0.8940637,0.3617614,0.7334145,0.83437485,0.13506725,1.0273198,2.1005363,1.1005908,2.0918036
hsa-mir-551b,1.2393892,1.663408,0.073697075,0.66686934,0.40985894,0.10752199,2.356293,1.9717721,1.2332596,0.22050744
hsa-mir-552,0.4896955,0.7388999,0.8960503,1.5169141,0.9015143,1.1418184,1.9195487,0.0017952648,1.317488,1.117338
hsa-mir-553,1.0,1.0,1.0000001,0.9999999,0.9999999,1.0,1.0,1.0,1.0,0.9999999
hsa-mir-554,0.46880972,0.57510686,0.33806822,1.3113273,1.4287734,1.0427889,1.5651788,1.3617697,0.9368295,1.3656601
hsa-mir-555,0.9285903,1.187686,0.5908244,1.2431567,1.3481904,1.4925132,1.8004389,1.5246803,1.4961737,1.3436434
hsa-mir-556,0.7272785,0.9417118,0.056108598,1.1146125,1.0669487,0.2037168,2.1801853,1.4091865,0.828895,0.88886076
hsa-mir-557,0.9999999,1.0000001,1.0000001,1.0000001,1.0,1.0,1.0,1.0,1.0,1.0
hsa-mir-558,0.6971369,0.19988307,0.38921112,2.284746,0.2301813,0.70115304,2.2747917,1.9609017,0.7611959,2.4455848
hsa-mir-559,0.31789356,1.0870415,0.9401829,1.2089835,0.80819166,0.5511176,3.0749676,0.14684017,0.78502196,1.9850407
hsa-mir-561,0.23947419,1.6158782,2.4228764,1.5587474,0.3259469,0.10966056,1.7371653,0.6305369,0.08029325,2.3197176
hsa-mir-562,1.0,0.9999999,1.0,1.0,1.0000001,1.0,1.0000001,1.0,1.0,1.0
hsa-mir-563,1.0,1.0,1.0000001,1.0,1.0000001,1.0,1.0,1.0,1.0,1.0
hsa-mir-564,1.0269948,2.2661877,0.28431392,1.0390309,1.1191262,0.8669402,2.3357112,0.24605712,1.3213303,1.2133962
hsa-mir-566,1.0,1.0,1.0,1.0,0.9999999,1.0,1.0000001,1.0,1.0,1.0
hsa-mir-567,0.63787353,1.4035944,0.77208847,1.3630043,2.1483543,1.5360751,1.3294452,0.42334807,0.12107384,1.3396263
hsa-mir-568,1.0,0.9999999,1.0,1.0,0.9999999,1.0000001,1.0,1.0,1.0,1.0000001
hsa-mir-569,1.0,1.0,1.0,0.9999999,1.0000001,1.0,0.9999999,0.9999999,0.9999999,1.0
hsa-mir-570,1.4064872,1.6367161,0.039485358,0.944751,0.84818727,0.90238154,3.2807293,1.1091737,1.6535559,1.3659383
hsa-mir-571,1.0,1.0000001,1.0,1.0,1.0000001,1.0,1.0,1.0000001,1.0,0.9999999
hsa-mir-572,0.6790585,1.1344193,0.66179067,0.9784158,1.261951,0.9113949,1.810705,0.8688485,0.6014208,0.95619327
hsa-mir-573,0.61409163,1.927685,0.6878341,0.9079081,0.051271744,0.6766756,1.8486485,1.4129901,1.1214542,1.7949779
hsa-mir-574,1.2157168,1.0848962,1.1506633,1.3374295,1.0056303,0.28564888,0.94363725,1.6437676,1.1896675,0.017643498
hsa-mir-575,1.0000001,1.0000001,0.9999999,1.0000001,0.9999999,0.9999999,1.0,0.9999999,1.0,1.0000001
hsa-mir-576,1.1523426,1.8737411,0.246804,0.6115462,1.2899975,0.06933631,1.9427952,1.0088578,1.1668679,2.4915001
hsa-mir-577,1.7361871,1.735924,1.0174294,0.24194504,1.7872995,0.040284302,1.865425,1.0424569,1.0654083,2.1673117
hsa-mir-578,1.0347736,1.2441719,0.91238505,0.97786504,1.8342239,1.6370242,1.1786288,0.22189343,0.9717046,1.0671481
hsa-mir-579,0.08018556,1.5102739,0.14274637,0.9495883,0.9925841,0.33454153,3.194994,1.076989,2.861175,2.2646954
hsa-mir-580,0.85245776,2.7629275,0.8784334,0.7760786,0.29694527,0.099202774,1.3022041,0.6751797,1.9394606,1.7747804
hsa-mir-581,0.67893624,0.7265391,1.5946167,0.70235807,1.1780351,0.7974005,1.9208306,0.0462156,0.6755166,1.6801741
hsa-mir-582,0.7949257,1.4535054,0.88791746,1.1371057,1.6703031,0.48209402,1.5011929,2.2216969,1.2942568,1.7720534
hsa-mir-583,1.0,0.9999999,1.0,1.0,1.0,1.0,0.9999999,1.0,0.9999999,1.0
hsa-mir-584,0.00048377638,1.1298689,1.4531622,0.9971895,2.308331,0.0002794352,1.0847793,0.8904614,0.30455285,1.8147848
hsa-mir-585,0.4796253,0.61117375,1.161625,7.4737163,1.3340478,2.0208883,0.30232605,4.3731265,0.483295,0.38226178
hsa-mir-586,0.9863122,2.3797119,1.2347367,0.3909766,0.9337336,1.8711079,1.6810143,0.9752856,0.3958421,0.8009253
hsa-mir-587,0.9999999,1.0000001,1.0,1.0,1.0,0.9999999,1.0,1.0,1.0,0.9999999
hsa-mir-588,0.9722962,1.1546901,0.10706489,0.7212395,1.3191905,0.49323902,1.2224857,1.3755484,1.0487764,1.7028186
hsa-mir-589,1.6248682,1.0321403,0.29325935,1.5766549,0.76679814,0.0031512282,1.5600884,1.9125537,1.8157196,2.067576
hsa-mir-590,0.89070845,2.241433,0.0066907774,0.9140905,0.9738882,0.11618495,2.6799858,1.5647147,1.5183413,1.285613
hsa-mir-591,1.8221035,0.82219344,0.920901,1.1598467,0.81461287,1.5288696,1.1370772,0.8123149,1.0276161,1.1202505
hsa-mir-592,0.76205176,0.46288794,0.7963973,0.7299766,0.4350791,0.7423581,2.5046356,0.0033569657,1.1639894,0.87430406
hsa-mir-593,1.0,1.0,1.0000001,1.0,1.0,1.0,1.0,1.0,1.0,0.9999999
hsa-mir-595,0.9999999,0.9999999,1.0,1.0,1.0000001,1.0,1.0,0.9999999,1.0,1.0
hsa-mir-596,1.2975549,0.76234895,1.3349005,0.38206077,2.4395552,2.162834,0.18736847,0.6902066,0.676124,1.1685597
hsa-mir-597,1.1141447,1.3318357,0.52980256,0.4415319,1.1162074,1.244982,2.473273,0.51037794,0.32736346,1.7822559
hsa-mir-598,1.5292786,0.8324131,0.782225,1.0079757,1.3058805,0.2931098,1.8466693,1.3128415,1.4329087,1.5788579
hsa-mir-599,3.1460617,0.7604853,2.2142112,1.5663726,1.7427604,2.0618281,1.2461967,1.1921761,0.69627815,0.59402955
hsa-mir-600,0.60692203,1.4645841,0.59880435,0.75593895,1.8716063,0.6638649,2.0751803,1.0566913,1.2280362,0.642294
hsa-mir-601,0.6447765,0.87983114,2.0843475,1.2777889,0.82305765,1.9385198,1.0999571,0.8019041,0.83607167,0.66460854
hsa-mir-602,0.5075607,1.0287497,1.027605,1.6345901,0.62168914,0.3257927,2.612803,0.9335661,1.1736282,1.405173
hsa-mir-603,0.55175966,1.3674227,1.1833789,0.7683726,0.8004924,0.5347774,1.8365123,0.75858456,0.93415457,1.0803199
hsa-mir-604,0.5266809,1.0946203,0.6679558,1.0584457,1.0371901,0.809406,1.4652305,1.5343605,1.1440759,1.1608233
hsa-mir-605,0.66588587,0.22113907,0.7350596,1.7360255,0.61240256,1.0047046,1.8841484,0.8809648,1.9295293,0.8842157
hsa-mir-606,1.0,1.0,1.0000001,1.0,1.0000001,0.9999999,1.0,1.0,1.0,1.0
hsa-mir-607,1.0083939,1.3365571,0.4988841,1.3084581,0.32135126,0.987601,2.0335956,1.081661,0.26634744,1.5665439
hsa-mir-608,1.0000001,1.0,0.9999999,1.0,1.0,1.0,1.0000001,1.0000001,1.0,1.0
hsa-mir-609,0.80198216,1.4776692,1.5479362,0.45781866,1.3239985,1.0662613,1.0649984,0.9332263,1.5647075,0.7379784
hsa-mir-610,0.76909184,2.2155585,0.8343063,0.31318066,1.1503662,0.6884456,1.919755,1.036791,0.45841956,1.7433207
hsa-mir-611,0.9157687,0.9881986,0.81668097,0.9365296,0.9838154,1.5214199,1.49792,0.68538946,1.0710757,0.12904918
hsa-mir-612,0.6541385,2.4240725,0.8889608,1.0464611,1.0323262,0.2238878,1.6190525,1.1249747,0.12217429,0.9137286
hsa-mir-613,0.73739296,0.89016575,0.8158803,1.6079013,0.8904813,1.8891894,1.0198268,0.814965,1.0328624,0.984173
hsa-mir-614,0.5337573,1.6289967,0.38392857,1.3300905,1.589402,0.50074464,1.5107327,1.5532367,0.3001312,1.1450244
hsa-mir-615,1.011485,0.052174993,2.5283103,0.19890912,2.4093442,0.3097155,0.04846219,3.418302,1.4764552,0.93256766
hsa-mir-616,0.9175617,1.4109583,1.1872298,0.23219909,0.9435869,0.013568471,1.6834395,1.3632772,1.7670048,1.4251205
hsa-mir-617,0.97933376,1.2464545,0.9516212,0.8854517,0.7313677,0.9447283,1.1682147,1.1931057,0.9761564,1.0153756
hsa-mir-618,0.16146694,1.1571746,0.58991915,1.4197417,1.6508598,0.032369576,1.7165529,1.5473222,1.0616288,0.6135923
hsa-mir-619,1.4753785,1.428212,0.93011093,1.1571362,1.7272444,1.1194865,1.0938087,1.0067419,0.22076187,1.0950212
hsa-mir-620,0.9999999,1.0,1.0,1.0,1.0,0.9999999,1.0,0.9999999,0.9999999,1.0
hsa-mir-621,0.5200199,2.6704853,0.56119484,0.53419226,1.6612945,1.4031655,2.5037642,0.56067115,1.0907778,0.5732167
hsa-mir-622,0.4439158,2.2101765,0.7713349,1.4728081,1.4276007,0.8600549,2.2244642,1.192591,0.13321654,2.057949
hsa-mir-623,0.73286176,1.0269023,1.1016735,0.8217856,1.0959294,1.4921616,1.7585949,0.8212225,0.7242923,0.949011
hsa-mir-624,1.4475552,1.3301804,0.3213983,1.0125744,0.619393,0.03366335,1.5090642,1.7401493,0.8762705,1.3805634
hsa-mir-625,1.7349137,0.6902706,0.8941733,1.3526727,0.9108038,0.00028946996,1.0953084,2.3521352,1.0190399,2.3465023
hsa-mir-626,1.0000001,1.0000001,1.0,1.0000001,1.0,1.0000001,0.9999999,1.0,1.0,0.9999999
hsa-mir-627,0.20924228,0.8111607,0.31760174,1.0328997,0.9173163,0.79856735,1.5450392,1.2664161,0.87816817,1.0686907
hsa-mir-628,0.20672984,1.8623348,0.37705126,0.19218186,1.8022152,0.44946313,0.19812487,1.6991708,1.2737193,2.1825023
hsa-mir-629,0.5305478,1.2324485,0.9537221,1.1532046,1.7517945,0.00078598835,1.4198204,1.7876929,1.4207951,1.8543458
hsa-mir-630,2.9686918,1.0602001,0.63901776,1.06151,0.3595793,1.5855544,0.82254374,0.729548,1.1299993,1.3443537
hsa-mir-631,0.862744,1.6774316,1.6207446,0.93477094,1.2041981,0.22371402,1.7955954,1.3363595,1.3344772,0.21090834
hsa-mir-632,1.4787403,0.7378703,1.2001989,0.4940643,0.46478742,1.1374679,1.8858137,0.7131274,2.2983177,1.300413
hsa-mir-633,1.0,1.0,0.9999999,1.0,0.9999999,1.0,1.0,1.0,1.0000001,1.0
hsa-mir-634,0.9999999,1.0,1.0,1.0,1.0,1.0,1.0,1.0,1.0000001,1.0
hsa-mir-635,1.4139811,1.5417105,1.1293037,0.43643978,1.4414393,1.0226012,1.6485232,0.74037737,1.4693261,0.49984527
hsa-mir-636,0.920544,0.22089127,0.4741946,1.1669985,0.6311512,0.7197589,1.347794,2.3345299,2.0778234,1.4186802
hsa-mir-637,0.40754384,0.84432006,1.6372994,1.0506736,0.16160937,1.6091259,1.89827,1.0537349,1.200786,1.3980874
hsa-mir-638,1.6896036,0.8383447,0.98020315,1.1311822,0.8095699,1.438718,1.926043,0.39554185,0.7733493,1.2553916
hsa-mir-639,2.2397094,0.20443864,0.8497276,0.4723866,1.284494,0.360351,3.1409597,0.45484507,1.984341,0.46926317
hsa-mir-640,0.48687795,1.4899548,0.95077133,1.7730958,0.7904999,1.9694216,1.8091291,0.61902535,0.2829181,1.0865556
hsa-mir-641,0.8239143,0.7261479,0.6039949,0.8732846,0.6338294,0.7154886,1.7224967,1.1401943,0.65473,1.5102754
hsa-mir-642,1.3382415,0.7797084,0.4368491,0.84632033,0.62248737,0.07064238,0.6985208,1.678777,1.4618597,1.0620577
hsa-mir-643,1.1187055,1.8568022,0.77244276,0.52168745,1.2024606,0.057379045,1.3363761,0.893901,1.5642198,1.849329
hsa-mir-644,1.0,1.0,1.0,1.0000001,1.0000001,1.0,1.0,1.0,0.9999999,0.9999999
hsa-mir-645,1.0,0.9999999,1.0,1.0,0.9999999,0.9999999,1.0,1.0000001,1.0,1.0
hsa-mir-646,1.0000001,1.0,1.0,1.0,1.0,1.0,1.0,1.0,0.9999999,1.0000001
hsa-mir-647,0.69652987,0.64069325,0.5360738,1.2312709,1.9478765,1.7079674,1.5355955,2.8120644,0.24341261,0.95580953
hsa-mir-648,1.0,1.0,1.0000001,1.0,1.0,1.0,1.0,1.0,1.0,1.0
hsa-mir-649,1.0,1.0000001,1.0,1.0,1.0,1.0,1.0,1.0,1.0,1.0000001
hsa-mir-650,0.7731902,1.5185715,1.6527845,1.1379105,0.6692466,0.441931,1.2113167,1.227658,1.1390581,0.64318365
hsa-mir-651,0.14831944,1.4739108,1.3191246,0.8715825,0.54707456,0.11441818,2.6766195,0.58115005,1.7192373,1.8595794
hsa-mir-652,0.8150123,0.6096429,0.97753996,0.73320186,0.05478457,0.06886385,1.8947446,0.6268764,2.3056848,2.276354
hsa-mir-653,0.6104854,0.9699269,1.0045848,0.7674871,0.97837543,1.341966,1.1630026,0.42213356,0.21568045,1.1068953
hsa-mir-654,1.0303262,1.6366328,1.2982992,1.4676104,0.26337948,1.1937551,0.44375083,1.2472658,1.2608736,0.08726088
hsa-mir-655,1.2605857,2.5803626,0.43479726,1.711708,0.21496485,1.3681319,1.2279772,1.3664851,0.8257031,0.5826298
hsa-mir-656,1.2220998,2.340004,0.63467973,2.2901495,0.63297373,1.6516588,1.0911481,1.7295284,1.8914567,0.04832172
hsa-mir-657,0.5709131,0.9176134,0.93361616,1.279955,0.3909412,1.4896808,1.0343639,1.3534465,0.5640181,1.7782332
hsa-mir-658,0.2718953,1.2749956,0.22069429,1.662069,1.1253239,0.12728477,1.5897964,1.9501979,1.3498985,1.2558528
hsa-mir-659,1.6388956,0.57478744,0.52667224,0.25885618,1.1978136,0.7146887,1.5465851,0.82962674,1.3700805,1.5022255
hsa-mir-660,0.56164443,2.4645705,0.7795867,0.6572005,0.9752536,0.009236412,2.439906,0.040198002,1.4397999,1.5771099
hsa-mir-661,1.2938619,1.1105477,1.3676193,0.90686756,1.5845397,1.5976256,1.0854406,0.26419696,0.7695004,0.7393548
hsa-mir-662,1.7569668,1.4320278,0.9932426,1.0938357,0.17491814,1.5278038,0.89177907,0.8098151,1.3203888,1.2863325
hsa-mir-663,0.08438854,2.532242,0.5294342,1.2980906,1.6123515,0.4945182,2.1997943,1.7118243,0.19751304,1.5522867
hsa-mir-663b,0.79555476,1.1994866,0.37972152,1.0412402,0.33689794,0.14000957,2.944934,2.074633,1.4344528,0.14513437
hsa-mir-664,0.6714417,1.0150517,1.4692181,1.2674289,1.482883,0.78613657,1.1431416,1.789662,1.1827471,0.3951548
hsa-mir-665,0.7952708,1.7013634,1.6758325,1.2568036,0.45778045,1.0316983,1.0366437,1.4082614,1.4587268,0.38306072
hsa-mir-668,1.025002,1.2482706,1.1223091,1.8725941,0.08380279,1.1435492,0.8960336,1.0911843,1.08129,1.1963104
hsa-mir-671,0.8504143,0.8045666,0.4689404,1.0188987,0.72486216,0.010999051,1.6915448,1.6483574,1.5344847,1.4182289
hsa-mir-675,0.0007866925,0.956582,1.4904841,0.42546737,1.382138,0.17727266,1.7858816,1.3529729,1.3044797,1.2583686
hsa-mir-7-1,0.5633251,1.0735284,0.017013995,0.7291566,0.8680186,0.017421134,2.4783463,1.3932959,0.6761635,1.7970285
hsa-mir-7-2,0.039116193,0.88347024,0.055895224,1.6563953,1.8686465,0.7537512,2.6889205,1.1973261,0.633953,1.4764919
hsa-mir-7-3,0.19790405,1.1706386,0.07002954,1.5263624,2.3516867,0.27686194,3.4932768,1.2015859,0.80053693,1.4109855
hsa-mir-708,1.2448313,2.3706465,1.5056776,0.9198009,0.4871928,1.4595149,0.9974798,1.2329367,1.1850895,0.4364446
hsa-mir-720,1.0197546,0.47042045,0.033131354,1.1954153,1.2024328,0.61480623,1.8758072,1.3733209,0.8448259,0.78084457
hsa-mir-744,1.1269464,0.47268882,1.3413298,0.7869518,0.8105127,0.0044987104,1.7716471,1.7808976,2.1897209,1.4004458
hsa-mir-758,0.971261,1.5277376,1.6120317,1.5478655,0.009581633,1.4976369,0.019600913,1.7000933,1.0222526,0.41462576
hsa-mir-760,0.73350424,0.30712447,1.2206765,0.6689898,1.5352738,0.25997707,1.5246052,0.981911,1.7058905,0.90347594
hsa-mir-765,1.1048647,0.61192644,0.22995917,1.097584,0.78845054,1.342692,1.748497,1.161263,0.6789421,1.0941274
hsa-mir-766,1.4549245,1.3528728,0.02532862,1.6341683,0.24949318,0.60816175,0.6913205,1.7277032,1.7053647,0.7521956
hsa-mir-767,2.7026367,1.1705601,1.7447861,1.5278054,1.4651259,0.03820654,0.010193274,0.87246764,0.0022127097,0.6801049
hsa-mir-769,0.5433915,0.35342157,0.6530106,0.9208601,0.5429592,0.00972958,2.0603986,1.0711753,2.2455845,1.3010609
hsa-mir-770,0.8591783,1.188834,1.1382184,1.0275873,0.32646182,0.95765513,0.8431948,1.0838764,0.9198898,0.38259915
hsa-mir-802,0.9051469,1.111483,0.5408792,0.78335065,0.8024946,0.3290397,1.5136919,1.1365826,0.8511265,0.9626421
hsa-mir-873,0.8056125,1.5229102,0.48562622,2.6725478,0.28193182,1.8002911,0.23277393,1.6590501,2.187394,0.31764013
hsa-mir-874,0.98076946,0.87927336,1.2422755,1.3450346,0.6006837,0.83120304,0.95416087,0.5778264,1.6640381,0.8247087
hsa-mir-875,1.0065949,0.71662825,1.0700784,1.4496689,1.2613926,1.6551094,1.3540587,0.6539129,1.0591639,0.6598023
hsa-mir-876,0.8927958,1.2895054,0.9829617,1.1595033,1.3822085,1.601512,0.549343,0.692074,0.95637435,0.8082064
hsa-mir-877,0.6190486,0.9729504,0.9445784,0.9616004,0.958734,0.012679107,1.9067765,1.7087753,1.58066,0.81318754
hsa-mir-885,0.5667552,1.09258,0.8945574,1.106201,1.396934,1.5179865,1.3785989,1.5202466,1.1901424,0.75536555
hsa-mir-886,0.8331983,0.88982534,0.98156327,1.590196,0.65091366,0.3959929,1.4544259,1.7855074,1.1377845,2.0635765
hsa-mir-887,1.0563114,2.0186577,0.726092,1.470809,0.036100984,1.4914758,1.5935067,1.6233913,1.686812,0.30969322
hsa-mir-888,0.93478394,0.77045786,1.1907257,0.76995057,1.4822744,1.3535155,1.1679531,1.289043,1.2413741,0.8755246
hsa-mir-889,1.1239074,2.0603123,1.1848128,0.72796637,0.6907735,1.1830668,0.8785529,0.6169799,0.8267841,1.0805118
hsa-mir-890,0.9149712,1.21034,1.0553943,1.1984849,1.3975148,1.2678049,1.1925099,0.46405414,0.69151324,1.2070322
hsa-mir-891a,0.0058255154,0.7491579,0.29252347,0.08839184,0.8599485,2.184679,0.011424279,2.6175826,2.551516,2.0879583
hsa-mir-891b,0.19057451,1.023421,0.2956694,1.9204904,0.34647945,2.122831,2.0021,0.16301669,1.2145413,1.6424506
hsa-mir-892a,0.8880222,2.1197126,1.4860584,0.20358716,1.033396,0.28891373,2.246431,0.35285097,2.540185,0.78580177
hsa-mir-892b,0.50989115,1.2759411,1.4229833,1.2770003,0.5591292,1.539714,1.0771681,0.91229475,0.9531836,0.6741274
hsa-mir-9-1,0.59477556,3.540157,0.00090628606,1.9612297,2.2505286,2.42472,1.3599248,0.3558947,0.81301636,1.3538048
hsa-mir-9-2,0.4402774,2.597524,0.0007037884,1.4395593,1.6399062,1.7691574,1.0069444,0.2691669,0.60457784,1.0108736
hsa-mir-9-3,1.8511795,2.097373,0.75470656,1.5098325,0.5152703,1.9487492,0.6245051,2.0596821,0.69907874,0.18189552
hsa-mir-920,1.0,1.0,1.0000001,1.0,1.0,1.0,1.0,1.0,1.0,1.0
hsa-mir-921,1.2693539,1.1830662,0.7296057,0.92844594,1.233054,0.4465637,1.3554951,1.018708,1.2854632,0.99630505
hsa-mir-922,0.3238977,0.64104134,0.7711141,1.1849655,0.26055026,1.832501,1.9893074,0.95327246,0.61241597,1.6037016
hsa-mir-924,1.0,1.0,1.0000001,0.9999999,1.0,1.0,0.9999999,0.9999999,1.0,1.0000001
hsa-mir-92a-1,0.12719798,0.40821496,1.4407407,1.4204414,1.022727,0.24125752,1.919527,0.33214146,1.7831231,0.794342
hsa-mir-92a-2,0.08580459,0.20576294,1.7957678,1.9883456,1.0514445,0.0015062742,2.7137496,0.52015036,2.5950491,1.0277494
hsa-mir-92b,1.7137871,0.45125228,1.4671103,0.9000696,0.9044685,0.0032529768,0.5935834,1.8333566,1.8521663,1.1307659
hsa-mir-93,0.81387895,1.0453856,1.1122684,1.0449494,1.4127707,4.2958054e-05,1.8172562,0.90007377,1.2821617,1.6631802
hsa-mir-933,0.660113,1.5060244,0.7415725,1.5774127,1.4210626,1.7108731,2.3486533,0.7818999,0.65639514,0.23284224
hsa-mir-934,0.90165514,2.0808454,1.3905772,1.1273118,1.924664,1.7411569,1.0228598,0.031558532,0.17450312,0.6329049
hsa-mir-935,0.16387457,0.825181,1.6510406,1.3449304,1.0597824,0.0028864818,2.0346348,0.8902017,0.8384218,2.334407
hsa-mir-936,1.6438891,1.1913875,0.75276506,0.7578863,1.3830276,1.0428414,1.4725488,0.2720008,0.095429055,1.4950272
hsa-mir-937,0.2074438,0.9950015,1.9658872,1.4544897,0.94890386,0.5224946,0.96455556,0.6010984,1.782816,0.6725872
hsa-mir-938,0.1944441,0.3885544,0.97405845,1.4107354,1.5504049,0.5924951,2.1336248,0.84327394,1.553877,1.305573
hsa-mir-939,0.5728587,0.6797283,1.2016791,1.0156845,1.2490956,0.112957194,1.9262633,1.1368465,1.6082244,1.1096004
hsa-mir-940,0.8977638,1.2491491,0.040027235,1.4283519,0.14706948,0.6813085,2.5260713,0.98965394,1.8127828,0.4856384
hsa-mir-941-1,1.1464884,0.9268779,1.4981352,0.8592778,1.3529823,0.49674508,1.0883014,0.96815276,1.2467327,1.291457
hsa-mir-941-2,1.0,0.9999999,1.0,1.0,0.9999999,0.9999999,0.9999999,1.0,0.9999999,0.9999999
hsa-mir-941-3,1.0,1.0,1.0,1.0,0.9999999,1.0,1.0000001,1.0,1.0,0.9999999
hsa-mir-942,1.030782,1.7765452,0.7804426,0.78436285,1.2147361,0.0060265483,1.8386605,1.0647594,1.4269751,2.186804
hsa-mir-943,1.2647439,0.49956524,1.0513009,1.4904522,1.4247184,1.2561711,1.5695568,1.779069,1.3092898,1.9131014
hsa-mir-944,0.19610335,2.5027385,1.1302685,0.35736695,0.77324635,1.7882093,0.07048609,3.1492019,0.06971281,1.1371057
hsa-mir-95,0.5103183,1.1202662,0.6592331,0.9729007,1.0438039,0.8208206,2.018872,0.85947967,1.5699433,0.835369
hsa-mir-96,0.519917,1.1360015,0.04029853,1.9043797,3.2904482,0.011348403,2.1983511,0.86974853,0.71719766,1.4769078
hsa-mir-98,0.00200637,1.1261443,1.3744366,0.7629033,1.354549,1.0961902,1.9015305,0.3571725,1.382431,1.7156922
hsa-mir-99a,0.9963966,1.2392374,1.8268608,1.310234,0.75202286,1.9473395,0.63057756,1.2794887,1.5426807,0.38201973
hsa-mir-99b,0.18576522,0.030573081,1.7123022,1.4670748,0.42405456,1.1480101,0.6297235,1.7402134,1.9132992,0.33845443
