TCGA.18.5592.01,1.2129672,0.98048186,0.72980005,0.41213802,1.3380725,0.82954794,1.6395875,0.8072829,0.8285803,1.5082816
TCGA.18.5595.01,1.5301766,1.238932,0.45858786,0.47395104,1.4861073,1.5396427,1.0023628,0.91426295,1.052336,0.98178345
TCGA.21.5782.01,0.7153504,0.73534614,0.5529875,0.80841964,1.5764629,1.4311507,1.1053647,0.9412332,1.0752109,1.4598465
TCGA.21.5783.01,0.973884,0.68130726,0.92450124,0.91458184,1.3358974,1.135691,0.7163435,1.0420811,1.3370373,1.2509471
TCGA.21.5784.01,0.3557497,1.005708,0.844808,0.5257766,1.7659388,1.5601449,1.3675307,0.36022428,1.4595677,0.70983547
TCGA.21.5786.01,0.86261106,0.6024735,0.45182416,0.5164565,1.7750686,1.8080235,0.9312499,0.98215365,0.99355865,1.3716115
TCGA.21.5787.01,0.87941045,1.331559,0.8198646,0.13659714,1.2811567,1.5538496,1.3514342,1.3139025,0.21598554,1.2548343
TCGA.21.A5DI.01,1.0790417,0.35195425,1.2787629,0.24193579,1.0837127,0.6038495,0.9880222,1.4812704,1.0414213,1.681772
TCGA.22.4593.01,1.1839767,0.5947537,0.93278414,0.4287194,0.35649264,1.1105269,1.4722399,1.3576545,1.8671697,1.3165872
TCGA.22.4605.01,0.7798304,1.6528697,1.3589352,0.4043594,0.9600636,0.5215084,1.2438874,0.9783043,1.3827811,0.8400222
TCGA.22.4609.01,0.57100666,1.6145022,1.2151495,1.0024425,1.298813,1.165359,0.78191364,0.4978302,1.322435,0.64375204
TCGA.22.5471.01,0.7503966,0.82947874,0.763206,0.028876605,1.5768338,1.3468689,1.5109206,1.0670589,0.9280433,1.4221315
TCGA.22.5472.11,0.05951709,1.3287263,1.7032838,0.9128091,0.3566861,1.5445247,0.4964344,0.7559265,1.9519389,0.14528458
TCGA.22.5472.01,0.57778347,1.9756038,0.812581,0.63024205,1.3511939,1.135361,1.5336483,0.7772006,1.3705248,0.30669138
TCGA.22.5473.01,1.0706022,0.5993826,0.7257158,0.34879744,1.3610067,1.115166,1.8575163,0.74681294,0.958374,1.4518481
TCGA.22.5474.01,0.80512,0.50393903,0.62390417,0.46978724,1.360335,1.9222767,1.1938272,0.791287,0.88183695,1.4820985
TCGA.22.5477.01,1.0529884,1.2957437,0.50989646,0.31657192,0.9688189,1.3186207,2.215029,0.8898421,1.2330549,0.93539196
TCGA.22.5478.11,0.03748626,1.9045942,1.6275849,0.3752573,0.3184421,1.8794929,0.47212434,1.235244,1.7182841,0.20713043
TCGA.22.5478.01,0.988729,0.21051945,0.44826996,0.53925526,1.3959031,1.5924166,1.8473741,0.9810938,1.2701081,0.7948065
TCGA.22.5479.01,0.79452825,0.9932971,1.2839819,0.3124344,0.91613966,2.052321,1.1428093,0.23878613,1.2186388,1.2621634
TCGA.22.5480.01,0.6029104,0.92148775,0.54106504,0.78151846,0.89447165,1.7797942,2.0971725,1.0139128,1.1363328,0.8022995
TCGA.22.5481.01,1.4298096,0.8345359,0.18052451,1.5018951,1.5427325,2.1240609,0.6103309,1.1461177,0.89075696,0.34587348
TCGA.22.5482.01,1.0249276,0.7778384,0.5966916,0.040393114,1.7208141,1.1467882,1.0216018,1.2848274,1.0078312,1.6051072
TCGA.22.5483.01,1.6734943,0.41374102,0.9770223,1.6884046,0.15929647,1.0190918,0.7399108,0.6060367,1.6923707,1.1944642
TCGA.22.5485.01,1.2117734,1.2090906,0.44526187,0.5050358,1.6135176,0.8457221,1.7817734,0.8007609,1.3412844,0.52795255
TCGA.22.5489.01,0.26569137,0.91892636,0.6213979,0.76035494,0.98356056,1.5100363,1.9640412,1.0713462,1.2494726,1.2105384
TCGA.22.5491.01,1.4836478,1.4841645,0.6815783,0.332821,1.2628881,1.5053886,1.3593701,0.44158104,0.537545,1.1459366
TCGA.22.5492.01,1.0114214,1.0459989,0.60176027,0.45748675,1.2661203,1.4407128,1.8961763,0.87373745,1.1243825,0.9378941
TCGA.22.A5C4.01,1.486486,1.053226,0.50323856,1.1317242,0.8289727,1.3657612,1.3308206,0.63279223,1.214634,1.1662849
TCGA.33.4587.01,1.1833749,0.8904537,0.018016811,2.350867,1.1390442,0.40390024,1.1646509,1.238264,1.2971282,0.019804789
TCGA.33.6737.01,1.666285,1.5736461,1.5892019,1.6019402,0.663904,0.48638728,0.7646512,0.46183658,0.81859845,0.25009775
TCGA.33.6738.01,1.3665,0.89831173,0.9895375,0.15973927,0.8974988,1.7204504,1.3573085,1.0878663,1.251072,0.81360024
TCGA.33.A4WN.01,1.14685,0.41259944,1.3093493,1.3211782,1.4915795,1.3570817,0.3124006,0.86476654,0.5177029,0.9641682
TCGA.33.A5GW.01,1.7911676,1.506751,1.0734699,1.1449107,0.7022934,0.91464216,0.5797167,1.0425488,0.24727115,1.0592682
TCGA.33.AAS8.01,1.1554209,0.76154315,1.1603153,0.954822,1.0784894,0.89593256,1.3989135,0.8997769,1.1662732,0.9193616
TCGA.33.AASB.01,1.0961795,1.1138037,1.0892153,1.9449962,1.5925603,0.81383204,0.35675606,0.6710575,0.82710946,0.25616792
TCGA.33.AASD.01,0.7735946,0.7479424,1.2797031,0.40726647,1.2753161,0.046447296,1.1175089,1.2886631,1.3446352,1.4642295
TCGA.33.AASI.01,0.6566558,0.57254165,1.5719047,0.71992785,1.266211,1.5718057,0.9977132,0.53408045,0.6363917,0.97491676
TCGA.33.AASJ.01,0.68218356,0.753349,1.4806377,1.7263545,1.0481217,0.7552883,0.7158817,0.7319106,0.851271,1.2115923
TCGA.33.AASL.01,1.1506346,1.1015347,1.5681483,0.7910056,1.0465031,0.55311304,0.4846364,1.118879,0.008727143,1.3934221
TCGA.34.5231.01,1.2821672,1.2967756,0.9189013,0.9320331,0.28122443,1.3158014,1.372469,0.48562098,1.6491205,1.2392977
TCGA.34.5232.01,1.4792106,0.75547373,1.2748729,0.603851,0.6659824,2.395391,0.2915929,0.7815124,0.71972054,1.2646036
TCGA.34.5234.01,0.082410455,1.0157862,1.1104413,0.6156804,1.0242909,1.6803114,1.1908144,0.8407787,1.2370734,1.3955535
TCGA.34.5236.01,1.0410203,0.4742354,1.1747808,1.0469563,1.1350334,0.64677477,0.4368949,0.31503156,1.73263,1.7120908
TCGA.34.5239.01,0.86353314,0.7986867,1.6666902,0.5646184,0.18677762,1.2652733,0.9857522,0.5203682,1.5753524,1.6253488
TCGA.34.5927.01,1.514609,1.1225873,0.4121467,1.6134391,0.38815844,0.45231897,1.8889987,0.7055682,1.5986679,0.85457015
TCGA.34.5928.01,1.330925,0.00072462554,1.0637541,1.0205438,0.5248981,0.98032814,1.1449811,1.1322831,1.841465,1.117771
TCGA.34.5929.01,1.5624563,0.7392049,0.76784426,0.7891174,0.027316138,1.1938308,1.4280533,1.3304863,1.8125181,1.0100497
TCGA.34.7107.01,0.8605271,1.054168,0.99135494,0.12577035,0.97092295,1.7532146,1.0233955,0.71670794,1.6101861,1.3713342
TCGA.34.8454.01,0.7278454,1.0832298,0.96706486,0.8659124,1.3083099,1.2636136,0.83674634,1.0454894,1.5714484,0.86073494
TCGA.34.8455.01,0.7633929,1.371303,1.0383847,1.295648,0.9658458,0.6464165,0.7102364,0.96346945,1.5110213,1.0799496
TCGA.34.8456.01,1.3121935,1.2532909,0.8344792,1.2631624,0.6119739,1.2974324,1.1235844,0.25497404,1.1946447,1.4781185
TCGA.34.A5IX.01,1.4157115,1.3038427,1.1355029,1.716338,0.7779609,0.9564219,0.99437994,0.89110804,0.23238017,0.7038303
TCGA.37.5819.01,0.9086138,1.5258096,0.00040398273,1.8391451,0.35094234,2.737645,0.52673733,0.0021931604,0.052726407,1.1397463
TCGA.37.A5EL.01,0.78614783,0.7201319,0.98914915,1.0149614,0.7768362,0.5470227,1.066187,1.5453871,0.62351817,1.9995686
TCGA.37.A5EM.01,1.4513556,1.1148934,1.1018924,0.95223916,0.5282642,0.49678695,1.0904751,0.9802885,0.58086705,1.7980771
TCGA.37.A5EN.01,1.2358727,1.2732748,0.8063877,1.582067,0.9182862,1.1369035,0.7980181,0.6912801,0.78512514,1.3455867
TCGA.39.5019.01,0.9414859,0.7810634,1.4391323,1.382983,0.66759163,1.2522922,0.6085653,0.383104,1.438987,1.1747261
TCGA.39.5022.01,1.0907046,0.6091038,1.4749869,1.0509949,0.6852928,1.9236928,0.52704954,0.44526252,1.0142113,1.1891654
TCGA.39.5024.01,0.8913586,1.3233681,1.0406196,0.5783488,0.62277263,1.3471572,1.1485696,0.70126814,1.5661012,1.4223717
TCGA.39.5027.01,1.6792791,1.1104037,1.3007976,1.3134034,0.14950493,1.6644115,1.0307556,0.2507537,1.1833985,0.74103594
TCGA.39.5040.01,0.86027586,0.8502089,0.95126474,1.4154688,0.9124098,1.8482928,0.25500664,1.729575,1.3120768,0.0047995667
TCGA.43.5668.01,1.1473626,1.4094723,0.577692,0.14295867,1.5948389,1.8344418,0.7793922,1.5818274,0.88093907,0.25682133
TCGA.43.5670.01,1.3926344,1.2156594,0.98684704,0.66560143,1.6931224,0.6167264,0.31185612,1.5033733,1.3385725,0.49320215
TCGA.43.6143.01,1.4542819,0.99794334,0.18165374,0.3924665,0.38249654,1.8382891,0.3380569,1.8735108,1.253231,1.8913035
TCGA.43.6647.01,0.75306255,0.2387207,1.3153033,0.894933,0.6668641,1.1230768,1.0802894,0.87738913,1.8134036,1.1104918
TCGA.43.6770.01,1.5117755,1.3002712,1.100619,0.8721243,0.37576795,0.8544152,1.1579876,0.5826503,1.6247859,1.1547652
TCGA.43.6771.11,0.027469227,1.9309914,1.5322611,0.38797566,0.1661112,1.896199,0.6942205,1.2845685,1.6091735,0.38838923
TCGA.43.6771.01,1.2644153,1.1497128,1.210481,0.31316295,0.8048455,1.1833884,0.24022812,0.9420651,0.8503735,1.8821855
TCGA.43.6773.01,1.0514585,0.57230675,1.0916579,0.5387839,1.1538389,2.2487297,0.83834,0.34540632,1.1763264,1.1363602
TCGA.43.7656.01,0.7735594,0.612784,1.0514975,1.4266477,1.4284391,1.4837816,0.7016277,0.69460183,1.284918,0.734801
TCGA.43.7657.01,0.8439381,0.4193594,0.94825625,0.50635093,1.630156,0.96632993,1.0229684,1.009857,1.4389273,1.298253
TCGA.43.7658.01,0.6488099,1.4392486,0.00030513792,1.1640618,0.6182722,1.5534465,0.49389756,1.8544272,1.2201797,1.5892159
TCGA.43.8115.01,0.74764043,0.7989243,1.1298892,1.5939221,0.93994725,0.9794986,0.73082983,0.7244493,1.1076561,1.3450936
TCGA.43.8116.01,0.78587526,0.6159583,1.0215168,1.1746935,1.1070662,1.298025,1.6155435,1.0765616,0.66666627,0.72560495
TCGA.43.8118.01,0.53331244,1.5628085,1.0911705,1.4524409,1.1705108,0.8799445,0.6517783,0.94113207,0.8265785,0.8934572
TCGA.43.A474.01,1.7182857,0.5983349,0.912294,0.91312516,1.0465195,0.19988513,0.7026995,1.4681585,0.9739475,1.4389141
TCGA.43.A475.01,0.49687093,0.9351718,1.2968997,1.294512,1.0590279,1.070549,1.0478704,1.3541415,0.45267525,0.9448848
TCGA.43.A56U.01,0.81276125,1.0322392,1.3792807,1.6007441,1.0042845,1.5220706,0.68422186,0.3057439,0.62207305,0.9948578
TCGA.43.A56V.01,1.0892969,1.1072693,0.92215085,0.98097855,1.0871295,1.2388101,0.8057552,0.7800669,0.64005184,1.4709743
TCGA.46.6025.01,1.3507242,0.31534567,1.2672938,0.7045397,1.0305556,0.8768911,0.33241963,0.91870916,1.2995095,1.786722
TCGA.46.6026.01,2.0050104,0.9071255,1.1000457,0.74657923,0.36694497,1.8329539,0.50957394,0.5809887,1.2019235,1.228484
TCGA.51.6867.01,1.1653696,1.0198835,1.0000416,0.20290607,0.91779995,1.0414146,1.2016524,1.6130196,1.2669269,1.067535
TCGA.52.7622.01,0.42164955,1.7113675,1.5800345,1.1555889,0.88007855,1.0352719,1.0917037,0.4516054,1.0977778,0.5735527
TCGA.52.7809.01,1.2044977,1.2670308,0.8397168,1.3346024,1.4112486,1.066438,1.0065475,1.004873,1.4124516,0.1772792
TCGA.52.7810.01,0.95308334,1.0989376,1.0836091,0.42236286,1.4636344,0.02525077,1.305515,1.0206918,1.7635607,0.8636608
TCGA.52.7811.01,0.26207778,1.4025824,1.4349539,0.87612253,1.3148198,0.9212144,0.6168231,0.91517586,1.3491158,0.69241935
TCGA.52.7812.01,0.11427273,0.46656814,1.3473036,2.4230678,0.9538033,0.5768334,1.3010069,1.1594589,1.2343901,0.07537787
TCGA.56.5897.01,0.050578553,0.62204444,0.8951179,0.58491945,1.5012976,1.3479347,1.2069919,0.68069196,1.2082993,1.7168427
TCGA.56.5898.01,0.83746207,1.3906088,1.1057868,0.5908397,1.4797341,0.958761,1.015138,1.0944371,0.8361208,0.7671886
TCGA.56.6545.01,1.0707817,0.4023045,1.1419091,0.85418254,0.59972805,1.1550945,1.2906482,1.2248498,1.9254724,0.8298581
TCGA.56.6546.01,1.0956885,0.41973504,1.5083853,0.83423924,0.44324103,1.8066481,0.6396146,0.4276999,1.6235288,0.9257782
TCGA.56.7221.01,1.2937217,1.3117967,1.2153451,0.8495735,1.0738719,0.85786587,0.44173312,0.7533446,1.4652385,1.0543102
TCGA.56.7222.01,1.2011653,0.97738135,1.015353,0.88725877,1.0495207,0.74512583,1.375664,1.1151637,1.0295296,0.87803376
TCGA.56.7223.01,1.3717219,1.250837,0.637332,0.7059683,0.9446808,1.2577085,1.2275026,1.1380593,1.439821,1.0008659
TCGA.56.7579.01,1.778652,1.3706777,1.0711433,0.58026373,1.3118813,0.43053523,0.5651698,0.5146143,0.9172095,1.1820338
TCGA.56.7580.01,0.903985,0.8860695,0.7760893,1.2818681,1.6912853,1.0769486,0.70789653,0.83577186,1.5424844,0.6995958
TCGA.56.7582.01,0.7055948,1.3160583,1.460543,0.6438879,0.96001005,0.2694208,1.2000071,1.1580231,1.1436069,1.1888264
TCGA.56.7730.01,1.3257729,1.4627523,1.4105208,1.2784629,1.123604,0.73329866,1.1962411,0.23789056,0.98461115,0.34100312
TCGA.56.7731.01,0.611888,0.9495239,1.3758194,0.79655886,1.125834,1.4016899,1.0625546,0.66430086,1.2351912,0.7461201
TCGA.56.7822.01,0.7180344,1.2442586,1.43593,0.5026379,1.3268821,0.7094649,0.28608882,0.913375,1.5642946,1.0299205
TCGA.56.7823.01,1.4566224,1.5220523,0.61578554,0.9665066,0.8318088,0.6110996,1.2667617,0.5081272,1.1233324,1.5769002
TCGA.56.8082.01,1.4570773,1.6909956,0.89972717,0.8780626,1.0856541,0.75788516,1.1445513,1.1718723,0.8604854,0.14168537
TCGA.56.8083.01,0.91274637,1.0577246,0.2579902,1.1847018,0.889527,2.0555804,0.33697918,1.143707,1.5376414,1.4832441
TCGA.56.8201.01,0.52225876,0.53179526,1.6875829,1.3912127,1.0838832,0.6898669,0.40797305,1.1365612,0.8583353,0.9553686
TCGA.56.8304.01,0.7797972,1.020446,1.3364853,1.3349617,1.171967,1.4616045,0.8739406,0.20628387,0.8479674,0.94972444
TCGA.56.8305.01,0.92278516,1.1542159,0.8662821,1.5463148,1.8502642,0.9677563,0.32673374,0.6760335,0.7956696,0.81113744
TCGA.56.8307.01,1.3957615,0.8796605,0.24070403,0.2930085,0.9108335,1.5671629,2.2212315,1.1257565,0.7554385,0.9490735
TCGA.56.8308.01,0.8086371,0.8628909,1.626176,1.3454611,0.7660449,1.0798621,0.80992717,0.2772499,1.0621191,1.1714588
TCGA.56.8309.01,0.61734116,0.38633588,1.1318187,1.1027465,1.3029343,1.308636,1.2388704,0.8270859,1.2672676,0.76512855
TCGA.56.8503.01,0.41351435,0.7731532,1.0188581,0.80273455,1.4206152,1.1944505,0.5674152,1.0407395,1.3148241,1.4766402
TCGA.56.8504.01,0.71051335,1.3707348,1.2086688,1.2058178,0.99027926,0.4341388,0.6589648,0.7270912,1.1521113,1.3629158
TCGA.56.8622.01,0.4244031,1.1501437,1.5159452,0.8748722,1.2863617,0.7608075,1.0507973,0.57897544,0.89014757,0.978873
TCGA.56.8623.01,0.11370343,1.5611801,1.312279,0.5774051,0.21188742,2.091358,0.38518998,1.3436679,1.8147689,0.47663555
TCGA.56.8624.01,0.7068936,1.8370742,0.9600708,0.61766636,0.8505924,1.7064837,0.50649387,0.77674216,1.2541022,1.2923399
TCGA.56.8625.01,0.38032687,0.9294295,1.0901324,1.880803,1.1758925,0.7267778,0.66033983,0.8199627,1.2348402,1.2206188
TCGA.56.8626.01,0.7219577,1.1535375,1.188304,0.9660143,0.9715572,1.5042301,0.751838,1.2895705,1.095907,0.7200157
TCGA.56.8628.01,0.78160703,0.67954063,0.71116817,1.4571925,1.3624575,1.2466109,1.146157,0.951997,1.5921023,0.6346347
TCGA.56.8629.01,0.84694266,1.3627225,0.84926987,0.5616946,1.395904,0.54973036,0.8017585,1.867236,0.62231815,1.0407953
TCGA.56.A49D.01,1.3737922,0.9680379,0.55130905,0.9291238,0.960117,1.5844456,0.94956857,1.0382792,1.4031435,1.1241407
TCGA.56.A4BW.01,0.5677541,1.1704797,1.0789953,1.5384494,1.2301712,0.23619235,0.6468275,1.2547253,0.88704556,1.2769352
TCGA.56.A4BX.01,1.9473308,1.951211,0.7865743,0.9734403,0.8358622,1.1530021,0.54549146,0.8837295,0.43803823,0.60961497
TCGA.56.A4BY.01,0.7378595,0.88985443,1.3915406,0.8732667,0.3446219,1.2394984,1.3765427,0.77163273,1.1364686,1.5362424
TCGA.56.A4ZJ.01,0.26406205,1.0723104,1.6961496,0.9878471,0.649375,1.013291,0.47196597,1.4879476,0.8517829,1.0586168
TCGA.56.A4ZK.01,1.1584033,1.5638225,1.422377,1.2039319,0.9709689,0.802997,0.39012572,0.7626521,0.21572676,0.9235524
TCGA.56.A5DR.01,1.5170757,1.1679984,0.77798927,1.8348731,0.88392675,0.3463025,0.8876901,0.8677763,0.7916595,1.140578
TCGA.56.A62T.01,1.322738,0.78365415,1.431265,1.4832429,1.6115009,0.120454215,0.28374875,0.7471631,0.43188268,0.83340245
TCGA.58.8386.01,0.48512664,1.7627217,1.8232197,0.98586047,0.715657,0.82373255,0.5845159,0.7551318,1.1630914,0.5920907
TCGA.58.8387.01,0.6071855,0.76740813,1.1991457,1.1408368,1.2219931,1.6165487,1.0639971,0.6422602,1.0699209,0.8489918
TCGA.58.8388.01,0.772954,1.4141909,0.5317031,1.0021238,0.7682381,1.5158044,1.504739,1.1816822,1.336033,0.90972245
TCGA.58.8390.01,0.7912266,0.9978995,0.76546293,1.1486201,0.83032143,0.6810555,1.1712179,1.4814752,1.7196122,1.0336424
TCGA.58.8391.01,1.130869,1.2866125,1.0032383,1.0025502,0.8869355,0.6605575,1.3959779,1.1758931,1.2172648,0.670887
TCGA.58.8392.01,1.3701082,1.560926,0.8665133,1.0370464,1.1207182,1.0358316,1.120216,0.30290276,1.2906516,0.92370445
TCGA.58.8393.01,0.6014092,1.356069,1.1985569,1.2419732,1.0605651,0.6976945,0.88106406,0.9742245,1.3701283,0.75281423
TCGA.58.A46J.01,0.5390146,1.4598516,1.3764843,1.2779249,0.6226565,1.1760052,1.1834686,0.75748956,1.1250203,0.7374661
TCGA.58.A46K.01,0.6483017,0.6567561,1.3856667,0.6656322,1.3697097,0.51632345,1.5673945,0.9111599,0.5127567,1.2136941
TCGA.58.A46L.01,0.74086267,1.1337826,0.9698372,0.72813326,1.3506628,0.76524734,1.0602717,0.9196924,0.8249774,1.5475736
TCGA.58.A46M.01,1.1237262,0.54394585,1.2133553,1.6174083,1.1571002,0.64585364,1.218181,0.71360564,0.18363827,1.2934239
TCGA.58.A46N.01,1.4550651,1.6009431,1.0021402,0.823999,1.1190485,0.22412057,1.3203142,0.66301566,0.12151842,1.107997
TCGA.60.2697.01,0.018068131,1.078565,1.4973143,1.2782795,0.8939776,1.6067083,1.1070421,0.6254944,1.0337248,0.6147558
TCGA.60.2703.01,0.49630722,0.3109757,1.1561348,1.1597692,1.0850521,0.8949186,0.973199,1.455943,1.2808152,1.2846936
TCGA.60.2704.01,0.3341174,1.0732132,1.3270591,1.5102463,1.3427993,1.171688,0.82246184,0.46339068,1.1718503,0.6149211
TCGA.60.2709.01,1.0282654,0.26816076,1.3472533,1.124171,0.4830661,1.4690946,0.66127974,1.0631875,1.3771095,1.0059203
TCGA.63.6202.01,0.77614295,0.55038005,1.4880114,2.0712457,0.1432569,0.7981917,0.9536277,1.0639641,1.6751691,0.15972224
TCGA.63.7020.01,1.0897923,1.2273052,0.9828744,0.65620303,0.9023413,1.1857753,1.5151027,0.9360373,1.088513,1.1220138
TCGA.63.7021.01,1.2302872,0.6423816,1.1724763,0.3663943,1.7671144,1.8226336,0.33024317,0.6643897,0.6719566,1.1252723
TCGA.63.7022.01,0.34533295,0.6085927,0.96739227,0.8869372,1.3741125,1.4048729,1.1795171,0.56376666,1.2996008,1.4726186
TCGA.63.A5M9.01,0.94497925,0.4612777,0.99461347,1.4255142,1.1739893,1.2424465,0.7986164,1.4605573,0.49900746,0.9979278
TCGA.63.A5MB.01,1.5784385,1.0578613,1.0254295,1.423855,0.7612827,0.87981915,0.865378,1.0539436,0.64001673,0.8565741
TCGA.63.A5MG.01,0.38375497,1.4227431,1.2728817,1.4963403,0.5610199,0.83747333,1.4546256,0.7343775,0.3488647,1.4953394
TCGA.63.A5MH.01,1.1829762,0.88312674,0.5887148,1.5397484,0.80258965,1.1103951,1.1089493,1.1045275,0.72844595,1.5389163
TCGA.63.A5MI.01,1.2735063,1.2143404,0.87701106,1.8203298,0.6098755,0.642457,1.167773,1.05033,0.7343065,0.9326908
TCGA.63.A5MJ.01,1.4196401,0.66639686,1.1861407,0.93653166,0.6541916,0.44013268,1.2290564,1.0474808,0.60615903,1.7920192
TCGA.63.A5ML.01,0.9006886,0.6082994,1.47648,1.9717317,0.86728543,0.0045104083,0.8467759,1.1155015,0.0850694,1.0413154
TCGA.63.A5MM.01,0.4333151,0.8165099,1.4009507,0.7345855,0.87419295,0.866514,0.6202959,1.6605524,1.0933739,1.3901043
TCGA.63.A5MN.01,0.6061027,0.5912695,1.7409313,1.555484,0.5395376,1.2726861,0.92614233,0.96815926,0.17223911,1.1541774
TCGA.63.A5MP.01,0.88724077,1.2841775,1.7514637,1.7440197,0.37588245,0.8010607,1.3545842,0.31476408,0.46087354,0.85955375
TCGA.63.A5MR.01,0.94405097,0.87035704,1.1450242,1.4647602,1.2831626,1.1081451,0.50469905,1.1876459,0.33118638,1.1794993
TCGA.63.A5MS.01,0.51489943,0.8324276,1.4054213,1.0537868,1.13231,1.3534781,0.74627966,1.2028844,0.7780032,0.9139968
TCGA.63.A5MT.01,0.65609676,0.69615793,1.2438653,0.946777,0.81946087,0.91827077,0.95156455,1.6788416,1.2624354,1.0397825
TCGA.63.A5MU.01,1.6782386,1.3919443,0.9094689,1.4587183,0.88478845,0.74503076,0.68763745,0.7974638,0.7770873,1.0122308
TCGA.63.A5MV.01,0.67633665,0.50557923,1.3592595,0.7802971,0.6395441,1.4359757,0.8120732,1.5492048,0.6403366,1.7252835
TCGA.63.A5MW.01,1.059206,0.4904536,0.5811718,1.0455544,0.90877634,1.3235313,1.4158826,1.671101,1.0920447,1.075944
TCGA.63.A5MY.01,2.2506351,1.2595353,0.54188174,0.7478407,0.7677522,0.7708721,1.4003987,1.1891752,0.0015173522,0.6868703
TCGA.68.7755.01,1.0632668,0.8310388,1.0343509,0.72369546,1.4238305,0.5828116,0.6803428,0.7042627,1.5098013,1.4929662
TCGA.68.7756.01,0.36105177,1.3492287,1.4386895,0.6735481,1.4278339,0.42976266,1.3305289,0.32911572,1.3491391,0.9503917
TCGA.68.7757.01,1.2061281,0.14179923,1.097946,0.63727784,1.5743549,0.788753,0.69577724,0.5997296,1.440563,1.510581
TCGA.68.8250.01,0.81601113,1.102678,1.2361215,1.2186719,0.7447668,1.0595251,0.866247,1.1851612,1.6567433,0.38110206
TCGA.68.8251.01,0.5804787,0.30685127,1.1841881,1.714604,1.1221504,0.44097224,0.964734,1.3726375,1.4704552,0.6945826
TCGA.68.A59I.01,0.7604477,0.002945471,1.347669,1.143409,0.94565976,1.4197263,0.86924917,1.0848426,0.7166888,1.2660958
TCGA.68.A59J.01,1.3307737,1.4793139,1.2359502,1.0905685,0.7979622,0.680706,0.73358494,0.87376755,0.3748753,1.2474034
TCGA.6A.AB49.01,1.0561175,1.125311,1.4689411,0.35775563,0.83926105,0.17419685,0.75878906,1.7081512,2.0311015,0.14160477
TCGA.70.6722.01,0.87057984,0.73010653,1.3698276,1.0629561,0.5552141,1.2658675,0.68536174,0.9072046,1.6953576,0.96548784
TCGA.70.6723.01,2.0185535,0.9008406,0.7971682,0.4612101,0.33146235,0.6054623,1.1309608,1.0814373,1.2674383,1.6793969
TCGA.77.6842.01,0.9497503,1.2174759,0.5483731,0.83424807,1.124755,1.583018,1.8971384,0.80874753,1.2730229,0.27878824
TCGA.77.6843.01,1.3381715,1.5693785,0.7739515,0.44169003,1.094249,1.4555602,1.4787683,0.9201297,1.2320169,0.45582977
TCGA.77.6844.01,1.2679491,1.3562326,0.7345271,0.2819674,0.8948623,1.9185835,0.8919163,0.66755086,1.61972,1.1273451
TCGA.77.6845.01,1.5073459,1.7220556,0.63705975,0.7934963,1.5270697,0.9720432,1.1277046,0.7003204,0.8039535,0.4853957
TCGA.77.7138.01,0.8706275,1.2229235,1.1010407,0.8628487,1.4415997,0.701464,0.3266122,0.8601078,0.7472322,1.3822862
TCGA.77.7139.01,1.5148045,1.0115132,1.2265916,0.5616208,1.2115331,1.0479009,1.1312813,0.5822908,0.97970945,0.816945
TCGA.77.7140.01,1.7400947,1.4025174,0.8867432,1.2225944,1.4088829,0.14382946,0.7019141,0.46467084,1.229258,0.7133596
TCGA.77.7141.01,1.3479414,0.8977653,1.3624043,0.7758982,0.8486018,1.411443,1.2124882,0.84660834,1.0563807,0.65320146
TCGA.77.7142.01,0.7287396,1.2937039,1.2093606,0.9229964,1.1840712,1.0217545,0.9068554,1.163549,1.4499569,0.47035867
TCGA.77.7335.01,0.5120782,1.0029573,1.545215,0.65685505,1.3315517,0.5869167,1.006499,0.62135124,0.9414756,1.3443913
TCGA.77.7337.01,0.2725162,0.67603326,1.5962102,0.80824345,1.225519,0.650195,0.8846735,0.74796283,1.168218,1.5593996
TCGA.77.7338.01,0.8328943,0.9942967,1.33457,1.0673151,1.6175824,0.4819023,0.5786896,0.5432076,1.0849409,1.0266427
TCGA.77.7463.01,0.9613569,1.6527779,1.1343083,0.72808415,1.2302624,0.51971245,1.5401099,0.8122528,1.5482974,0.23849331
TCGA.77.7465.01,0.6606209,1.0877018,0.8595694,1.4408342,1.184909,1.1822481,1.7542945,0.94813126,1.1746862,0.22760756
TCGA.77.8007.01,0.1906673,0.4279753,1.131111,2.1851852,1.0169196,0.6797251,1.337975,1.4196917,1.5491135,0.0043310486
TCGA.77.8008.01,0.019062273,0.50332505,1.4498478,0.3627253,1.6022375,0.796967,0.80820346,1.0683576,1.1598094,1.559712
TCGA.77.8009.01,1.1926575,0.0047556423,0.80456144,1.053395,1.4446102,0.0028217419,1.318206,1.5191072,0.5465958,1.6253974
TCGA.77.8128.01,1.1369342,0.5334195,1.1491196,0.582578,1.0914775,0.8152129,0.5549045,0.86077136,1.5960095,1.7539604
TCGA.77.8130.01,0.4868673,0.9708071,1.4305618,0.66255933,1.0500045,0.51034576,0.8299975,0.73367333,1.5142807,1.381029
TCGA.77.8131.01,0.24806198,1.347039,1.6777998,1.2737021,0.9784034,1.1383876,0.59901917,0.9053616,0.817843,0.80026376
TCGA.77.8133.01,0.85534376,1.0991406,1.3710005,0.37016597,0.90554655,1.3529531,0.99928504,1.1082776,0.85951114,1.2238308
TCGA.77.8136.01,0.34547383,0.33332458,1.453116,1.0946441,1.2772883,0.9929147,0.45847225,1.1277161,0.96658504,1.5709758
TCGA.77.8138.01,0.39919454,0.19552542,1.4739785,0.8962754,0.96338326,0.5622025,0.93309015,1.3865736,1.0722536,1.5208583
TCGA.77.8139.01,0.7382147,0.32093704,1.235739,1.335471,1.3578259,0.7955863,0.90325254,0.47634974,1.1567056,1.510225
TCGA.77.8140.01,1.1398584,0.9101609,1.1242573,1.5937943,1.1794201,0.84052914,0.19398467,1.0651836,1.1488158,1.0107708
TCGA.77.8143.01,1.6902347,1.3529706,1.0977827,1.1146653,1.2601982,0.7558201,0.5289019,1.0202271,0.94686335,0.46139398
TCGA.77.8144.01,1.0351199,1.4447409,1.224874,0.2456474,1.0434089,0.9082993,0.72968704,0.9173058,1.233518,1.3199481
TCGA.77.8145.01,0.6089501,0.35965165,0.83794993,0.66061735,1.750531,0.48525694,0.44355467,1.0304728,1.6391011,1.7787273
TCGA.77.8146.01,0.2519121,0.8246927,1.3281341,1.460462,0.9799117,0.16228878,1.6526635,1.2130647,0.9375846,0.5791386
TCGA.77.8148.01,1.2069685,0.7210593,1.169517,0.87008244,1.320555,1.1251655,0.94295526,0.6751986,1.0953456,1.0531226
TCGA.77.8150.01,0.9624128,1.1497579,1.3923212,1.7502247,0.7889505,0.6876718,1.2800875,0.7841927,0.8566731,0.6892323
TCGA.77.8153.01,1.4676796,1.3192941,0.8332405,1.1149762,1.1304958,0.5372038,1.0966923,0.7820605,1.4059004,0.93503624
TCGA.77.8154.01,1.3826125,1.3767704,1.2105501,0.79917324,1.1224679,0.3884283,1.1054837,0.8202895,0.7165925,0.9920154
TCGA.77.8156.01,0.57348156,0.062577024,1.3650538,1.4668449,0.812617,0.96807784,1.2377417,0.8602606,0.96643966,1.3369392
TCGA.77.A5FZ.01,0.22488745,1.1669527,1.6057678,1.9450988,0.6862878,1.5139674,0.46836218,1.2120045,0.17258771,0.5197543
TCGA.77.A5G1.01,0.92692864,1.6034583,1.2324948,0.9515002,0.835803,0.969493,0.86692715,1.4935356,0.3621174,0.6782919
TCGA.77.A5G3.01,1.4914441,1.5381651,0.94116825,0.9438554,0.6110821,0.557346,1.1975492,0.8041217,0.32351843,1.6144614
TCGA.77.A5G6.01,1.4893678,1.6132951,0.8950525,0.9150219,0.4069976,1.2407199,1.0673699,1.1310397,0.44349185,1.2022548
TCGA.77.A5G7.01,1.3394867,1.218858,1.0773585,1.5852668,0.8014317,1.1384673,1.0499935,1.0183765,0.21683823,0.66490585
TCGA.77.A5G8.01,1.5846959,0.84837615,1.3493347,0.9424276,1.089555,0.8297117,0.8577103,1.2169347,0.12861337,0.9935075
TCGA.77.A5GA.01,1.0732143,1.1749231,1.6346923,1.5916202,0.51984555,0.75914484,1.3636239,0.50385153,0.029686378,0.96301425
TCGA.77.A5GB.01,0.32104102,0.807141,1.3393025,1.3137597,1.3253345,0.9169319,0.6688367,1.0938522,0.42277312,1.3338122
TCGA.77.A5GF.01,1.5202038,1.0910721,1.3271035,1.1960759,0.97832555,0.47901538,1.2129679,0.29490185,0.13534239,1.1682378
TCGA.77.A5GH.01,0.6147521,0.40950984,1.1219622,1.4193517,0.67887384,0.92836964,2.0079763,0.893078,0.71196735,1.309255
TCGA.79.5596.01,1.1989273,1.3917634,0.73367894,0.73531044,1.6083531,1.0953327,0.5772002,0.3474958,1.5805881,1.0427284
TCGA.85.6175.01,0.6517273,0.7548998,1.4424602,0.5215462,0.55518335,0.98997825,0.6613044,0.63826084,1.5369526,1.9043481
TCGA.85.6560.01,1.1113609,0.4947838,0.88272697,1.1247197,0.54203784,1.8503904,0.47251534,1.0404068,2.067407,0.92309564
TCGA.85.6561.01,1.1717515,0.65156555,1.51791,0.80966276,0.6837295,1.5684454,0.54765654,0.003585857,1.1246852,1.7277668
TCGA.85.6798.01,1.3327779,0.58250237,0.93711406,0.40959474,1.2720104,1.0647476,1.4509996,0.78824246,1.370873,1.1396959
TCGA.85.7696.01,0.4972833,0.7880096,1.1731948,0.90785414,1.3802572,0.9133576,0.7851705,0.9611839,1.2767565,1.3237803
TCGA.85.7697.01,0.62804985,1.6018927,0.87059826,1.0487084,1.5634642,1.5499916,0.5454819,0.2776345,1.2269834,0.91690284
TCGA.85.7698.01,0.7951152,0.67978436,1.2125514,0.8934748,1.3548661,0.98921347,0.6176415,0.46577993,1.5245962,1.3698283
TCGA.85.7699.01,0.36496723,0.9319023,1.1277839,1.0760928,1.0128478,1.230802,1.4320009,0.6453072,1.1867989,1.2805513
TCGA.85.7710.01,0.6502457,1.4784935,0.8325918,1.2464119,1.7406689,0.16813172,0.75419307,0.98417324,1.7065411,0.65608525
TCGA.85.7843.01,0.69596267,1.3331417,1.3568923,0.64071923,1.310164,1.1767333,1.1978598,0.48687485,1.176976,0.8083922
TCGA.85.7844.01,0.571486,0.15241776,1.2494972,1.4468564,1.3488839,0.8398207,0.98212975,0.9560573,1.1888258,1.0110278
TCGA.85.7950.01,0.37034002,0.48938325,0.92264414,1.205127,1.1127673,0.52520794,2.1300335,1.3423587,1.3548888,0.66401976
TCGA.85.8048.01,0.2709737,0.69675165,1.3400658,0.8399332,0.8667319,1.3948926,1.0598463,1.1832508,1.4348139,0.9343335
TCGA.85.8049.01,0.6292395,1.2680391,1.4965678,1.3892224,0.54802346,1.251633,1.0328509,0.26615337,1.2869676,1.0257131
TCGA.85.8052.01,0.84200424,1.1067474,1.0128158,1.1861892,0.95664334,0.7088637,0.78075755,1.1872467,1.436286,1.1298571
TCGA.85.8070.01,1.7664049,0.8456724,1.0122406,0.9013783,1.2374117,0.8594715,1.0776892,1.1539466,0.8185843,0.29259774
TCGA.85.8071.01,1.0276866,1.9041337,0.6762272,0.28542364,0.81726944,0.46966225,1.7781245,0.84120995,1.2915779,1.3467585
TCGA.85.8072.01,0.4395965,0.99710757,1.4961699,1.2439605,0.7727473,0.9109678,1.2689726,1.0169342,0.90286267,0.9725416
TCGA.85.8276.01,0.7461037,0.32195792,1.4722934,1.2077749,1.0768261,1.0780876,0.7548059,0.28952584,1.3253669,1.4131871
TCGA.85.8287.01,0.83036095,0.48218742,1.2627201,1.5564189,1.3219304,1.26324,0.5620973,0.957282,1.1552185,0.5218204
TCGA.85.8288.01,0.52347654,0.42084432,1.327145,1.2531472,1.3637409,0.48220485,0.48264474,1.1038144,1.5879408,1.1954653
TCGA.85.8350.01,0.88510877,0.89628726,1.3795754,1.0836705,0.9300426,1.4094131,0.20624976,0.7787758,1.3044227,1.1435456
TCGA.85.8351.01,0.80717075,0.83620614,1.3087234,0.92079127,1.1959633,0.84744614,0.94097406,1.5950571,1.4771996,0.002840646
TCGA.85.8352.01,1.2390221,0.031880043,0.9246978,0.6613608,0.31395784,0.08729238,1.187106,3.738677,0.8398326,0.05080442
TCGA.85.8353.01,0.61818606,0.46824804,1.6594634,1.5128962,1.2078459,0.74052143,0.35508087,0.79957646,0.8033211,1.0084163
TCGA.85.8354.01,1.3374197,1.6130977,0.60461617,0.9533506,1.0989234,0.7855559,1.3489386,0.8257734,1.4626572,0.5426115
TCGA.85.8355.01,1.0733714,1.2430853,1.3417481,0.52641344,1.2208507,1.7448913,0.7908534,0.820821,0.6530988,0.6594878
TCGA.85.8479.01,1.2287518,1.6542633,0.6383634,1.0042375,1.0578837,0.7101108,0.5281744,0.7224068,1.5757481,1.3561566
TCGA.85.8481.01,0.5254476,0.3478074,1.2161872,0.89147896,0.9663233,0.7157975,1.0872833,0.9112515,1.7805824,1.3898624
TCGA.85.8580.01,1.3772527,1.3671987,0.88741565,0.6480288,1.4052014,1.3981143,0.8593464,1.0718504,1.049606,0.5319711
TCGA.85.8582.01,0.29984948,0.30899808,0.84413165,0.76884896,1.4867111,0.93609,1.0936242,1.1672087,1.6996311,1.3480725
TCGA.85.8584.01,0.2773655,1.1065507,1.5771781,2.2864232,1.0389837,0.5127776,0.77456874,0.5607995,0.4148132,0.7014377
TCGA.85.8664.01,0.69808745,0.02357123,0.5892266,1.2760032,0.9793221,0.32613006,2.2104397,1.4425327,1.2740788,0.90297306
TCGA.85.8666.01,0.9978358,0.7359324,1.1095623,0.4595415,1.4467046,0.5335337,0.79941696,1.3371966,1.0110185,1.4182717
TCGA.85.A4CL.01,0.97850853,1.0248414,1.2503679,1.3954467,0.9375632,0.5396008,0.68451285,1.2006807,0.49573654,1.3678223
TCGA.85.A4CN.01,0.9349122,0.83790135,0.9450953,0.8220931,1.2081556,0.5318924,1.7059674,0.63036555,1.2282535,1.4306731
TCGA.85.A4JB.01,1.6184697,0.9962303,0.84692496,0.7791612,1.0606589,0.80338955,0.4965488,0.76948696,1.0707662,1.9261866
TCGA.85.A4JC.01,0.4114653,1.0490167,1.3489665,0.90062624,1.1257949,0.36781186,0.70201904,0.9893004,0.84191746,1.7194512
TCGA.85.A4PA.01,0.35640344,1.5302908,1.4935249,0.86402726,0.009695679,2.4807909,0.5543467,1.7838644,0.63043267,0.60723466
TCGA.85.A4QQ.01,0.59398746,1.1045305,1.4047526,1.1266582,1.2455064,0.8290113,0.8984243,0.70846444,0.5385186,1.2703533
TCGA.85.A4QR.01,1.5557935,1.113621,1.1029421,1.0810719,1.2229145,1.0099556,1.1130664,1.2387577,0.5772501,0.03443805
TCGA.85.A50M.01,0.5295253,0.3512565,1.1713407,1.5650872,0.8415058,0.6542049,1.1390736,1.5383315,1.1302642,0.9764274
TCGA.85.A50Z.01,0.6737474,0.94757134,1.32129,0.87571335,1.4772948,0.29691058,1.4602277,1.8576013,0.0025174653,0.14424165
TCGA.85.A510.01,0.75295043,0.8270208,0.23425291,2.1552906,0.044615403,1.5896829,1.2173907,1.8066605,0.79376185,0.5438685
TCGA.85.A511.01,0.6156699,0.53258324,1.3361763,1.4698606,1.115956,0.6611011,0.65253085,0.9857676,0.6269647,1.5914778
TCGA.85.A512.01,1.195225,1.6111082,1.214385,0.7510512,0.4914173,0.56800944,1.4715834,0.89032066,0.7025064,1.2870499
TCGA.85.A513.01,0.41178212,1.1690767,1.3671504,1.7309476,0.6220471,1.7153277,0.80533826,1.1684753,0.5418256,0.19582109
TCGA.85.A53L.01,0.8300117,0.8644556,1.1999172,1.1151191,0.54331756,0.6862664,0.98468095,1.6022239,0.5381775,1.7637326
TCGA.85.A5B5.01,1.5586349,0.7795906,1.1457472,0.5323533,0.66599095,0.82082975,1.1500179,0.90934885,0.89170605,1.6461829
TCGA.90.6837.01,0.16606286,1.8048807,1.2882165,0.38817537,0.1856023,2.2335021,0.40219292,1.4059893,1.6887691,0.62974375
TCGA.90.7766.01,1.0241065,0.7836171,1.0358138,1.3172404,1.8511549,1.6983778,0.52359295,0.6277645,0.6604007,0.2351109
TCGA.90.7767.01,0.57219166,0.7338644,0.9623908,0.71024245,0.8192465,0.9716493,1.8771305,1.0784999,1.558331,1.3898414
TCGA.90.7769.01,1.420961,1.3340666,1.3375648,0.50244886,1.2065587,0.76255393,1.1824175,0.11160707,0.9325697,0.9479174
TCGA.90.7964.01,0.7281268,1.172959,1.5286903,0.80640733,0.6281487,0.80535793,1.1097186,1.1831374,0.90856093,0.9444541
TCGA.90.A4ED.01,1.6451151,0.782817,1.1475254,0.75479704,0.70423007,1.566276,1.1561667,0.7041455,0.525618,1.2456065
TCGA.90.A4EE.01,0.6877908,0.81556827,1.1456532,1.023392,1.0288081,0.73079693,1.870107,1.6017711,0.28154045,0.5094566
TCGA.90.A59Q.01,0.1557235,1.2133746,1.224294,0.9211079,0.5370081,1.2995441,1.4664018,1.4278861,0.1899932,1.3746802
TCGA.92.7340.01,0.5212238,0.86007637,1.5157,1.0944724,1.5967191,0.6256593,0.28625423,0.54751945,0.990241,1.3158339
TCGA.92.7341.01,0.9521079,0.49444053,1.023,0.9201149,1.4307919,0.4684413,0.8257317,0.7859321,1.4006292,1.5442235
TCGA.92.8063.01,1.0475774,0.862167,0.88650316,1.0938687,1.437848,0.3765523,0.68210495,1.6778477,1.1013813,1.0441158
TCGA.92.8064.01,0.6102045,1.0681796,1.3499238,1.6653551,1.3738754,0.757955,0.68777543,0.039514232,1.0076917,0.99559504
TCGA.92.8065.01,0.7724677,2.13701,0.75886244,0.400199,1.3379693,1.2675309,0.42442447,0.3904931,0.6846372,1.6048716
TCGA.94.7033.01,0.8996476,1.0916977,1.3090949,0.5084749,1.4685318,1.5011983,0.41049865,0.67737174,1.1473256,0.92683256
TCGA.94.7557.01,0.87697816,0.7871633,0.870151,1.7415514,1.87397,0.27136853,0.11633499,1.1667898,1.7737138,0.5570916
TCGA.94.7943.01,0.90823376,0.6739748,0.52022624,1.4590994,1.007624,1.0216092,0.67306656,1.5928336,1.4299886,1.0970007
TCGA.94.8035.01,1.4891568,1.718761,0.94612914,1.042364,0.9584497,0.82963294,0.7860861,0.37514412,1.3410863,0.9356966
TCGA.94.8490.01,1.0630212,1.5706339,0.82190716,0.98022646,1.068636,0.6068829,0.549491,1.0301027,1.1134175,1.5359086
TCGA.94.8491.01,0.71056235,1.4398303,1.1222799,0.99171555,1.1790878,1.2620611,1.0044861,0.9486333,1.0482268,0.6392051
TCGA.94.A4VJ.01,0.5368199,1.1370131,1.0948046,0.22254097,1.0375639,0.9658892,0.48504627,2.1996717,0.66521966,1.7064387
TCGA.94.A5I4.01,1.2427909,1.3953621,1.1257747,1.1050478,0.7454659,0.5976255,1.4691039,1.1868376,0.54886585,0.6232942
TCGA.94.A5I6.01,1.619469,0.553168,0.9217638,1.432881,1.1941093,0.04944593,0.7917558,0.7142774,0.56716454,1.9058158
TCGA.96.7544.01,0.67416,1.0075153,1.3814119,1.2907399,1.4423114,0.6183869,0.80861646,0.2630375,0.9751519,1.1504568
TCGA.96.7545.01,0.41458455,1.4061047,1.5454389,1.2988727,0.74462056,1.1167159,1.0058526,0.6870152,1.2671497,0.56454057
TCGA.96.8169.01,0.48848087,0.16666123,1.3907096,1.2304963,1.0326029,0.6169811,1.2061496,1.2691203,1.2967584,0.8192953
TCGA.96.8170.01,0.661235,1.2613746,1.4367372,0.9176003,1.2529916,1.1612809,0.48692364,0.46792188,1.3327838,0.99306124
TCGA.96.A4JK.01,0.638501,1.0188076,1.0829278,1.6046296,1.1853521,1.0821302,0.9833071,0.72785497,0.5058825,1.187674
TCGA.96.A4JL.01,0.8557816,0.9289956,1.1969678,1.5438758,0.4554724,1.0212517,1.7070618,1.0223058,0.65450436,0.6893567
TCGA.98.7454.01,0.02937549,1.0605618,1.434413,1.1572927,1.3772001,1.1132877,0.98333126,0.50192684,1.1944773,0.6852511
TCGA.98.8020.01,0.9638852,1.0508261,1.1040285,0.5246234,1.1907074,1.0875101,0.27656204,1.0211937,1.4532943,1.3830312
TCGA.98.8021.01,0.7839803,1.3477399,1.0326355,1.2255893,0.9418801,1.102545,0.87875116,1.113706,1.3817507,0.73564464
TCGA.98.8022.01,0.5594169,0.68306905,1.3082454,0.31983635,0.6633892,1.7255187,1.0273077,1.2243646,1.0241091,1.6051996
TCGA.98.8023.01,0.26250303,0.62900645,1.2814171,1.2672186,1.2580141,0.6760643,1.4142785,0.7099251,0.85424346,1.2474039
TCGA.98.A538.01,1.011815,0.6707196,1.1248897,1.3283343,1.5979011,1.0904944,0.38193595,0.50264513,0.33368984,1.4503708
TCGA.98.A539.01,0.6269359,1.0306072,1.7245862,1.6239142,0.71807855,0.33168375,0.656928,0.8740228,0.7659178,1.1437358
TCGA.98.A53A.01,1.0627133,1.0830976,0.7322738,1.6462282,1.1311642,1.0622094,1.1276314,1.0525972,0.96931803,0.71453017
TCGA.98.A53B.01,0.8086742,0.007829289,1.3673747,1.1960251,0.9473955,0.8828622,0.79400975,1.7598624,0.7281918,0.9179269
TCGA.98.A53C.01,0.17227499,1.321623,1.507481,1.2632579,0.60228544,1.7094038,0.6481382,0.8515535,1.1380414,0.65787596
TCGA.98.A53D.01,0.0006298592,1.017507,1.6249408,1.5615816,0.96887165,1.2863777,0.31702504,1.4884402,0.700064,0.46846282
TCGA.98.A53H.01,0.235844,1.2773693,1.6719097,1.4933707,0.54113245,1.4172742,0.55867463,0.76911837,1.0897361,0.7869715
TCGA.98.A53I.01,0.9295596,0.37456727,1.7870355,1.3668451,0.84691083,0.8505079,0.87659043,0.42485932,0.16328436,1.4984329
TCGA.98.A53J.01,1.2258132,0.9945422,1.4339797,0.7475192,1.0598278,0.6919548,0.5924245,1.1175116,0.13342124,1.4574275
TCGA.J1.A4AH.01,1.0275414,1.109707,1.2945223,1.5947726,0.935963,1.1259892,1.262684,0.37001014,0.23120767,0.88504493
TCGA.L3.A4E7.01,0.63090557,1.6927562,1.2088276,1.2538893,0.9695798,1.1121074,1.1841395,0.8579627,0.5911103,0.58976316
TCGA.L3.A524.01,1.2346319,0.83536226,1.2615212,0.78450865,0.78891784,0.6197325,0.8470455,1.1867328,0.6521553,1.7162164
TCGA.LA.A446.01,1.0114411,1.5448498,1.4066541,1.3188289,0.6273091,0.8913883,1.5396359,0.57971185,0.8963598,0.46322376
TCGA.LA.A7SW.01,0.92979586,0.7732518,1.0602849,0.4938805,1.1988615,0.7040149,0.5084143,1.3441554,1.550255,1.3588247
TCGA.MF.A522.01,2.0047932,1.3576561,1.0729349,0.8462004,0.9352059,0.07726288,0.30095065,1.5842649,0.18112557,0.97226197
TCGA.NC.A5HD.01,1.3194653,0.7586438,0.6560287,0.99530053,0.9235443,0.8470697,1.04879,1.1846539,1.0852604,1.5776936
TCGA.NC.A5HE.01,1.1510066,0.23117779,1.2072283,0.9063107,1.1629118,1.2840902,0.7688358,1.7377752,0.178761,1.0565331
TCGA.NC.A5HF.01,1.6367204,1.1026173,1.1013556,0.91944253,0.98113966,0.7380212,0.9935944,0.9618259,0.7773815,0.9049424
TCGA.NC.A5HG.01,1.4215406,1.4140751,0.90580875,0.48110875,0.7600265,0.023265235,1.0884488,1.4141148,0.07098717,1.8739401
TCGA.NC.A5HH.01,1.6594592,0.91945344,0.501833,0.778577,0.76639885,0.71254396,1.824666,1.4449824,0.93478894,1.1689188
TCGA.NC.A5HI.01,1.3588364,1.0190325,1.1994383,0.7743187,0.8218594,0.9428391,1.4219551,0.4677609,0.1672003,1.614988
TCGA.NC.A5HJ.01,0.8097637,1.2056795,1.124978,1.450629,0.44983882,1.907201,0.9317052,1.3694923,0.89000237,0.10029653
TCGA.NC.A5HK.01,0.53197736,0.0096832365,1.445273,1.1223166,1.2097484,0.537855,0.5320877,2.0967934,0.31619966,1.6172147
TCGA.NC.A5HL.01,1.0449654,0.7795572,1.4103649,1.1244115,0.82601696,0.92123944,1.5242269,1.1793915,0.21011738,0.8475019
TCGA.NC.A5HM.01,1.0414684,0.90685153,0.92153776,0.5221179,0.9326499,1.0975596,1.649639,1.4172925,0.7459763,1.2021137
TCGA.NC.A5HN.01,1.784299,1.4448632,0.48388085,0.36977988,1.1451583,1.0339136,0.9586189,1.2018844,0.4978405,1.2851562
TCGA.NC.A5HO.01,1.3930777,0.706924,1.3006648,0.41684428,0.82911855,0.69510686,1.2319463,1.1620386,0.16290992,1.8059503
TCGA.NC.A5HP.01,0.90002674,0.79711187,1.2043705,1.2998368,0.7515991,0.7100242,0.74314886,1.1256616,0.9535453,1.7495633
TCGA.NC.A5HQ.01,0.9697113,1.5086722,1.1945099,1.0663952,0.5164613,0.91205007,0.6524182,1.1565284,0.34885573,1.6344713
TCGA.NC.A5HR.01,1.3543043,0.9294893,0.6200738,0.9060307,0.9754775,1.0902065,1.2813125,1.3006499,0.7584682,1.4942508
TCGA.NC.A5HT.01,1.4194722,0.68053836,1.1407855,1.1298338,0.63829887,0.662556,1.2881874,0.85167986,1.1521188,1.0982683
TCGA.NK.A5CR.01,0.97785276,0.74083817,0.8934678,2.0503511,0.53198045,0.47264156,1.7680109,0.9962972,0.9748451,0.5366899
TCGA.NK.A5CT.01,0.82108974,1.3325237,1.3960202,1.2063932,0.930228,0.15450515,0.7695213,1.7474478,0.7328304,0.60971737
TCGA.NK.A5CX.01,0.60422426,0.7499816,1.409577,1.3633388,1.1346582,0.44817996,0.7479319,0.80652905,0.7881272,1.5151037
TCGA.NK.A5D1.01,1.7952836,0.5914822,0.06805176,1.0562052,0.48447612,1.1787694,2.1515965,1.5694282,1.1811166,0.55453527
TCGA.NK.A7XE.01,0.5314355,0.5436732,1.238201,0.09144011,1.2567633,0.7989148,1.3585132,2.1366045,0.95327646,0.80692494
TCGA.O2.A52N.01,0.7834632,0.47938576,1.1939802,0.52742416,0.86761606,0.7291054,0.93155545,1.7679185,0.40348718,2.0186255
TCGA.O2.A52Q.01,0.52190936,0.004425327,1.5781043,2.3051968,1.2637446,0.14158973,0.31158414,2.1611874,0.23722728,0.10026418
TCGA.O2.A52S.01,1.2876948,0.6136486,1.0482155,1.1783942,1.3216141,0.909078,1.0522659,1.2291114,0.54339457,1.0984889
TCGA.O2.A52V.01,1.0570798,0.25211257,1.624555,1.3932551,1.1245371,1.11471,0.42785555,0.6014061,0.302545,1.3628389
TCGA.O2.A52W.01,1.2776638,1.5068555,1.3812108,0.9543404,0.6632969,0.904211,1.0599371,1.2177333,0.42186698,0.6325219
TCGA.O2.A5IB.01,1.4829769,0.70233315,0.06164069,2.1768987,0.008807778,1.0368602,1.0469157,1.2874918,1.058407,1.2373441
TCGA.XC.AA0X.01,0.46731064,1.3220341,1.4240885,0.6688574,0.8780544,1.6096513,1.0952742,0.6365611,0.8526622,1.097485
