hsa.let.7a.1,42.982635,32.210922,38.339172,61.637733,87.97564,121.196594,4.485267,63.344803,48.006153,12.007402
hsa.let.7a.2,88.53415,65.835945,74.91244,129.8309,171.7827,233.92152,8.610327,125.4865,94.47908,22.547667
hsa.let.7a.3,43.934956,32.100224,38.98196,61.177925,89.490326,122.49308,4.4319453,63.55188,47.957123,10.565065
hsa.let.7b,120.90687,3.7674086,297.3207,8.996466,423.0422,446.62112,4.5676303e-19,297.45142,0.0007959659,0.0
hsa.let.7c,7.116672,0.0,0.0,12.4375925,17.86364,23.18028,0.54560953,2.4644966e-20,0.21217234,17.651285
hsa.let.7d,9.235654,10.760949,8.6412954e-35,36.20417,25.288929,65.863815,5.565108,6.5369196,30.238228,18.966942
hsa.let.7e,8.149648,2.2406123,0.95660764,5.444859,9.504924,2.3581097,0.0,2.8210108,3.8489687,12.772749
hsa.let.7f.1,0.22422615,0.2804251,0.038517285,0.8336699,0.45021802,0.5870487,0.0,0.20274615,0.6833523,0.3546997
hsa.let.7f.2,30.591633,37.969246,5.1945926e-16,67.80059,35.398705,89.76688,11.077661,30.851042,62.381157,33.48313
hsa.let.7g,21.263922,0.0016953143,5.309402,13.404539,20.115091,70.36806,1.9807637,7.343669,40.791954,27.955282
hsa.let.7i,15.670575,5.824213,9.181991e-19,6.5969553,4.8851733,37.63552,4.0661645,2.7326567,12.539566,11.462986
hsa.mir.1.1,0.0,0.0005699615,0.0,0.0,3.07352e-05,0.0,0.000363485,0.005376939,0.002933189,0.0
hsa.mir.1.2,0.01440159,1.6584927e-26,2.862998e-24,0.016629716,0.19664142,0.0,0.25828683,0.78153235,0.391955,7.330863e-12
hsa.mir.100,43.933113,79.144104,0.0,589.0344,0.0,0.0,0.0,0.0,0.0,0.0
hsa.mir.101.1,53.756042,33.836433,9.102938e-11,144.55608,58.697403,179.00537,36.51691,42.16506,93.189735,81.641846
hsa.mir.101.2,0.3641897,0.20258775,5.5056073e-05,1.0232862,0.0524749,1.0671359,0.026016103,0.2615443,0.026088422,0.39974624
hsa.mir.103.1,221.06169,275.00784,1.9543863e-18,219.11359,7.4058466,1077.714,40.39021,8.1543966e-08,89.117386,193.55927
hsa.mir.103.1.as,0.0,0.0,0.0,0.0,0.0,0.0,0.0,0.0,0.0,0.0
hsa.mir.103.2,0.31180447,0.31149706,2.09811e-13,6.981851e-07,0.6871321,1.800235,0.491693,0.14956972,0.54798913,0.18215525
hsa.mir.103.2.as,0.0,0.0,0.0,0.0,0.0,0.0,0.0,0.0,0.0,0.0
hsa.mir.105.1,1.4446266e-24,0.0,0.0,0.0,0.0,0.0,0.0,0.0020405152,0.0,0.0015150906
hsa.mir.105.2,6.743403e-06,0.0,0.0,0.0,0.0017366576,0.0,0.0,0.0,0.0,0.0032060507
hsa.mir.106a,0.42317033,0.9491243,0.28485578,2.0290193e-07,14.927176,3.27712,0.8246077,2.6502218,5.2702527,0.20796338
hsa.mir.106b,11.487628,7.728508,2.6410955e-24,19.259502,17.611145,42.287563,7.0653768,10.096934,15.036641,15.606546
hsa.mir.107,0.8270193,0.74377155,3.6171814e-12,0.18944553,0.69321734,2.6307416,0.19851816,0.51956695,0.9486577,0.48320344
hsa.mir.10a,0.0005103546,1.0955971e-05,1591.2441,2.2179042e-06,3.0432899e-05,46.836166,3.0859303,3365.965,1.680892e-05,1.0984063e-06
hsa.mir.10b,117.914375,2.5205633e-16,0.0,0.0,6.5901375,34.49273,14.119055,0.0,0.0,35.977726
hsa.mir.1178,0.0,0.0,0.0,0.0030686127,0.0013895256,0.0,0.0,0.0,0.0,0.0
hsa.mir.1179,0.0193608,9.642025e-16,0.004179564,0.023890387,0.019398483,2.0020724e-07,0.008701604,0.009594812,0.02747661,0.020270681
hsa.mir.1180,0.065992765,0.03381566,0.0,0.0,0.073316954,0.010488968,0.037345152,0.0034649454,0.0,0.027074572
hsa.mir.1181,2.1928506e-14,0.0021789414,0.0,0.0017992835,0.00076361315,0.0016696501,0.008819057,0.0031295426,0.0021576232,3.452408e-35
hsa.mir.1182,0.00037644515,0.0,0.00012323268,0.0,5.5602615e-23,0.0,0.0,0.00012644113,0.0,0.0
hsa.mir.1183,0.0,0.0,0.0,0.0,0.0,0.0,0.0,0.0,0.0,0.0
hsa.mir.1184,0.0,0.0,1.7403523e-05,0.0,0.0,0.0,0.0016312473,0.0,0.0,0.0
hsa.mir.1185.1,1.6749178e-23,0.004918445,0.0,0.024136052,0.0,0.0,0.0,0.0,0.0,0.0
hsa.mir.1185.2,0.0038089612,0.0008997963,0.0,0.012984014,0.0,0.0,0.0020089168,0.0,0.0,0.0
hsa.mir.1197,0.00548958,0.011079136,0.0,0.042617813,0.0,0.0,0.0,0.0,0.0,0.0
hsa.mir.1200,0.0,0.0,0.0,0.0,0.0,0.0,0.0,0.0,0.0,0.0
hsa.mir.1201,0.77137804,0.0,0.38608018,2.092864,2.8785172,5.0171094,1.5700365,1.5605311,0.00053531874,2.9615467
hsa.mir.1202,0.0,0.0,0.0,0.0,0.0,0.0,0.0,0.0,0.0,0.0
hsa.mir.1203,0.0,0.0,0.0,0.0,0.0,0.0,0.0,0.0,0.0,0.0
hsa.mir.1204,0.0,7.492217e-05,0.0,0.001110062,0.0,0.0,0.0,0.0,0.0,0.0
hsa.mir.1205,0.0,0.0,0.0,0.0,0.0,0.0,0.0,0.0,0.0,0.0
hsa.mir.1206,0.0,0.0,0.0,0.0,0.0,0.0,0.0,0.0,0.0,0.0
hsa.mir.1207,0.0,0.0,0.0,0.0,0.0,0.0,0.0,0.0,0.0,0.0
hsa.mir.1208,0.0,0.0,0.0,0.0,0.0,0.0,0.0,0.0,0.0,0.0
hsa.mir.122,0.019930707,0.007034477,0.0032374223,0.004527376,0.0527233,0.069001295,7.936828e-05,0.009557626,1.008161e-29,3.3175194e-14
hsa.mir.1224,0.014345363,5.6839635e-13,0.0,2.3049755e-09,0.0032907696,9.6991724e-05,6.195397e-27,0.0,0.002617656,0.006876282
hsa.mir.1225,0.0,0.0022420867,0.0,0.0025566753,0.004499856,0.0,0.00096346415,0.0012064159,0.0,0.0
hsa.mir.1226,0.020675639,0.034089133,0.0,0.012528336,0.016649626,0.16971593,0.013488796,4.157876e-11,0.017958457,0.021936132
hsa.mir.1227,0.0,0.0011755382,0.0,0.0063327383,3.5279906e-20,0.018777609,0.008434454,0.0,5.4502624e-07,0.0045429044
hsa.mir.1228,0.0037572568,0.011749807,0.008979001,0.0,0.0,0.009481345,0.0014056204,0.0,0.0033723996,0.00043480747
hsa.mir.1229,0.0054534823,0.0036587678,0.0,7.3578796e-19,0.0028012407,0.024841212,0.0041497913,0.0016090993,0.0031700423,0.0077780616
hsa.mir.1231,0.001416531,0.0010420781,0.0,0.0,0.00032148603,0.0,0.0,0.0,0.0,0.0
hsa.mir.1233,0.0,0.0,0.0,0.0,0.0,0.0,0.0,0.0,0.0,0.0
hsa.mir.1234,0.0,9.976971e-20,0.0,0.0,0.0,0.01639594,0.0,0.0,7.87958e-06,0.0045154197
hsa.mir.1236,0.0003063247,0.0,3.42153e-35,0.0,0.0011228564,0.00671182,0.0,2.5311712e-29,1.9376191e-29,0.0
hsa.mir.1237,0.002088115,0.0022576423,0.004246976,0.0,0.0034426593,0.0045820177,0.00025018796,2.1636125e-18,0.0014735014,1.1379442e-13
hsa.mir.1238,0.0,0.00016760951,0.0,0.0016827737,0.0,0.0,0.0,0.0,0.0,0.0002413571
hsa.mir.124.1,0.008048482,0.0027438402,0.0033276884,0.0002663126,0.0,0.0,2.062883e-10,0.014409146,0.0017315738,0.0
hsa.mir.124.2,0.009226661,1.07046094e-10,0.0031947077,0.003425294,0.0,3.5711653e-16,1.9238786e-16,0.0027235153,0.0,0.0
hsa.mir.124.3,0.004134148,0.00058340264,0.0,0.0014727697,0.0,0.0,0.0,0.006286178,0.0022168802,0.0
hsa.mir.1243,0.001288058,0.0,0.0,0.0,0.0,0.0,0.0,0.0,0.0,0.0
hsa.mir.1244,0.00037426743,0.0009286948,0.00010644894,0.0038502656,0.0,1.4921775e-37,0.0010661946,0.0003832846,0.0,0.0
hsa.mir.1245,0.0012444336,0.0,0.0,0.00047521148,0.0,0.0,0.0,0.00096917315,0.0,0.0
hsa.mir.1246,0.0,0.0,0.0,0.0,0.0,0.0,0.0,0.00031366065,0.0,0.0020063897
hsa.mir.1247,0.0,4.649709e-27,0.0,0.112026006,0.026479678,0.0,0.0,0.040134262,0.0,0.0
hsa.mir.1248,0.04958056,0.0,0.038014017,0.16305721,0.268785,0.19405527,0.23920283,0.07089472,2.1501431e-16,0.11782307
hsa.mir.1249,0.1263165,0.20614672,0.065636694,0.0,0.38054252,0.89501876,0.052375555,0.0,0.04682771,0.0
hsa.mir.1250,0.0102865705,0.00078430196,0.0016599376,0.0,0.010250425,0.016278286,0.00027275842,9.208079e-28,1.8439292e-07,0.0
hsa.mir.1251,0.0,0.0,0.0,0.0,0.0,0.0,0.0,0.0,0.0,0.0
hsa.mir.1252,0.0003528385,3.5670496e-06,0.0,3.8489867e-05,8.144598e-05,0.0,0.0,0.0,0.0,0.0
hsa.mir.1253,0.0,0.0,0.0,0.0,0.0,0.0,0.0,0.0,0.0,0.0
hsa.mir.1254,0.051993474,0.008183058,0.0128134545,0.03351906,0.04806368,0.17626496,0.0,0.037927024,0.021735528,0.006361242
hsa.mir.1255a,0.03736227,0.03455684,0.0,0.0052364348,0.033013854,0.084480956,0.0002662716,0.0,0.044096068,0.005746849
hsa.mir.1255b.1,0.0,0.0,0.0,0.0,0.0,0.0,0.0,0.0,0.0,0.0
hsa.mir.1255b.2,0.0,0.0,0.0,0.0,0.0,0.0,0.0,0.0,0.0,0.0
hsa.mir.1256,0.00046061957,0.0029272167,0.0,0.0,0.0020263724,0.016336799,0.00074849045,0.0,5.869301e-08,0.007242751
hsa.mir.1257,0.00028999973,5.2012572e-05,0.0,0.0,8.4528716e-07,0.0008215026,0.0,0.0002739771,0.0,0.00021791707
hsa.mir.1258,0.0006249511,0.0003231226,0.0,0.0,0.0,0.0,0.0,0.001542304,0.0,0.0018081884
hsa.mir.1259,0.0,6.6109096e-06,1.6183486e-06,3.4426003,3.793992,0.05327494,1.846008,2.9279892,2.2677205,1.6344316
hsa.mir.125a,2.7209272,5.9308663e-30,0.0,6.390236,12.541419,0.0,0.0,0.9522786,1.2384832e-13,9.368777
hsa.mir.125b.1,9.020521,1.2217141,0.0,41.5347,0.0,0.0,0.0,0.0,0.0,0.0
hsa.mir.125b.2,0.038736913,0.0,0.0,0.21991965,0.1779685,0.1175891,0.021983825,0.02596562,5.271157e-06,0.0871661
hsa.mir.126,6.339926e-11,1.0074833e-21,4.188737e-25,3.9235757e-21,0.0076984423,3.5913694e-22,31.751537,8.84372e-14,2.3485708e-07,1432.903
hsa.mir.1260,0.0,0.0,0.0,0.00022587903,0.0,0.0,0.0007092543,0.00034832055,0.00042593436,0.0
hsa.mir.1261,0.0,0.0,0.0,0.0,0.0,0.0,0.0,0.0,0.0,0.0
hsa.mir.1262,0.010376,0.0,0.0,0.0050825323,9.885708e-35,0.014979564,0.0,0.0,0.00018810973,7.845207e-05
hsa.mir.1263,0.0,0.0,0.0,0.0,0.0,0.0,0.0,0.0,0.0,0.0
hsa.mir.1264,0.0003417278,0.0010745798,0.00078184856,0.0,0.0,0.0,0.0,0.0,0.0,0.0
hsa.mir.1265,0.0,0.0,0.0,0.0,0.0,0.0,0.0,0.0,0.0,0.0
hsa.mir.1266,0.018854765,0.00053218636,0.0,0.09427896,0.08441416,0.0,0.03005695,0.03193729,0.051629163,0.13125007
hsa.mir.1267,0.0,0.0,0.0,0.0,0.0,0.0,0.0,0.0,0.0,0.0
hsa.mir.1268,0.0,0.0,0.0,0.0,0.0,0.0,0.0,0.0,0.0,0.0
hsa.mir.1269,0.0,0.0,0.0,0.0,0.0,0.0,0.0,0.0,0.0,6.2859015
hsa.mir.127,3.3215523,4.8009076,0.0,51.51124,0.0,0.0,9.390028e-23,0.0,0.0,0.0
hsa.mir.1270,0.2005169,0.011850071,0.0,0.040441908,0.06893059,0.00020575091,0.011559145,0.0,0.070285544,0.17252739
hsa.mir.1271,0.09124072,0.035843544,0.031392287,0.29388812,0.76910836,1.1775107e-10,0.0,0.0002978992,5.826607e-29,0.18844101
hsa.mir.1272,0.0,0.0,0.0,0.0,0.0,0.0,0.0,0.0,0.0,0.0
hsa.mir.1273,0.0,0.0,0.0,0.0,0.0,0.0,0.0,0.0,0.0,0.0
hsa.mir.1274a,0.0,0.0,0.0,0.0,0.0,0.0,0.0,0.0,0.0,0.0
hsa.mir.1274b,5.0396302e-08,2.5013113e-14,0.36448067,0.034022696,0.59740657,1.0216144,0.22164458,0.0008023092,0.30663055,0.0
hsa.mir.1275,0.0,0.0,0.0,0.14027087,0.5716142,0.0,0.7014594,0.60710114,0.0,0.0
hsa.mir.1276,0.0,0.0003707692,0.0,0.0026589236,0.0,0.0,0.0,0.0,0.0018948836,0.0
hsa.mir.1277,1.1028269e-16,0.0012650721,7.783118e-24,0.0021980663,0.0,0.08510434,0.0,0.0035092963,0.033088755,0.0015551731
hsa.mir.1278,0.0102510005,0.0,0.0,0.006720901,0.0014087838,0.0056606433,0.0019637535,0.003457861,0.0044738357,0.0021208208
hsa.mir.1279,0.0,0.0,0.0,0.0,0.0,0.0,0.0,0.0,0.0,0.0
hsa.mir.128.1,0.21930104,1.437791e-23,0.0,8.150898,1.1804888,5.6940513,1.1417208,3.4925896e-37,2.3286529,3.2622874
hsa.mir.128.2,0.06936278,3.2132392e-21,0.0,4.68245,0.76240957,3.0565155,0.7850738,0.0,1.2078032,2.0294466
hsa.mir.1280,0.0,0.00023260072,0.0,0.0020670197,1.4696256e-12,0.0,0.0,0.0,0.0,0.0
hsa.mir.1281,0.0,0.0,0.0,0.0,0.0,0.0,0.0,0.0,0.0,0.0
hsa.mir.1282,0.0,0.0,8.991015e-28,2.2727827e-05,0.0,0.0,0.0,0.00034100417,0.00016943166,0.0
hsa.mir.1283.1,0.0,0.0,0.0,0.0,0.0,0.0,0.0,0.0,0.0,0.0
hsa.mir.1283.2,0.0,0.0,0.0,0.0,0.0,0.0,0.0,0.0,0.0,0.00067703624
hsa.mir.1284,6.1619806e-21,0.014420768,0.0036130464,0.018518414,0.03383047,0.102438055,0.009213193,0.0044079507,0.03774228,0.01037098
hsa.mir.1285.1,0.0023582946,0.0008532943,3.885934e-24,0.0018435894,0.005759747,0.011170728,0.0021619974,0.0044204807,7.4772504e-07,0.00092827005
hsa.mir.1285.2,0.0,0.0,0.0,0.0018329902,0.00013181574,0.0,0.0,5.309979e-35,0.0,0.0
hsa.mir.1286,0.002059193,0.0,0.0,0.0071693696,7.213702e-05,3.9201506e-13,0.0,0.0,0.0,0.0029897061
hsa.mir.1287,0.25093263,0.13023509,0.0,0.26131243,0.3041213,0.22456901,0.036676925,0.012842856,0.119790345,0.31145748
hsa.mir.1288,0.009338716,0.011689749,0.0,0.018735291,0.004520736,0.016066011,0.0072952826,1.3400076e-20,0.0021410924,0.015267201
hsa.mir.1289.1,0.0,0.0,0.0,0.0009726591,0.0,0.0,0.0,0.0,0.0,0.0
hsa.mir.1289.2,0.0,0.0,0.0,0.0,0.0,0.0,0.0,0.0,0.0,0.0
hsa.mir.129.1,0.022891263,0.012154895,0.0,0.14559343,0.0,0.0,0.0,0.0,0.0,0.0
hsa.mir.129.2,0.014144369,0.008486758,0.0,0.09434346,0.0,0.0,0.0,0.0,0.0,0.0
hsa.mir.1290,0.0,0.0,0.0,0.0,0.0,0.0,0.0,0.0,0.0,0.0014045531
hsa.mir.1291,1.2637353e-35,1.0220389e-28,0.0,0.15400502,0.7377269,2.8584445e-30,0.33698124,0.26008898,0.21075808,3.5858684e-05
hsa.mir.1292,0.029052,0.003977394,0.004050351,0.024108509,0.014727284,0.08463706,0.027854444,0.0025174413,0.037760653,0.05184302
hsa.mir.1293,0.0,5.7630495e-10,0.0,0.0003419377,0.00042856752,0.0,0.0,0.00059199764,0.000681386,0.00015026586
hsa.mir.1294,0.0066960175,0.00074787176,0.0017922879,6.7790644e-28,0.024928313,0.020559477,0.0012453895,0.0011968702,0.007650626,4.4865404e-15
hsa.mir.1295,0.010117417,0.0,0.0,0.0012786726,0.0047914023,3.5329592e-10,0.004199779,0.0,0.0,0.0043206504
hsa.mir.1296,0.17581822,0.009025218,0.0,0.00017472317,0.05515392,0.4831049,0.03736031,0.04148123,0.106660336,0.02219921
hsa.mir.1297,0.0,0.0,0.0,0.0,0.0,0.0,0.0,0.0,0.0,0.0
hsa.mir.1298,0.00015499636,0.00014524543,0.0,0.0,0.0,0.0006578912,0.0,0.00020435579,0.0,0.0
hsa.mir.1299,0.0,0.0,0.0,0.0011229338,0.0,0.0,0.0,0.0016967575,0.0,0.0036781237
hsa.mir.1300,0.0,4.8148016e-18,0.0,7.7492594e-05,0.0,0.0,5.8787344e-05,0.0003118198,0.0,0.0001647637
hsa.mir.1301,0.22051054,0.14670438,0.04339522,0.093670614,0.1631617,0.80651045,0.03977096,0.022443892,0.19618753,0.34565544
hsa.mir.1302.1,0.0,0.0,0.0,0.0,0.0,0.0,0.0,0.0,0.0,0.0
hsa.mir.1302.2,0.0,0.0,0.0,0.0,0.0,0.0,0.0,0.0,0.0,0.0
hsa.mir.1302.3,3.8636652e-05,0.00039927586,0.0,2.2398815e-11,9.6246644e-05,0.0,0.0,1.3858028e-33,0.00088433956,0.0001914087
hsa.mir.1302.4,0.0,0.0,0.0,0.0,0.0,0.0,0.0,0.0,0.0,0.0
hsa.mir.1302.5,0.0,0.0,0.0,0.0,0.0,0.0,0.0,0.0,0.0,0.0
hsa.mir.1302.6,0.0,0.0,0.0,0.0,0.0,0.0,0.0,0.0,0.0,0.0
hsa.mir.1302.7,0.0,0.0,0.0,0.0,0.0,0.0,0.0,0.0,0.0,0.0
hsa.mir.1302.8,0.0,0.0,0.0,0.0,0.0,0.0,0.0,0.0,0.0,0.0
hsa.mir.1303,0.0019868978,0.0003729704,0.0,0.0004116744,0.0,0.0,0.0,0.0,0.0005125301,7.137228e-27
hsa.mir.1304,0.0,0.0,0.0,0.004308413,0.10761017,0.0,0.0,0.0826085,7.77646e-16,0.14725187
hsa.mir.1305,0.0,0.0,0.0,0.0,0.0,0.0,0.0,0.0,0.0,0.0
hsa.mir.1306,0.14824645,0.19856928,0.0,0.16941054,0.41273353,0.6280421,0.032434586,0.023130778,0.22285128,0.23960316
hsa.mir.1307,10.501962,22.52017,1.6770471,6.191048,8.687492,36.689404,1.1274354,3.1555448,22.023247,7.796589
hsa.mir.1308,0.03896193,0.0,0.010050103,0.009482776,0.02583174,0.098690554,0.0059176227,0.0077644703,3.5293643e-11,0.039293654
hsa.mir.130a,1.2509102,7.754029e-34,0.0,4.9309373,4.9588175,1.2320177e-06,0.33145717,0.0,3.7636337,10.79072
hsa.mir.130b,1.7946945,0.95672756,3.9914155e-13,0.29584894,2.4377556,4.7726817,0.6647365,0.67576617,1.9699922,1.324787
hsa.mir.132,0.00032954724,0.30333135,0.33475494,0.3380121,0.38440114,1.2098628,0.10234289,0.02677528,0.16738719,0.27222195
hsa.mir.1321,0.0,0.0,0.0,0.0,0.0,0.0,0.0,0.0,0.0,0.0
hsa.mir.1322,0.0,0.0,0.0,0.0,0.003703253,0.0,3.6273295e-38,0.0,0.0,0.0
hsa.mir.1323,0.0,0.0,0.0,0.00023038888,0.0,0.0,0.0,0.00017458366,0.0,0.0
hsa.mir.1324,0.0,0.0,0.0,0.0,0.0,0.0,0.0,0.0,0.0,0.0
hsa.mir.133a.1,4.6483407e-26,0.0,0.0,0.46608812,0.3875883,0.0,0.17796971,1.1576773,0.54131323,1.756882e-19
hsa.mir.133a.2,6.3895664e-07,4.438159e-32,0.0,0.008321387,0.014180865,8.4023675e-34,0.004919209,0.015629783,0.010918067,0.0
hsa.mir.133b,0.0,0.0,0.0,0.05714479,0.0360618,0.0,0.020271124,0.07634509,0.025612248,0.0
hsa.mir.134,9.2555,1.5723699,0.0,34.864426,0.0,0.0,3.451232,0.0,0.0,0.0
hsa.mir.135a.1,0.06640197,0.0,0.00031168878,0.21263726,0.0,0.0,0.0,0.2421464,0.09528971,0.0
hsa.mir.135a.2,0.0,0.0,0.0,0.0,0.0,0.0,0.0,0.0,0.0,0.0
hsa.mir.135b,0.028426254,0.0017360027,0.0,0.0,0.021383047,0.016896868,0.0,3.567225e-21,0.0,0.007315637
hsa.mir.136,0.59008086,0.41982365,0.0,7.0492682,0.0,0.0,0.0,0.0,0.0,0.0
hsa.mir.137,0.0,0.0,0.0,0.0042621745,0.0,0.0,0.0,0.0064470605,0.0,0.0
hsa.mir.138.1,0.028560914,0.0,0.0,0.0,0.0,0.0,2.7176772e-33,0.0017444587,0.0,0.0
hsa.mir.138.2,0.02603782,0.0,0.0017086924,0.0,0.0,3.490526e-26,0.0,0.0009701687,0.0,0.004142438
hsa.mir.139,0.8790169,0.3049274,0.0,1.9445615e-33,0.07539505,0.67247957,0.10973555,0.0,7.080971e-12,0.72313553
hsa.mir.140,9.859777,13.896655,6.107946,11.743217,16.887661,51.075607,5.4628077,6.583164,12.199473,9.996505
hsa.mir.141,0.11746319,0.048355967,0.047602028,0.029047018,0.046559058,0.4895718,0.021093326,0.13341309,0.15801235,0.00022993737
hsa.mir.142,117.768845,0.91482407,227.65665,408.12576,32.00184,41.846745,34.823578,148.73448,2618.4622,578.0013
hsa.mir.143,52.734825,9.139063,0.0,20.336195,18.450733,28.070295,8.422064,0.0,5.0487396e-11,16.966734
hsa.mir.144,18.520906,1.4308977,0.0,0.0009880842,12.70135,8.98077,1.7462767,0.066919565,4.496473,5.1295104
hsa.mir.145,11.233779,9.7164e-12,0.0,4.676268,7.9253226e-07,18.274122,0.31452274,0.0,0.53279823,4.621083
hsa.mir.1468,1.7141785e-14,8.136024e-37,6.5360424e-16,0.27508804,0.15646487,0.03368019,0.01914506,0.03349113,2.983959e-13,0.051894907
hsa.mir.1469,0.0,0.0,0.0,0.0,0.0,0.0,0.0,0.0,0.0,0.0
hsa.mir.146a,0.05645538,0.0,3.520005,93.6936,31.735994,3.9618904e-20,0.0,4.584066,21.153353,72.53248
hsa.mir.146b,43.346947,0.022957843,2.4050622e-32,68.90951,54.635452,1.9084498e-09,0.0,40.56646,53.216106,154.2718
hsa.mir.147,0.0,0.0,0.0,0.0,0.0,0.0,0.0,0.0,0.0,0.0
hsa.mir.1470,0.0,0.0,0.0,0.0,0.0,0.0,0.0,0.0,0.0,0.0
hsa.mir.1471,0.0,0.0,0.0,0.0,0.0,0.0,0.0,0.0,0.0,0.0
hsa.mir.147b,0.0053133024,3.105907e-05,0.0034388083,0.0,1.0510664e-27,0.021527173,0.00045586517,0.0,0.0013409295,1.18164046e-07
hsa.mir.148a,1887.7585,2.359961e-11,85.64143,1.6618409,10.848784,32.38791,1.6656103e-06,18.481058,82.5948,4.619546e-14
hsa.mir.148b,3.638821,2.3100522,3.9105094e-16,2.310776,1.9884392,6.1156497,0.0,0.50305414,2.605143,2.5538363
hsa.mir.149,0.048224837,0.08409393,0.0,0.0,0.07921911,0.18013377,0.00041344034,0.0030399826,0.022379829,2.504633e-05
hsa.mir.150,73.878716,43.64782,0.0,7.0303617,71.27471,31.64497,9.662233,9.227892,4.071576,36.834072
hsa.mir.151,18.405277,8.5838,0.0,0.0,10.272948,0.0,0.0,0.0,0.0,14.851512
hsa.mir.152,1.6961288,0.44441587,1.3154716,0.0,1.0010405,0.3538013,0.19197422,0.12144974,0.3885495,2.1588098e-36
hsa.mir.153.1,0.06710343,0.009676034,0.0,0.008046473,0.0,0.087634094,0.0,0.0,0.049787942,0.10219873
hsa.mir.153.2,0.6967951,0.36696693,0.0,0.9076629,4.2416316e-18,0.632782,0.0,0.0,0.7199606,1.6708059
hsa.mir.1537,0.07459968,0.038448088,0.019168735,3.6509473e-09,1.25619354e-23,0.28158808,0.002611745,0.0,0.065256834,0.01371325
hsa.mir.1538,8.4228925e-37,0.014039081,0.004007351,1.8886242e-36,0.011063786,0.026378922,7.435815e-05,0.0025203987,9.931616e-06,0.0
hsa.mir.1539,0.0,8.90703e-06,0.0,0.00056866114,0.00037192315,0.0,0.0,0.0013326524,4.8516653e-05,4.639073e-05
hsa.mir.154,0.4165149,0.08690026,0.0,2.3180068,0.0,0.0,0.024517424,0.0,0.0,0.0
hsa.mir.155,14.3096,2.4152365e-24,1.9254592e-33,2.3003741e-09,33.113297,156.56381,2.8251452,68.48443,33.00309,77.78934
hsa.mir.15a,5.3611317,4.729302,3.6864333,1.0150354,5.2873354,30.55171,0.006985794,3.4395733,14.637109,5.6569834
hsa.mir.15b,6.55743,5.1073976,4.9509776e-33,2.34413,36.82078,90.818665,7.137655,34.16475,52.840378,5.154311
hsa.mir.16.1,57.139923,15.095991,28.053755,21.807003,105.8256,175.86676,18.821722,51.50032,95.86237,60.857254
hsa.mir.16.2,0.43608728,0.0018544254,0.27983987,0.00082015037,1.9985604,1.06732,0.11724176,1.7103459,1.8547896,0.46964237
hsa.mir.17,26.980175,2.2909852e-09,17.180511,0.024057096,151.0106,119.02987,1.3111432e-05,36.361572,89.759995,50.55806
hsa.mir.181a.1,8.208633e-31,5.9493615e-20,27.478573,1508.396,134.27512,169.90118,164.96465,32.56039,48.827354,170.42894
hsa.mir.181a.2,4.560221,0.017475393,0.0,57.86476,23.417604,40.183186,12.753927,2.1650367,20.329884,25.82774
hsa.mir.181b.1,9.181209e-14,0.004218926,3.4049084,181.30446,8.842884,1.0050154e-10,13.425517,3.1270754,25.895994,26.83651
hsa.mir.181b.2,8.669452e-08,1.7926908e-05,0.0011997148,2.4304779,0.010452731,0.59148747,0.21775354,0.0072529106,0.44969472,0.54462326
hsa.mir.181c,3.3867262e-34,0.0,0.0,11.6292515,1.4247245,4.2581,4.433996,1.2679651,2.8641915,3.5182283
hsa.mir.181d,0.0,0.0,2.2705018e-09,1.8758428,0.43032873,9.544662e-21,0.096360855,0.32905143,0.65172976,0.7511592
hsa.mir.182,58.243946,0.00140529,0.0,8.892843e-10,26.884699,31.38472,25.895126,0.0,9.500645e-26,25.107977
hsa.mir.1825,0.0,0.0,0.0,0.0,0.0013636993,0.0,0.0,0.0,0.0,0.0
hsa.mir.1826,8.813318,0.03313141,75.29144,0.017102774,228.97372,9.47743e-12,252.84349,0.001805071,101.43538,3.1780353e-37
hsa.mir.1827,0.0,0.0,0.0,0.0,0.0,0.0,0.0,0.0,0.0,0.0
hsa.mir.183,25.570105,0.0,0.0,0.26377493,5.5175905,21.674786,16.193241,0.0,3.7915278e-16,6.22657
hsa.mir.184,0.006103036,1.3150749e-09,0.0,0.0,0.0,0.00068280316,0.0,0.0004698594,0.0,0.0015334963
hsa.mir.185,3.9037569,1.7328775,0.51966333,3.477154e-05,2.5449343,6.4087224,0.24756896,0.008559369,1.7235751,1.1689179
hsa.mir.186,18.142921,1.0542141,2.726108,14.567203,7.569609,40.353428,3.9452983e-09,1.6677486,17.935648,15.626321
hsa.mir.187,0.046331365,0.041542422,0.01138233,0.0,0.0,0.14432348,5.5168814e-13,0.0,0.04419257,0.0
hsa.mir.188,0.108622156,0.024782471,0.04990293,0.0,0.07226287,0.27050722,0.017739771,0.0,0.006402037,0.009296727
hsa.mir.18a,0.8237296,0.054438572,0.2316408,0.0,1.6822287,3.4598346,0.27583253,0.80491745,1.1453582,0.72746044
hsa.mir.18b,0.029741872,0.020435596,0.006462086,0.0,0.032611623,2.308675e-12,0.006292776,0.018049426,0.04006278,0.0038477422
hsa.mir.190,0.062228248,0.0,2.9192205e-26,0.0076000225,0.012010628,0.06763573,0.00675594,0.008311438,0.053155657,0.015727377
hsa.mir.1908,0.0,0.0019138703,0.0,0.0,0.006825477,0.0107026985,0.00025749035,0.0,0.0003636101,0.0
hsa.mir.1909,0.0,0.0,0.00041195113,0.0026861813,0.0067760847,0.0046669436,0.00038307317,0.00036457018,4.466e-22,0.0
hsa.mir.190b,0.0,0.02557281,0.0,0.0,0.05881688,0.20313418,1.6077234e-08,0.0,2.7377866e-20,0.1076412
hsa.mir.191,10.5786705,35.295185,0.009648765,87.02591,119.24216,375.43307,32.918797,11.880552,190.62581,49.596443
hsa.mir.1910,0.0022359302,0.024384256,0.0,0.0,0.025951544,0.026235044,0.00668255,0.0097821085,0.0014255763,0.0
hsa.mir.1911,1.9663676e-34,0.0,0.0004148397,0.0,0.0,0.0008492888,0.0,0.0,0.0,0.0
hsa.mir.1912,0.0,0.0,0.00029174122,0.0,0.0,0.0015495946,0.0,0.0,0.0,0.0
hsa.mir.1913,0.0,0.00067682797,0.0,0.0,0.0,0.0,1.3335215e-05,0.0,0.00022793241,0.0021795868
hsa.mir.1914,2.316413e-30,1.0185471e-15,0.0017066227,0.0033682652,0.00082175445,0.0012374341,7.628323e-16,0.0004956323,0.0,0.0
hsa.mir.1915,2.9476052e-21,0.0024535866,0.0,0.0,2.4132862e-05,3.3680175e-07,0.0,0.002876116,0.0008181081,0.0
hsa.mir.192,21.629202,9.120575e-17,1.689455e-26,3.8714964,20.562449,38.83342,1.6999248,5.0505715e-13,4.6350794,12.4626665
hsa.mir.193a,0.8798013,1.3730755,0.12467055,0.45536086,1.0431907,0.62903947,0.22063537,0.0,0.42603818,0.07851515
hsa.mir.193b,0.99141693,0.054888725,0.0,1.714974,0.0,0.0,0.0,0.0,0.0,0.0
hsa.mir.194.1,1.59715,0.05318432,1.3790874e-26,0.6229518,1.9338478,2.2894962,1.0150893e-28,0.13057888,0.6092621,0.8792611
hsa.mir.194.2,1.9872066,0.115908705,3.576308e-35,0.68411416,2.1333373,2.8414404,0.000985823,0.18955609,0.58357817,1.2366745
hsa.mir.195,0.49767628,0.0,0.0,0.47906554,1.9865524e-35,0.0,0.031751283,0.0,0.0,0.0
hsa.mir.196a.1,5.309667e-16,0.17092049,0.0,0.8243171,4.7627785e-07,0.54421,0.0,0.11056054,1.2010572e-16,0.0
hsa.mir.196a.2,0.0,0.092489846,0.0,0.48658353,0.0,0.0,0.0,0.0,0.0,0.0
hsa.mir.196b,1.6454733e-13,0.0,38.563267,8.238503e-05,117.96995,53.754543,0.0,120.70776,63.92078,0.0
hsa.mir.197,27.938992,9.655663,11.271961,11.590432,29.939798,97.529015,2.5038667,4.7680454e-14,12.4800005,19.257124
hsa.mir.1972,0.0,0.0,0.0,0.0,0.0,0.0,0.0,0.0,0.0,0.0
hsa.mir.1973,0.0006343848,0.0,0.0,0.0003543201,0.00013973724,0.0,0.0011763892,4.641438e-05,0.0,0.0
hsa.mir.1974,1.8456674,5.7660276e-07,0.45029262,3.778877e-10,8.907303e-09,2.4023219e-08,2052.384,0.0061139986,2.7367082e-06,3.0717177e-07
hsa.mir.1975,0.0036157335,1.6381191e-06,32.389545,95.12544,74.72709,98.37885,15.050313,45.355015,19.26517,97.821884
hsa.mir.1976,0.11004498,0.29076168,0.1399426,0.113952026,0.32913634,0.51694715,0.06430082,0.027510718,0.024153268,0.0
hsa.mir.1977,0.17944866,1.323411e-32,0.3845934,6.603071e-38,1.427139e-23,7.069236e-16,26.206472,2.798472e-30,4.980033e-05,0.17896083
hsa.mir.1978,0.0,0.04583191,4.6030207e-05,5.317014e-22,2.142825,0.0,12.478203,1.3460782,1.3341123,3.1976944e-07
hsa.mir.1979,0.004785765,0.002461983,0.0,0.0,0.0020928057,0.0,0.0009256186,0.0031546056,0.0007136243,4.01858e-20
hsa.mir.198,0.0,0.0,0.0,0.0,0.0,0.0,0.0,0.0,0.0,0.0
hsa.mir.199a.1,8.611925,1.8249509,0.0,4.374344,2.6606314,4.1179023,1.3824495,3.476543e-26,4.2389545,3.6418922
hsa.mir.199a.2,15.666032,3.4185507,0.0,8.751624,4.705754,8.036848,2.8163402,6.748352e-27,8.257912,7.1402955
hsa.mir.199b,25.723055,7.0620775,0.0,21.993141,3.949494,22.307339,4.802852,3.0060604e-38,26.238083,11.165985
hsa.mir.19a,0.91467416,0.0,2.3223646,0.0048031053,4.729192,4.5757785,0.0,2.3342564,6.478548,4.028861
hsa.mir.19b.1,1.64596e-17,2.2105195e-38,0.335739,0.003624494,2.3675442,0.084856465,0.039222695,0.6910312,1.2911112,0.36594215
hsa.mir.19b.2,0.1047728,0.0,9.011563,0.00042565278,39.86144,29.008713,0.0,10.966858,54.95584,22.813684
hsa.mir.200a,0.103127815,0.013582279,0.0,0.034119,0.0404852,0.20404804,0.031631645,0.028450493,0.00024670846,0.0041027693
hsa.mir.200b,0.101575814,9.455474e-18,0.0,0.03310466,0.07162578,0.20251013,0.029218096,0.05630459,0.021425743,4.546968e-10
hsa.mir.200c,0.27180976,0.66768247,7.2214694e-16,0.2958199,0.7674295,3.159756,0.118385345,0.42252815,0.27611014,1.6424597e-09
hsa.mir.202,0.010358473,0.0032673723,0.0,0.0,0.0,0.012730919,0.00214023,0.00015491465,0.008467446,0.011681213
hsa.mir.203,2.241073,0.47894806,0.0,4.8729835,1.2380986,0.0,0.0,0.0,0.0,0.0
hsa.mir.204,0.012309631,8.826785e-05,0.0,0.0033157163,0.003226214,0.0,5.5395158e-05,0.0,2.1029156e-18,0.0027494219
hsa.mir.205,0.03926597,0.0,0.0,0.0,0.009778327,0.0,0.016183957,0.04014566,0.0,0.0
hsa.mir.2052,0.0,0.0,0.0,0.0,0.0,0.0,0.0,0.0,0.0,0.0
hsa.mir.2053,0.0,0.0,0.0,0.0,0.0,0.0,0.0,0.0,0.0,0.0
hsa.mir.2054,0.0,0.0,0.0,0.0,0.0,0.0,0.0,0.0,0.0,0.0
hsa.mir.206,0.0020434996,0.0,3.122308e-29,0.0036542783,4.8863716e-17,0.0,0.0,1.1290826e-06,0.0,0.0027642953
hsa.mir.208a,0.0,0.0,0.0,0.0008518136,0.0,0.0,0.0,0.0,0.0,0.0
hsa.mir.208b,0.0,0.0,0.0,0.0,0.0,0.0,0.0,0.0,0.0,0.0
hsa.mir.20a,2.1436958,7.537237e-26,5.7198577,1.0548548e-11,63.098347,29.904007,4.2285224e-13,18.637173,36.86445,21.612457
hsa.mir.20b,5.416155,0.82913023,0.15205343,4.1566932e-21,9.057439,2.5706624e-34,0.0,1.9481416e-26,3.9556785,1.8263711
hsa.mir.21,508.19336,3082.8525,1472.0256,316.60193,17.652084,32.855766,4.9126744,0.01459927,417.84567,456.04327
hsa.mir.210,3.1076732,2.7697683e-24,3.008347,2.8584046,3.0287266,12.124796,0.0,1.1138957,0.23172694,2.3451016
hsa.mir.211,0.0001413289,0.0010795485,0.00047996518,0.0,0.0,4.55231e-24,0.0,0.0,0.0,0.0
hsa.mir.2110,0.102236204,0.060663056,0.029425278,0.03880357,0.11036577,0.21844779,0.008941823,0.015238057,0.029988008,2.0415232e-06
hsa.mir.2113,0.0,0.0,0.0,0.0,0.0,0.0,0.0,0.0,0.0,0.0
hsa.mir.212,0.002239301,0.008106149,0.013778514,0.014524059,0.044897094,0.047126528,0.016602715,0.006570612,0.008513103,0.01367261
hsa.mir.214,0.13107757,2.153693e-18,0.0,0.000727525,2.7148684e-05,0.027717056,0.013348969,0.0,0.000333912,0.050011735
hsa.mir.215,0.06802868,0.0576204,0.0249263,1.3424574e-08,0.15569365,0.00025499507,0.062883,6.061995e-05,0.064931385,2.4791161e-16
hsa.mir.216a,0.0048106737,0.0,0.001269061,0.0073764157,0.0,0.0,0.0,0.003714356,0.0,0.0
hsa.mir.216b,0.0064803804,0.0,0.007051566,0.018362258,0.0,0.0,0.0,0.007034129,0.0,0.0
hsa.mir.217,0.16498865,0.0,0.15305611,0.3657831,0.0,0.0,0.0,0.09619861,0.0,0.0
hsa.mir.218.1,0.002847679,0.0,0.00023655183,0.0,0.0005371419,0.0,0.00050289475,0.0,0.0,0.0
hsa.mir.218.2,0.23859908,0.0,0.0,1.5918476e-23,1.7266253e-30,3.504725e-06,0.0011263972,0.0,0.019357843,0.051726572
hsa.mir.219.1,0.056015756,4.1036134e-16,0.0,0.060948126,0.06495991,0.14014392,0.00090415345,0.016335092,0.050302964,0.048282158
hsa.mir.219.2,0.0012542215,0.0,0.0,0.00085727545,0.0,0.0,0.0,5.366621e-30,0.0013221919,0.002617004
hsa.mir.22,387.09778,381.11267,198.59209,1.1847415e-34,192.31087,490.5559,34.151196,15.649525,3.4664201e-16,68.05417
hsa.mir.220a,0.0,0.0,0.0,0.0,0.0,0.0,0.0,0.0,0.0,0.0
hsa.mir.220b,0.0,0.0,0.0,0.0,0.0,0.0,0.0,0.0,0.0,0.0
hsa.mir.220c,0.0,0.0,0.0,0.0,0.0,0.0,0.0,0.0,0.0,0.0
hsa.mir.221,5.197671e-29,0.020988433,5.671482,37.924305,22.41528,54.33083,4.7158904,1.9450979,22.403929,24.882952
hsa.mir.222,3.804409e-18,0.76929176,3.812656,25.771889,16.578852,29.323847,0.57600486,0.04626816,14.352532,15.038298
hsa.mir.223,0.020972528,0.82288873,145.1257,1.18132525e-17,78.009186,1892.9135,51.663033,0.00018859757,203.48553,140.62311
hsa.mir.224,2.517228,1.0963107,0.0,9.427087,0.0,0.0,0.0,0.0,0.0,0.013406717
hsa.mir.23a,4.2707295e-16,60.934925,36.676857,3.9906929,94.598145,144.27058,12.949412,30.535229,72.72194,50.749016
hsa.mir.23b,2.116605,1.5841388,0.04541286,3.8019814,5.5924873,5.3784633,0.7138102,1.0515037,2.2248254,2.5056098
hsa.mir.24.1,0.08061451,0.00022846587,0.021281943,0.05247662,0.13456601,0.18422371,0.003224198,0.031050017,0.113887355,0.0891547
hsa.mir.24.2,11.1518755,18.009846,11.6960945,0.0,16.019934,94.98642,7.4058185,6.3686957,24.996977,25.32679
hsa.mir.25,124.299644,122.047,0.0,283.14294,296.1884,404.26114,104.08295,114.15882,135.91501,167.98903
hsa.mir.26a.1,0.123871386,0.08212056,0.0,0.10195203,0.24125125,0.07398833,0.02231156,0.02336819,0.09071138,0.1691754
hsa.mir.26a.2,40.447636,4.3878245,9.520262,33.29007,44.93931,50.865936,11.277209,11.691383,28.380453,51.921074
hsa.mir.26b,33.944748,2.3079636e-09,13.253688,1.9633113e-10,1.1850325,125.866104,4.4503846,3.2595387,38.87671,47.14917
hsa.mir.27a,3.0695837,21.425793,17.231064,3.4186613e-24,39.957344,73.02118,11.633645,27.16874,35.601112,14.004143
hsa.mir.27b,2.628174,1.1608802,1.4998812e-09,2.0792503,2.925898,7.999569,1.1714847,2.0319846,3.3804626,2.2403908
hsa.mir.28,6.8752646,29.808237,15.107245,34.415043,67.41097,57.610348,8.074517,28.552835,14.289609,15.209108
hsa.mir.296,0.13524601,0.001339697,0.024712533,0.0,0.19980656,0.10662511,0.0076573216,0.04761769,6.227948e-18,0.04153111
hsa.mir.297,0.0,0.0,0.0,0.0,0.0,0.0,0.0,0.0,0.0,0.0
hsa.mir.298,0.0,0.0,0.0,0.0,0.0,0.0,0.0,0.0,0.0,0.0
hsa.mir.299,0.0945895,0.02382054,0.0,0.52003187,0.0,0.0,0.013461955,0.0,0.0,0.0
hsa.mir.29a,149.4425,15.813841,0.14272384,28.800516,29.982462,113.93696,19.348114,21.378988,59.295486,72.763504
hsa.mir.29b.1,11.132662,0.018627258,1.3012285,0.0,1.004273,10.784015,0.4804836,0.6166911,3.778776,4.5499687
hsa.mir.29b.2,11.740664,0.0004811764,1.5644386,4.980582e-26,1.1968318,13.420081,0.6553973,0.8785612,4.6326275,5.4513087
hsa.mir.29c,25.836601,0.3027189,2.1858086e-05,1.1500758,11.238772,29.790222,6.2767315,9.871247,15.851437,12.132066
hsa.mir.300,0.0,0.0,0.0,0.0,0.0,0.0,0.0,0.0,0.0,0.0
hsa.mir.301a,0.15292189,0.28443283,9.5546624e-14,0.001581805,0.00018658375,2.8964696,0.11183048,1.33297845e-20,1.1095685,0.2702884
hsa.mir.301b,0.057327177,0.047647864,0.0,0.016440434,7.035219e-25,0.31723422,0.013508582,0.0,0.09836404,0.03493393
hsa.mir.302a,0.0,0.0,0.0,0.0,0.0,0.0,0.0,0.0,0.0,0.0
hsa.mir.302b,0.0,0.0,0.0,0.0,0.0,0.0,0.0,0.0,0.0,0.0
hsa.mir.302c,0.0,0.0,0.0,0.0,0.0,0.0,0.0,0.0,0.0,0.0
hsa.mir.302d,0.0,0.0,0.0,0.0,0.0,0.0,0.0,0.0,0.0,0.0
hsa.mir.302e,0.0,0.0,0.0,0.0,0.0,0.0,0.0,0.0,0.0,0.0
hsa.mir.302f,0.0,0.0,0.0,0.0,0.0,0.0,0.0,0.0,0.0,0.0
hsa.mir.30a,37.973595,0.0,0.0,0.0,3.67924,43.24078,1.4602505,0.0,4.8812937e-35,5.6010275
hsa.mir.30b,7.863508,3.6783325e-32,6.6406884,24.749557,37.743187,58.95605,4.4220853,5.2104034,40.700882,53.36751
hsa.mir.30c.1,0.026874285,0.022772009,2.4646322e-18,0.051408898,0.06833831,0.2804732,0.008647365,0.028662527,0.08319668,0.0194743
hsa.mir.30c.2,8.596769,1.6470288,13.069661,52.424393,22.826174,83.5521,0.0,9.582673,54.42246,46.93957
hsa.mir.30d,8.522555,75.98092,14.960663,335.3417,213.18864,454.4634,50.53634,38.342514,64.62096,238.4074
hsa.mir.30e,139.44104,0.019373948,174.36931,390.0292,233.50964,761.75696,14.877535,62.086334,543.59216,381.30896
hsa.mir.31,0.036073443,0.012437261,0.0,4.5064496e-22,0.014600265,0.013097956,0.0068742144,0.0027482396,0.03334722,0.022995248
hsa.mir.32,0.76479614,0.31925187,4.8193824e-15,0.6694759,0.8359133,0.78019136,0.4278329,0.59443897,2.3737767,1.4572705
hsa.mir.320a,3.6332695,1.5881212,0.046917494,10.446002,11.632774,12.166376,1.2143645,3.0928016,9.533907,14.784081
hsa.mir.320b.1,0.0,2.5415025e-26,0.0,0.0015448855,0.00015040838,0.0,0.0,0.0,0.0,0.0
hsa.mir.320b.2,0.15788922,1.8006778e-37,0.013124804,0.24616206,0.32341462,0.1214826,0.06657119,0.14484774,0.11776263,0.32218122
hsa.mir.320c.1,0.009145038,1.5032425e-06,0.0032087415,0.03635692,0.0019509024,0.016133564,0.0060865195,0.001947188,9.178362e-16,0.024200568
hsa.mir.320c.2,0.003526258,2.6714492e-36,0.005970175,0.014682127,0.01481253,0.016016753,0.0004288814,0.00356751,0.0048864754,0.0073362608
hsa.mir.320d.1,0.0058305855,0.0,7.82236e-23,0.031776503,0.014209275,0.012494073,0.005470882,0.012714892,2.0026871e-14,0.017056506
hsa.mir.320d.2,0.016545821,0.0,0.0,0.028390646,0.01804767,1.0782444e-13,0.008912167,0.0084073115,1.9230883e-11,0.013962935
hsa.mir.323,0.27804515,0.056932986,0.0,1.5176181,0.0,0.0,0.09604063,0.0,0.0,0.0
hsa.mir.324,1.8989882,0.5474702,2.5425764e-32,1.0858097,0.40859222,6.160961,0.8500906,0.005216119,1.5024282,1.1634822
hsa.mir.325,0.0,0.0,0.0,0.0,0.0,0.0,0.0,0.0,0.0,0.0
hsa.mir.326,2.8636313e-27,0.34790057,0.121086404,0.1704485,0.3324223,0.28715092,0.15133819,0.030226527,0.040104408,0.06370026
hsa.mir.328,1.33805,0.999228,0.34530059,1.9135364,3.4111624,6.5927734,2.6016186e-26,2.1522176e-06,1.635446,1.0214299
hsa.mir.329.1,0.012290409,0.008713944,0.0,0.08749174,0.0,0.0,0.0,0.0,0.0,0.0
hsa.mir.329.2,0.022189336,0.008034117,0.0,0.07677399,0.0,0.0,0.005365658,0.0,0.0,0.0
hsa.mir.330,0.16973992,0.14729087,0.03840538,0.17027283,0.16048819,0.51636523,0.090067014,0.084877014,0.07328726,0.26556563
hsa.mir.331,0.46081817,0.2998529,8.130667e-31,0.8082578,0.4896922,1.7188994,0.33772144,0.018512897,0.9477597,0.6249989
hsa.mir.335,0.0,1.9780483e-32,0.0,12.108185,0.0,0.0,1.886599,0.0,6.7598763,10.677959
hsa.mir.337,0.408661,0.3443484,0.0,3.6457186,0.0,0.0,0.0,0.0,0.0,0.0
hsa.mir.338,1.6652237,0.96976876,2.3960533,1.8569982e-36,4.7702045,18.627192,7.243408e-21,1.671841e-11,3.1536222,1.4992015
hsa.mir.339,1.4740045,0.65270287,0.34870636,0.0,1.7446197,3.9301708,0.34607103,1.5809791,0.45742682,2.8393101e-30
hsa.mir.33a,4.0765204e-11,0.13734397,0.19632357,0.0,0.15794268,1.4210311,0.20235306,0.49076647,1.2855014,0.07102464
hsa.mir.33b,0.0400024,0.02512951,0.0059984354,5.887403e-19,0.06961628,0.05823174,0.008394555,0.014979973,0.049410574,0.03806155
hsa.mir.340,0.4153794,0.47301483,0.0021207314,1.8953509,0.039819926,3.159865,0.0,0.064731896,1.7619153,1.3984653
hsa.mir.342,10.512788,2.3789718,0.0,4.3200364,8.836054,10.579231,0.76424074,4.4779068e-12,3.631449,4.732208
hsa.mir.345,4.634175,0.9734136,5.3380283e-37,0.52537274,0.63722414,10.8629265,1.6003433,0.50912505,4.603178,1.9350947
hsa.mir.346,0.004280411,0.0021899666,0.0,0.0108937,0.0,0.0,0.0,0.0,0.0,0.0
hsa.mir.34a,0.071049534,6.7517605e-17,1.0688276,1.3039191,2.1863697,5.907486,5.0502216e-30,0.744118,2.0934703,0.0
hsa.mir.34b,0.060028944,0.0,0.0,0.0,3.3192185e-21,0.07605984,0.0,0.0,0.009698826,0.013776346
hsa.mir.34c,0.19478975,0.0,0.0,0.0,3.3313918e-23,0.19559121,0.0,0.0,0.03160104,0.0
hsa.mir.361,1.5625218,1.9480395,0.6852843,7.4691315,6.352136,10.775319,1.4147741,2.917949,7.0145626,5.6354303
hsa.mir.362,0.18306848,0.1407344,0.17711772,0.0,0.21033327,0.68091255,0.014855847,0.06375988,0.002821617,0.026673404
hsa.mir.363,2.2769382,0.0002811091,0.0,0.0,3.3113172,1.0915383,0.39157847,2.6083941e-21,1.3801607,0.4620289
hsa.mir.365.1,0.3060838,0.1233966,0.0,0.49082676,0.0,0.0,0.0,0.0,0.0382105,0.0
hsa.mir.365.2,0.24580371,0.14092538,0.0,0.3989147,0.0,0.0,2.3590732e-11,0.0,0.0874539,0.0
hsa.mir.367,0.0,0.0,0.0,0.0,0.0,0.0,0.0,0.0,0.0,0.0
hsa.mir.369,0.41409883,0.20540011,0.0,3.0304182,0.0,0.0,0.0,0.0,0.0,0.0
hsa.mir.370,0.24062541,0.15585239,0.0,1.9985516,0.0,0.0,0.10373507,0.0,0.0,0.0
hsa.mir.371,0.0,0.0,0.0,0.0,0.00012718215,0.0013427971,0.0,0.0,1.7582901e-21,0.0
hsa.mir.372,0.0025183961,0.0,0.0,0.0,0.00020342381,0.002278852,0.0,0.0,0.00014538852,0.0004228305
hsa.mir.373,0.0,2.4078994e-05,0.0,0.0,0.0005424558,0.0,0.0,0.00062719506,0.0,0.0
hsa.mir.374a,4.3119364,7.0412817,2.9278815e-28,8.684922,0.18708967,11.76693,1.4202447,6.110798,9.9889765,8.30281
hsa.mir.374b,0.83694434,0.20416278,0.14095877,2.3649194,2.2635288,3.3080926,0.5219747,0.981283,2.1884074,3.1454623
hsa.mir.375,1.0264608,0.0,0.0,0.87299925,0.0,0.0,0.459458,1.4077688,0.0,0.022012638
hsa.mir.376a.1,0.06583029,0.026728112,0.0,0.29817832,0.0,0.0,7.754209e-21,0.0,0.0,0.0
hsa.mir.376a.2,0.044521466,0.024313198,0.0,0.24197277,0.0,0.0,0.0,0.0,0.0,0.0
hsa.mir.376b,0.038794626,0.033782493,0.0,0.2915899,0.0,0.0,2.98955e-28,0.0,0.0,0.0
hsa.mir.376c,0.24427252,0.34209374,0.0,2.9827209,0.0,0.0,0.0,0.0,0.0,0.0
hsa.mir.377,0.03915854,0.08438891,0.0,0.7140827,0.0,0.0,0.017801346,0.0,0.0,0.0
hsa.mir.378,2.166187,17.168789,2.3302197,0.006120638,14.618769,50.47711,2.1188512,7.283186,7.7558236,2.9697587
hsa.mir.379,3.392568,5.871269,0.0,50.10929,0.0,0.0,2.4061437,0.0,0.0,0.0
hsa.mir.380,0.014510203,0.012884009,0.0,0.10751705,0.0,0.0,0.011280205,0.0,0.0,0.0
hsa.mir.381,0.08226865,0.5363688,0.0,4.037287,0.0,0.0,0.16088265,0.0,0.0,0.0
hsa.mir.382,0.35387626,0.22971317,0.0,2.4706442,0.0,0.0,1.2786983e-17,0.0,0.0,0.0
hsa.mir.383,0.0,5.4953736e-05,0.0,0.0008867858,0.0,0.0,0.0,0.0,0.0010079048,0.0
hsa.mir.384,0.0,0.0,0.0,0.0,0.0,0.0,0.0,0.0,0.0,0.0
hsa.mir.409,0.53098637,0.46517718,0.0,4.397649,0.0,0.0,0.0,0.0,0.0,0.0
hsa.mir.410,1.0042378e-07,0.19764425,0.0,1.1423377,0.0,0.0,2.5038282e-14,0.0,0.0,0.0
hsa.mir.411,0.093262754,0.06959068,0.0,0.8838074,0.0,0.0,0.015941318,0.0,0.0,0.0
hsa.mir.412,2.0355905e-21,0.031087507,0.0,0.18627648,0.0,0.0,0.0,0.0,0.0,0.0
hsa.mir.421,0.03261869,0.044942472,0.0,0.016274648,0.036776163,0.113826394,0.04731671,0.016435703,0.06320116,0.07441229
hsa.mir.422a,0.0,0.0,0.0,0.0,0.0,0.0,0.0,0.0,0.0,0.0
hsa.mir.423,2.8071542,2.1568358,1.5932773,6.396825,5.745424,19.43167,0.47343996,2.8841264,9.350255,7.395469
hsa.mir.424,15.754649,2.9226346,0.0,11.241278,6.465658e-16,0.0,2.5607045,0.0,4.921838,4.5641956
hsa.mir.425,37.213463,14.797618,11.6486,4.025978e-17,0.022676215,250.5664,30.659431,4.841132,11.131803,47.72791
hsa.mir.429,0.01554465,0.00094623456,0.0,0.01826347,5.700998e-22,0.04477838,0.004553208,0.0,4.6618934e-05,0.0
hsa.mir.431,0.1749947,0.2865511,0.0,2.230464,0.0,0.0,0.0,0.0,0.0,0.0
hsa.mir.432,0.044838075,0.07995587,0.0,0.55309415,0.0,0.0,0.0051855273,0.0,0.0,0.0
hsa.mir.433,9.24957e-07,0.022383837,0.0,0.16835955,0.0,0.0,0.0,0.0,0.0,0.0
hsa.mir.448,0.0,0.0,0.0,0.0,0.0,0.0,0.0,0.0,0.0,0.0
hsa.mir.449a,0.0,0.00028438662,0.0,0.0007120643,1.9965393e-31,0.0031047966,0.0,0.0,0.0,0.00027559823
hsa.mir.449b,0.0,0.0001752174,5.1551262e-05,0.0,0.0,0.0,0.0,0.0,0.0003103909,0.0
hsa.mir.450a.1,0.24577835,0.058779377,0.0,0.16409603,0.058483373,0.0,0.03724834,0.0,0.11620043,0.01904295
hsa.mir.450a.2,0.28724313,0.05613125,0.0,0.18132775,0.035364974,0.0,8.804089e-09,0.0,0.085824676,0.011099791
hsa.mir.450b,0.5737,0.15481085,0.0,0.51050246,0.038744297,0.0,0.0,0.0,0.20692156,0.11122735
hsa.mir.451,72.95503,15.741627,0.0,6.945281,60.923065,12.556909,19.087847,14.246142,3.694033,21.685396
hsa.mir.452,1.5725703,0.2513159,0.0,3.4694047,0.0,0.0,0.0,0.0,0.0,1.2699616
hsa.mir.453,0.0011217972,0.00021507441,0.0,0.0052185194,0.0,0.0,0.00049738,0.0,0.0,0.0
hsa.mir.454,0.11567718,0.121536985,0.10001261,0.23014174,0.11191305,1.0884402,2.257245e-38,0.15666065,0.79071134,0.42543036
hsa.mir.455,0.8287742,1.2992147,0.0,3.0286741,0.11526395,0.0,0.0,0.0,1.2584803,0.0
hsa.mir.483,0.07299837,0.0,0.0,4.345276e-15,0.039510082,0.017860023,0.020810207,0.0,1.001768e-22,0.029283589
hsa.mir.484,2.7815866,3.6208045,0.0016664517,0.65569144,2.6573803,13.715285,0.5232761,6.380289e-06,5.78945,2.8982072
hsa.mir.485,0.3070934,0.08315985,0.0,1.0926237,0.0,0.0,0.0,0.0,0.0,0.0
hsa.mir.486,14.234569,1.3073293,0.0,7.471828e-24,11.479789,7.7915535,7.652884,0.001394353,2.9266092e-33,2.0998101
hsa.mir.487a,0.05052376,0.020386716,0.0,0.20662004,0.0,0.0,0.006588127,0.0,0.0,0.0
hsa.mir.487b,0.15885657,0.17273667,0.0,1.7944535,0.0,0.0,0.0,0.0,0.0,0.0
hsa.mir.488,0.0038045817,0.0,0.0,0.0096370205,0.0,0.0,0.0,0.0,0.0,0.0
hsa.mir.489,0.0,0.00050172006,0.00083778385,0.0,0.0,0.0,0.0,0.0,0.0,0.0
hsa.mir.490,0.0063040573,0.0048540155,0.0,0.0,0.01026406,0.001010168,0.0,0.0,0.0,0.0074875667
hsa.mir.491,0.2932563,0.01949715,2.2688776e-25,0.19609599,0.0960459,0.31500712,0.054416478,0.026103871,0.20298722,0.17351736
hsa.mir.492,0.0,0.0,0.0,0.0,0.0,0.0,0.0,0.0,0.0,0.0
hsa.mir.493,0.80400443,0.27206686,0.0,3.5758777,0.0,0.0,0.0,0.0,0.0,0.0
hsa.mir.494,0.18473053,0.07145674,0.0,0.87779766,0.0,0.0,0.0,0.0,0.0,0.0
hsa.mir.495,0.381575,0.27264574,0.0,2.770258,0.0,0.0,0.0,0.0,0.0,0.0
hsa.mir.496,0.055601474,0.04703909,0.0,0.3419003,0.0,0.0,0.007127547,0.0,0.0,0.0
hsa.mir.497,0.5985347,0.0,0.0,0.55578065,0.0,0.0,0.021947268,0.0,0.0,0.0
hsa.mir.498,0.0,0.0,0.0,0.0,0.0,0.0,0.0,0.0,0.0,0.0
hsa.mir.499,8.517515e-05,0.0018672134,0.0060741073,0.006146547,0.0,0.00035430887,0.0,0.0,0.013210498,0.010975326
hsa.mir.500,5.136119,6.8020597,2.0640016,0.0,4.341338,25.571247,9.759826e-23,8.4183087e-32,6.421031e-10,5.640794e-16
hsa.mir.501,0.6065055,1.0284369,0.34549397,0.0,0.6154226,3.1060398,0.00017699508,6.0114714e-26,2.127504e-13,9.341224e-14
hsa.mir.502,0.20999031,0.1470651,0.1247843,0.0,0.26592544,0.488948,0.020439588,0.03229691,0.0059844856,1.6837914e-05
hsa.mir.503,1.6848373,0.19251189,0.0,0.5218331,0.17688279,0.0,0.0,0.0,0.35745302,0.4093198
hsa.mir.504,0.04611935,0.006303338,0.0,0.09682138,0.0,0.0,0.0,0.0,0.0,0.0
hsa.mir.505,2.0636947,1.133056,1.0161185e-05,0.86856073,2.3345134,9.884626,0.03103576,0.016475938,2.8142695,3.7891717
hsa.mir.506,0.009616689,0.0,0.0,0.0,0.0,0.0,0.0,0.0,0.0,0.037091233
hsa.mir.507,0.0007714486,0.0,0.0,0.0,0.0,0.0,0.0,0.0,0.0,0.0021975774
hsa.mir.508,0.0,0.0,0.0,0.0,0.0,0.81511736,0.0,0.0,0.0,1.1130058
hsa.mir.509.1,0.028077789,0.0,0.0,0.0444828,0.053977843,0.3035921,0.0012875859,0.01577615,0.0,0.14047141
hsa.mir.509.2,0.06137107,0.0,1.9002501e-28,0.0124732535,0.039183144,0.27182537,0.012211687,0.0180713,0.0,0.17607403
hsa.mir.509.3,0.04040293,0.0,0.0,0.005562693,0.033552293,0.2855601,0.0028362991,4.842724e-09,0.0,0.15371105
hsa.mir.510,0.00068623765,0.0,0.0,0.0,0.0,0.0,0.0,0.0,0.0,0.0037257958
hsa.mir.511.1,0.030921575,0.09723247,0.034574654,0.0,0.0,0.17486808,0.00016610483,0.026479157,0.0059095873,0.01351587
hsa.mir.511.2,0.05370191,0.101542026,0.036579035,0.0,0.0,0.16286333,2.3930441e-11,0.022301205,3.7479498e-05,0.015231694
hsa.mir.512.1,0.0006900199,0.0,0.0,0.0,0.0,0.0,0.0,0.0,0.0,0.00028042842
hsa.mir.512.2,0.0,0.0,0.0,0.0,0.0,0.0,0.0,0.0,0.0,0.00067703624
hsa.mir.513a.1,2.580533e-30,0.0,0.0,0.0,0.0,0.0,0.0,0.0,0.0,0.0049911505
hsa.mir.513a.2,0.0019655544,0.0,0.0,0.0,0.0,0.004184079,0.0,0.0,0.0,0.0060826926
hsa.mir.513b,0.0011373257,0.0,0.0,0.0,0.0,0.0,0.0,0.0,0.0,0.013002732
hsa.mir.513c,0.0042149136,0.0,0.0,0.0,0.0,0.010526282,0.0,0.0,0.0,0.021436052
hsa.mir.514.1,0.0,0.0,0.0,0.0,0.0,0.08176863,0.0,0.0,0.0,0.099011384
hsa.mir.514.2,0.0,0.0,0.0,0.0,0.0,0.067888506,0.0,0.0,0.0,0.09199919
hsa.mir.514.3,0.0,0.0,0.0,0.0,0.0,0.08710554,0.0,0.0,0.0,0.11136587
hsa.mir.515.1,0.00061555667,8.50195e-31,0.0,0.0,3.495146e-05,0.0,0.0,0.0,1.271185e-05,0.0
hsa.mir.515.2,0.0,0.0,0.0,0.0,0.0,0.0,0.0,0.0,0.0,0.0
hsa.mir.516a.1,0.0013139676,0.0,0.0,0.0,0.0,0.0,0.0,0.0,0.0,0.0012571076
hsa.mir.516a.2,0.0,0.0,0.0,0.0,0.0,0.0,0.0,0.0,0.0,0.00067703624
hsa.mir.516b.1,0.0,0.0,0.0,0.0,0.0,0.0,0.0,0.0,0.0,0.0
hsa.mir.516b.2,0.0013800398,0.0,0.0,0.0,0.0,0.0,0.0,0.0,0.0,0.00056085683
hsa.mir.517a,0.010773351,0.0,0.0,0.0,0.0,0.0,0.0,0.0,0.0,0.012711079
hsa.mir.517b,0.010773351,0.0,0.0,0.0,0.0,0.0,0.0,0.0,0.0,0.012711079
hsa.mir.517c,0.0006900199,0.0,0.0,0.0,0.0,0.0,0.0,0.0,0.0,0.00028042842
hsa.mir.518a.1,0.0016736239,0.0,0.0,0.0,0.0,0.0,0.0,0.0,0.0,0.005018755
hsa.mir.518a.2,0.000915221,0.00011478436,0.0,0.0002706704,0.0,0.0012677307,0.0,0.0001442795,0.00013279963,1.2792206e-05
hsa.mir.518b,0.0032469663,0.0009668871,0.0,0.0,0.0,0.0,0.0,0.0,0.0,0.0026234034
hsa.mir.518c,0.007948475,0.0,0.0,0.0,0.0,0.0,0.0,0.0,0.0,0.009832645
hsa.mir.518d,0.0,0.0,0.0,0.0,0.0,0.0,0.0,0.0,0.0,0.0
hsa.mir.518e,0.0021572623,2.303948e-32,0.0,0.0,0.0,0.0,0.0,0.0,0.0,0.0017260353
hsa.mir.518f,0.0013800398,0.0,0.0,0.0,0.0,0.0,0.0,0.0,0.0,0.00056085683
hsa.mir.519a.1,0.0072695715,0.0,0.0,0.0,0.0,0.0,0.0,0.0,0.0,0.0077815554
hsa.mir.519a.2,0.003537302,0.0,0.0,0.0,0.0,0.0,0.0,0.0,0.0,0.002286896
hsa.mir.519b,0.0,0.0,0.0,0.0,0.0,0.0,0.0,0.0,0.0,0.0013540717
hsa.mir.519c,0.0,0.0,0.0,0.0,0.0,0.0,0.0,0.0,0.0,0.0
hsa.mir.519d,0.0026674143,0.00065946375,0.0,0.0,0.0,0.0,0.0,0.0,0.0,0.0035226946
hsa.mir.519e,0.0,0.0,0.0,0.0,0.0,0.0,0.0,0.0,0.0,0.0
hsa.mir.520a,0.0010800232,0.0,7.92715e-16,0.0,2.3712104e-05,0.0,0.0,0.0,0.0,0.0018064233
hsa.mir.520b,0.0,0.0003666104,0.0,0.0,0.0,0.0,0.0,0.0,0.00010502244,0.0006374975
hsa.mir.520c,0.0,0.0,0.0,0.0,0.0,0.0,0.0,0.0,0.0,0.0
hsa.mir.520d,0.0015919838,0.0015994664,0.0,6.8405336e-07,0.0,0.0,0.0,0.0,0.00043515512,0.00053877366
hsa.mir.520e,0.0,0.0,0.0,0.0,0.0,0.0,0.0,0.0,0.0,0.0
hsa.mir.520f,0.00014647841,0.0,0.00014677254,0.0,0.0,9.435767e-27,0.0,0.0006792549,0.00011291314,0.0
hsa.mir.520g,0.0026945747,0.0010702116,0.0,0.0,0.0,0.0,0.0,0.0,0.0,0.0042030294
hsa.mir.520h,0.000813478,0.00014769837,0.0,0.0,0.0,0.0,0.0,0.0,0.0,0.003339012
hsa.mir.521.1,0.0,0.0,0.0,0.0,0.0,0.0,0.0,0.0,0.0,0.0
hsa.mir.521.2,0.0006900199,0.0,0.0,0.0,0.0,0.0,0.0,0.0,0.0,0.00028042842
hsa.mir.522,0.0034500994,0.0,0.0,0.0,0.0,0.0,0.0,0.0,0.0,0.001402142
hsa.mir.523,0.0,0.0004929308,0.0,0.0,0.0,0.0,0.0,0.0,0.00021983968,0.0
hsa.mir.524,0.0,0.0,0.0,0.0,0.0,0.0,0.0,0.0,0.0,0.0013540717
hsa.mir.525,0.0013443285,0.0,0.0,0.0,0.0,0.0,0.0,0.0,0.0,0.0003940562
hsa.mir.526a.1,0.0,0.0,0.0,0.0,0.0,0.0,0.0,0.0,0.0,0.0
hsa.mir.526a.2,0.0,0.0,0.0,0.0,0.0,0.0,0.0,0.0,0.0,0.0
hsa.mir.526b,0.0024297207,0.0,0.0,0.0,0.0,0.0,0.0,0.0,0.0,0.004602945
hsa.mir.527,0.00029346833,0.0,0.0,0.0,0.0,0.0,0.0,0.0,0.0,0.004457919
hsa.mir.532,10.190814,10.802231,8.002203,0.0,15.081845,31.974932,0.23049757,1.4081205,0.08661617,1.8497338e-18
hsa.mir.539,0.39636838,0.13039844,0.0,1.971835,0.0,0.0,0.0,0.0,0.0,0.0
hsa.mir.541,0.005438873,0.0053683966,0.0,0.028417367,0.0,0.0,1.8385827e-25,0.0,0.0,0.0
hsa.mir.542,6.4095883,3.2194607,0.0,6.850109,1.4695215e-06,0.0,1.0230913,0.0,1.1010525e-25,1.7406686e-09
hsa.mir.543,0.030195653,0.026593065,0.0,0.2555934,0.0,0.0,0.0,0.0,0.0,0.0
hsa.mir.544,0.00087164086,0.0,0.0,0.0014907465,0.0,0.0,0.0,0.0,0.0,0.0
hsa.mir.545,8.742361e-07,0.0013495124,0.0,0.028096972,0.007221253,0.021872226,0.0013400113,0.007758796,0.018196987,0.029701091
hsa.mir.548a.1,0.0,0.0,0.0,0.0,0.0,0.0,0.0,0.0,0.0,0.0
hsa.mir.548a.2,0.0,0.0,0.0,0.0,0.0,0.0,0.0,0.0,0.0,0.0
hsa.mir.548a.3,0.0,1.5256623e-20,0.0010231697,0.009412292,0.0025040715,0.0071645076,0.0,0.0026749775,0.0,0.015026048
hsa.mir.548b,0.0132664405,5.3121687e-05,0.0,0.0,0.009240547,0.0041951584,0.002524497,0.0,0.009462047,0.003878849
hsa.mir.548c,0.0,0.0,0.0,0.0,0.0,0.0,0.0,0.0,0.0,0.0
hsa.mir.548d.1,0.03193917,1.195075e-15,1.072913e-12,0.0035923598,0.011407639,0.028750189,3.451265e-06,0.015333747,0.037092965,0.0154670365
hsa.mir.548d.2,0.030565731,0.0033977353,0.007984249,1.4056105e-21,0.0137202125,0.043234423,5.600305e-23,0.011432178,0.026913885,0.008483858
hsa.mir.548e,0.019520633,0.017127551,0.0,0.007853033,0.0022798884,0.06741616,0.0027338266,0.008257769,0.01781922,0.016724527
hsa.mir.548f.1,0.0,1.8065586e-30,0.0,0.00026682872,0.0015123131,0.0014279435,0.0002688309,0.0,0.0,0.0
hsa.mir.548f.2,0.0,0.0,0.0,0.0,0.0,0.0,0.0,0.0,0.0,0.0
hsa.mir.548f.3,0.0,0.0,0.0,0.0,0.0,0.0,0.0,0.0,0.0,0.0
hsa.mir.548f.4,0.0,0.0,0.0,0.0,0.0,0.0,0.0,0.0,0.0,0.0
hsa.mir.548f.5,0.0,0.0,0.0,0.0,0.0,0.0,0.0,0.0,0.0,0.0
hsa.mir.548g,0.0,0.0,0.0,0.0,0.0,0.0,0.0,0.0,0.0,0.0
hsa.mir.548h.1,0.0,0.0,0.0,0.0,0.0,0.0,0.0,0.0,0.0,0.0
hsa.mir.548h.2,0.0,0.0,0.0,0.0,0.0,0.0,0.0,0.0,0.0,0.0
hsa.mir.548h.3,0.0,0.0,0.0,0.0,0.0,0.0,0.0,0.0,0.0,0.0
hsa.mir.548h.4,0.0,0.0,0.0,0.0,0.0,0.0,0.0,0.0,0.0,0.0
hsa.mir.548i.1,0.0,0.0,0.0,0.0,0.0,0.0,0.0,0.0,0.0,0.0
hsa.mir.548i.2,0.0,0.0,0.0,0.0,0.0,0.0,0.0,0.0,0.0,0.0
hsa.mir.548i.3,0.0,0.0,0.0,0.0,0.0,0.0,0.0,0.0,0.0,0.0
hsa.mir.548i.4,0.0,0.0,0.0,0.0,0.0,0.0,0.0,0.0,0.0,0.0
hsa.mir.548j,0.035619162,0.013031548,0.0042581516,8.7648754e-05,0.013737071,0.029758459,0.004340207,0.0069036814,0.011876026,0.010159332
hsa.mir.548k,0.006842605,0.004824865,2.2764955e-25,0.0,0.0031075568,0.014364742,0.0011907483,0.0030448139,0.00033060266,0.014837369
hsa.mir.548l,0.0022989868,0.002323768,0.0,0.00044297203,0.000102045524,0.013425069,0.0010000815,0.0013131442,0.0028542997,3.2248215e-18
hsa.mir.548m,0.0,0.0,0.0,0.0,0.0,0.0,0.0,0.0,0.0,0.0
hsa.mir.548n,0.00096279336,0.002344522,0.0,0.0029644964,0.0015078792,0.0027043282,0.0021429532,0.0,0.0,0.0
hsa.mir.548o,0.013053739,0.012344917,0.0,0.009277275,0.015325226,0.0168193,0.0073598367,0.004935006,0.006041388,0.0052412576
hsa.mir.548p,0.0,0.0,0.0,0.0,0.0,0.0,0.0,0.0,0.0002290203,0.00072181143
hsa.mir.549,0.00036038223,0.00014775424,0.0,0.0,0.0009137645,0.0,0.0,0.0,0.0,0.0
hsa.mir.550.1,0.17746295,3.613607e-17,0.061891694,0.1844635,0.31462225,0.66731465,1.3895287e-31,0.2125506,0.5077362,0.09068404
hsa.mir.550.2,0.0800091,0.0024578227,0.038480747,0.20976979,0.20127381,0.445759,0.0071960143,0.14416607,0.25881827,0.022704327
hsa.mir.551a,0.4791498,0.00024984745,0.0,0.90077454,0.26424018,0.0010694319,0.17493674,0.020918332,0.49145627,0.13438453
hsa.mir.551b,7.775748e-14,0.06973075,0.0,0.0,0.7597726,0.0,0.0,0.0,0.5421832,7.0438927e-19
hsa.mir.552,2.7370725e-27,0.0,0.0,0.0,0.0,0.0029187065,0.00013064247,0.0017479504,0.0,0.002474989
hsa.mir.553,0.0,0.0,0.0,0.0,0.0,0.0,0.0,0.0,0.0,0.0
hsa.mir.554,0.0,0.0,0.0,0.0,0.0,0.0,0.0,0.0,0.0,0.0
hsa.mir.555,0.000836854,0.0010481906,0.0,0.0024824934,0.0049800887,0.0,0.0039585857,0.0002642848,0.0,0.00149208
hsa.mir.556,0.03501177,0.0,3.3001526e-21,0.0011685289,0.002500569,0.019927854,0.0,0.0043519456,0.003268944,0.025665468
hsa.mir.557,0.0,0.0,0.0,0.0,0.0,0.0,0.0,0.0,0.0,0.0
hsa.mir.558,0.0,0.0,0.0,0.0,0.0,0.0,0.0,0.0,0.0,0.0
hsa.mir.559,0.00066945585,0.0,0.0,0.0006635732,0.0,0.0,0.0,0.0,0.0008828854,0.0
hsa.mir.561,0.0027414828,0.0,0.0,0.0,0.0011054387,0.0,0.0,0.0015032835,0.0,0.0006323952
hsa.mir.562,0.0,0.0,0.0,0.0,0.0,0.0,0.0,0.0,0.0,0.0
hsa.mir.563,0.0,0.0,0.0,0.0,0.0,0.0,0.0,0.0,0.0,0.0
hsa.mir.564,0.0,0.0022452401,0.0,0.0,0.0,0.0,0.0014480726,0.0008481488,1.5990361e-08,0.0
hsa.mir.566,0.0,0.0,0.0,0.0,0.0,0.0,0.0,0.0,0.0,0.0
hsa.mir.567,0.0,0.0,0.0,0.0,0.0,0.0,0.0,0.0,0.0,0.0
hsa.mir.568,0.0,0.0,0.0,0.0,0.0,0.0,0.0,0.0,0.0,0.0
hsa.mir.569,0.0,0.0,0.0,0.0,0.0,0.0,0.0,0.0,0.0,0.0
hsa.mir.570,0.008605045,1.4646959e-08,0.0031478074,7.863635e-08,0.031502146,0.045063548,0.015463625,0.0046769204,0.04404697,0.017575547
hsa.mir.571,0.0,0.0,0.0,0.0,0.0,0.0,0.0,0.0,0.0,0.0
hsa.mir.572,0.0,0.0,0.0040542716,0.0011524236,0.0,0.0016344275,0.0008889501,0.0,0.0,0.0
hsa.mir.573,0.0022689595,1.5178897e-23,0.0,1.3801012e-19,8.448555e-11,0.02500349,0.00022670138,0.0,0.0060360124,0.0
hsa.mir.574,3.6339862,2.0678194,0.0,0.61675733,0.4406145,0.49948984,0.266227,0.0,1.3893918,7.693235e-10
hsa.mir.575,0.0,0.0,0.0,0.0,0.0,0.0,0.0,0.0,0.0,0.0
hsa.mir.576,0.13944276,0.23160443,0.112032376,0.55867517,1.1574396,0.480531,0.0,0.24625652,0.42909205,0.62824076
hsa.mir.577,0.51291096,0.0,0.0,0.0,3.2985097e-11,0.47574806,0.01879945,0.10230212,2.4568133e-22,0.911143
hsa.mir.578,0.0,0.0,0.0,0.0,0.0,0.0,0.0,0.0,0.0,0.0
hsa.mir.579,0.06546398,0.0026219082,0.017711673,0.02769963,0.038515206,0.082118705,4.682592e-05,0.021398224,0.020443453,0.038353745
hsa.mir.580,0.02106807,0.0071727806,0.003910507,0.011986017,0.0070378915,0.030200433,0.00151,0.0080948295,0.025826225,0.018230788
hsa.mir.581,0.0065897065,0.010686887,0.005932887,0.00937422,0.017884206,0.05580109,0.0,0.006345405,0.0016743751,0.025842724
hsa.mir.582,4.029738,1.2993747e-23,18.857641,0.0,2.2011814e-34,125.92102,1.2515209e-22,2.6456272e-32,0.12189603,0.0
hsa.mir.583,0.0,0.0,0.0,0.0,0.0,0.0,0.0,0.0,0.0,0.0
hsa.mir.584,0.0,6.5099735,0.0,0.92732537,8.853453,12.278554,2.9997702,1.6076194,0.18397684,4.9999886
hsa.mir.585,0.0013628296,1.8617355e-06,0.0,0.0009802914,3.936697e-38,0.0,0.0,0.0,0.0,0.00044922164
hsa.mir.586,0.00024565772,0.0004381354,1.9947681e-13,1.9678236e-23,0.0,0.00037500408,0.0,0.00088111946,0.0014362958,0.0009877115
hsa.mir.587,0.0,0.0,0.0,0.0,0.0,0.0,0.0,0.0,0.0,0.0
hsa.mir.588,0.0064285104,0.0,0.00034487448,0.0,0.0010647995,0.0,0.0,7.54201e-09,0.0,0.0
hsa.mir.589,1.5024945,2.1293483,1.2917273e-19,0.24126305,1.7814721,5.2851367,0.50778794,0.69883883,1.0851926,1.4913429e-06
hsa.mir.590,1.4483911,0.0,0.4379473,1.5779585e-27,2.0193539e-23,4.9944525,0.00062632357,2.9684164e-16,2.6920457,1.2822772
hsa.mir.591,0.0,0.0,0.0,0.0,0.0,0.0,0.0041785887,0.0,0.0,0.0
hsa.mir.592,0.004375033,2.9877126e-13,0.0019257012,0.00065749354,0.001688743,1.7734828e-12,0.00068099523,1.1442249e-25,0.0,0.0057666744
hsa.mir.593,0.0,0.0,0.0,0.0,0.0,0.0,0.0,0.0,0.0,0.0
hsa.mir.595,0.0,0.0,0.0,0.0,0.0,0.0,0.0,0.0,0.0,0.0
hsa.mir.596,0.0,0.0,0.0,0.0,0.0,0.0,0.0,0.0,0.0,0.0
hsa.mir.597,0.008496104,0.0,0.0026186178,0.005824057,0.00065341726,0.017351529,0.0,0.0005833502,0.004263737,0.0
hsa.mir.598,0.807038,0.0,0.0,0.0,0.41139796,1.2094566,0.033203725,1.4704274e-27,2.1040443e-09,0.336094
hsa.mir.599,0.0,0.0,0.0,0.0,0.00171217,0.0,0.0,4.839343e-06,0.000428245,0.0035796307
hsa.mir.600,0.0,0.0020848394,3.2378445e-33,0.003961793,0.007492616,2.5495762e-15,0.0,0.0,0.005097029,1.4909612e-18
hsa.mir.601,0.0,0.0,0.0,0.0,0.0,0.0,0.0,0.0,0.0,0.0
hsa.mir.602,9.171975e-05,6.0642484e-05,4.3302764e-11,0.0,6.745607e-35,0.0,0.0,0.0,6.5124295e-05,0.00016983433
hsa.mir.603,0.0,0.0,0.0,0.0,0.0,0.0,0.0,0.0,0.0,0.0
hsa.mir.604,0.0,0.0,0.0,0.0,0.0,0.0,0.0,0.0,0.0,0.0
hsa.mir.605,0.016244542,0.0,0.0,0.0,0.0019467834,2.5523054e-12,0.0,0.0004918191,0.0,0.008934309
hsa.mir.606,0.0046994993,2.0511252e-05,0.0010307479,0.0,0.0,0.003532712,0.001600564,0.0,1.7442429e-22,0.0
hsa.mir.607,0.021104194,4.4046514e-29,0.0,0.01096487,0.014932839,0.010248369,0.004138962,0.003548356,7.6434286e-25,0.004934904
hsa.mir.608,0.0,0.0,0.0,0.0,0.0,0.0,0.0,0.0,0.0,0.0
hsa.mir.609,0.0,0.0,0.0,0.0,0.0,0.0,0.0,0.0,0.0,0.0
hsa.mir.610,0.0048984475,0.0,0.0,0.0,0.0056423824,0.0,0.0,0.0,4.305889e-30,0.0
hsa.mir.611,0.0045961584,2.824956e-14,0.0,3.4972724e-33,0.00055646384,0.0,0.0,0.0007138534,1.43350105e-27,0.0
hsa.mir.612,0.0018964972,3.6314922e-09,0.0026197764,0.0,0.0021490005,0.015971469,0.008831705,0.0,3.2552061e-24,0.0027979007
hsa.mir.613,0.0,0.0,0.0,0.0,0.0,0.0,0.0,0.0,0.0,0.0
hsa.mir.614,0.0,0.0,0.0,0.0,0.0,0.0,0.0,0.0,0.0,0.0
hsa.mir.615,0.009411974,0.006107989,0.0,0.017033285,1.6355286e-35,0.0,0.0,0.0,3.5756126e-13,0.0019836829
hsa.mir.616,0.2122771,0.15154627,0.10421242,0.20474057,0.35437188,0.55868316,5.895447e-11,8.234706e-06,0.16795398,0.094985805
hsa.mir.617,0.0025894945,0.0,0.00022288409,0.00047287348,0.0004967224,0.0,0.0,3.6523985e-20,0.0,0.0009240817
hsa.mir.618,0.09475018,0.0,0.024598908,0.08197045,0.038435664,0.121914074,0.0,0.003349088,0.020203622,0.0
hsa.mir.619,0.0,0.0,0.0,0.0,0.0,0.0,0.0,0.0,0.0,0.0
hsa.mir.620,0.0,0.0,0.0,0.0,0.0,0.0,0.0,0.0,0.0,0.0
hsa.mir.621,0.0006769867,0.0,0.0,0.0,0.0,0.0,0.004158653,0.00012215979,0.0,1.5443443e-33
hsa.mir.622,0.0,0.0,0.0,0.0,0.0,0.0,0.0,0.0,0.0,0.0
hsa.mir.623,0.0,0.00030257765,0.0,0.0,0.0004032644,0.0,0.0,0.0009671443,0.0,0.0
hsa.mir.624,0.13480611,0.025303416,0.040607523,0.00012862807,0.16609581,0.1463309,0.023258759,0.048694536,0.1567809,0.06628723
hsa.mir.625,4.4300036,1.4638468,2.07074,14.462393,16.222078,18.997026,0.56025845,3.2541754,4.020392,7.1228843
hsa.mir.626,0.0,0.0,0.0,0.000813223,9.292033e-05,0.0,0.0,0.0,0.0,0.0
hsa.mir.627,0.09132778,3.2430139e-09,0.028325673,0.030413376,0.05614096,0.23292689,0.022823844,0.050214272,0.13865548,0.06473895
hsa.mir.628,1.9508399,0.781348,3.8009694e-22,0.32948086,0.8253257,9.053236,0.3558318,4.034696e-32,1.336702,0.37379345
hsa.mir.629,2.5013282,1.2639946,0.6609865,2.5113099,6.576016,5.25112,0.65141696,1.6791748,0.9445376,1.1681447
hsa.mir.630,0.0,0.0,0.0,0.0,0.0,0.0,0.0,0.0,0.0,0.0
hsa.mir.631,0.0,0.0,0.0,0.0,0.0,0.0,0.0,0.0,0.0,0.0
hsa.mir.632,0.0053959833,0.0050331363,0.0023330897,2.6727656e-19,0.014813124,0.010277318,0.015304823,7.008962e-09,0.003215972,4.6778765e-22
hsa.mir.633,0.0,0.0,0.0,0.0,0.0,0.0,0.0,0.0,0.0,0.0
hsa.mir.634,0.0,0.0,0.0,0.0,0.0,0.0,0.0,0.0,0.0,0.0
hsa.mir.635,0.0,0.0,0.0,0.0,0.0,0.0,0.0,0.0,0.0,0.0
hsa.mir.636,0.009460702,5.3932675e-14,0.0015553209,0.004550783,0.019242467,0.023466384,0.0,0.0,0.0046541262,0.0065001277
hsa.mir.637,0.0,0.0,0.0,0.0,0.0,0.0,0.0,0.0,0.0,0.0
hsa.mir.638,0.00029232373,0.0,0.0,0.0,0.0,0.0,0.0019220418,0.0,0.0,0.0
hsa.mir.639,0.00074569724,0.0031176542,0.0011894729,0.009949021,0.0113529675,0.01354727,0.0051117083,0.0,0.0,0.0
hsa.mir.640,0.0015363193,0.0,0.0,0.0,6.645889e-32,0.0,0.0,0.0,0.0,0.0
hsa.mir.641,0.020171354,0.0071193734,0.003690124,0.026537023,0.03346426,0.013841576,0.0,2.0107088e-29,0.015762616,0.0070246835
hsa.mir.642,0.17498131,0.087115854,0.059029464,0.0,0.3235048,0.20360868,1.0960286e-12,0.018988863,4.9717187e-07,0.14761578
hsa.mir.643,0.026250014,0.006591436,0.002175298,0.018504793,0.03906096,0.05742121,0.00876612,0.02574618,0.0689277,0.051400393
hsa.mir.644,0.0005145571,0.0,0.0,0.0,0.0,8.596266e-05,0.00026173162,0.0,0.0,0.0
hsa.mir.645,0.000308643,0.0,0.0,0.00048579287,0.0,0.0,0.0,0.0,0.0,0.0
hsa.mir.646,0.0,0.0,0.0,0.0,0.0,0.0,0.0,0.0,0.0,0.0
hsa.mir.647,0.00013497405,0.0,0.0,0.0,0.0,0.0,0.0,0.0002004748,0.00055168447,0.0
hsa.mir.648,0.0,0.0,0.0,0.0,0.0,0.0,0.0,0.0,0.0,0.0
hsa.mir.649,0.0,0.0,0.0,0.0,0.0,0.0,0.0,0.0,0.0,0.0
hsa.mir.650,0.0011714298,0.0,0.00027463734,0.0,0.0,0.0,0.0,0.0,6.272361e-19,0.000641444
hsa.mir.651,0.07338188,0.00018758605,1.675399e-14,0.10984604,0.07084335,0.13947631,0.008061161,0.076685,0.19427215,0.09689588
hsa.mir.652,0.44434062,0.88260186,0.17684877,1.1256388,0.7942129,2.2198234,0.5493662,0.5523012,0.6185557,0.75747716
hsa.mir.653,0.024135819,0.01855663,0.0,7.1483034e-32,0.0026962124,0.013197206,0.0012354663,0.0047140284,0.003196963,0.0014689432
hsa.mir.654,1.294713,0.60064197,0.0,7.848229,0.0,0.0,0.6525918,0.0,0.0,0.0
hsa.mir.655,0.08868484,0.0565013,0.0,0.58269453,0.0,0.0,0.0,0.0,0.0,0.0
hsa.mir.656,0.016469192,0.01497039,0.0,0.14960334,0.0,0.0,0.004843852,0.0,0.0,0.0
hsa.mir.657,0.0,0.0,1.7403523e-05,0.0,0.0,0.0,0.0016312473,0.0,0.0,0.0
hsa.mir.658,0.0,0.00023327165,0.0055011055,0.0040220236,0.009321092,0.005023172,5.206737e-16,0.0011880376,0.0048216074,0.0
hsa.mir.659,0.06567349,5.504851e-10,0.017328704,0.08609774,0.061306056,0.049525093,0.0012129277,0.009992384,0.03654326,0.06582086
hsa.mir.660,0.87080806,0.2478681,0.36979443,0.0,0.3517928,2.7786477,0.10179577,0.0003095931,0.02305292,0.30701658
hsa.mir.661,0.0,0.0,0.0,0.0,0.0,0.0,0.0,0.0,0.0,0.0
hsa.mir.662,0.0,0.0,0.0,0.0,0.0,0.0,0.0,0.0,0.0,0.0
hsa.mir.663,2.5097303e-12,0.0,0.0,0.009623229,0.029716363,0.01868429,0.094903275,0.0036531943,0.0,6.7850586e-08
hsa.mir.663b,0.0038318236,0.0,5.8970887e-05,0.041022077,0.037166815,0.009090193,0.10470456,0.0075844387,0.0,0.03472546
hsa.mir.664,0.3437624,7.441465e-15,0.21227026,1.5872701,1.3613527,1.8360662,4.2310016e-35,0.16911776,1.2878135,0.75281614
hsa.mir.665,0.0026804507,0.0031319254,0.0,0.046539787,0.0,0.0,4.036832e-22,0.0,0.0,0.0
hsa.mir.668,0.00023253384,0.003973005,0.0,0.030811416,0.0,0.0,0.0,0.0,0.0,0.0
hsa.mir.671,0.26230675,0.16238664,0.04683485,0.28314263,0.38667402,0.47557008,0.113240115,0.16676804,0.32574847,0.0043541924
hsa.mir.675,0.43229917,0.0,0.0,0.0,0.14478944,0.0,0.0,0.041320108,0.071156405,0.11212014
hsa.mir.7.1,0.66781026,1.3806808,0.0,1.5162922,2.49372,4.6520104,0.43486333,0.7605503,2.9855003,0.94346726
hsa.mir.7.2,0.002485537,0.0011487339,0.0070360233,0.01526243,0.0016208753,0.02499945,0.0,0.005092224,0.015678026,0.014435719
hsa.mir.7.3,3.0043874e-09,0.0063461326,8.220418e-05,0.007828806,3.4267416e-22,0.006601216,1.2392808e-05,0.0031786805,0.008573169,0.0041274847
hsa.mir.708,1.2214003,0.32459244,0.49289933,0.0,0.0,0.17632549,0.046450388,0.0,0.006645092,0.21226925
hsa.mir.720,0.0015755525,0.0041621802,0.0,0.0,7.470589e-17,0.0,0.0,0.0013236896,0.0,0.0
hsa.mir.744,0.5180171,1.082891,3.1698129e-09,1.8497522,1.1836084,4.9772186,0.38747293,0.2767516,1.987428,0.44155884
hsa.mir.758,0.14927125,0.14985596,0.0,1.3890898,0.0,0.0,0.06845249,0.0,0.0,0.0
hsa.mir.760,0.0134083135,0.025531445,0.0,0.010697446,0.01885542,0.07357667,0.016623732,0.0,0.00767215,3.4233965e-15
hsa.mir.765,0.002620412,0.0028728144,0.000778714,9.192482e-09,0.0047941008,0.0012693376,0.00022731436,0.0,0.00416537,1.2766678e-05
hsa.mir.766,9.19994e-38,0.17975095,0.0,2.127596,0.7639251,1.6792371,1.1234832,0.43794373,1.0601351,1.8114675
hsa.mir.767,5.8003294e-17,0.0,0.0,0.0,0.0,0.0,0.0,0.00086764345,0.0,0.0030626417
hsa.mir.769,0.16855223,0.083506644,0.067734525,0.3282149,0.51608527,1.058563,0.10343016,0.13544157,0.41343555,0.13415717
hsa.mir.770,0.008696185,0.0,0.0,0.030250438,0.0,0.0,0.0,0.0,0.0,0.0
hsa.mir.802,0.00019705508,0.0,0.0,0.0012445636,1.6900763e-24,0.0,0.0,0.0,0.0,0.0
hsa.mir.873,0.016649038,6.752564e-13,0.0067398376,0.0,0.006992719,0.008007588,0.0010266597,0.0,1.2029431e-28,0.018702263
hsa.mir.874,1.1130134,0.0,0.0,0.13915499,1.0719972,2.6966424,0.49020788,0.10185913,0.0627493,1.0794351
hsa.mir.875,0.0,0.0,0.0,0.00016383102,0.0012308786,0.0,0.0,0.0026079863,0.0,0.0
hsa.mir.876,0.0047550197,0.0,0.0,0.0,0.0,0.0,0.0,4.2521046e-19,0.0067996723,0.0024770391
hsa.mir.877,0.08096556,0.047311448,5.995569e-24,0.03430408,6.272634e-05,0.27996767,0.017972173,0.0,0.00507586,0.048734486
hsa.mir.885,7.818175e-30,0.0694247,0.009395559,0.0,0.046683237,0.017496424,0.0,0.0,0.018620612,0.0
hsa.mir.886,2.0326934,0.11767776,0.0,0.0,0.2577508,2.0760143,0.11170431,0.5078783,3.397028e-36,0.802985
hsa.mir.887,0.02674021,0.0,0.0,0.0,0.0,0.00673197,0.0009738849,0.0,0.0,0.0075996523
hsa.mir.888,0.0,0.0,0.0,0.0,0.0,0.0,0.0,0.0,0.0,0.0
hsa.mir.889,0.046622165,0.22497025,0.0,1.6358256,0.0,0.0,0.0,0.0,0.0,0.0
hsa.mir.890,0.0,0.0,0.0,0.0,0.0,0.0,0.0,0.0,0.0,0.0
hsa.mir.891a,0.008031802,0.0,0.0,0.0,0.0013854671,0.0,0.0,0.000884847,3.025579e-28,0.002364018
hsa.mir.891b,0.0,0.0,0.0007388008,0.0,0.0,0.0010796909,0.0,0.0,0.0,2.8173633e-13
hsa.mir.892a,0.0,0.0,0.0,0.0,0.0,0.0,0.0,0.0,0.0,0.0
hsa.mir.892b,0.0,0.0,0.0,0.0,0.0,0.0,0.0,0.0,0.0,0.0
hsa.mir.9.1,11.644054,10.535821,0.07769746,0.0,39.308453,16.057693,0.0,5.893152,3.529326e-08,0.0
hsa.mir.9.2,11.915095,10.418401,0.39915133,0.0,39.575874,15.7197,0.0,5.7685947,5.1578493e-08,0.0
hsa.mir.9.3,0.013304332,0.021737,2.8581291e-27,0.0,0.049453087,0.027423937,0.0,0.003730836,8.903382e-06,0.0
hsa.mir.920,0.0,0.0,0.0,0.0,0.0,0.0,0.0,0.0,0.0,0.0
hsa.mir.921,0.0,0.0,0.0,0.0,0.0,0.0,0.0,0.0,0.0,0.0
hsa.mir.922,0.000107813416,0.0010335629,0.00024433807,0.0,0.0,0.0,0.0,8.359092e-05,0.0,0.0
hsa.mir.924,0.0,0.0,0.0,0.0,0.0,0.0,0.0,0.0,0.0,0.0
hsa.mir.92a.1,4.6736103e-22,3.0534697,8.270254,17.081,139.47536,0.0013417008,0.0,15.727939,15.532975,17.915335
hsa.mir.92a.2,8.75043,69.38974,59.54714,155.35547,2450.2168,128.16599,63.251125,267.19452,320.3171,85.98848
hsa.mir.92b,0.5757656,0.263066,0.0,0.28261402,1.0410515,1.315262,0.18098998,0.36018786,0.19382721,0.50606495
hsa.mir.93,76.76017,61.7428,2.0932812e-33,149.69246,62.96354,456.81747,42.402916,57.768764,112.13603,100.130486
hsa.mir.933,0.0070507564,0.00016755394,0.00057777774,0.0025924717,0.0025904614,0.0017046933,0.0,0.0028020858,0.0014489482,0.00047498255
hsa.mir.934,0.0,0.0008284684,0.0,0.0,0.0012064073,0.0,2.441781e-28,0.0,0.0,0.0
hsa.mir.935,0.0,0.0,0.0,0.0,0.6798866,0.0,0.0,0.0,0.0,0.0
hsa.mir.936,0.0,0.0,0.0,0.0,0.0,0.0,0.0,0.0,0.0,0.0
hsa.mir.937,0.01700609,0.0089067295,0.0,0.0034085426,0.013996252,0.017365225,0.018165916,5.484501e-19,0.0018002281,1.1677923e-10
hsa.mir.938,0.00022814008,0.00028031398,0.0,0.0,1.2364688e-16,0.0,0.0008614865,0.0,0.0005607598,0.00019754641
hsa.mir.939,0.03560046,0.003470542,0.0,0.005917763,0.034679294,0.033275332,0.010476247,0.008451241,0.0029904067,7.170168e-35
hsa.mir.940,0.03473296,0.08919395,1.1341328e-06,5.578002e-21,0.039507523,0.24547836,0.08509214,0.007891627,0.05528425,0.026779829
hsa.mir.941.1,0.0,0.0,0.0,0.0,0.0,0.0,0.0,0.0,0.0,0.0
hsa.mir.941.2,0.0,0.0,0.0,0.0,0.0,0.0,0.0,0.0,0.0,0.0
hsa.mir.941.3,0.0,0.0,0.0,0.0,0.0,0.0,0.0,0.0,0.0,0.0
hsa.mir.942,0.23866305,0.21442387,1.2916061e-08,0.3091259,0.8990164,0.71167535,0.06815627,0.20756753,0.30559477,0.16763078
hsa.mir.943,0.0,0.0033609243,0.0,0.0,0.0,0.0059519834,0.001460269,0.00091495714,0.0022839375,2.1483633e-31
hsa.mir.944,0.010796396,2.4177012e-05,0.047621217,0.0,2.494296e-16,0.06331551,0.0,0.021683369,1.8701045e-15,0.0
hsa.mir.95,0.03738937,0.006548122,0.002475058,0.0,0.004143881,1.2797207e-16,0.004799639,0.0,0.008086107,0.0073741386
hsa.mir.96,0.16268907,0.0,0.0,0.0,0.06693809,0.07069576,0.016326634,0.0,3.0205468e-16,0.08504506
hsa.mir.98,0.79340404,0.59885937,0.0,1.0240119,2.7256426e-09,3.3934877,0.16560118,1.29668254e-23,1.2276906,1.189009
hsa.mir.99a,0.74344015,0.0,0.0,4.7525673,6.1671124,2.9070787,0.72315294,0.11478238,0.867551,3.592831
hsa.mir.99b,177.5491,8.646164,0.0,138.7803,291.71884,4.902226e-34,0.0,1.0993831,2.4729969e-17,312.18616
